운행연월,노드,정류장명,시간대,이용자유형,승차,하차
202506,CNU,충남대학교,06,일반인,30,1
202506,CNU,충남대학교,07,일반인,57,18
202506,CNU,충남대학교,08,일반인,67,80
202506,CNU,충남대학교,09,일반인,78,158
202506,CNU,충남대학교,10,일반인,28,45
202506,CNU,충남대학교,11,일반인,32,26
202506,CNU,충남대학교,12,일반인,34,16
202506,CNU,충남대학교,13,일반인,40,35
202506,CNU,충남대학교,14,일반인,33,24
202506,CNU,충남대학교,15,일반인,55,39
202506,CNU,충남대학교,16,일반인,59,43
202506,CNU,충남대학교,17,일반인,85,24
202506,CNU,충남대학교,18,일반인,69,14
202506,CNU,충남대학교,19,일반인,47,13
202506,CNU,충남대학교,20,일반인,40,7
202506,CNU,충남대학교,21,일반인,22,9
202506,CNU,충남대학교,22,일반인,50,2
202506,CNU,충남대학교,17,어린이,12,0
202506,CNU,충남대학교,08,청소년,3,3
202506,CNU,충남대학교,09,청소년,2,3
202506,CNU,충남대학교,10,청소년,6,3
202506,CNU,충남대학교,11,청소년,3,0
202506,CNU,충남대학교,12,청소년,2,4
202506,CNU,충남대학교,13,청소년,2,0
202506,CNU,충남대학교,14,청소년,4,5
202506,CNU,충남대학교,15,청소년,6,3
202506,CNU,충남대학교,16,청소년,2,2
202506,CNU,충남대학교,17,청소년,3,0
202506,CNU,충남대학교,18,청소년,3,0
202506,CNU,충남대학교,19,청소년,5,0
202506,CNU,충남대학교,21,청소년,4,0
202506,CNU,충남대학교,22,청소년,3,0
202506,CNU,충남대학교,06,경로,1,0
202506,CNU,충남대학교,07,경로,2,2
202506,CNU,충남대학교,08,경로,18,4
202506,CNU,충남대학교,09,경로,4,8
202506,CNU,충남대학교,10,경로,11,7
202506,CNU,충남대학교,11,경로,15,10
202506,CNU,충남대학교,12,경로,11,10
202506,CNU,충남대학교,13,경로,9,10
202506,CNU,충남대학교,14,경로,8,7
202506,CNU,충남대학교,15,경로,7,10
202506,CNU,충남대학교,16,경로,2,3
202506,CNU,충남대학교,17,경로,6,4
202506,CNU,충남대학교,18,경로,20,2
202506,CNU,충남대학교,19,경로,3,0
202506,CNU,충남대학교,21,경로,1,0
202506,CNU,충남대학교,22,경로,1,0
202506,CNU,충남대학교,07,일반인,0,3
202506,CNU,충남대학교,08,일반인,5,20
202506,CNU,충남대학교,09,일반인,2,12
202506,CNU,충남대학교,10,일반인,1,23
202506,CNU,충남대학교,11,일반인,4,21
202506,CNU,충남대학교,12,일반인,4,21
202506,CNU,충남대학교,13,일반인,17,26
202506,CNU,충남대학교,14,일반인,6,19
202506,CNU,충남대학교,15,일반인,3,11
202506,CNU,충남대학교,16,일반인,8,32
202506,CNU,충남대학교,17,일반인,11,25
202506,CNU,충남대학교,18,일반인,6,32
202506,CNU,충남대학교,19,일반인,6,48
202506,CNU,충남대학교,20,일반인,1,9
202506,CNU,충남대학교,21,일반인,6,11
202506,CNU,충남대학교,22,일반인,10,16
202506,CNU,충남대학교,23,일반인,3,3
202506,CNU,충남대학교,14,어린이,1,0
202506,CNU,충남대학교,20,어린이,1,0
202506,CNU,충남대학교,08,청소년,1,0
202506,CNU,충남대학교,10,청소년,0,1
202506,CNU,충남대학교,11,청소년,1,0
202506,CNU,충남대학교,13,청소년,0,4
202506,CNU,충남대학교,14,청소년,0,2
202506,CNU,충남대학교,16,청소년,4,2
202506,CNU,충남대학교,17,청소년,0,3
202506,CNU,충남대학교,07,경로,1,0
202506,CNU,충남대학교,09,경로,0,5
202506,CNU,충남대학교,10,경로,1,1
202506,CNU,충남대학교,11,경로,1,0
202506,CNU,충남대학교,12,경로,0,8
202506,CNU,충남대학교,13,경로,0,5
202506,CNU,충남대학교,14,경로,0,3
202506,CNU,충남대학교,15,경로,0,3
202506,CNU,충남대학교,16,경로,2,1
202506,CNU,충남대학교,18,경로,1,0
202506,CNU,충남대학교,19,경로,0,1
202506,CNU,충남대학교,06,일반인,6,61
202506,CNU,충남대학교,07,일반인,21,219
202506,CNU,충남대학교,08,일반인,13,309
202506,CNU,충남대학교,09,일반인,31,331
202506,CNU,충남대학교,10,일반인,29,177
202506,CNU,충남대학교,11,일반인,34,121
202506,CNU,충남대학교,12,일반인,34,141
202506,CNU,충남대학교,13,일반인,89,241
202506,CNU,충남대학교,14,일반인,39,124
202506,CNU,충남대학교,15,일반인,65,137
202506,CNU,충남대학교,16,일반인,94,183
202506,CNU,충남대학교,17,일반인,113,224
202506,CNU,충남대학교,18,일반인,81,252
202506,CNU,충남대학교,19,일반인,67,181
202506,CNU,충남대학교,20,일반인,56,202
202506,CNU,충남대학교,21,일반인,93,135
202506,CNU,충남대학교,22,일반인,80,111
202506,CNU,충남대학교,23,일반인,14,14
202506,CNU,충남대학교,09,어린이,0,1
202506,CNU,충남대학교,10,어린이,0,1
202506,CNU,충남대학교,14,어린이,0,3
202506,CNU,충남대학교,15,어린이,0,3
202506,CNU,충남대학교,16,어린이,1,2
202506,CNU,충남대학교,17,어린이,0,3
202506,CNU,충남대학교,18,어린이,0,4
202506,CNU,충남대학교,19,어린이,0,1
202506,CNU,충남대학교,06,청소년,2,0
202506,CNU,충남대학교,07,청소년,48,7
202506,CNU,충남대학교,08,청소년,6,20
202506,CNU,충남대학교,09,청소년,0,34
202506,CNU,충남대학교,10,청소년,2,8
202506,CNU,충남대학교,11,청소년,1,12
202506,CNU,충남대학교,12,청소년,3,21
202506,CNU,충남대학교,13,청소년,3,20
202506,CNU,충남대학교,14,청소년,1,15
202506,CNU,충남대학교,15,청소년,6,15
202506,CNU,충남대학교,16,청소년,17,21
202506,CNU,충남대학교,17,청소년,7,34
202506,CNU,충남대학교,18,청소년,9,24
202506,CNU,충남대학교,19,청소년,4,3
202506,CNU,충남대학교,20,청소년,12,4
202506,CNU,충남대학교,21,청소년,11,7
202506,CNU,충남대학교,22,청소년,6,4
202506,CNU,충남대학교,06,경로,0,12
202506,CNU,충남대학교,07,경로,3,19
202506,CNU,충남대학교,08,경로,2,15
202506,CNU,충남대학교,09,경로,13,40
202506,CNU,충남대학교,10,경로,5,24
202506,CNU,충남대학교,11,경로,1,18
202506,CNU,충남대학교,12,경로,13,18
202506,CNU,충남대학교,13,경로,14,23
202506,CNU,충남대학교,14,경로,8,17
202506,CNU,충남대학교,15,경로,14,32
202506,CNU,충남대학교,16,경로,15,15
202506,CNU,충남대학교,17,경로,14,14
202506,CNU,충남대학교,18,경로,9,15
202506,CNU,충남대학교,19,경로,8,7
202506,CNU,충남대학교,20,경로,5,4
202506,CNU,충남대학교,21,경로,1,5
202506,CNU,충남대학교,22,경로,4,0
202506,CNU,충남대학교,15,장애인,0,1
202506,CNU,충남대학교,06,일반인,26,6
202506,CNU,충남대학교,07,일반인,131,37
202506,CNU,충남대학교,08,일반인,106,35
202506,CNU,충남대학교,09,일반인,110,45
202506,CNU,충남대학교,10,일반인,76,16
202506,CNU,충남대학교,11,일반인,93,10
202506,CNU,충남대학교,12,일반인,110,33
202506,CNU,충남대학교,13,일반인,113,26
202506,CNU,충남대학교,14,일반인,61,26
202506,CNU,충남대학교,15,일반인,113,27
202506,CNU,충남대학교,16,일반인,74,8
202506,CNU,충남대학교,17,일반인,132,19
202506,CNU,충남대학교,18,일반인,110,32
202506,CNU,충남대학교,19,일반인,70,11
202506,CNU,충남대학교,20,일반인,76,10
202506,CNU,충남대학교,21,일반인,88,7
202506,CNU,충남대학교,22,일반인,103,8
202506,CNU,충남대학교,14,어린이,2,0
202506,CNU,충남대학교,15,어린이,1,0
202506,CNU,충남대학교,07,청소년,2,1
202506,CNU,충남대학교,08,청소년,1,5
202506,CNU,충남대학교,09,청소년,0,4
202506,CNU,충남대학교,10,청소년,2,2
202506,CNU,충남대학교,11,청소년,0,2
202506,CNU,충남대학교,12,청소년,4,1
202506,CNU,충남대학교,13,청소년,10,1
202506,CNU,충남대학교,14,청소년,4,3
202506,CNU,충남대학교,15,청소년,10,5
202506,CNU,충남대학교,16,청소년,11,10
202506,CNU,충남대학교,17,청소년,6,6
202506,CNU,충남대학교,18,청소년,10,0
202506,CNU,충남대학교,19,청소년,1,2
202506,CNU,충남대학교,20,청소년,9,0
202506,CNU,충남대학교,21,청소년,2,2
202506,CNU,충남대학교,22,청소년,2,2
202506,CNU,충남대학교,06,경로,0,1
202506,CNU,충남대학교,08,경로,1,0
202506,CNU,충남대학교,09,경로,13,0
202506,CNU,충남대학교,10,경로,7,3
202506,CNU,충남대학교,11,경로,10,1
202506,CNU,충남대학교,12,경로,11,2
202506,CNU,충남대학교,13,경로,5,2
202506,CNU,충남대학교,14,경로,2,1
202506,CNU,충남대학교,15,경로,1,2
202506,CNU,충남대학교,16,경로,2,2
202506,CNU,충남대학교,17,경로,3,5
202506,CNU,충남대학교,18,경로,3,0
202506,CNU,충남대학교,19,경로,7,0
202506,CNU,충남대학교,22,경로,1,0
202506,CNU,충남대학교,06,일반인,50,54
202506,CNU,충남대학교,07,일반인,88,69
202506,CNU,충남대학교,08,일반인,101,204
202506,CNU,충남대학교,09,일반인,100,239
202506,CNU,충남대학교,10,일반인,132,99
202506,CNU,충남대학교,11,일반인,162,110
202506,CNU,충남대학교,12,일반인,196,144
202506,CNU,충남대학교,13,일반인,183,157
202506,CNU,충남대학교,14,일반인,234,155
202506,CNU,충남대학교,15,일반인,316,115
202506,CNU,충남대학교,16,일반인,248,166
202506,CNU,충남대학교,17,일반인,288,158
202506,CNU,충남대학교,18,일반인,251,191
202506,CNU,충남대학교,19,일반인,220,168
202506,CNU,충남대학교,20,일반인,171,123
202506,CNU,충남대학교,21,일반인,202,130
202506,CNU,충남대학교,22,일반인,243,181
202506,CNU,충남대학교,09,어린이,1,0
202506,CNU,충남대학교,11,어린이,2,1
202506,CNU,충남대학교,14,어린이,1,1
202506,CNU,충남대학교,15,어린이,1,0
202506,CNU,충남대학교,17,어린이,0,1
202506,CNU,충남대학교,18,어린이,1,0
202506,CNU,충남대학교,21,어린이,0,1
202506,CNU,충남대학교,22,어린이,0,3
202506,CNU,충남대학교,06,청소년,2,0
202506,CNU,충남대학교,07,청소년,6,19
202506,CNU,충남대학교,08,청소년,1,6
202506,CNU,충남대학교,09,청소년,6,5
202506,CNU,충남대학교,10,청소년,4,15
202506,CNU,충남대학교,11,청소년,4,7
202506,CNU,충남대학교,12,청소년,12,12
202506,CNU,충남대학교,13,청소년,8,12
202506,CNU,충남대학교,14,청소년,16,14
202506,CNU,충남대학교,15,청소년,7,15
202506,CNU,충남대학교,16,청소년,13,17
202506,CNU,충남대학교,17,청소년,17,12
202506,CNU,충남대학교,18,청소년,20,12
202506,CNU,충남대학교,19,청소년,7,12
202506,CNU,충남대학교,20,청소년,6,9
202506,CNU,충남대학교,21,청소년,9,11
202506,CNU,충남대학교,22,청소년,9,9
202506,CNU,충남대학교,06,경로,0,17
202506,CNU,충남대학교,07,경로,9,14
202506,CNU,충남대학교,08,경로,14,6
202506,CNU,충남대학교,09,경로,16,27
202506,CNU,충남대학교,10,경로,19,19
202506,CNU,충남대학교,11,경로,15,22
202506,CNU,충남대학교,12,경로,33,27
202506,CNU,충남대학교,13,경로,24,25
202506,CNU,충남대학교,14,경로,27,14
202506,CNU,충남대학교,15,경로,27,33
202506,CNU,충남대학교,16,경로,39,12
202506,CNU,충남대학교,17,경로,22,9
202506,CNU,충남대학교,18,경로,7,10
202506,CNU,충남대학교,19,경로,5,8
202506,CNU,충남대학교,20,경로,10,7
202506,CNU,충남대학교,21,경로,2,6
202506,CNU,충남대학교,22,경로,1,0
202506,CNU,충남대학교,07,장애인,1,0
202506,CNU,충남대학교,09,장애인,1,1
202506,CNU,충남대학교,11,장애인,1,0
202506,CNU,충남대학교,12,장애인,0,1
202506,CNU,충남대학교,14,장애인,3,0
202506,CNU,충남대학교,16,장애인,0,1
202506,CNU,충남대학교,19,장애인,0,1
202506,CNU,충남대학교,20,장애인,0,1
202506,CNU,충남대학교,10,국가유공자,1,0
202506,CNU,충남대학교,12,국가유공자,1,0
202506,CNU,충남대학교,16,국가유공자,1,1
202506,CNU,충남대학교,06,일반인,47,43
202506,CNU,충남대학교,07,일반인,67,39
202506,CNU,충남대학교,08,일반인,97,110
202506,CNU,충남대학교,09,일반인,130,163
202506,CNU,충남대학교,10,일반인,105,103
202506,CNU,충남대학교,11,일반인,94,114
202506,CNU,충남대학교,12,일반인,118,135
202506,CNU,충남대학교,13,일반인,105,120
202506,CNU,충남대학교,14,일반인,112,104
202506,CNU,충남대학교,15,일반인,249,122
202506,CNU,충남대학교,16,일반인,272,89
202506,CNU,충남대학교,17,일반인,266,72
202506,CNU,충남대학교,18,일반인,288,103
202506,CNU,충남대학교,19,일반인,164,86
202506,CNU,충남대학교,20,일반인,136,58
202506,CNU,충남대학교,21,일반인,147,92
202506,CNU,충남대학교,22,일반인,181,82
202506,CNU,충남대학교,23,일반인,62,36
202506,CNU,충남대학교,09,어린이,0,2
202506,CNU,충남대학교,11,어린이,0,1
202506,CNU,충남대학교,14,어린이,0,1
202506,CNU,충남대학교,15,어린이,1,0
202506,CNU,충남대학교,16,어린이,5,2
202506,CNU,충남대학교,17,어린이,0,2
202506,CNU,충남대학교,18,어린이,1,1
202506,CNU,충남대학교,22,어린이,1,0
202506,CNU,충남대학교,06,청소년,2,0
202506,CNU,충남대학교,08,청소년,5,3
202506,CNU,충남대학교,09,청소년,3,9
202506,CNU,충남대학교,10,청소년,5,6
202506,CNU,충남대학교,11,청소년,8,11
202506,CNU,충남대학교,12,청소년,10,6
202506,CNU,충남대학교,13,청소년,8,5
202506,CNU,충남대학교,14,청소년,10,5
202506,CNU,충남대학교,15,청소년,16,5
202506,CNU,충남대학교,16,청소년,15,12
202506,CNU,충남대학교,17,청소년,26,16
202506,CNU,충남대학교,18,청소년,18,5
202506,CNU,충남대학교,19,청소년,10,1
202506,CNU,충남대학교,20,청소년,8,3
202506,CNU,충남대학교,21,청소년,9,4
202506,CNU,충남대학교,22,청소년,9,6
202506,CNU,충남대학교,23,청소년,5,0
202506,CNU,충남대학교,06,경로,6,2
202506,CNU,충남대학교,07,경로,27,11
202506,CNU,충남대학교,08,경로,11,1
202506,CNU,충남대학교,09,경로,11,6
202506,CNU,충남대학교,10,경로,13,16
202506,CNU,충남대학교,11,경로,16,17
202506,CNU,충남대학교,12,경로,14,17
202506,CNU,충남대학교,13,경로,11,14
202506,CNU,충남대학교,14,경로,17,14
202506,CNU,충남대학교,15,경로,21,21
202506,CNU,충남대학교,16,경로,12,15
202506,CNU,충남대학교,17,경로,10,12
202506,CNU,충남대학교,18,경로,2,12
202506,CNU,충남대학교,19,경로,3,10
202506,CNU,충남대학교,20,경로,7,6
202506,CNU,충남대학교,21,경로,4,3
202506,CNU,충남대학교,22,경로,3,0
202506,CNU,충남대학교,11,장애인,0,1
202506,CNU,충남대학교,13,장애인,1,0
202506,CNU,충남대학교,15,장애인,1,0
202506,CNU,충남대학교,17,장애인,1,1
202506,CNU,충남대학교,18,장애인,1,0
202506,CNU,충남대학교,20,장애인,1,0
202506,CNU,충남대학교,15,국가유공자,0,1
202506,CNU,충남대학교,05,일반인,32,9
202506,CNU,충남대학교,06,일반인,217,48
202506,CNU,충남대학교,07,일반인,621,99
202506,CNU,충남대학교,08,일반인,720,365
202506,CNU,충남대학교,09,일반인,484,195
202506,CNU,충남대학교,10,일반인,478,199
202506,CNU,충남대학교,11,일반인,585,227
202506,CNU,충남대학교,12,일반인,718,267
202506,CNU,충남대학교,13,일반인,694,230
202506,CNU,충남대학교,14,일반인,727,263
202506,CNU,충남대학교,15,일반인,937,309
202506,CNU,충남대학교,16,일반인,973,300
202506,CNU,충남대학교,17,일반인,1182,275
202506,CNU,충남대학교,18,일반인,1237,296
202506,CNU,충남대학교,19,일반인,775,238
202506,CNU,충남대학교,20,일반인,773,153
202506,CNU,충남대학교,21,일반인,810,135
202506,CNU,충남대학교,22,일반인,781,82
202506,CNU,충남대학교,07,어린이,2,0
202506,CNU,충남대학교,10,어린이,2,1
202506,CNU,충남대학교,11,어린이,0,1
202506,CNU,충남대학교,12,어린이,2,1
202506,CNU,충남대학교,14,어린이,3,0
202506,CNU,충남대학교,15,어린이,2,0
202506,CNU,충남대학교,16,어린이,4,0
202506,CNU,충남대학교,17,어린이,4,0
202506,CNU,충남대학교,19,어린이,1,0
202506,CNU,충남대학교,05,청소년,5,1
202506,CNU,충남대학교,06,청소년,13,1
202506,CNU,충남대학교,07,청소년,11,1
202506,CNU,충남대학교,08,청소년,24,7
202506,CNU,충남대학교,09,청소년,25,5
202506,CNU,충남대학교,10,청소년,41,5
202506,CNU,충남대학교,11,청소년,32,15
202506,CNU,충남대학교,12,청소년,49,21
202506,CNU,충남대학교,13,청소년,50,19
202506,CNU,충남대학교,14,청소년,40,20
202506,CNU,충남대학교,15,청소년,62,20
202506,CNU,충남대학교,16,청소년,61,26
202506,CNU,충남대학교,17,청소년,73,14
202506,CNU,충남대학교,18,청소년,64,9
202506,CNU,충남대학교,19,청소년,55,17
202506,CNU,충남대학교,20,청소년,56,8
202506,CNU,충남대학교,21,청소년,52,9
202506,CNU,충남대학교,22,청소년,48,7
202506,CNU,충남대학교,05,경로,1,0
202506,CNU,충남대학교,06,경로,47,7
202506,CNU,충남대학교,07,경로,61,3
202506,CNU,충남대학교,08,경로,66,4
202506,CNU,충남대학교,09,경로,67,28
202506,CNU,충남대학교,10,경로,108,26
202506,CNU,충남대학교,11,경로,90,16
202506,CNU,충남대학교,12,경로,88,37
202506,CNU,충남대학교,13,경로,65,13
202506,CNU,충남대학교,14,경로,74,20
202506,CNU,충남대학교,15,경로,104,14
202506,CNU,충남대학교,16,경로,57,23
202506,CNU,충남대학교,17,경로,55,6
202506,CNU,충남대학교,18,경로,23,20
202506,CNU,충남대학교,19,경로,26,4
202506,CNU,충남대학교,20,경로,23,3
202506,CNU,충남대학교,21,경로,13,3
202506,CNU,충남대학교,22,경로,1,2
202506,CNU,충남대학교,09,장애인,1,0
202506,CNU,충남대학교,13,장애인,0,2
202506,CNU,충남대학교,14,장애인,1,2
202506,CNU,충남대학교,15,장애인,1,0
202506,CNU,충남대학교,17,장애인,1,0
202506,CNU,충남대학교,20,장애인,1,0
202506,CNU,충남대학교,22,장애인,1,0
202506,CNU,충남대학교,08,국가유공자,1,0
202506,CNU,충남대학교,09,국가유공자,1,0
202506,CNU,충남대학교,10,국가유공자,1,0
202506,CNU,충남대학교,11,국가유공자,0,2
202506,CNU,충남대학교,12,국가유공자,0,1
202506,CNU,충남대학교,18,국가유공자,1,0
202506,CNU,충남대학교,21,국가유공자,0,1
202506,CNU,충남대학교,05,일반인,17,21
202506,CNU,충남대학교,06,일반인,74,341
202506,CNU,충남대학교,07,일반인,157,800
202506,CNU,충남대학교,08,일반인,397,1139
202506,CNU,충남대학교,09,일반인,326,939
202506,CNU,충남대학교,10,일반인,221,562
202506,CNU,충남대학교,11,일반인,234,475
202506,CNU,충남대학교,12,일반인,236,677
202506,CNU,충남대학교,13,일반인,289,665
202506,CNU,충남대학교,14,일반인,219,565
202506,CNU,충남대학교,15,일반인,245,561
202506,CNU,충남대학교,16,일반인,359,655
202506,CNU,충남대학교,17,일반인,370,807
202506,CNU,충남대학교,18,일반인,427,1006
202506,CNU,충남대학교,19,일반인,212,625
202506,CNU,충남대학교,20,일반인,185,491
202506,CNU,충남대학교,21,일반인,221,509
202506,CNU,충남대학교,22,일반인,228,430
202506,CNU,충남대학교,23,일반인,64,45
202506,CNU,충남대학교,09,어린이,0,3
202506,CNU,충남대학교,10,어린이,1,3
202506,CNU,충남대학교,11,어린이,1,1
202506,CNU,충남대학교,12,어린이,0,1
202506,CNU,충남대학교,13,어린이,2,4
202506,CNU,충남대학교,14,어린이,1,2
202506,CNU,충남대학교,15,어린이,0,1
202506,CNU,충남대학교,16,어린이,1,1
202506,CNU,충남대학교,17,어린이,1,0
202506,CNU,충남대학교,18,어린이,0,2
202506,CNU,충남대학교,19,어린이,1,4
202506,CNU,충남대학교,21,어린이,2,2
202506,CNU,충남대학교,22,어린이,3,0
202506,CNU,충남대학교,05,청소년,0,1
202506,CNU,충남대학교,06,청소년,3,4
202506,CNU,충남대학교,07,청소년,16,21
202506,CNU,충남대학교,08,청소년,25,43
202506,CNU,충남대학교,09,청소년,40,27
202506,CNU,충남대학교,10,청소년,13,30
202506,CNU,충남대학교,11,청소년,15,34
202506,CNU,충남대학교,12,청소년,17,43
202506,CNU,충남대학교,13,청소년,27,59
202506,CNU,충남대학교,14,청소년,11,46
202506,CNU,충남대학교,15,청소년,16,38
202506,CNU,충남대학교,16,청소년,23,48
202506,CNU,충남대학교,17,청소년,22,33
202506,CNU,충남대학교,18,청소년,14,34
202506,CNU,충남대학교,19,청소년,9,37
202506,CNU,충남대학교,20,청소년,8,21
202506,CNU,충남대학교,21,청소년,24,27
202506,CNU,충남대학교,22,청소년,16,25
202506,CNU,충남대학교,23,청소년,4,3
202506,CNU,충남대학교,05,경로,0,40
202506,CNU,충남대학교,06,경로,7,131
202506,CNU,충남대학교,07,경로,36,113
202506,CNU,충남대학교,08,경로,30,93
202506,CNU,충남대학교,09,경로,48,112
202506,CNU,충남대학교,10,경로,55,111
202506,CNU,충남대학교,11,경로,59,98
202506,CNU,충남대학교,12,경로,51,118
202506,CNU,충남대학교,13,경로,41,106
202506,CNU,충남대학교,14,경로,30,87
202506,CNU,충남대학교,15,경로,28,99
202506,CNU,충남대학교,16,경로,27,95
202506,CNU,충남대학교,17,경로,24,83
202506,CNU,충남대학교,18,경로,11,75
202506,CNU,충남대학교,19,경로,15,47
202506,CNU,충남대학교,20,경로,4,32
202506,CNU,충남대학교,21,경로,11,28
202506,CNU,충남대학교,22,경로,0,10
202506,CNU,충남대학교,23,경로,0,1
202506,CNU,충남대학교,07,장애인,0,1
202506,CNU,충남대학교,08,장애인,0,3
202506,CNU,충남대학교,09,장애인,0,2
202506,CNU,충남대학교,10,장애인,1,0
202506,CNU,충남대학교,12,장애인,0,1
202506,CNU,충남대학교,13,장애인,0,3
202506,CNU,충남대학교,15,장애인,0,1
202506,CNU,충남대학교,16,장애인,1,2
202506,CNU,충남대학교,17,장애인,1,0
202506,CNU,충남대학교,18,장애인,2,1
202506,CNU,충남대학교,19,장애인,0,2
202506,CNU,충남대학교,20,장애인,0,4
202506,CNU,충남대학교,21,장애인,0,8
202506,CNU,충남대학교,22,장애인,0,7
202506,CNU,충남대학교,23,장애인,0,1
202506,CNU,충남대학교,11,국가유공자,1,1
202506,CNU,충남대학교,16,국가유공자,0,2
202506,CNU,충남대학교,18,국가유공자,0,1
202506,CNU,충남대학교,19,국가유공자,0,1
202506,CNU,충남대학교,05,일반인,5,6
202506,CNU,충남대학교,06,일반인,40,11
202506,CNU,충남대학교,07,일반인,94,45
202506,CNU,충남대학교,08,일반인,320,33
202506,CNU,충남대학교,09,일반인,228,64
202506,CNU,충남대학교,10,일반인,151,65
202506,CNU,충남대학교,11,일반인,162,76
202506,CNU,충남대학교,12,일반인,181,54
202506,CNU,충남대학교,13,일반인,182,59
202506,CNU,충남대학교,14,일반인,182,69
202506,CNU,충남대학교,15,일반인,225,72
202506,CNU,충남대학교,16,일반인,224,63
202506,CNU,충남대학교,17,일반인,200,81
202506,CNU,충남대학교,18,일반인,202,71
202506,CNU,충남대학교,19,일반인,127,50
202506,CNU,충남대학교,20,일반인,89,59
202506,CNU,충남대학교,21,일반인,128,33
202506,CNU,충남대학교,22,일반인,111,28
202506,CNU,충남대학교,07,어린이,0,1
202506,CNU,충남대학교,09,어린이,1,0
202506,CNU,충남대학교,10,어린이,2,0
202506,CNU,충남대학교,11,어린이,2,1
202506,CNU,충남대학교,12,어린이,3,0
202506,CNU,충남대학교,13,어린이,0,1
202506,CNU,충남대학교,14,어린이,1,0
202506,CNU,충남대학교,16,어린이,2,1
202506,CNU,충남대학교,18,어린이,0,1
202506,CNU,충남대학교,19,어린이,0,1
202506,CNU,충남대학교,07,청소년,0,1
202506,CNU,충남대학교,08,청소년,5,0
202506,CNU,충남대학교,09,청소년,16,2
202506,CNU,충남대학교,10,청소년,4,3
202506,CNU,충남대학교,11,청소년,6,3
202506,CNU,충남대학교,12,청소년,10,2
202506,CNU,충남대학교,13,청소년,4,9
202506,CNU,충남대학교,14,청소년,19,2
202506,CNU,충남대학교,15,청소년,16,18
202506,CNU,충남대학교,16,청소년,32,11
202506,CNU,충남대학교,17,청소년,30,3
202506,CNU,충남대학교,18,청소년,17,9
202506,CNU,충남대학교,19,청소년,10,13
202506,CNU,충남대학교,20,청소년,1,5
202506,CNU,충남대학교,21,청소년,4,3
202506,CNU,충남대학교,22,청소년,6,2
202506,CNU,충남대학교,05,경로,1,0
202506,CNU,충남대학교,06,경로,5,19
202506,CNU,충남대학교,07,경로,7,0
202506,CNU,충남대학교,08,경로,20,9
202506,CNU,충남대학교,09,경로,27,27
202506,CNU,충남대학교,10,경로,32,22
202506,CNU,충남대학교,11,경로,33,12
202506,CNU,충남대학교,12,경로,14,8
202506,CNU,충남대학교,13,경로,36,16
202506,CNU,충남대학교,14,경로,34,9
202506,CNU,충남대학교,15,경로,28,13
202506,CNU,충남대학교,16,경로,14,25
202506,CNU,충남대학교,17,경로,37,15
202506,CNU,충남대학교,18,경로,23,6
202506,CNU,충남대학교,19,경로,13,7
202506,CNU,충남대학교,20,경로,3,3
202506,CNU,충남대학교,21,경로,6,0
202506,CNU,충남대학교,22,경로,0,2
202506,CNU,충남대학교,06,장애인,0,1
202506,CNU,충남대학교,11,장애인,1,0
202506,CNU,충남대학교,12,장애인,1,0
202506,CNU,충남대학교,13,장애인,1,0
202506,CNU,충남대학교,14,장애인,2,0
202506,CNU,충남대학교,15,장애인,2,0
202506,CNU,충남대학교,11,국가유공자,0,1
202506,CNU,충남대학교,17,국가유공자,1,0
202506,CNU,충남대학교,06,일반인,20,90
202506,CNU,충남대학교,07,일반인,49,129
202506,CNU,충남대학교,08,일반인,67,155
202506,CNU,충남대학교,09,일반인,113,190
202506,CNU,충남대학교,10,일반인,56,109
202506,CNU,충남대학교,11,일반인,61,123
202506,CNU,충남대학교,12,일반인,81,174
202506,CNU,충남대학교,13,일반인,112,211
202506,CNU,충남대학교,14,일반인,54,225
202506,CNU,충남대학교,15,일반인,76,286
202506,CNU,충남대학교,16,일반인,75,306
202506,CNU,충남대학교,17,일반인,69,345
202506,CNU,충남대학교,18,일반인,71,452
202506,CNU,충남대학교,19,일반인,57,395
202506,CNU,충남대학교,20,일반인,63,333
202506,CNU,충남대학교,21,일반인,69,313
202506,CNU,충남대학교,22,일반인,70,125
202506,CNU,충남대학교,23,일반인,12,15
202506,CNU,충남대학교,09,어린이,3,1
202506,CNU,충남대학교,14,어린이,0,2
202506,CNU,충남대학교,15,어린이,0,1
202506,CNU,충남대학교,16,어린이,0,2
202506,CNU,충남대학교,17,어린이,0,2
202506,CNU,충남대학교,21,어린이,0,1
202506,CNU,충남대학교,07,청소년,2,4
202506,CNU,충남대학교,08,청소년,7,7
202506,CNU,충남대학교,09,청소년,11,9
202506,CNU,충남대학교,10,청소년,6,5
202506,CNU,충남대학교,11,청소년,2,7
202506,CNU,충남대학교,12,청소년,5,9
202506,CNU,충남대학교,13,청소년,6,17
202506,CNU,충남대학교,14,청소년,2,16
202506,CNU,충남대학교,15,청소년,5,20
202506,CNU,충남대학교,16,청소년,4,19
202506,CNU,충남대학교,17,청소년,5,21
202506,CNU,충남대학교,18,청소년,9,21
202506,CNU,충남대학교,19,청소년,4,17
202506,CNU,충남대학교,20,청소년,1,12
202506,CNU,충남대학교,21,청소년,2,15
202506,CNU,충남대학교,22,청소년,2,19
202506,CNU,충남대학교,23,청소년,0,2
202506,CNU,충남대학교,06,경로,9,67
202506,CNU,충남대학교,07,경로,5,14
202506,CNU,충남대학교,08,경로,15,13
202506,CNU,충남대학교,09,경로,28,25
202506,CNU,충남대학교,10,경로,31,50
202506,CNU,충남대학교,11,경로,26,33
202506,CNU,충남대학교,12,경로,20,33
202506,CNU,충남대학교,13,경로,17,41
202506,CNU,충남대학교,14,경로,18,50
202506,CNU,충남대학교,15,경로,17,56
202506,CNU,충남대학교,16,경로,14,45
202506,CNU,충남대학교,17,경로,11,28
202506,CNU,충남대학교,18,경로,16,21
202506,CNU,충남대학교,19,경로,4,4
202506,CNU,충남대학교,20,경로,10,7
202506,CNU,충남대학교,21,경로,6,17
202506,CNU,충남대학교,22,경로,2,12
202506,CNU,충남대학교,23,경로,0,1
202506,CNU,충남대학교,14,장애인,0,1
202506,CNU,충남대학교,09,국가유공자,1,0
202506,CNU,충남대학교,10,국가유공자,1,0
202506,CNU,충남대학교,12,국가유공자,0,1
202506,CNU,충남대학교,14,국가유공자,0,1
202506,CNU,충남대학교,16,국가유공자,0,1
202506,CNU,충남대학교,05,일반인,11,6
202506,CNU,충남대학교,06,일반인,52,66
202506,CNU,충남대학교,07,일반인,216,121
202506,CNU,충남대학교,08,일반인,314,301
202506,CNU,충남대학교,09,일반인,257,326
202506,CNU,충남대학교,10,일반인,228,183
202506,CNU,충남대학교,11,일반인,251,101
202506,CNU,충남대학교,12,일반인,324,112
202506,CNU,충남대학교,13,일반인,372,256
202506,CNU,충남대학교,14,일반인,383,106
202506,CNU,충남대학교,15,일반인,440,106
202506,CNU,충남대학교,16,일반인,443,184
202506,CNU,충남대학교,17,일반인,588,132
202506,CNU,충남대학교,18,일반인,536,85
202506,CNU,충남대학교,19,일반인,310,51
202506,CNU,충남대학교,20,일반인,350,62
202506,CNU,충남대학교,21,일반인,245,91
202506,CNU,충남대학교,22,일반인,251,74
202506,CNU,충남대학교,05,어린이,0,1
202506,CNU,충남대학교,06,어린이,1,0
202506,CNU,충남대학교,09,어린이,1,0
202506,CNU,충남대학교,10,어린이,0,1
202506,CNU,충남대학교,12,어린이,1,0
202506,CNU,충남대학교,13,어린이,0,1
202506,CNU,충남대학교,14,어린이,1,0
202506,CNU,충남대학교,15,어린이,0,1
202506,CNU,충남대학교,16,어린이,0,2
202506,CNU,충남대학교,18,어린이,1,0
202506,CNU,충남대학교,19,어린이,1,1
202506,CNU,충남대학교,20,어린이,2,0
202506,CNU,충남대학교,05,청소년,1,0
202506,CNU,충남대학교,06,청소년,5,3
202506,CNU,충남대학교,07,청소년,29,10
202506,CNU,충남대학교,08,청소년,10,16
202506,CNU,충남대학교,09,청소년,12,21
202506,CNU,충남대학교,10,청소년,15,16
202506,CNU,충남대학교,11,청소년,16,11
202506,CNU,충남대학교,12,청소년,27,13
202506,CNU,충남대학교,13,청소년,21,26
202506,CNU,충남대학교,14,청소년,32,9
202506,CNU,충남대학교,15,청소년,25,13
202506,CNU,충남대학교,16,청소년,30,8
202506,CNU,충남대학교,17,청소년,36,3
202506,CNU,충남대학교,18,청소년,27,3
202506,CNU,충남대학교,19,청소년,6,0
202506,CNU,충남대학교,20,청소년,14,4
202506,CNU,충남대학교,21,청소년,33,3
202506,CNU,충남대학교,22,청소년,23,6
202506,CNU,충남대학교,05,경로,2,3
202506,CNU,충남대학교,06,경로,35,12
202506,CNU,충남대학교,07,경로,13,8
202506,CNU,충남대학교,08,경로,13,17
202506,CNU,충남대학교,09,경로,27,19
202506,CNU,충남대학교,10,경로,36,14
202506,CNU,충남대학교,11,경로,35,15
202506,CNU,충남대학교,12,경로,47,17
202506,CNU,충남대학교,13,경로,51,22
202506,CNU,충남대학교,14,경로,59,27
202506,CNU,충남대학교,15,경로,57,7
202506,CNU,충남대학교,16,경로,58,31
202506,CNU,충남대학교,17,경로,44,17
202506,CNU,충남대학교,18,경로,20,2
202506,CNU,충남대학교,19,경로,9,6
202506,CNU,충남대학교,20,경로,10,2
202506,CNU,충남대학교,21,경로,7,1
202506,CNU,충남대학교,22,경로,2,0
202506,CNU,충남대학교,16,장애인,1,0
202506,CNU,충남대학교,20,장애인,0,1
202506,CNU,충남대학교,11,국가유공자,1,0
202506,CNU,충남대학교,14,국가유공자,2,0
202506,CNU,충남대학교,15,국가유공자,3,0
202506,CNU,충남대학교,16,국가유공자,3,0
202506,CNU,충남대학교,17,국가유공자,1,0
202506,CNU,충남대학교,06,일반인,15,17
202506,CNU,충남대학교,07,일반인,14,72
202506,CNU,충남대학교,08,일반인,14,432
202506,CNU,충남대학교,09,일반인,36,258
202506,CNU,충남대학교,10,일반인,17,175
202506,CNU,충남대학교,11,일반인,41,146
202506,CNU,충남대학교,12,일반인,21,260
202506,CNU,충남대학교,13,일반인,40,284
202506,CNU,충남대학교,14,일반인,33,170
202506,CNU,충남대학교,15,일반인,30,178
202506,CNU,충남대학교,16,일반인,30,188
202506,CNU,충남대학교,17,일반인,43,168
202506,CNU,충남대학교,18,일반인,27,221
202506,CNU,충남대학교,19,일반인,29,162
202506,CNU,충남대학교,20,일반인,23,95
202506,CNU,충남대학교,21,일반인,18,109
202506,CNU,충남대학교,22,일반인,66,98
202506,CNU,충남대학교,23,일반인,18,56
202506,CNU,충남대학교,09,어린이,0,6
202506,CNU,충남대학교,10,어린이,0,1
202506,CNU,충남대학교,12,어린이,0,2
202506,CNU,충남대학교,14,어린이,3,0
202506,CNU,충남대학교,16,어린이,0,8
202506,CNU,충남대학교,17,어린이,1,2
202506,CNU,충남대학교,18,어린이,0,1
202506,CNU,충남대학교,20,어린이,5,0
202506,CNU,충남대학교,06,청소년,0,2
202506,CNU,충남대학교,07,청소년,0,1
202506,CNU,충남대학교,08,청소년,2,8
202506,CNU,충남대학교,09,청소년,0,23
202506,CNU,충남대학교,10,청소년,1,4
202506,CNU,충남대학교,11,청소년,1,8
202506,CNU,충남대학교,12,청소년,0,9
202506,CNU,충남대학교,13,청소년,1,6
202506,CNU,충남대학교,14,청소년,5,7
202506,CNU,충남대학교,15,청소년,1,9
202506,CNU,충남대학교,16,청소년,15,10
202506,CNU,충남대학교,17,청소년,9,14
202506,CNU,충남대학교,18,청소년,4,11
202506,CNU,충남대학교,19,청소년,0,13
202506,CNU,충남대학교,20,청소년,0,4
202506,CNU,충남대학교,21,청소년,4,12
202506,CNU,충남대학교,22,청소년,0,22
202506,CNU,충남대학교,23,청소년,0,4
202506,CNU,충남대학교,06,경로,1,1
202506,CNU,충남대학교,07,경로,2,5
202506,CNU,충남대학교,08,경로,1,5
202506,CNU,충남대학교,09,경로,0,5
202506,CNU,충남대학교,10,경로,1,7
202506,CNU,충남대학교,11,경로,5,9
202506,CNU,충남대학교,12,경로,4,6
202506,CNU,충남대학교,13,경로,3,4
202506,CNU,충남대학교,14,경로,4,14
202506,CNU,충남대학교,15,경로,3,5
202506,CNU,충남대학교,16,경로,1,5
202506,CNU,충남대학교,17,경로,2,2
202506,CNU,충남대학교,18,경로,1,8
202506,CNU,충남대학교,19,경로,2,2
202506,CNU,충남대학교,20,경로,3,0
202506,CNU,충남대학교,21,경로,0,2
202506,CNU,충남대학교,05,일반인,9,3
202506,CNU,충남대학교,06,일반인,84,66
202506,CNU,충남대학교,07,일반인,120,124
202506,CNU,충남대학교,08,일반인,260,350
202506,CNU,충남대학교,09,일반인,297,299
202506,CNU,충남대학교,10,일반인,293,186
202506,CNU,충남대학교,11,일반인,358,148
202506,CNU,충남대학교,12,일반인,417,197
202506,CNU,충남대학교,13,일반인,528,207
202506,CNU,충남대학교,14,일반인,573,219
202506,CNU,충남대학교,15,일반인,596,229
202506,CNU,충남대학교,16,일반인,630,191
202506,CNU,충남대학교,17,일반인,687,245
202506,CNU,충남대학교,18,일반인,751,200
202506,CNU,충남대학교,19,일반인,372,140
202506,CNU,충남대학교,20,일반인,297,107
202506,CNU,충남대학교,21,일반인,305,104
202506,CNU,충남대학교,22,일반인,341,69
202506,CNU,충남대학교,07,어린이,0,1
202506,CNU,충남대학교,10,어린이,0,1
202506,CNU,충남대학교,11,어린이,1,0
202506,CNU,충남대학교,12,어린이,0,2
202506,CNU,충남대학교,13,어린이,3,0
202506,CNU,충남대학교,14,어린이,3,0
202506,CNU,충남대학교,15,어린이,2,0
202506,CNU,충남대학교,16,어린이,7,4
202506,CNU,충남대학교,17,어린이,1,0
202506,CNU,충남대학교,18,어린이,0,1
202506,CNU,충남대학교,19,어린이,0,1
202506,CNU,충남대학교,05,청소년,1,0
202506,CNU,충남대학교,06,청소년,12,2
202506,CNU,충남대학교,07,청소년,21,5
202506,CNU,충남대학교,08,청소년,9,12
202506,CNU,충남대학교,09,청소년,11,12
202506,CNU,충남대학교,10,청소년,15,11
202506,CNU,충남대학교,11,청소년,20,18
202506,CNU,충남대학교,12,청소년,35,14
202506,CNU,충남대학교,13,청소년,23,19
202506,CNU,충남대학교,14,청소년,42,25
202506,CNU,충남대학교,15,청소년,62,55
202506,CNU,충남대학교,16,청소년,50,50
202506,CNU,충남대학교,17,청소년,53,65
202506,CNU,충남대학교,18,청소년,52,32
202506,CNU,충남대학교,19,청소년,24,18
202506,CNU,충남대학교,20,청소년,24,17
202506,CNU,충남대학교,21,청소년,21,12
202506,CNU,충남대학교,22,청소년,31,16
202506,CNU,충남대학교,05,경로,10,0
202506,CNU,충남대학교,06,경로,5,10
202506,CNU,충남대학교,07,경로,6,2
202506,CNU,충남대학교,08,경로,6,3
202506,CNU,충남대학교,09,경로,20,8
202506,CNU,충남대학교,10,경로,39,5
202506,CNU,충남대학교,11,경로,49,5
202506,CNU,충남대학교,12,경로,36,14
202506,CNU,충남대학교,13,경로,55,13
202506,CNU,충남대학교,14,경로,62,16
202506,CNU,충남대학교,15,경로,38,7
202506,CNU,충남대학교,16,경로,19,9
202506,CNU,충남대학교,17,경로,23,10
202506,CNU,충남대학교,18,경로,22,7
202506,CNU,충남대학교,19,경로,31,2
202506,CNU,충남대학교,20,경로,10,2
202506,CNU,충남대학교,21,경로,5,1
202506,CNU,충남대학교,22,경로,5,0
202506,CNU,충남대학교,09,장애인,0,1
202506,CNU,충남대학교,11,장애인,1,0
202506,CNU,충남대학교,13,장애인,0,1
202506,CNU,충남대학교,18,장애인,0,1
202506,CNU,충남대학교,08,국가유공자,1,0
202506,CNU,충남대학교,09,국가유공자,0,1
202506,CNU,충남대학교,11,국가유공자,1,0
202506,CNU,충남대학교,13,국가유공자,1,0
202506,CNU,충남대학교,05,일반인,10,16
202506,CNU,충남대학교,06,일반인,73,82
202506,CNU,충남대학교,07,일반인,167,225
202506,CNU,충남대학교,08,일반인,808,398
202506,CNU,충남대학교,09,일반인,757,260
202506,CNU,충남대학교,10,일반인,390,199
202506,CNU,충남대학교,11,일반인,338,202
202506,CNU,충남대학교,12,일반인,405,293
202506,CNU,충남대학교,13,일반인,646,295
202506,CNU,충남대학교,14,일반인,360,265
202506,CNU,충남대학교,15,일반인,364,297
202506,CNU,충남대학교,16,일반인,407,340
202506,CNU,충남대학교,17,일반인,468,427
202506,CNU,충남대학교,18,일반인,528,439
202506,CNU,충남대학교,19,일반인,287,357
202506,CNU,충남대학교,20,일반인,246,328
202506,CNU,충남대학교,21,일반인,308,347
202506,CNU,충남대학교,22,일반인,317,331
202506,CNU,충남대학교,23,일반인,96,49
202506,CNU,충남대학교,09,어린이,0,1
202506,CNU,충남대학교,11,어린이,2,1
202506,CNU,충남대학교,13,어린이,5,0
202506,CNU,충남대학교,14,어린이,0,1
202506,CNU,충남대학교,15,어린이,8,0
202506,CNU,충남대학교,16,어린이,3,1
202506,CNU,충남대학교,17,어린이,12,5
202506,CNU,충남대학교,18,어린이,0,1
202506,CNU,충남대학교,19,어린이,0,1
202506,CNU,충남대학교,20,어린이,0,3
202506,CNU,충남대학교,21,어린이,2,0
202506,CNU,충남대학교,22,어린이,3,0
202506,CNU,충남대학교,06,청소년,3,1
202506,CNU,충남대학교,07,청소년,35,4
202506,CNU,충남대학교,08,청소년,64,13
202506,CNU,충남대학교,09,청소년,62,10
202506,CNU,충남대학교,10,청소년,45,11
202506,CNU,충남대학교,11,청소년,38,17
202506,CNU,충남대학교,12,청소년,75,24
202506,CNU,충남대학교,13,청소년,58,7
202506,CNU,충남대학교,14,청소년,36,17
202506,CNU,충남대학교,15,청소년,36,13
202506,CNU,충남대학교,16,청소년,45,28
202506,CNU,충남대학교,17,청소년,40,32
202506,CNU,충남대학교,18,청소년,42,36
202506,CNU,충남대학교,19,청소년,22,27
202506,CNU,충남대학교,20,청소년,11,20
202506,CNU,충남대학교,21,청소년,24,48
202506,CNU,충남대학교,22,청소년,21,40
202506,CNU,충남대학교,23,청소년,6,15
202506,CNU,충남대학교,05,경로,0,15
202506,CNU,충남대학교,06,경로,13,22
202506,CNU,충남대학교,07,경로,33,52
202506,CNU,충남대학교,08,경로,28,68
202506,CNU,충남대학교,09,경로,29,90
202506,CNU,충남대학교,10,경로,21,71
202506,CNU,충남대학교,11,경로,23,57
202506,CNU,충남대학교,12,경로,42,53
202506,CNU,충남대학교,13,경로,36,68
202506,CNU,충남대학교,14,경로,25,43
202506,CNU,충남대학교,15,경로,37,43
202506,CNU,충남대학교,16,경로,31,44
202506,CNU,충남대학교,17,경로,29,48
202506,CNU,충남대학교,18,경로,20,30
202506,CNU,충남대학교,19,경로,16,15
202506,CNU,충남대학교,20,경로,16,16
202506,CNU,충남대학교,21,경로,10,8
202506,CNU,충남대학교,22,경로,2,0
202506,CNU,충남대학교,23,경로,1,1
202506,CNU,충남대학교,08,장애인,1,0
202506,CNU,충남대학교,09,장애인,1,3
202506,CNU,충남대학교,12,장애인,0,1
202506,CNU,충남대학교,13,장애인,2,0
202506,CNU,충남대학교,15,장애인,2,0
202506,CNU,충남대학교,16,장애인,0,1
202506,CNU,충남대학교,17,장애인,2,1
202506,CNU,충남대학교,18,장애인,1,0
202506,CNU,충남대학교,21,장애인,1,0
202506,CNU,충남대학교,08,국가유공자,0,7
202506,CNU,충남대학교,10,국가유공자,0,2
202506,CNU,충남대학교,11,국가유공자,0,1
202506,CNU,충남대학교,12,국가유공자,0,1
202506,CNU,충남대학교,13,국가유공자,0,1
202506,CNU,충남대학교,14,국가유공자,0,1
202506,CNU,충남대학교,15,국가유공자,1,1
202506,CNU,충남대학교,16,국가유공자,4,0
202506,CNU,충남대학교,21,국가유공자,1,0
202506,CNU,충남대학교,06,일반인,16,89
202506,CNU,충남대학교,07,일반인,21,124
202506,CNU,충남대학교,08,일반인,53,304
202506,CNU,충남대학교,09,일반인,55,136
202506,CNU,충남대학교,10,일반인,19,75
202506,CNU,충남대학교,11,일반인,48,68
202506,CNU,충남대학교,12,일반인,46,90
202506,CNU,충남대학교,13,일반인,52,82
202506,CNU,충남대학교,14,일반인,45,55
202506,CNU,충남대학교,15,일반인,100,81
202506,CNU,충남대학교,16,일반인,85,88
202506,CNU,충남대학교,17,일반인,129,124
202506,CNU,충남대학교,18,일반인,125,125
202506,CNU,충남대학교,19,일반인,125,84
202506,CNU,충남대학교,20,일반인,87,73
202506,CNU,충남대학교,21,일반인,118,49
202506,CNU,충남대학교,22,일반인,139,38
202506,CNU,충남대학교,23,일반인,28,3
202506,CNU,충남대학교,07,어린이,12,1
202506,CNU,충남대학교,08,어린이,1,0
202506,CNU,충남대학교,09,어린이,0,1
202506,CNU,충남대학교,13,어린이,0,1
202506,CNU,충남대학교,15,어린이,0,1
202506,CNU,충남대학교,17,어린이,2,0
202506,CNU,충남대학교,18,어린이,0,1
202506,CNU,충남대학교,20,어린이,1,0
202506,CNU,충남대학교,21,어린이,2,0
202506,CNU,충남대학교,23,어린이,1,0
202506,CNU,충남대학교,08,청소년,4,6
202506,CNU,충남대학교,09,청소년,6,8
202506,CNU,충남대학교,10,청소년,4,1
202506,CNU,충남대학교,11,청소년,3,3
202506,CNU,충남대학교,12,청소년,4,1
202506,CNU,충남대학교,13,청소년,6,6
202506,CNU,충남대학교,14,청소년,2,1
202506,CNU,충남대학교,15,청소년,8,5
202506,CNU,충남대학교,16,청소년,10,8
202506,CNU,충남대학교,17,청소년,21,4
202506,CNU,충남대학교,18,청소년,6,4
202506,CNU,충남대학교,19,청소년,5,2
202506,CNU,충남대학교,20,청소년,6,2
202506,CNU,충남대학교,21,청소년,11,0
202506,CNU,충남대학교,22,청소년,13,5
202506,CNU,충남대학교,23,청소년,0,1
202506,CNU,충남대학교,06,경로,7,47
202506,CNU,충남대학교,07,경로,1,8
202506,CNU,충남대학교,08,경로,2,16
202506,CNU,충남대학교,09,경로,9,26
202506,CNU,충남대학교,10,경로,6,14
202506,CNU,충남대학교,11,경로,11,19
202506,CNU,충남대학교,12,경로,5,7
202506,CNU,충남대학교,13,경로,9,10
202506,CNU,충남대학교,14,경로,9,9
202506,CNU,충남대학교,15,경로,7,10
202506,CNU,충남대학교,16,경로,8,7
202506,CNU,충남대학교,17,경로,7,12
202506,CNU,충남대학교,18,경로,3,12
202506,CNU,충남대학교,19,경로,4,11
202506,CNU,충남대학교,20,경로,0,8
202506,CNU,충남대학교,21,경로,6,2
202506,CNU,충남대학교,22,경로,8,1
202506,CNU,충남대학교,08,장애인,1,0
202506,CNU,충남대학교,09,장애인,1,0
202506,CNU,충남대학교,15,장애인,1,0
202506,CNU,충남대학교,17,장애인,1,1
202506,CNU,충남대학교,13,국가유공자,1,0
202506,CNU,충남대학교,20,국가유공자,0,1
202506,CNU,충남대학교,05,일반인,4,4
202506,CNU,충남대학교,06,일반인,8,6
202506,CNU,충남대학교,07,일반인,66,39
202506,CNU,충남대학교,08,일반인,41,63
202506,CNU,충남대학교,09,일반인,67,102
202506,CNU,충남대학교,10,일반인,51,68
202506,CNU,충남대학교,11,일반인,65,62
202506,CNU,충남대학교,12,일반인,115,54
202506,CNU,충남대학교,13,일반인,137,69
202506,CNU,충남대학교,14,일반인,131,67
202506,CNU,충남대학교,15,일반인,169,68
202506,CNU,충남대학교,16,일반인,244,54
202506,CNU,충남대학교,17,일반인,327,68
202506,CNU,충남대학교,18,일반인,294,69
202506,CNU,충남대학교,19,일반인,215,59
202506,CNU,충남대학교,20,일반인,212,43
202506,CNU,충남대학교,21,일반인,222,23
202506,CNU,충남대학교,22,일반인,204,22
202506,CNU,충남대학교,23,일반인,93,10
202506,CNU,충남대학교,15,어린이,1,0
202506,CNU,충남대학교,16,어린이,0,1
202506,CNU,충남대학교,17,어린이,0,1
202506,CNU,충남대학교,19,어린이,0,3
202506,CNU,충남대학교,06,청소년,1,0
202506,CNU,충남대학교,07,청소년,2,3
202506,CNU,충남대학교,08,청소년,0,1
202506,CNU,충남대학교,09,청소년,1,11
202506,CNU,충남대학교,10,청소년,4,3
202506,CNU,충남대학교,11,청소년,1,0
202506,CNU,충남대학교,12,청소년,3,7
202506,CNU,충남대학교,13,청소년,9,8
202506,CNU,충남대학교,14,청소년,9,8
202506,CNU,충남대학교,15,청소년,11,10
202506,CNU,충남대학교,16,청소년,16,2
202506,CNU,충남대학교,17,청소년,15,5
202506,CNU,충남대학교,18,청소년,18,4
202506,CNU,충남대학교,19,청소년,12,8
202506,CNU,충남대학교,20,청소년,9,4
202506,CNU,충남대학교,21,청소년,18,2
202506,CNU,충남대학교,22,청소년,24,1
202506,CNU,충남대학교,23,청소년,11,0
202506,CNU,충남대학교,06,경로,14,0
202506,CNU,충남대학교,07,경로,2,0
202506,CNU,충남대학교,08,경로,9,1
202506,CNU,충남대학교,09,경로,4,4
202506,CNU,충남대학교,10,경로,3,1
202506,CNU,충남대학교,11,경로,13,3
202506,CNU,충남대학교,12,경로,20,2
202506,CNU,충남대학교,13,경로,16,4
202506,CNU,충남대학교,14,경로,4,3
202506,CNU,충남대학교,15,경로,6,2
202506,CNU,충남대학교,16,경로,36,3
202506,CNU,충남대학교,17,경로,8,4
202506,CNU,충남대학교,18,경로,6,1
202506,CNU,충남대학교,19,경로,4,3
202506,CNU,충남대학교,20,경로,3,0
202506,CNU,충남대학교,21,경로,1,0
202506,CNU,충남대학교,22,경로,2,0
202506,CNU,충남대학교,10,국가유공자,1,0
202506,CNU,충남대학교,05,일반인,8,13
202506,CNU,충남대학교,06,일반인,31,77
202506,CNU,충남대학교,07,일반인,51,148
202506,CNU,충남대학교,08,일반인,182,468
202506,CNU,충남대학교,09,일반인,174,438
202506,CNU,충남대학교,10,일반인,124,260
202506,CNU,충남대학교,11,일반인,95,223
202506,CNU,충남대학교,12,일반인,130,279
202506,CNU,충남대학교,13,일반인,170,287
202506,CNU,충남대학교,14,일반인,172,194
202506,CNU,충남대학교,15,일반인,171,172
202506,CNU,충남대학교,16,일반인,259,178
202506,CNU,충남대학교,17,일반인,196,138
202506,CNU,충남대학교,18,일반인,244,150
202506,CNU,충남대학교,19,일반인,136,125
202506,CNU,충남대학교,20,일반인,142,68
202506,CNU,충남대학교,21,일반인,147,149
202506,CNU,충남대학교,22,일반인,170,119
202506,CNU,충남대학교,23,일반인,76,18
202506,CNU,충남대학교,10,어린이,0,1
202506,CNU,충남대학교,11,어린이,0,1
202506,CNU,충남대학교,13,어린이,1,9
202506,CNU,충남대학교,15,어린이,0,1
202506,CNU,충남대학교,16,어린이,2,3
202506,CNU,충남대학교,19,어린이,1,0
202506,CNU,충남대학교,20,어린이,7,0
202506,CNU,충남대학교,21,어린이,1,0
202506,CNU,충남대학교,05,청소년,1,0
202506,CNU,충남대학교,06,청소년,5,2
202506,CNU,충남대학교,07,청소년,6,1
202506,CNU,충남대학교,08,청소년,0,14
202506,CNU,충남대학교,09,청소년,4,32
202506,CNU,충남대학교,10,청소년,7,25
202506,CNU,충남대학교,11,청소년,17,29
202506,CNU,충남대학교,12,청소년,7,16
202506,CNU,충남대학교,13,청소년,15,20
202506,CNU,충남대학교,14,청소년,17,11
202506,CNU,충남대학교,15,청소년,17,21
202506,CNU,충남대학교,16,청소년,20,19
202506,CNU,충남대학교,17,청소년,17,13
202506,CNU,충남대학교,18,청소년,17,11
202506,CNU,충남대학교,19,청소년,13,10
202506,CNU,충남대학교,20,청소년,17,5
202506,CNU,충남대학교,21,청소년,16,9
202506,CNU,충남대학교,22,청소년,19,20
202506,CNU,충남대학교,23,청소년,25,5
202506,CNU,충남대학교,05,경로,0,5
202506,CNU,충남대학교,06,경로,5,16
202506,CNU,충남대학교,07,경로,9,25
202506,CNU,충남대학교,08,경로,26,11
202506,CNU,충남대학교,09,경로,14,16
202506,CNU,충남대학교,10,경로,17,6
202506,CNU,충남대학교,11,경로,17,13
202506,CNU,충남대학교,12,경로,13,21
202506,CNU,충남대학교,13,경로,27,12
202506,CNU,충남대학교,14,경로,26,18
202506,CNU,충남대학교,15,경로,37,12
202506,CNU,충남대학교,16,경로,24,3
202506,CNU,충남대학교,17,경로,15,12
202506,CNU,충남대학교,18,경로,11,6
202506,CNU,충남대학교,19,경로,6,2
202506,CNU,충남대학교,20,경로,3,5
202506,CNU,충남대학교,21,경로,1,0
202506,CNU,충남대학교,22,경로,2,2
202506,CNU,충남대학교,05,장애인,2,0
202506,CNU,충남대학교,06,장애인,1,0
202506,CNU,충남대학교,11,장애인,1,0
202506,CNU,충남대학교,12,장애인,2,0
202506,CNU,충남대학교,13,장애인,2,0
202506,CNU,충남대학교,14,장애인,0,1
202506,CNU,충남대학교,15,장애인,1,0
202506,CNU,충남대학교,16,장애인,1,0
202506,CNU,충남대학교,18,장애인,1,0
202506,CNU,충남대학교,19,장애인,1,0
202506,CNU,충남대학교,20,장애인,1,0
202506,CNU,충남대학교,21,장애인,3,0
202506,CNU,충남대학교,08,국가유공자,2,0
202506,CNU,충남대학교,09,국가유공자,1,0
202506,CNU,충남대학교,10,국가유공자,0,3
202506,CNU,충남대학교,17,국가유공자,1,0
202506,CNU,충남대학교,19,국가유공자,1,0
202506,CNU,충남대학교,05,일반인,22,7
202506,CNU,충남대학교,06,일반인,70,94
202506,CNU,충남대학교,07,일반인,135,75
202506,CNU,충남대학교,08,일반인,273,203
202506,CNU,충남대학교,09,일반인,267,274
202506,CNU,충남대학교,10,일반인,221,139
202506,CNU,충남대학교,11,일반인,250,118
202506,CNU,충남대학교,12,일반인,393,199
202506,CNU,충남대학교,13,일반인,306,194
202506,CNU,충남대학교,14,일반인,329,177
202506,CNU,충남대학교,15,일반인,451,147
202506,CNU,충남대학교,16,일반인,568,174
202506,CNU,충남대학교,17,일반인,520,160
202506,CNU,충남대학교,18,일반인,610,201
202506,CNU,충남대학교,19,일반인,379,120
202506,CNU,충남대학교,20,일반인,351,79
202506,CNU,충남대학교,21,일반인,344,139
202506,CNU,충남대학교,22,일반인,593,135
202506,CNU,충남대학교,23,일반인,85,5
202506,CNU,충남대학교,07,어린이,19,0
202506,CNU,충남대학교,08,어린이,1,0
202506,CNU,충남대학교,10,어린이,1,0
202506,CNU,충남대학교,11,어린이,2,0
202506,CNU,충남대학교,12,어린이,1,0
202506,CNU,충남대학교,13,어린이,1,2
202506,CNU,충남대학교,14,어린이,1,1
202506,CNU,충남대학교,15,어린이,0,1
202506,CNU,충남대학교,16,어린이,2,11
202506,CNU,충남대학교,17,어린이,7,0
202506,CNU,충남대학교,18,어린이,0,7
202506,CNU,충남대학교,19,어린이,4,1
202506,CNU,충남대학교,21,어린이,0,1
202506,CNU,충남대학교,22,어린이,0,2
202506,CNU,충남대학교,05,청소년,2,0
202506,CNU,충남대학교,06,청소년,4,1
202506,CNU,충남대학교,07,청소년,2,8
202506,CNU,충남대학교,08,청소년,15,10
202506,CNU,충남대학교,09,청소년,19,13
202506,CNU,충남대학교,10,청소년,24,20
202506,CNU,충남대학교,11,청소년,31,18
202506,CNU,충남대학교,12,청소년,31,19
202506,CNU,충남대학교,13,청소년,37,12
202506,CNU,충남대학교,14,청소년,12,14
202506,CNU,충남대학교,15,청소년,43,13
202506,CNU,충남대학교,16,청소년,29,73
202506,CNU,충남대학교,17,청소년,51,30
202506,CNU,충남대학교,18,청소년,30,41
202506,CNU,충남대학교,19,청소년,34,21
202506,CNU,충남대학교,20,청소년,17,25
202506,CNU,충남대학교,21,청소년,34,42
202506,CNU,충남대학교,22,청소년,51,18
202506,CNU,충남대학교,23,청소년,1,0
202506,CNU,충남대학교,06,경로,41,19
202506,CNU,충남대학교,07,경로,16,24
202506,CNU,충남대학교,08,경로,24,18
202506,CNU,충남대학교,09,경로,27,37
202506,CNU,충남대학교,10,경로,21,32
202506,CNU,충남대학교,11,경로,31,32
202506,CNU,충남대학교,12,경로,29,73
202506,CNU,충남대학교,13,경로,44,46
202506,CNU,충남대학교,14,경로,32,27
202506,CNU,충남대학교,15,경로,25,37
202506,CNU,충남대학교,16,경로,44,30
202506,CNU,충남대학교,17,경로,39,11
202506,CNU,충남대학교,18,경로,16,12
202506,CNU,충남대학교,19,경로,10,5
202506,CNU,충남대학교,20,경로,13,8
202506,CNU,충남대학교,21,경로,5,4
202506,CNU,충남대학교,22,경로,2,3
202506,CNU,충남대학교,08,장애인,5,0
202506,CNU,충남대학교,09,장애인,4,1
202506,CNU,충남대학교,11,장애인,0,1
202506,CNU,충남대학교,14,장애인,0,1
202506,CNU,충남대학교,15,장애인,0,1
202506,CNU,충남대학교,16,장애인,0,1
202506,CNU,충남대학교,17,장애인,1,0
202506,CNU,충남대학교,19,장애인,1,0
202506,CNU,충남대학교,21,장애인,0,1
202506,CNU,충남대학교,22,장애인,1,1
202506,CNU,충남대학교,11,국가유공자,1,0
202506,CNU,충남대학교,12,국가유공자,2,0
202506,CNU,충남대학교,13,국가유공자,1,0
202506,CNU,충남대학교,14,국가유공자,1,0
202506,CNU,충남대학교,15,국가유공자,2,0
202506,CNU,충남대학교,16,국가유공자,3,0
202506,CNU,충남대학교,17,국가유공자,1,0
202506,CNU,충남대학교,18,국가유공자,0,1
202506,CNU,충남대학교,19,국가유공자,1,0
202506,CNU,충남대학교,21,국가유공자,0,1
202506,CNU,충남대학교,06,일반인,9,40
202506,CNU,충남대학교,07,일반인,4,99
202506,CNU,충남대학교,08,일반인,12,315
202506,CNU,충남대학교,09,일반인,23,260
202506,CNU,충남대학교,10,일반인,21,210
202506,CNU,충남대학교,11,일반인,19,156
202506,CNU,충남대학교,12,일반인,23,190
202506,CNU,충남대학교,13,일반인,34,243
202506,CNU,충남대학교,14,일반인,21,172
202506,CNU,충남대학교,15,일반인,18,156
202506,CNU,충남대학교,16,일반인,18,121
202506,CNU,충남대학교,17,일반인,34,119
202506,CNU,충남대학교,18,일반인,24,184
202506,CNU,충남대학교,19,일반인,13,89
202506,CNU,충남대학교,20,일반인,14,72
202506,CNU,충남대학교,21,일반인,35,52
202506,CNU,충남대학교,22,일반인,61,65
202506,CNU,충남대학교,23,일반인,5,18
202506,CNU,충남대학교,14,어린이,0,2
202506,CNU,충남대학교,15,어린이,0,1
202506,CNU,충남대학교,16,어린이,0,3
202506,CNU,충남대학교,17,어린이,0,1
202506,CNU,충남대학교,18,어린이,1,1
202506,CNU,충남대학교,19,어린이,0,1
202506,CNU,충남대학교,20,어린이,2,0
202506,CNU,충남대학교,21,어린이,0,3
202506,CNU,충남대학교,22,어린이,0,1
202506,CNU,충남대학교,06,청소년,0,1
202506,CNU,충남대학교,07,청소년,0,2
202506,CNU,충남대학교,08,청소년,0,16
202506,CNU,충남대학교,09,청소년,1,18
202506,CNU,충남대학교,10,청소년,4,23
202506,CNU,충남대학교,11,청소년,1,12
202506,CNU,충남대학교,12,청소년,1,17
202506,CNU,충남대학교,13,청소년,1,13
202506,CNU,충남대학교,14,청소년,3,12
202506,CNU,충남대학교,15,청소년,1,30
202506,CNU,충남대학교,16,청소년,5,21
202506,CNU,충남대학교,17,청소년,7,17
202506,CNU,충남대학교,18,청소년,6,19
202506,CNU,충남대학교,19,청소년,4,6
202506,CNU,충남대학교,20,청소년,0,11
202506,CNU,충남대학교,21,청소년,2,5
202506,CNU,충남대학교,22,청소년,4,4
202506,CNU,충남대학교,06,경로,0,11
202506,CNU,충남대학교,07,경로,4,2
202506,CNU,충남대학교,08,경로,2,4
202506,CNU,충남대학교,09,경로,1,6
202506,CNU,충남대학교,10,경로,0,12
202506,CNU,충남대학교,11,경로,0,11
202506,CNU,충남대학교,12,경로,2,5
202506,CNU,충남대학교,13,경로,2,11
202506,CNU,충남대학교,14,경로,1,6
202506,CNU,충남대학교,15,경로,2,6
202506,CNU,충남대학교,16,경로,0,7
202506,CNU,충남대학교,17,경로,0,7
202506,CNU,충남대학교,18,경로,1,5
202506,CNU,충남대학교,19,경로,1,8
202506,CNU,충남대학교,21,경로,3,1
202506,CNU,충남대학교,22,경로,2,0
202506,CNU,충남대학교,08,국가유공자,0,1
202506,CNU,충남대학교,09,국가유공자,0,1
202506,CNU,충남대학교,05,일반인,7,1
202506,CNU,충남대학교,06,일반인,91,18
202506,CNU,충남대학교,07,일반인,234,78
202506,CNU,충남대학교,08,일반인,315,206
202506,CNU,충남대학교,09,일반인,246,247
202506,CNU,충남대학교,10,일반인,267,106
202506,CNU,충남대학교,11,일반인,321,60
202506,CNU,충남대학교,12,일반인,368,90
202506,CNU,충남대학교,13,일반인,331,134
202506,CNU,충남대학교,14,일반인,440,73
202506,CNU,충남대학교,15,일반인,560,85
202506,CNU,충남대학교,16,일반인,495,100
202506,CNU,충남대학교,17,일반인,581,52
202506,CNU,충남대학교,18,일반인,722,67
202506,CNU,충남대학교,19,일반인,509,40
202506,CNU,충남대학교,20,일반인,361,39
202506,CNU,충남대학교,21,일반인,362,47
202506,CNU,충남대학교,22,일반인,377,27
202506,CNU,충남대학교,07,어린이,1,0
202506,CNU,충남대학교,08,어린이,7,0
202506,CNU,충남대학교,10,어린이,3,0
202506,CNU,충남대학교,11,어린이,1,0
202506,CNU,충남대학교,14,어린이,6,0
202506,CNU,충남대학교,16,어린이,6,0
202506,CNU,충남대학교,18,어린이,2,0
202506,CNU,충남대학교,20,어린이,1,0
202506,CNU,충남대학교,21,어린이,1,0
202506,CNU,충남대학교,22,어린이,3,0
202506,CNU,충남대학교,05,청소년,1,0
202506,CNU,충남대학교,06,청소년,2,0
202506,CNU,충남대학교,07,청소년,17,2
202506,CNU,충남대학교,08,청소년,14,15
202506,CNU,충남대학교,09,청소년,20,11
202506,CNU,충남대학교,10,청소년,16,12
202506,CNU,충남대학교,11,청소년,13,3
202506,CNU,충남대학교,12,청소년,26,13
202506,CNU,충남대학교,13,청소년,28,10
202506,CNU,충남대학교,14,청소년,55,3
202506,CNU,충남대학교,15,청소년,67,4
202506,CNU,충남대학교,16,청소년,63,5
202506,CNU,충남대학교,17,청소년,48,4
202506,CNU,충남대학교,18,청소년,36,2
202506,CNU,충남대학교,19,청소년,38,4
202506,CNU,충남대학교,20,청소년,28,0
202506,CNU,충남대학교,21,청소년,17,3
202506,CNU,충남대학교,22,청소년,37,2
202506,CNU,충남대학교,05,경로,1,0
202506,CNU,충남대학교,06,경로,6,5
202506,CNU,충남대학교,07,경로,29,6
202506,CNU,충남대학교,08,경로,27,5
202506,CNU,충남대학교,09,경로,27,18
202506,CNU,충남대학교,10,경로,43,19
202506,CNU,충남대학교,11,경로,32,15
202506,CNU,충남대학교,12,경로,43,12
202506,CNU,충남대학교,13,경로,51,16
202506,CNU,충남대학교,14,경로,39,11
202506,CNU,충남대학교,15,경로,52,37
202506,CNU,충남대학교,16,경로,56,6
202506,CNU,충남대학교,17,경로,36,4
202506,CNU,충남대학교,18,경로,53,3
202506,CNU,충남대학교,19,경로,25,4
202506,CNU,충남대학교,20,경로,17,4
202506,CNU,충남대학교,21,경로,4,0
202506,CNU,충남대학교,07,장애인,1,0
202506,CNU,충남대학교,09,장애인,1,0
202506,CNU,충남대학교,12,장애인,1,0
202506,CNU,충남대학교,13,장애인,2,0
202506,CNU,충남대학교,15,장애인,2,1
202506,CNU,충남대학교,19,장애인,1,0
202506,CNU,충남대학교,22,장애인,1,0
202506,CNU,충남대학교,07,국가유공자,1,0
202506,CNU,충남대학교,08,국가유공자,8,0
202506,CNU,충남대학교,10,국가유공자,1,0
202506,CNU,충남대학교,13,국가유공자,1,0
202506,CNU,충남대학교,14,국가유공자,1,0
202506,CNU,충남대학교,15,국가유공자,1,0
202506,CNU,충남대학교,17,국가유공자,2,0
202506,CNU,충남대학교,19,국가유공자,1,0
202506,CNU,충남대학교,20,국가유공자,1,0
202506,CNU,충남대학교,21,국가유공자,0,1
202506,CNU,충남대학교,06,일반인,43,99
202506,CNU,충남대학교,07,일반인,130,159
202506,CNU,충남대학교,08,일반인,180,410
202506,CNU,충남대학교,09,일반인,140,396
202506,CNU,충남대학교,10,일반인,108,317
202506,CNU,충남대학교,11,일반인,177,346
202506,CNU,충남대학교,12,일반인,178,406
202506,CNU,충남대학교,13,일반인,224,366
202506,CNU,충남대학교,14,일반인,232,230
202506,CNU,충남대학교,15,일반인,343,366
202506,CNU,충남대학교,16,일반인,304,260
202506,CNU,충남대학교,17,일반인,325,417
202506,CNU,충남대학교,18,일반인,410,364
202506,CNU,충남대학교,19,일반인,220,197
202506,CNU,충남대학교,20,일반인,256,150
202506,CNU,충남대학교,21,일반인,274,179
202506,CNU,충남대학교,22,일반인,320,139
202506,CNU,충남대학교,08,어린이,1,0
202506,CNU,충남대학교,11,어린이,3,3
202506,CNU,충남대학교,12,어린이,0,1
202506,CNU,충남대학교,13,어린이,0,4
202506,CNU,충남대학교,14,어린이,1,1
202506,CNU,충남대학교,15,어린이,0,1
202506,CNU,충남대학교,16,어린이,0,2
202506,CNU,충남대학교,17,어린이,0,12
202506,CNU,충남대학교,19,어린이,4,1
202506,CNU,충남대학교,20,어린이,1,3
202506,CNU,충남대학교,21,어린이,0,4
202506,CNU,충남대학교,22,어린이,2,4
202506,CNU,충남대학교,06,청소년,4,1
202506,CNU,충남대학교,07,청소년,31,6
202506,CNU,충남대학교,08,청소년,2,9
202506,CNU,충남대학교,09,청소년,1,18
202506,CNU,충남대학교,10,청소년,4,13
202506,CNU,충남대학교,11,청소년,5,25
202506,CNU,충남대학교,12,청소년,9,25
202506,CNU,충남대학교,13,청소년,11,16
202506,CNU,충남대학교,14,청소년,9,14
202506,CNU,충남대학교,15,청소년,10,11
202506,CNU,충남대학교,16,청소년,12,81
202506,CNU,충남대학교,17,청소년,20,27
202506,CNU,충남대학교,18,청소년,26,21
202506,CNU,충남대학교,19,청소년,13,9
202506,CNU,충남대학교,20,청소년,19,15
202506,CNU,충남대학교,21,청소년,15,20
202506,CNU,충남대학교,22,청소년,34,30
202506,CNU,충남대학교,06,경로,11,18
202506,CNU,충남대학교,07,경로,14,35
202506,CNU,충남대학교,08,경로,27,22
202506,CNU,충남대학교,09,경로,18,81
202506,CNU,충남대학교,10,경로,26,76
202506,CNU,충남대학교,11,경로,28,82
202506,CNU,충남대학교,12,경로,28,59
202506,CNU,충남대학교,13,경로,32,38
202506,CNU,충남대학교,14,경로,33,58
202506,CNU,충남대학교,15,경로,43,67
202506,CNU,충남대학교,16,경로,53,39
202506,CNU,충남대학교,17,경로,37,27
202506,CNU,충남대학교,18,경로,13,16
202506,CNU,충남대학교,19,경로,39,24
202506,CNU,충남대학교,20,경로,17,14
202506,CNU,충남대학교,21,경로,2,5
202506,CNU,충남대학교,22,경로,1,4
202506,CNU,충남대학교,08,장애인,1,3
202506,CNU,충남대학교,09,장애인,1,0
202506,CNU,충남대학교,11,장애인,0,4
202506,CNU,충남대학교,12,장애인,0,1
202506,CNU,충남대학교,13,장애인,0,1
202506,CNU,충남대학교,14,장애인,0,1
202506,CNU,충남대학교,15,장애인,0,1
202506,CNU,충남대학교,16,장애인,0,2
202506,CNU,충남대학교,22,장애인,1,0
202506,CNU,충남대학교,09,국가유공자,1,0
202506,CNU,충남대학교,10,국가유공자,2,0
202506,CNU,충남대학교,11,국가유공자,0,1
202506,CNU,충남대학교,15,국가유공자,1,1
202506,CNU,충남대학교,16,국가유공자,0,1
202506,CNU,충남대학교,17,국가유공자,0,1
202506,CNU,충남대학교,18,국가유공자,1,0
202506,CNU,충남대학교,19,국가유공자,0,1
202506,CNU,충남대학교,21,국가유공자,0,1
202506,CNU,충남대학교,06,일반인,127,31
202506,CNU,충남대학교,07,일반인,116,111
202506,CNU,충남대학교,08,일반인,138,252
202506,CNU,충남대학교,09,일반인,190,280
202506,CNU,충남대학교,10,일반인,140,244
202506,CNU,충남대학교,11,일반인,117,164
202506,CNU,충남대학교,12,일반인,134,204
202506,CNU,충남대학교,13,일반인,173,209
202506,CNU,충남대학교,14,일반인,214,167
202506,CNU,충남대학교,15,일반인,177,108
202506,CNU,충남대학교,16,일반인,272,97
202506,CNU,충남대학교,17,일반인,279,104
202506,CNU,충남대학교,18,일반인,329,158
202506,CNU,충남대학교,19,일반인,163,67
202506,CNU,충남대학교,20,일반인,186,56
202506,CNU,충남대학교,21,일반인,225,62
202506,CNU,충남대학교,22,일반인,191,54
202506,CNU,충남대학교,23,일반인,88,16
202506,CNU,충남대학교,11,어린이,1,0
202506,CNU,충남대학교,12,어린이,1,0
202506,CNU,충남대학교,13,어린이,1,1
202506,CNU,충남대학교,15,어린이,0,3
202506,CNU,충남대학교,16,어린이,5,1
202506,CNU,충남대학교,17,어린이,1,0
202506,CNU,충남대학교,18,어린이,0,1
202506,CNU,충남대학교,20,어린이,1,1
202506,CNU,충남대학교,21,어린이,2,1
202506,CNU,충남대학교,06,청소년,1,1
202506,CNU,충남대학교,07,청소년,2,2
202506,CNU,충남대학교,08,청소년,9,10
202506,CNU,충남대학교,09,청소년,1,13
202506,CNU,충남대학교,10,청소년,14,11
202506,CNU,충남대학교,11,청소년,8,8
202506,CNU,충남대학교,12,청소년,8,15
202506,CNU,충남대학교,13,청소년,7,10
202506,CNU,충남대학교,14,청소년,16,11
202506,CNU,충남대학교,15,청소년,9,15
202506,CNU,충남대학교,16,청소년,48,10
202506,CNU,충남대학교,17,청소년,18,10
202506,CNU,충남대학교,18,청소년,14,15
202506,CNU,충남대학교,19,청소년,13,3
202506,CNU,충남대학교,20,청소년,9,8
202506,CNU,충남대학교,21,청소년,21,8
202506,CNU,충남대학교,22,청소년,12,3
202506,CNU,충남대학교,23,청소년,5,2
202506,CNU,충남대학교,06,경로,31,5
202506,CNU,충남대학교,07,경로,38,31
202506,CNU,충남대학교,08,경로,36,9
202506,CNU,충남대학교,09,경로,47,21
202506,CNU,충남대학교,10,경로,43,20
202506,CNU,충남대학교,11,경로,27,23
202506,CNU,충남대학교,12,경로,36,11
202506,CNU,충남대학교,13,경로,39,31
202506,CNU,충남대학교,14,경로,33,20
202506,CNU,충남대학교,15,경로,32,16
202506,CNU,충남대학교,16,경로,25,21
202506,CNU,충남대학교,17,경로,14,16
202506,CNU,충남대학교,18,경로,16,12
202506,CNU,충남대학교,19,경로,9,9
202506,CNU,충남대학교,20,경로,3,4
202506,CNU,충남대학교,21,경로,5,11
202506,CNU,충남대학교,22,경로,7,2
202506,CNU,충남대학교,23,경로,1,0
202506,CNU,충남대학교,08,장애인,1,0
202506,CNU,충남대학교,10,장애인,2,0
202506,CNU,충남대학교,12,장애인,1,0
202506,CNU,충남대학교,13,장애인,1,0
202506,CNU,충남대학교,14,장애인,1,0
202506,CNU,충남대학교,20,장애인,2,0
202506,CNU,충남대학교,21,장애인,7,0
202506,CNU,충남대학교,22,장애인,6,0
202506,CNU,충남대학교,23,장애인,4,0
202506,CNU,충남대학교,11,국가유공자,1,0
202506,CNU,충남대학교,14,국가유공자,1,0
202506,CNU,충남대학교,15,국가유공자,2,0
202506,CNU,충남대학교,21,국가유공자,0,1
202506,CNU,충남대학교,22,국가유공자,0,1
202506,CNU,충남대학교,06,일반인,17,34
202506,CNU,충남대학교,07,일반인,22,107
202506,CNU,충남대학교,08,일반인,17,191
202506,CNU,충남대학교,09,일반인,29,266
202506,CNU,충남대학교,10,일반인,26,102
202506,CNU,충남대학교,11,일반인,36,176
202506,CNU,충남대학교,12,일반인,46,296
202506,CNU,충남대학교,13,일반인,40,211
202506,CNU,충남대학교,14,일반인,39,254
202506,CNU,충남대학교,15,일반인,73,332
202506,CNU,충남대학교,16,일반인,57,247
202506,CNU,충남대학교,17,일반인,59,422
202506,CNU,충남대학교,18,일반인,70,466
202506,CNU,충남대학교,19,일반인,26,471
202506,CNU,충남대학교,20,일반인,36,288
202506,CNU,충남대학교,21,일반인,35,360
202506,CNU,충남대학교,22,일반인,36,208
202506,CNU,충남대학교,23,일반인,5,33
202506,CNU,충남대학교,10,어린이,0,1
202506,CNU,충남대학교,11,어린이,1,0
202506,CNU,충남대학교,12,어린이,1,0
202506,CNU,충남대학교,13,어린이,0,2
202506,CNU,충남대학교,14,어린이,1,3
202506,CNU,충남대학교,15,어린이,0,1
202506,CNU,충남대학교,16,어린이,2,0
202506,CNU,충남대학교,18,어린이,0,6
202506,CNU,충남대학교,19,어린이,1,2
202506,CNU,충남대학교,20,어린이,0,5
202506,CNU,충남대학교,06,청소년,0,1
202506,CNU,충남대학교,07,청소년,0,3
202506,CNU,충남대학교,08,청소년,1,16
202506,CNU,충남대학교,09,청소년,0,23
202506,CNU,충남대학교,10,청소년,0,10
202506,CNU,충남대학교,11,청소년,3,9
202506,CNU,충남대학교,12,청소년,2,30
202506,CNU,충남대학교,13,청소년,2,21
202506,CNU,충남대학교,14,청소년,2,6
202506,CNU,충남대학교,15,청소년,5,46
202506,CNU,충남대학교,16,청소년,1,34
202506,CNU,충남대학교,17,청소년,3,26
202506,CNU,충남대학교,18,청소년,4,9
202506,CNU,충남대학교,19,청소년,6,12
202506,CNU,충남대학교,20,청소년,1,9
202506,CNU,충남대학교,21,청소년,3,29
202506,CNU,충남대학교,22,청소년,1,13
202506,CNU,충남대학교,23,청소년,0,2
202506,CNU,충남대학교,06,경로,2,40
202506,CNU,충남대학교,07,경로,1,18
202506,CNU,충남대학교,08,경로,3,5
202506,CNU,충남대학교,09,경로,5,31
202506,CNU,충남대학교,10,경로,4,19
202506,CNU,충남대학교,11,경로,5,29
202506,CNU,충남대학교,12,경로,10,29
202506,CNU,충남대학교,13,경로,3,46
202506,CNU,충남대학교,14,경로,4,41
202506,CNU,충남대학교,15,경로,10,28
202506,CNU,충남대학교,16,경로,7,34
202506,CNU,충남대학교,17,경로,2,32
202506,CNU,충남대학교,18,경로,3,9
202506,CNU,충남대학교,19,경로,0,6
202506,CNU,충남대학교,20,경로,3,17
202506,CNU,충남대학교,21,경로,2,2
202506,CNU,충남대학교,08,장애인,1,0
202506,CNU,충남대학교,11,장애인,0,1
202506,CNU,충남대학교,22,장애인,0,1
202506,CNU,충남대학교,14,국가유공자,0,1
202506,CNU,충남대학교,16,국가유공자,0,14
202506,CNU,충남대학교,18,국가유공자,0,1
202506,CNU,충남대학교,19,국가유공자,0,1
202506,CNU,충남대학교,20,국가유공자,0,1
202506,CNU,충남대학교,21,국가유공자,0,2
202506,CNU,충남대학교,05,일반인,25,0
202506,CNU,충남대학교,06,일반인,40,3
202506,CNU,충남대학교,07,일반인,111,1
202506,CNU,충남대학교,08,일반인,186,29
202506,CNU,충남대학교,09,일반인,105,37
202506,CNU,충남대학교,10,일반인,90,24
202506,CNU,충남대학교,11,일반인,149,29
202506,CNU,충남대학교,12,일반인,156,32
202506,CNU,충남대학교,13,일반인,157,21
202506,CNU,충남대학교,14,일반인,116,9
202506,CNU,충남대학교,15,일반인,191,24
202506,CNU,충남대학교,16,일반인,146,18
202506,CNU,충남대학교,17,일반인,200,23
202506,CNU,충남대학교,18,일반인,204,37
202506,CNU,충남대학교,19,일반인,143,18
202506,CNU,충남대학교,20,일반인,130,20
202506,CNU,충남대학교,21,일반인,102,11
202506,CNU,충남대학교,22,일반인,134,7
202506,CNU,충남대학교,23,일반인,108,6
202506,CNU,충남대학교,15,어린이,1,0
202506,CNU,충남대학교,16,어린이,5,0
202506,CNU,충남대학교,17,어린이,5,0
202506,CNU,충남대학교,20,어린이,1,0
202506,CNU,충남대학교,06,청소년,18,0
202506,CNU,충남대학교,08,청소년,1,0
202506,CNU,충남대학교,09,청소년,3,0
202506,CNU,충남대학교,10,청소년,15,0
202506,CNU,충남대학교,11,청소년,10,0
202506,CNU,충남대학교,12,청소년,14,2
202506,CNU,충남대학교,13,청소년,7,1
202506,CNU,충남대학교,14,청소년,10,0
202506,CNU,충남대학교,15,청소년,17,4
202506,CNU,충남대학교,16,청소년,19,2
202506,CNU,충남대학교,17,청소년,11,3
202506,CNU,충남대학교,18,청소년,21,0
202506,CNU,충남대학교,19,청소년,6,0
202506,CNU,충남대학교,20,청소년,8,1
202506,CNU,충남대학교,21,청소년,4,2
202506,CNU,충남대학교,22,청소년,8,0
202506,CNU,충남대학교,23,청소년,3,0
202506,CNU,충남대학교,06,경로,2,0
202506,CNU,충남대학교,07,경로,1,0
202506,CNU,충남대학교,08,경로,5,2
202506,CNU,충남대학교,09,경로,5,1
202506,CNU,충남대학교,10,경로,3,1
202506,CNU,충남대학교,11,경로,8,8
202506,CNU,충남대학교,12,경로,10,1
202506,CNU,충남대학교,13,경로,1,2
202506,CNU,충남대학교,14,경로,1,2
202506,CNU,충남대학교,15,경로,3,3
202506,CNU,충남대학교,16,경로,5,4
202506,CNU,충남대학교,17,경로,2,0
202506,CNU,충남대학교,18,경로,3,4
202506,CNU,충남대학교,19,경로,4,2
202506,CNU,충남대학교,20,경로,5,0
202506,CNU,충남대학교,21,경로,0,1
202506,CNU,충남대학교,14,장애인,0,1
202506,CNU,충남대학교,05,국가유공자,15,0
202506,CNU,충남대학교,05,일반인,24,3
202506,CNU,충남대학교,06,일반인,267,33
202506,CNU,충남대학교,07,일반인,275,64
202506,CNU,충남대학교,08,일반인,646,136
202506,CNU,충남대학교,09,일반인,557,133
202506,CNU,충남대학교,10,일반인,379,115
202506,CNU,충남대학교,11,일반인,356,122
202506,CNU,충남대학교,12,일반인,452,155
202506,CNU,충남대학교,13,일반인,405,159
202506,CNU,충남대학교,14,일반인,378,118
202506,CNU,충남대학교,15,일반인,444,134
202506,CNU,충남대학교,16,일반인,458,97
202506,CNU,충남대학교,17,일반인,504,115
202506,CNU,충남대학교,18,일반인,474,135
202506,CNU,충남대학교,19,일반인,327,76
202506,CNU,충남대학교,20,일반인,403,57
202506,CNU,충남대학교,21,일반인,376,58
202506,CNU,충남대학교,22,일반인,530,56
202506,CNU,충남대학교,23,일반인,38,3
202506,CNU,충남대학교,08,어린이,1,3
202506,CNU,충남대학교,12,어린이,3,0
202506,CNU,충남대학교,13,어린이,2,0
202506,CNU,충남대학교,14,어린이,4,0
202506,CNU,충남대학교,15,어린이,4,0
202506,CNU,충남대학교,16,어린이,5,1
202506,CNU,충남대학교,17,어린이,6,0
202506,CNU,충남대학교,18,어린이,3,0
202506,CNU,충남대학교,05,청소년,3,1
202506,CNU,충남대학교,06,청소년,1,0
202506,CNU,충남대학교,07,청소년,24,7
202506,CNU,충남대학교,08,청소년,20,3
202506,CNU,충남대학교,09,청소년,31,6
202506,CNU,충남대학교,10,청소년,21,2
202506,CNU,충남대학교,11,청소년,12,8
202506,CNU,충남대학교,12,청소년,26,6
202506,CNU,충남대학교,13,청소년,29,6
202506,CNU,충남대학교,14,청소년,26,8
202506,CNU,충남대학교,15,청소년,29,9
202506,CNU,충남대학교,16,청소년,53,16
202506,CNU,충남대학교,17,청소년,53,14
202506,CNU,충남대학교,18,청소년,37,8
202506,CNU,충남대학교,19,청소년,44,3
202506,CNU,충남대학교,20,청소년,21,3
202506,CNU,충남대학교,21,청소년,41,4
202506,CNU,충남대학교,22,청소년,53,5
202506,CNU,충남대학교,23,청소년,5,1
202506,CNU,충남대학교,05,경로,1,0
202506,CNU,충남대학교,06,경로,58,4
202506,CNU,충남대학교,07,경로,11,4
202506,CNU,충남대학교,08,경로,24,7
202506,CNU,충남대학교,09,경로,42,14
202506,CNU,충남대학교,10,경로,27,15
202506,CNU,충남대학교,11,경로,35,14
202506,CNU,충남대학교,12,경로,29,14
202506,CNU,충남대학교,13,경로,35,20
202506,CNU,충남대학교,14,경로,38,7
202506,CNU,충남대학교,15,경로,34,17
202506,CNU,충남대학교,16,경로,24,12
202506,CNU,충남대학교,17,경로,24,9
202506,CNU,충남대학교,18,경로,19,13
202506,CNU,충남대학교,19,경로,14,13
202506,CNU,충남대학교,20,경로,11,6
202506,CNU,충남대학교,21,경로,3,4
202506,CNU,충남대학교,22,경로,1,2
202506,CNU,충남대학교,05,장애인,0,3
202506,CNU,충남대학교,06,장애인,1,3
202506,CNU,충남대학교,07,장애인,1,0
202506,CNU,충남대학교,08,장애인,1,0
202506,CNU,충남대학교,09,장애인,4,0
202506,CNU,충남대학교,10,장애인,0,1
202506,CNU,충남대학교,12,장애인,0,1
202506,CNU,충남대학교,13,장애인,0,1
202506,CNU,충남대학교,14,장애인,1,0
202506,CNU,충남대학교,17,장애인,0,1
202506,CNU,충남대학교,06,국가유공자,1,0
202506,CNU,충남대학교,07,국가유공자,2,0
202506,CNU,충남대학교,08,국가유공자,1,2
202506,CNU,충남대학교,09,국가유공자,0,1
202506,CNU,충남대학교,10,국가유공자,1,0
202506,CNU,충남대학교,11,국가유공자,4,0
202506,CNU,충남대학교,12,국가유공자,0,1
202506,CNU,충남대학교,13,국가유공자,2,0
202506,CNU,충남대학교,20,국가유공자,0,1
202506,CNU,충남대학교,21,국가유공자,0,1
202506,CNU,충남대학교,05,일반인,19,0
202506,CNU,충남대학교,06,일반인,112,191
202506,CNU,충남대학교,07,일반인,293,386
202506,CNU,충남대학교,08,일반인,410,639
202506,CNU,충남대학교,09,일반인,316,639
202506,CNU,충남대학교,10,일반인,211,480
202506,CNU,충남대학교,11,일반인,239,572
202506,CNU,충남대학교,12,일반인,258,698
202506,CNU,충남대학교,13,일반인,292,823
202506,CNU,충남대학교,14,일반인,320,680
202506,CNU,충남대학교,15,일반인,355,763
202506,CNU,충남대학교,16,일반인,409,986
202506,CNU,충남대학교,17,일반인,422,1076
202506,CNU,충남대학교,18,일반인,429,1291
202506,CNU,충남대학교,19,일반인,291,923
202506,CNU,충남대학교,20,일반인,275,582
202506,CNU,충남대학교,21,일반인,310,697
202506,CNU,충남대학교,22,일반인,217,646
202506,CNU,충남대학교,23,일반인,143,146
202506,CNU,충남대학교,07,어린이,0,15
202506,CNU,충남대학교,10,어린이,0,3
202506,CNU,충남대학교,11,어린이,0,6
202506,CNU,충남대학교,12,어린이,0,5
202506,CNU,충남대학교,13,어린이,0,4
202506,CNU,충남대학교,14,어린이,0,1
202506,CNU,충남대학교,15,어린이,0,13
202506,CNU,충남대학교,16,어린이,0,8
202506,CNU,충남대학교,17,어린이,2,5
202506,CNU,충남대학교,20,어린이,0,2
202506,CNU,충남대학교,21,어린이,1,1
202506,CNU,충남대학교,22,어린이,1,0
202506,CNU,충남대학교,06,청소년,3,4
202506,CNU,충남대학교,07,청소년,14,15
202506,CNU,충남대학교,08,청소년,7,31
202506,CNU,충남대학교,09,청소년,1,37
202506,CNU,충남대학교,10,청소년,7,28
202506,CNU,충남대학교,11,청소년,0,20
202506,CNU,충남대학교,12,청소년,11,61
202506,CNU,충남대학교,13,청소년,18,64
202506,CNU,충남대학교,14,청소년,14,45
202506,CNU,충남대학교,15,청소년,19,62
202506,CNU,충남대학교,16,청소년,36,83
202506,CNU,충남대학교,17,청소년,26,85
202506,CNU,충남대학교,18,청소년,22,37
202506,CNU,충남대학교,19,청소년,14,26
202506,CNU,충남대학교,20,청소년,13,31
202506,CNU,충남대학교,21,청소년,13,51
202506,CNU,충남대학교,22,청소년,23,31
202506,CNU,충남대학교,23,청소년,11,7
202506,CNU,충남대학교,05,경로,15,0
202506,CNU,충남대학교,06,경로,80,12
202506,CNU,충남대학교,07,경로,33,30
202506,CNU,충남대학교,08,경로,30,75
202506,CNU,충남대학교,09,경로,42,73
202506,CNU,충남대학교,10,경로,42,127
202506,CNU,충남대학교,11,경로,38,110
202506,CNU,충남대학교,12,경로,52,110
202506,CNU,충남대학교,13,경로,51,99
202506,CNU,충남대학교,14,경로,45,110
202506,CNU,충남대학교,15,경로,46,112
202506,CNU,충남대학교,16,경로,49,138
202506,CNU,충남대학교,17,경로,26,74
202506,CNU,충남대학교,18,경로,10,44
202506,CNU,충남대학교,19,경로,8,39
202506,CNU,충남대학교,20,경로,14,24
202506,CNU,충남대학교,21,경로,6,21
202506,CNU,충남대학교,22,경로,1,7
202506,CNU,충남대학교,23,경로,2,0
202506,CNU,충남대학교,07,장애인,0,2
202506,CNU,충남대학교,08,장애인,0,2
202506,CNU,충남대학교,09,장애인,3,2
202506,CNU,충남대학교,10,장애인,0,1
202506,CNU,충남대학교,11,장애인,0,1
202506,CNU,충남대학교,12,장애인,1,3
202506,CNU,충남대학교,15,장애인,1,1
202506,CNU,충남대학교,17,장애인,0,1
202506,CNU,충남대학교,10,국가유공자,0,4
202506,CNU,충남대학교,11,국가유공자,0,5
202506,CNU,충남대학교,12,국가유공자,2,7
202506,CNU,충남대학교,13,국가유공자,0,3
202506,CNU,충남대학교,14,국가유공자,0,2
202506,CNU,충남대학교,15,국가유공자,0,7
202506,CNU,충남대학교,16,국가유공자,1,8
202506,CNU,충남대학교,17,국가유공자,0,2
202506,CNU,충남대학교,21,국가유공자,7,0
202506,CNU,충남대학교,22,국가유공자,1,0
202506,CNU,충남대학교,06,일반인,72,89
202506,CNU,충남대학교,07,일반인,154,115
202506,CNU,충남대학교,08,일반인,289,143
202506,CNU,충남대학교,09,일반인,689,172
202506,CNU,충남대학교,10,일반인,226,141
202506,CNU,충남대학교,11,일반인,247,144
202506,CNU,충남대학교,12,일반인,257,154
202506,CNU,충남대학교,13,일반인,468,158
202506,CNU,충남대학교,14,일반인,238,152
202506,CNU,충남대학교,15,일반인,297,226
202506,CNU,충남대학교,16,일반인,320,215
202506,CNU,충남대학교,17,일반인,386,242
202506,CNU,충남대학교,18,일반인,331,255
202506,CNU,충남대학교,19,일반인,226,150
202506,CNU,충남대학교,20,일반인,173,151
202506,CNU,충남대학교,21,일반인,206,168
202506,CNU,충남대학교,22,일반인,358,179
202506,CNU,충남대학교,23,일반인,69,37
202506,CNU,충남대학교,10,어린이,1,1
202506,CNU,충남대학교,11,어린이,1,0
202506,CNU,충남대학교,14,어린이,0,1
202506,CNU,충남대학교,16,어린이,0,1
202506,CNU,충남대학교,17,어린이,5,1
202506,CNU,충남대학교,18,어린이,0,2
202506,CNU,충남대학교,19,어린이,1,1
202506,CNU,충남대학교,21,어린이,1,0
202506,CNU,충남대학교,06,청소년,2,0
202506,CNU,충남대학교,07,청소년,7,2
202506,CNU,충남대학교,08,청소년,34,2
202506,CNU,충남대학교,09,청소년,56,8
202506,CNU,충남대학교,10,청소년,25,3
202506,CNU,충남대학교,11,청소년,29,3
202506,CNU,충남대학교,12,청소년,32,10
202506,CNU,충남대학교,13,청소년,52,6
202506,CNU,충남대학교,14,청소년,28,6
202506,CNU,충남대학교,15,청소년,25,7
202506,CNU,충남대학교,16,청소년,47,18
202506,CNU,충남대학교,17,청소년,39,24
202506,CNU,충남대학교,18,청소년,32,20
202506,CNU,충남대학교,19,청소년,20,14
202506,CNU,충남대학교,20,청소년,12,15
202506,CNU,충남대학교,21,청소년,16,19
202506,CNU,충남대학교,22,청소년,33,31
202506,CNU,충남대학교,23,청소년,3,7
202506,CNU,충남대학교,06,경로,18,34
202506,CNU,충남대학교,07,경로,28,20
202506,CNU,충남대학교,08,경로,3,9
202506,CNU,충남대학교,09,경로,19,27
202506,CNU,충남대학교,10,경로,15,32
202506,CNU,충남대학교,11,경로,13,44
202506,CNU,충남대학교,12,경로,17,43
202506,CNU,충남대학교,13,경로,33,29
202506,CNU,충남대학교,14,경로,22,28
202506,CNU,충남대학교,15,경로,21,31
202506,CNU,충남대학교,16,경로,23,35
202506,CNU,충남대학교,17,경로,19,24
202506,CNU,충남대학교,18,경로,6,18
202506,CNU,충남대학교,19,경로,19,16
202506,CNU,충남대학교,20,경로,7,10
202506,CNU,충남대학교,21,경로,4,4
202506,CNU,충남대학교,22,경로,1,6
202506,CNU,충남대학교,07,장애인,1,0
202506,CNU,충남대학교,08,장애인,1,1
202506,CNU,충남대학교,10,장애인,0,1
202506,CNU,충남대학교,17,장애인,0,1
202506,CNU,충남대학교,07,국가유공자,0,1
202506,CNU,충남대학교,08,국가유공자,0,2
202506,CNU,충남대학교,09,국가유공자,0,1
202506,CNU,충남대학교,10,국가유공자,1,1
202506,CNU,충남대학교,12,국가유공자,0,1
202506,CNU,충남대학교,13,국가유공자,0,1
202506,CNU,충남대학교,14,국가유공자,1,0
202506,CNU,충남대학교,16,국가유공자,0,1
202506,CNU,충남대학교,17,국가유공자,1,0
202506,CNU,충남대학교,18,국가유공자,1,0
202506,CNU,충남대학교,23,국가유공자,1,0
202506,CNU,충남대학교,05,일반인,24,0
202506,CNU,충남대학교,06,일반인,18,41
202506,CNU,충남대학교,07,일반인,124,71
202506,CNU,충남대학교,08,일반인,151,243
202506,CNU,충남대학교,09,일반인,147,200
202506,CNU,충남대학교,10,일반인,216,123
202506,CNU,충남대학교,11,일반인,225,147
202506,CNU,충남대학교,12,일반인,197,124
202506,CNU,충남대학교,13,일반인,233,150
202506,CNU,충남대학교,14,일반인,218,120
202506,CNU,충남대학교,15,일반인,262,163
202506,CNU,충남대학교,16,일반인,292,134
202506,CNU,충남대학교,17,일반인,354,199
202506,CNU,충남대학교,18,일반인,429,186
202506,CNU,충남대학교,19,일반인,185,100
202506,CNU,충남대학교,20,일반인,184,75
202506,CNU,충남대학교,21,일반인,178,45
202506,CNU,충남대학교,22,일반인,160,46
202506,CNU,충남대학교,10,어린이,1,0
202506,CNU,충남대학교,13,어린이,0,1
202506,CNU,충남대학교,14,어린이,1,1
202506,CNU,충남대학교,15,어린이,2,2
202506,CNU,충남대학교,16,어린이,5,1
202506,CNU,충남대학교,17,어린이,1,1
202506,CNU,충남대학교,18,어린이,1,0
202506,CNU,충남대학교,05,청소년,1,0
202506,CNU,충남대학교,06,청소년,5,2
202506,CNU,충남대학교,07,청소년,15,1
202506,CNU,충남대학교,08,청소년,7,6
202506,CNU,충남대학교,09,청소년,4,12
202506,CNU,충남대학교,10,청소년,9,10
202506,CNU,충남대학교,11,청소년,11,7
202506,CNU,충남대학교,12,청소년,7,11
202506,CNU,충남대학교,13,청소년,21,14
202506,CNU,충남대학교,14,청소년,25,10
202506,CNU,충남대학교,15,청소년,17,21
202506,CNU,충남대학교,16,청소년,16,23
202506,CNU,충남대학교,17,청소년,30,35
202506,CNU,충남대학교,18,청소년,20,16
202506,CNU,충남대학교,19,청소년,17,16
202506,CNU,충남대학교,20,청소년,6,13
202506,CNU,충남대학교,21,청소년,13,13
202506,CNU,충남대학교,22,청소년,4,11
202506,CNU,충남대학교,06,경로,8,10
202506,CNU,충남대학교,07,경로,4,0
202506,CNU,충남대학교,08,경로,9,0
202506,CNU,충남대학교,09,경로,19,6
202506,CNU,충남대학교,10,경로,31,3
202506,CNU,충남대학교,11,경로,20,4
202506,CNU,충남대학교,12,경로,18,7
202506,CNU,충남대학교,13,경로,28,8
202506,CNU,충남대학교,14,경로,25,2
202506,CNU,충남대학교,15,경로,12,4
202506,CNU,충남대학교,16,경로,11,10
202506,CNU,충남대학교,17,경로,15,9
202506,CNU,충남대학교,18,경로,10,4
202506,CNU,충남대학교,19,경로,15,4
202506,CNU,충남대학교,20,경로,7,2
202506,CNU,충남대학교,21,경로,3,0
202506,CNU,충남대학교,13,장애인,0,1
202506,CNU,충남대학교,16,장애인,0,1
202506,CNU,충남대학교,17,장애인,2,0
202506,CNU,충남대학교,18,장애인,1,0
202506,CNU,충남대학교,09,국가유공자,0,1
202506,CNU,충남대학교,10,국가유공자,1,0
202506,CNU,충남대학교,11,국가유공자,7,0
202506,CNU,충남대학교,13,국가유공자,0,1
202506,CNU,충남대학교,14,국가유공자,2,0
202506,CNU,충남대학교,15,국가유공자,1,0
202506,CNU,충남대학교,20,국가유공자,1,0
202506,CNU,충남대학교,05,일반인,1,0
202506,CNU,충남대학교,06,일반인,5,15
202506,CNU,충남대학교,07,일반인,2,34
202506,CNU,충남대학교,08,일반인,23,111
202506,CNU,충남대학교,09,일반인,16,201
202506,CNU,충남대학교,10,일반인,10,31
202506,CNU,충남대학교,11,일반인,11,35
202506,CNU,충남대학교,12,일반인,11,21
202506,CNU,충남대학교,13,일반인,31,134
202506,CNU,충남대학교,14,일반인,23,39
202506,CNU,충남대학교,15,일반인,26,49
202506,CNU,충남대학교,16,일반인,18,76
202506,CNU,충남대학교,17,일반인,60,65
202506,CNU,충남대학교,18,일반인,37,20
202506,CNU,충남대학교,19,일반인,17,11
202506,CNU,충남대학교,20,일반인,22,22
202506,CNU,충남대학교,21,일반인,13,10
202506,CNU,충남대학교,22,일반인,15,7
202506,CNU,충남대학교,09,어린이,0,2
202506,CNU,충남대학교,07,청소년,0,1
202506,CNU,충남대학교,08,청소년,1,3
202506,CNU,충남대학교,09,청소년,0,9
202506,CNU,충남대학교,10,청소년,0,1
202506,CNU,충남대학교,11,청소년,1,1
202506,CNU,충남대학교,12,청소년,2,8
202506,CNU,충남대학교,13,청소년,1,10
202506,CNU,충남대학교,14,청소년,0,1
202506,CNU,충남대학교,15,청소년,1,4
202506,CNU,충남대학교,16,청소년,1,7
202506,CNU,충남대학교,17,청소년,2,0
202506,CNU,충남대학교,18,청소년,0,2
202506,CNU,충남대학교,19,청소년,0,1
202506,CNU,충남대학교,20,청소년,3,2
202506,CNU,충남대학교,21,청소년,1,0
202506,CNU,충남대학교,22,청소년,1,0
202506,CNU,충남대학교,06,경로,4,2
202506,CNU,충남대학교,07,경로,0,5
202506,CNU,충남대학교,08,경로,1,4
202506,CNU,충남대학교,09,경로,2,9
202506,CNU,충남대학교,10,경로,0,3
202506,CNU,충남대학교,11,경로,3,9
202506,CNU,충남대학교,12,경로,1,6
202506,CNU,충남대학교,13,경로,8,9
202506,CNU,충남대학교,14,경로,5,1
202506,CNU,충남대학교,15,경로,1,8
202506,CNU,충남대학교,16,경로,6,4
202506,CNU,충남대학교,17,경로,4,3
202506,CNU,충남대학교,18,경로,2,2
202506,CNU,충남대학교,19,경로,0,1
202506,CNU,충남대학교,20,경로,0,1
202506,CNU,충남대학교,17,장애인,1,0
202506,CNU,충남대학교,13,국가유공자,1,0
202506,CNU,충남대학교,16,국가유공자,1,0
202506,CNU,충남대학교,21,국가유공자,0,2
202506,CNU,충남대학교,06,일반인,3,5
202506,CNU,충남대학교,07,일반인,0,6
202506,CNU,충남대학교,08,일반인,10,26
202506,CNU,충남대학교,09,일반인,8,20
202506,CNU,충남대학교,10,일반인,4,19
202506,CNU,충남대학교,11,일반인,6,13
202506,CNU,충남대학교,12,일반인,6,27
202506,CNU,충남대학교,13,일반인,10,19
202506,CNU,충남대학교,14,일반인,10,22
202506,CNU,충남대학교,15,일반인,10,17
202506,CNU,충남대학교,16,일반인,4,29
202506,CNU,충남대학교,17,일반인,9,35
202506,CNU,충남대학교,18,일반인,10,23
202506,CNU,충남대학교,19,일반인,10,34
202506,CNU,충남대학교,20,일반인,13,23
202506,CNU,충남대학교,21,일반인,6,11
202506,CNU,충남대학교,22,일반인,23,20
202506,CNU,충남대학교,23,일반인,2,5
202506,CNU,충남대학교,10,어린이,0,6
202506,CNU,충남대학교,17,어린이,0,1
202506,CNU,충남대학교,08,청소년,1,1
202506,CNU,충남대학교,09,청소년,0,1
202506,CNU,충남대학교,10,청소년,1,0
202506,CNU,충남대학교,12,청소년,1,0
202506,CNU,충남대학교,13,청소년,0,1
202506,CNU,충남대학교,14,청소년,0,2
202506,CNU,충남대학교,15,청소년,1,1
202506,CNU,충남대학교,16,청소년,3,0
202506,CNU,충남대학교,17,청소년,5,5
202506,CNU,충남대학교,18,청소년,1,0
202506,CNU,충남대학교,19,청소년,0,2
202506,CNU,충남대학교,22,청소년,0,1
202506,CNU,충남대학교,08,경로,0,1
202506,CNU,충남대학교,09,경로,1,0
202506,CNU,충남대학교,10,경로,1,3
202506,CNU,충남대학교,11,경로,1,2
202506,CNU,충남대학교,12,경로,0,1
202506,CNU,충남대학교,13,경로,1,0
202506,CNU,충남대학교,14,경로,5,1
202506,CNU,충남대학교,15,경로,0,3
202506,CNU,충남대학교,16,경로,0,1
202506,CNU,충남대학교,17,경로,0,2
202506,CNU,충남대학교,18,경로,0,2
202506,CNU,충남대학교,19,경로,1,1
202506,CNU,충남대학교,20,경로,0,1
202506,CNU,충남대학교,13,장애인,0,1
202506,CNU,충남대학교,05,일반인,2,0
202506,CNU,충남대학교,06,일반인,17,6
202506,CNU,충남대학교,07,일반인,64,19
202506,CNU,충남대학교,08,일반인,58,59
202506,CNU,충남대학교,09,일반인,47,101
202506,CNU,충남대학교,10,일반인,43,77
202506,CNU,충남대학교,11,일반인,70,24
202506,CNU,충남대학교,12,일반인,69,29
202506,CNU,충남대학교,13,일반인,39,101
202506,CNU,충남대학교,14,일반인,49,59
202506,CNU,충남대학교,15,일반인,60,40
202506,CNU,충남대학교,16,일반인,76,72
202506,CNU,충남대학교,17,일반인,69,38
202506,CNU,충남대학교,18,일반인,98,36
202506,CNU,충남대학교,19,일반인,71,20
202506,CNU,충남대학교,20,일반인,47,27
202506,CNU,충남대학교,21,일반인,57,17
202506,CNU,충남대학교,22,일반인,38,8
202506,CNU,충남대학교,10,어린이,1,0
202506,CNU,충남대학교,14,어린이,3,0
202506,CNU,충남대학교,15,어린이,1,1
202506,CNU,충남대학교,16,어린이,0,2
202506,CNU,충남대학교,17,어린이,3,0
202506,CNU,충남대학교,20,어린이,0,1
202506,CNU,충남대학교,07,청소년,0,5
202506,CNU,충남대학교,08,청소년,0,3
202506,CNU,충남대학교,09,청소년,0,6
202506,CNU,충남대학교,10,청소년,1,4
202506,CNU,충남대학교,11,청소년,0,3
202506,CNU,충남대학교,12,청소년,3,9
202506,CNU,충남대학교,13,청소년,1,7
202506,CNU,충남대학교,14,청소년,2,4
202506,CNU,충남대학교,15,청소년,5,1
202506,CNU,충남대학교,16,청소년,2,2
202506,CNU,충남대학교,17,청소년,3,2
202506,CNU,충남대학교,18,청소년,3,3
202506,CNU,충남대학교,19,청소년,2,0
202506,CNU,충남대학교,20,청소년,5,0
202506,CNU,충남대학교,21,청소년,5,0
202506,CNU,충남대학교,22,청소년,3,1
202506,CNU,충남대학교,05,경로,0,11
202506,CNU,충남대학교,06,경로,15,0
202506,CNU,충남대학교,07,경로,7,1
202506,CNU,충남대학교,08,경로,8,2
202506,CNU,충남대학교,09,경로,7,2
202506,CNU,충남대학교,10,경로,14,8
202506,CNU,충남대학교,11,경로,18,3
202506,CNU,충남대학교,12,경로,19,6
202506,CNU,충남대학교,13,경로,22,22
202506,CNU,충남대학교,14,경로,15,4
202506,CNU,충남대학교,15,경로,23,3
202506,CNU,충남대학교,16,경로,15,9
202506,CNU,충남대학교,17,경로,12,1
202506,CNU,충남대학교,18,경로,16,0
202506,CNU,충남대학교,19,경로,8,1
202506,CNU,충남대학교,20,경로,5,1
202506,CNU,충남대학교,21,경로,5,0
202506,CNU,충남대학교,22,경로,1,1
202506,CNU,충남대학교,06,일반인,0,1
202506,CNU,충남대학교,07,일반인,1,7
202506,CNU,충남대학교,08,일반인,18,51
202506,CNU,충남대학교,09,일반인,11,19
202506,CNU,충남대학교,10,일반인,0,18
202506,CNU,충남대학교,11,일반인,4,24
202506,CNU,충남대학교,12,일반인,8,19
202506,CNU,충남대학교,13,일반인,7,30
202506,CNU,충남대학교,14,일반인,13,29
202506,CNU,충남대학교,15,일반인,14,19
202506,CNU,충남대학교,16,일반인,18,29
202506,CNU,충남대학교,17,일반인,12,21
202506,CNU,충남대학교,18,일반인,13,35
202506,CNU,충남대학교,19,일반인,4,23
202506,CNU,충남대학교,20,일반인,5,12
202506,CNU,충남대학교,21,일반인,7,15
202506,CNU,충남대학교,22,일반인,18,12
202506,CNU,충남대학교,23,일반인,1,5
202506,CNU,충남대학교,07,어린이,0,1
202506,CNU,충남대학교,12,어린이,0,1
202506,CNU,충남대학교,16,어린이,0,2
202506,CNU,충남대학교,07,청소년,0,1
202506,CNU,충남대학교,09,청소년,2,0
202506,CNU,충남대학교,10,청소년,0,1
202506,CNU,충남대학교,11,청소년,0,1
202506,CNU,충남대학교,12,청소년,1,1
202506,CNU,충남대학교,13,청소년,1,3
202506,CNU,충남대학교,15,청소년,1,0
202506,CNU,충남대학교,16,청소년,10,1
202506,CNU,충남대학교,17,청소년,0,1
202506,CNU,충남대학교,18,청소년,2,1
202506,CNU,충남대학교,19,청소년,0,1
202506,CNU,충남대학교,20,청소년,1,1
202506,CNU,충남대학교,21,청소년,2,0
202506,CNU,충남대학교,22,청소년,1,0
202506,CNU,충남대학교,06,경로,0,1
202506,CNU,충남대학교,07,경로,1,0
202506,CNU,충남대학교,08,경로,1,10
202506,CNU,충남대학교,09,경로,1,11
202506,CNU,충남대학교,10,경로,0,1
202506,CNU,충남대학교,11,경로,1,3
202506,CNU,충남대학교,12,경로,2,0
202506,CNU,충남대학교,13,경로,1,2
202506,CNU,충남대학교,14,경로,0,1
202506,CNU,충남대학교,15,경로,3,4
202506,CNU,충남대학교,16,경로,3,4
202506,CNU,충남대학교,17,경로,0,3
202506,CNU,충남대학교,18,경로,1,3
202506,CNU,충남대학교,19,경로,1,1
202506,CNU,충남대학교,20,경로,0,1
202506,CNU,충남대학교,05,일반인,9,4
202506,CNU,충남대학교,06,일반인,99,5
202506,CNU,충남대학교,07,일반인,181,33
202506,CNU,충남대학교,08,일반인,132,79
202506,CNU,충남대학교,09,일반인,141,40
202506,CNU,충남대학교,10,일반인,112,35
202506,CNU,충남대학교,11,일반인,137,10
202506,CNU,충남대학교,12,일반인,229,28
202506,CNU,충남대학교,13,일반인,233,31
202506,CNU,충남대학교,14,일반인,164,46
202506,CNU,충남대학교,15,일반인,307,72
202506,CNU,충남대학교,16,일반인,243,48
202506,CNU,충남대학교,17,일반인,393,44
202506,CNU,충남대학교,18,일반인,456,40
202506,CNU,충남대학교,19,일반인,210,12
202506,CNU,충남대학교,20,일반인,280,13
202506,CNU,충남대학교,21,일반인,288,8
202506,CNU,충남대학교,22,일반인,371,11
202506,CNU,충남대학교,12,어린이,2,2
202506,CNU,충남대학교,14,어린이,0,2
202506,CNU,충남대학교,15,어린이,3,0
202506,CNU,충남대학교,16,어린이,5,9
202506,CNU,충남대학교,18,어린이,2,1
202506,CNU,충남대학교,19,어린이,1,4
202506,CNU,충남대학교,20,어린이,2,0
202506,CNU,충남대학교,21,어린이,4,0
202506,CNU,충남대학교,06,청소년,3,0
202506,CNU,충남대학교,07,청소년,13,0
202506,CNU,충남대학교,08,청소년,8,2
202506,CNU,충남대학교,09,청소년,2,0
202506,CNU,충남대학교,10,청소년,4,1
202506,CNU,충남대학교,11,청소년,14,9
202506,CNU,충남대학교,12,청소년,19,2
202506,CNU,충남대학교,13,청소년,13,2
202506,CNU,충남대학교,14,청소년,9,0
202506,CNU,충남대학교,15,청소년,32,1
202506,CNU,충남대학교,16,청소년,36,9
202506,CNU,충남대학교,17,청소년,47,3
202506,CNU,충남대학교,18,청소년,22,0
202506,CNU,충남대학교,19,청소년,7,3
202506,CNU,충남대학교,20,청소년,16,1
202506,CNU,충남대학교,21,청소년,20,0
202506,CNU,충남대학교,22,청소년,27,3
202506,CNU,충남대학교,05,경로,5,0
202506,CNU,충남대학교,06,경로,11,4
202506,CNU,충남대학교,07,경로,44,1
202506,CNU,충남대학교,08,경로,4,12
202506,CNU,충남대학교,09,경로,17,30
202506,CNU,충남대학교,10,경로,39,8
202506,CNU,충남대학교,11,경로,31,3
202506,CNU,충남대학교,12,경로,41,5
202506,CNU,충남대학교,13,경로,54,2
202506,CNU,충남대학교,14,경로,39,3
202506,CNU,충남대학교,15,경로,64,7
202506,CNU,충남대학교,16,경로,50,4
202506,CNU,충남대학교,17,경로,43,6
202506,CNU,충남대학교,18,경로,41,1
202506,CNU,충남대학교,19,경로,16,0
202506,CNU,충남대학교,20,경로,14,0
202506,CNU,충남대학교,21,경로,25,0
202506,CNU,충남대학교,22,경로,8,0
202506,CNU,충남대학교,06,장애인,6,0
202506,CNU,충남대학교,10,장애인,1,0
202506,CNU,충남대학교,11,장애인,1,0
202506,CNU,충남대학교,14,장애인,1,0
202506,CNU,충남대학교,16,장애인,1,0
202506,CNU,충남대학교,17,장애인,1,0
202506,CNU,충남대학교,18,장애인,2,0
202506,CNU,충남대학교,19,장애인,2,0
202506,CNU,충남대학교,12,국가유공자,1,0
202506,CNU,충남대학교,13,국가유공자,1,0
202506,CNU,충남대학교,15,국가유공자,1,0
202506,CNU,충남대학교,21,국가유공자,2,0
202506,CNU,충남대학교,06,일반인,0,88
202506,CNU,충남대학교,07,일반인,0,336
202506,CNU,충남대학교,08,일반인,10,452
202506,CNU,충남대학교,09,일반인,5,478
202506,CNU,충남대학교,10,일반인,2,230
202506,CNU,충남대학교,11,일반인,4,269
202506,CNU,충남대학교,12,일반인,3,294
202506,CNU,충남대학교,13,일반인,10,244
202506,CNU,충남대학교,14,일반인,5,184
202506,CNU,충남대학교,15,일반인,4,247
202506,CNU,충남대학교,16,일반인,4,166
202506,CNU,충남대학교,17,일반인,5,302
202506,CNU,충남대학교,18,일반인,5,400
202506,CNU,충남대학교,19,일반인,7,225
202506,CNU,충남대학교,20,일반인,0,143
202506,CNU,충남대학교,21,일반인,2,119
202506,CNU,충남대학교,22,일반인,0,69
202506,CNU,충남대학교,23,일반인,8,88
202506,CNU,충남대학교,10,어린이,0,1
202506,CNU,충남대학교,12,어린이,0,2
202506,CNU,충남대학교,13,어린이,0,5
202506,CNU,충남대학교,14,어린이,0,2
202506,CNU,충남대학교,15,어린이,0,5
202506,CNU,충남대학교,16,어린이,0,4
202506,CNU,충남대학교,17,어린이,0,2
202506,CNU,충남대학교,18,어린이,0,4
202506,CNU,충남대학교,19,어린이,0,1
202506,CNU,충남대학교,20,어린이,0,1
202506,CNU,충남대학교,07,청소년,1,69
202506,CNU,충남대학교,08,청소년,1,22
202506,CNU,충남대학교,09,청소년,0,27
202506,CNU,충남대학교,10,청소년,0,15
202506,CNU,충남대학교,11,청소년,3,12
202506,CNU,충남대학교,12,청소년,1,25
202506,CNU,충남대학교,13,청소년,0,23
202506,CNU,충남대학교,14,청소년,0,15
202506,CNU,충남대학교,15,청소년,0,11
202506,CNU,충남대학교,16,청소년,2,22
202506,CNU,충남대학교,17,청소년,1,15
202506,CNU,충남대학교,18,청소년,1,13
202506,CNU,충남대학교,19,청소년,0,4
202506,CNU,충남대학교,20,청소년,0,2
202506,CNU,충남대학교,21,청소년,0,4
202506,CNU,충남대학교,22,청소년,0,2
202506,CNU,충남대학교,06,경로,0,15
202506,CNU,충남대학교,07,경로,0,29
202506,CNU,충남대학교,08,경로,1,56
202506,CNU,충남대학교,09,경로,2,60
202506,CNU,충남대학교,10,경로,0,40
202506,CNU,충남대학교,11,경로,3,37
202506,CNU,충남대학교,12,경로,2,41
202506,CNU,충남대학교,13,경로,2,37
202506,CNU,충남대학교,14,경로,2,39
202506,CNU,충남대학교,15,경로,0,38
202506,CNU,충남대학교,16,경로,0,18
202506,CNU,충남대학교,17,경로,0,40
202506,CNU,충남대학교,18,경로,2,22
202506,CNU,충남대학교,19,경로,0,36
202506,CNU,충남대학교,20,경로,0,7
202506,CNU,충남대학교,21,경로,0,2
202506,CNU,충남대학교,22,경로,0,2
202506,CNU,충남대학교,08,장애인,0,7
202506,CNU,충남대학교,09,장애인,0,3
202506,CNU,충남대학교,15,장애인,0,1
202506,CNU,충남대학교,16,장애인,0,2
202506,CNU,충남대학교,20,장애인,0,1
202506,CNU,충남대학교,22,장애인,0,1
202506,CNU,충남대학교,12,국가유공자,0,1
202506,CNU,충남대학교,13,국가유공자,0,1
202506,CNU,충남대학교,14,국가유공자,0,2
202506,CNU,충남대학교,15,국가유공자,0,1
202506,CNU,충남대학교,22,국가유공자,0,1
202506,CNU,충남대학교,05,일반인,3,0
202506,CNU,충남대학교,06,일반인,105,20
202506,CNU,충남대학교,07,일반인,146,23
202506,CNU,충남대학교,08,일반인,86,96
202506,CNU,충남대학교,09,일반인,90,146
202506,CNU,충남대학교,10,일반인,73,129
202506,CNU,충남대학교,11,일반인,47,50
202506,CNU,충남대학교,12,일반인,73,56
202506,CNU,충남대학교,13,일반인,64,118
202506,CNU,충남대학교,14,일반인,57,50
202506,CNU,충남대학교,15,일반인,57,65
202506,CNU,충남대학교,16,일반인,107,61
202506,CNU,충남대학교,17,일반인,104,37
202506,CNU,충남대학교,18,일반인,114,47
202506,CNU,충남대학교,19,일반인,63,21
202506,CNU,충남대학교,20,일반인,54,27
202506,CNU,충남대학교,21,일반인,89,25
202506,CNU,충남대학교,22,일반인,24,7
202506,CNU,충남대학교,17,어린이,1,0
202506,CNU,충남대학교,18,어린이,3,0
202506,CNU,충남대학교,20,어린이,3,0
202506,CNU,충남대학교,21,어린이,1,0
202506,CNU,충남대학교,07,청소년,1,0
202506,CNU,충남대학교,08,청소년,6,8
202506,CNU,충남대학교,09,청소년,15,6
202506,CNU,충남대학교,10,청소년,2,20
202506,CNU,충남대학교,11,청소년,6,1
202506,CNU,충남대학교,12,청소년,1,5
202506,CNU,충남대학교,13,청소년,10,7
202506,CNU,충남대학교,14,청소년,6,4
202506,CNU,충남대학교,15,청소년,4,10
202506,CNU,충남대학교,16,청소년,11,8
202506,CNU,충남대학교,17,청소년,11,5
202506,CNU,충남대학교,18,청소년,5,3
202506,CNU,충남대학교,19,청소년,10,2
202506,CNU,충남대학교,20,청소년,10,0
202506,CNU,충남대학교,21,청소년,11,0
202506,CNU,충남대학교,22,청소년,5,0
202506,CNU,충남대학교,05,경로,0,2
202506,CNU,충남대학교,06,경로,31,1
202506,CNU,충남대학교,07,경로,29,2
202506,CNU,충남대학교,08,경로,24,3
202506,CNU,충남대학교,09,경로,13,3
202506,CNU,충남대학교,10,경로,22,14
202506,CNU,충남대학교,11,경로,7,11
202506,CNU,충남대학교,12,경로,10,10
202506,CNU,충남대학교,13,경로,19,5
202506,CNU,충남대학교,14,경로,13,13
202506,CNU,충남대학교,15,경로,16,5
202506,CNU,충남대학교,16,경로,9,5
202506,CNU,충남대학교,17,경로,9,7
202506,CNU,충남대학교,18,경로,8,0
202506,CNU,충남대학교,19,경로,4,1
202506,CNU,충남대학교,20,경로,4,2
202506,CNU,충남대학교,21,경로,5,0
202506,CNU,충남대학교,22,경로,2,0
202506,CNU,충남대학교,08,장애인,2,0
202506,CNU,충남대학교,15,장애인,1,0
202506,CNU,충남대학교,14,국가유공자,1,0
202506,CNU,충남대학교,21,국가유공자,0,1
202506,CNU,충남대학교,06,일반인,0,5
202506,CNU,충남대학교,07,일반인,3,14
202506,CNU,충남대학교,08,일반인,11,26
202506,CNU,충남대학교,09,일반인,5,37
202506,CNU,충남대학교,10,일반인,7,28
202506,CNU,충남대학교,11,일반인,22,35
202506,CNU,충남대학교,12,일반인,4,42
202506,CNU,충남대학교,13,일반인,11,34
202506,CNU,충남대학교,14,일반인,11,47
202506,CNU,충남대학교,15,일반인,11,35
202506,CNU,충남대학교,16,일반인,13,30
202506,CNU,충남대학교,17,일반인,20,43
202506,CNU,충남대학교,18,일반인,22,50
202506,CNU,충남대학교,19,일반인,15,33
202506,CNU,충남대학교,20,일반인,4,17
202506,CNU,충남대학교,21,일반인,10,19
202506,CNU,충남대학교,22,일반인,23,17
202506,CNU,충남대학교,23,일반인,3,1
202506,CNU,충남대학교,20,어린이,1,1
202506,CNU,충남대학교,11,청소년,1,1
202506,CNU,충남대학교,12,청소년,0,3
202506,CNU,충남대학교,13,청소년,0,4
202506,CNU,충남대학교,14,청소년,0,4
202506,CNU,충남대학교,15,청소년,0,4
202506,CNU,충남대학교,16,청소년,9,4
202506,CNU,충남대학교,17,청소년,2,6
202506,CNU,충남대학교,18,청소년,2,2
202506,CNU,충남대학교,19,청소년,4,0
202506,CNU,충남대학교,21,청소년,0,1
202506,CNU,충남대학교,22,청소년,1,0
202506,CNU,충남대학교,23,청소년,0,3
202506,CNU,충남대학교,07,경로,0,1
202506,CNU,충남대학교,08,경로,0,4
202506,CNU,충남대학교,09,경로,0,2
202506,CNU,충남대학교,10,경로,1,3
202506,CNU,충남대학교,11,경로,2,5
202506,CNU,충남대학교,12,경로,0,5
202506,CNU,충남대학교,13,경로,0,7
202506,CNU,충남대학교,14,경로,2,6
202506,CNU,충남대학교,15,경로,0,2
202506,CNU,충남대학교,16,경로,1,2
202506,CNU,충남대학교,17,경로,0,3
202506,CNU,충남대학교,18,경로,1,1
202506,CNU,충남대학교,21,경로,0,1
202506,CNU,충남대학교,06,일반인,1,0
202506,CNU,충남대학교,07,일반인,12,4
202506,CNU,충남대학교,08,일반인,4,30
202506,CNU,충남대학교,09,일반인,4,6
202506,CNU,충남대학교,10,일반인,5,7
202506,CNU,충남대학교,11,일반인,4,11
202506,CNU,충남대학교,12,일반인,8,11
202506,CNU,충남대학교,13,일반인,10,18
202506,CNU,충남대학교,14,일반인,5,21
202506,CNU,충남대학교,15,일반인,8,29
202506,CNU,충남대학교,16,일반인,17,28
202506,CNU,충남대학교,17,일반인,5,30
202506,CNU,충남대학교,18,일반인,17,102
202506,CNU,충남대학교,19,일반인,6,51
202506,CNU,충남대학교,20,일반인,5,53
202506,CNU,충남대학교,21,일반인,6,54
202506,CNU,충남대학교,22,일반인,1,29
202506,CNU,충남대학교,18,어린이,0,1
202506,CNU,충남대학교,21,어린이,0,1
202506,CNU,충남대학교,08,청소년,0,3
202506,CNU,충남대학교,10,청소년,0,2
202506,CNU,충남대학교,11,청소년,1,0
202506,CNU,충남대학교,12,청소년,1,2
202506,CNU,충남대학교,13,청소년,1,0
202506,CNU,충남대학교,14,청소년,0,2
202506,CNU,충남대학교,15,청소년,1,5
202506,CNU,충남대학교,16,청소년,1,1
202506,CNU,충남대학교,17,청소년,0,1
202506,CNU,충남대학교,18,청소년,0,9
202506,CNU,충남대학교,19,청소년,0,4
202506,CNU,충남대학교,20,청소년,0,1
202506,CNU,충남대학교,21,청소년,0,1
202506,CNU,충남대학교,22,청소년,0,8
202506,CNU,충남대학교,12,경로,0,3
202506,CNU,충남대학교,13,경로,0,2
202506,CNU,충남대학교,14,경로,1,2
202506,CNU,충남대학교,15,경로,0,4
202506,CNU,충남대학교,16,경로,3,0
202506,CNU,충남대학교,17,경로,0,2
202506,CNU,충남대학교,19,경로,0,1
202506,CNU,충남대학교,20,경로,0,1
202506,CNU,충남대학교,21,경로,0,1
202506,CNU,충남대학교,08,장애인,0,1
202506,CNU,충남대학교,17,장애인,0,1
202506,CNU,충남대학교,06,일반인,3,0
202506,CNU,충남대학교,07,일반인,21,2
202506,CNU,충남대학교,08,일반인,70,1
202506,CNU,충남대학교,09,일반인,72,3
202506,CNU,충남대학교,10,일반인,28,3
202506,CNU,충남대학교,11,일반인,39,5
202506,CNU,충남대학교,12,일반인,26,3
202506,CNU,충남대학교,13,일반인,41,7
202506,CNU,충남대학교,14,일반인,21,3
202506,CNU,충남대학교,15,일반인,17,9
202506,CNU,충남대학교,16,일반인,20,10
202506,CNU,충남대학교,17,일반인,24,4
202506,CNU,충남대학교,18,일반인,10,2
202506,CNU,충남대학교,19,일반인,11,4
202506,CNU,충남대학교,20,일반인,11,5
202506,CNU,충남대학교,21,일반인,9,8
202506,CNU,충남대학교,22,일반인,21,9
202506,CNU,충남대학교,16,어린이,0,2
202506,CNU,충남대학교,09,청소년,5,0
202506,CNU,충남대학교,10,청소년,2,0
202506,CNU,충남대학교,11,청소년,3,1
202506,CNU,충남대학교,12,청소년,1,0
202506,CNU,충남대학교,13,청소년,2,1
202506,CNU,충남대학교,14,청소년,1,0
202506,CNU,충남대학교,15,청소년,1,0
202506,CNU,충남대학교,16,청소년,1,0
202506,CNU,충남대학교,17,청소년,4,0
202506,CNU,충남대학교,18,청소년,1,0
202506,CNU,충남대학교,22,청소년,2,0
202506,CNU,충남대학교,09,경로,0,1
202506,CNU,충남대학교,10,경로,0,1
202506,CNU,충남대학교,13,경로,0,1
202506,CNU,충남대학교,14,경로,0,1
202506,CNU,충남대학교,15,경로,0,2
202506,CNU,충남대학교,19,경로,1,0
202506,CNU,충남대학교,20,경로,0,1
202506,CNU,충남대학교,06,일반인,1,9
202506,CNU,충남대학교,07,일반인,0,33
202506,CNU,충남대학교,09,일반인,0,12
202506,CNU,충남대학교,10,일반인,1,18
202506,CNU,충남대학교,11,일반인,0,36
202506,CNU,충남대학교,13,일반인,0,11
202506,CNU,충남대학교,14,일반인,3,12
202506,CNU,충남대학교,15,일반인,0,35
202506,CNU,충남대학교,18,일반인,1,44
202506,CNU,충남대학교,19,일반인,1,43
202506,CNU,충남대학교,22,일반인,0,28
202506,CNU,충남대학교,23,일반인,1,25
202506,CNU,충남대학교,07,어린이,0,1
202506,CNU,충남대학교,14,어린이,3,1
202506,CNU,충남대학교,06,청소년,0,1
202506,CNU,충남대학교,07,청소년,0,1
202506,CNU,충남대학교,10,청소년,0,5
202506,CNU,충남대학교,11,청소년,0,2
202506,CNU,충남대학교,13,청소년,0,5
202506,CNU,충남대학교,14,청소년,3,2
202506,CNU,충남대학교,15,청소년,0,3
202506,CNU,충남대학교,19,청소년,0,3
202506,CNU,충남대학교,22,청소년,0,2
202506,CNU,충남대학교,23,청소년,0,2
202506,CNU,충남대학교,22,경로,0,1
202506,CNU,충남대학교,06,일반인,6,0
202506,CNU,충남대학교,07,일반인,26,0
202506,CNU,충남대학교,08,일반인,13,0
202506,CNU,충남대학교,10,일반인,6,0
202506,CNU,충남대학교,11,일반인,16,0
202506,CNU,충남대학교,12,일반인,38,0
202506,CNU,충남대학교,14,일반인,6,0
202506,CNU,충남대학교,15,일반인,21,0
202506,CNU,충남대학교,16,일반인,74,0
202506,CNU,충남대학교,19,일반인,26,0
202506,CNU,충남대학교,20,일반인,52,0
202506,CNU,충남대학교,07,어린이,1,0
202506,CNU,충남대학교,14,어린이,1,0
202506,CNU,충남대학교,19,어린이,1,0
202506,CNU,충남대학교,07,청소년,2,0
202506,CNU,충남대학교,11,청소년,1,0
202506,CNU,충남대학교,12,청소년,2,0
202506,CNU,충남대학교,14,청소년,1,1
202506,CNU,충남대학교,15,청소년,2,0
202506,CNU,충남대학교,16,청소년,5,0
202506,CNU,충남대학교,19,청소년,2,0
202506,CNU,충남대학교,20,청소년,4,0
202506,CNU,충남대학교,06,일반인,15,0
202506,CNU,충남대학교,07,일반인,31,0
202506,CNU,충남대학교,08,일반인,32,0
202506,CNU,충남대학교,09,일반인,58,0
202506,CNU,충남대학교,10,일반인,28,0
202506,CNU,충남대학교,11,일반인,23,0
202506,CNU,충남대학교,12,일반인,26,1
202506,CNU,충남대학교,13,일반인,28,0
202506,CNU,충남대학교,14,일반인,47,0
202506,CNU,충남대학교,15,일반인,38,9
202506,CNU,충남대학교,16,일반인,75,0
202506,CNU,충남대학교,17,일반인,55,0
202506,CNU,충남대학교,18,일반인,25,0
202506,CNU,충남대학교,19,일반인,27,1
202506,CNU,충남대학교,20,일반인,21,0
202506,CNU,충남대학교,21,일반인,22,0
202506,CNU,충남대학교,22,일반인,18,0
202506,CNU,충남대학교,23,일반인,3,0
202506,CNU,충남대학교,18,어린이,1,0
202506,CNU,충남대학교,12,청소년,2,0
202506,CNU,충남대학교,14,청소년,2,0
202506,CNU,충남대학교,15,청소년,2,1
202506,CNU,충남대학교,16,청소년,3,2
202506,CNU,충남대학교,17,청소년,1,0
202506,CNU,충남대학교,18,청소년,1,0
202506,CNU,충남대학교,20,청소년,2,0
202506,CNU,충남대학교,21,청소년,1,0
202506,CNU,충남대학교,22,청소년,1,0
202506,CNU,충남대학교,06,경로,2,0
202506,CNU,충남대학교,07,경로,17,0
202506,CNU,충남대학교,08,경로,6,0
202506,CNU,충남대학교,09,경로,4,0
202506,CNU,충남대학교,10,경로,12,0
202506,CNU,충남대학교,11,경로,3,0
202506,CNU,충남대학교,12,경로,5,0
202506,CNU,충남대학교,13,경로,4,0
202506,CNU,충남대학교,14,경로,3,0
202506,CNU,충남대학교,15,경로,3,0
202506,CNU,충남대학교,16,경로,7,0
202506,CNU,충남대학교,17,경로,3,0
202506,CNU,충남대학교,21,경로,1,0
202506,CNU,충남대학교,22,경로,1,0
202506,CNU,충남대학교,06,일반인,0,1
202506,CNU,충남대학교,07,일반인,1,1
202506,CNU,충남대학교,08,일반인,11,9
202506,CNU,충남대학교,09,일반인,13,17
202506,CNU,충남대학교,10,일반인,4,3
202506,CNU,충남대학교,11,일반인,30,14
202506,CNU,충남대학교,12,일반인,0,4
202506,CNU,충남대학교,13,일반인,1,15
202506,CNU,충남대학교,14,일반인,11,18
202506,CNU,충남대학교,15,일반인,0,4
202506,CNU,충남대학교,16,일반인,1,7
202506,CNU,충남대학교,17,일반인,0,5
202506,CNU,충남대학교,18,일반인,0,7
202506,CNU,충남대학교,19,일반인,0,2
202506,CNU,충남대학교,20,일반인,0,5
202506,CNU,충남대학교,21,일반인,0,5
202506,CNU,충남대학교,22,일반인,0,2
202506,CNU,충남대학교,23,일반인,0,9
202506,CNU,충남대학교,10,청소년,0,4
202506,CNU,충남대학교,13,청소년,0,2
202506,CNU,충남대학교,14,청소년,1,5
202506,CNU,충남대학교,16,청소년,0,2
202506,CNU,충남대학교,18,청소년,0,1
202506,CNU,충남대학교,23,청소년,0,3
202506,CNU,충남대학교,08,경로,2,1
202506,CNU,충남대학교,09,경로,2,0
202506,CNU,충남대학교,10,경로,0,1
202506,CNU,충남대학교,11,경로,2,2
202506,CNU,충남대학교,14,경로,1,0
202506,CNU,충남대학교,17,경로,0,1
202506,CNU,충남대학교,21,경로,0,1
202506,CNU,충남대학교,11,국가유공자,1,0
202506,CNU,충남대학교,14,국가유공자,1,1
202506,CNU,충남대학교,10,일반인,0,1
202506,CNU,충남대학교,12,일반인,0,2
202506,CNU,충남대학교,06,일반인,1,206
202506,CNU,충남대학교,07,일반인,3,666
202506,CNU,충남대학교,08,일반인,8,1621
202506,CNU,충남대학교,09,일반인,9,1707
202506,CNU,충남대학교,10,일반인,8,984
202506,CNU,충남대학교,11,일반인,9,998
202506,CNU,충남대학교,12,일반인,12,1114
202506,CNU,충남대학교,13,일반인,9,1081
202506,CNU,충남대학교,14,일반인,10,858
202506,CNU,충남대학교,15,일반인,9,766
202506,CNU,충남대학교,16,일반인,29,672
202506,CNU,충남대학교,17,일반인,27,1059
202506,CNU,충남대학교,18,일반인,29,1141
202506,CNU,충남대학교,19,일반인,16,797
202506,CNU,충남대학교,20,일반인,10,468
202506,CNU,충남대학교,21,일반인,5,631
202506,CNU,충남대학교,22,일반인,6,689
202506,CNU,충남대학교,23,일반인,41,222
202506,CNU,충남대학교,08,어린이,0,3
202506,CNU,충남대학교,10,어린이,0,5
202506,CNU,충남대학교,11,어린이,0,7
202506,CNU,충남대학교,12,어린이,0,2
202506,CNU,충남대학교,13,어린이,0,3
202506,CNU,충남대학교,14,어린이,0,3
202506,CNU,충남대학교,15,어린이,1,9
202506,CNU,충남대학교,16,어린이,0,2
202506,CNU,충남대학교,17,어린이,0,4
202506,CNU,충남대학교,18,어린이,0,4
202506,CNU,충남대학교,20,어린이,0,1
202506,CNU,충남대학교,21,어린이,0,1
202506,CNU,충남대학교,22,어린이,0,3
202506,CNU,충남대학교,23,어린이,0,1
202506,CNU,충남대학교,06,청소년,1,11
202506,CNU,충남대학교,07,청소년,0,41
202506,CNU,충남대학교,08,청소년,0,142
202506,CNU,충남대학교,09,청소년,1,193
202506,CNU,충남대학교,10,청소년,0,139
202506,CNU,충남대학교,11,청소년,1,138
202506,CNU,충남대학교,12,청소년,1,137
202506,CNU,충남대학교,13,청소년,0,133
202506,CNU,충남대학교,14,청소년,2,117
202506,CNU,충남대학교,15,청소년,1,95
202506,CNU,충남대학교,16,청소년,1,93
202506,CNU,충남대학교,17,청소년,0,111
202506,CNU,충남대학교,18,청소년,3,80
202506,CNU,충남대학교,19,청소년,0,53
202506,CNU,충남대학교,20,청소년,3,32
202506,CNU,충남대학교,21,청소년,0,59
202506,CNU,충남대학교,22,청소년,1,67
202506,CNU,충남대학교,23,청소년,1,6
202506,CNU,충남대학교,06,경로,0,2
202506,CNU,충남대학교,07,경로,0,3
202506,CNU,충남대학교,08,경로,1,2
202506,CNU,충남대학교,09,경로,0,19
202506,CNU,충남대학교,11,경로,0,3
202506,CNU,충남대학교,12,경로,1,1
202506,CNU,충남대학교,13,경로,0,4
202506,CNU,충남대학교,14,경로,1,4
202506,CNU,충남대학교,15,경로,0,2
202506,CNU,충남대학교,16,경로,0,1
202506,CNU,충남대학교,17,경로,0,5
202506,CNU,충남대학교,18,경로,0,7
202506,CNU,충남대학교,20,경로,0,2
202506,CNU,충남대학교,22,경로,0,5
202506,CNU,충남대학교,18,장애인,0,3
202506,CNU,충남대학교,19,장애인,0,1
202506,CNU,충남대학교,12,국가유공자,0,1
202506,CNU,충남대학교,16,국가유공자,0,1
202506,CNU,충남대학교,06,일반인,0,1
202506,CNU,충남대학교,14,일반인,0,3
202506,CNU,충남대학교,18,일반인,0,3
202506,CNU,충남대학교,05,일반인,78,0
202506,CNU,충남대학교,06,일반인,157,0
202506,CNU,충남대학교,07,일반인,535,1
202506,CNU,충남대학교,08,일반인,551,4
202506,CNU,충남대학교,09,일반인,394,3
202506,CNU,충남대학교,10,일반인,535,3
202506,CNU,충남대학교,11,일반인,586,4
202506,CNU,충남대학교,12,일반인,817,8
202506,CNU,충남대학교,13,일반인,742,1
202506,CNU,충남대학교,14,일반인,974,4
202506,CNU,충남대학교,15,일반인,1126,8
202506,CNU,충남대학교,16,일반인,1399,12
202506,CNU,충남대학교,17,일반인,1312,9
202506,CNU,충남대학교,18,일반인,1286,11
202506,CNU,충남대학교,19,일반인,817,11
202506,CNU,충남대학교,20,일반인,920,7
202506,CNU,충남대학교,21,일반인,917,9
202506,CNU,충남대학교,22,일반인,1235,9
202506,CNU,충남대학교,23,일반인,12,0
202506,CNU,충남대학교,07,어린이,10,0
202506,CNU,충남대학교,08,어린이,4,0
202506,CNU,충남대학교,12,어린이,1,0
202506,CNU,충남대학교,13,어린이,2,0
202506,CNU,충남대학교,14,어린이,3,0
202506,CNU,충남대학교,15,어린이,9,0
202506,CNU,충남대학교,16,어린이,2,0
202506,CNU,충남대학교,18,어린이,6,0
202506,CNU,충남대학교,19,어린이,7,0
202506,CNU,충남대학교,20,어린이,2,0
202506,CNU,충남대학교,22,어린이,2,0
202506,CNU,충남대학교,05,청소년,6,0
202506,CNU,충남대학교,06,청소년,7,0
202506,CNU,충남대학교,07,청소년,6,0
202506,CNU,충남대학교,08,청소년,11,1
202506,CNU,충남대학교,09,청소년,33,0
202506,CNU,충남대학교,10,청소년,30,1
202506,CNU,충남대학교,11,청소년,50,0
202506,CNU,충남대학교,12,청소년,87,0
202506,CNU,충남대학교,13,청소년,72,0
202506,CNU,충남대학교,14,청소년,96,4
202506,CNU,충남대학교,15,청소년,149,0
202506,CNU,충남대학교,16,청소년,135,1
202506,CNU,충남대학교,17,청소년,149,2
202506,CNU,충남대학교,18,청소년,142,1
202506,CNU,충남대학교,19,청소년,108,1
202506,CNU,충남대학교,20,청소년,102,0
202506,CNU,충남대학교,21,청소년,131,0
202506,CNU,충남대학교,22,청소년,170,1
202506,CNU,충남대학교,23,청소년,4,0
202506,CNU,충남대학교,06,경로,3,0
202506,CNU,충남대학교,07,경로,2,0
202506,CNU,충남대학교,08,경로,1,0
202506,CNU,충남대학교,09,경로,3,0
202506,CNU,충남대학교,10,경로,6,0
202506,CNU,충남대학교,11,경로,2,0
202506,CNU,충남대학교,13,경로,2,0
202506,CNU,충남대학교,14,경로,12,0
202506,CNU,충남대학교,15,경로,8,0
202506,CNU,충남대학교,16,경로,2,0
202506,CNU,충남대학교,17,경로,2,0
202506,CNU,충남대학교,19,경로,2,0
202506,CNU,충남대학교,12,장애인,1,0
202506,CNU,충남대학교,21,장애인,1,0
202506,CNU,충남대학교,22,장애인,1,0
202506,CNU,충남대학교,17,국가유공자,1,0
202506,CNU,충남대학교,21,국가유공자,1,0
202506,CNU,충남대학교,22,국가유공자,1,0
202506,CNU,충남대학교,06,일반인,15,0
202506,CNU,충남대학교,07,일반인,47,0
202506,CNU,충남대학교,08,일반인,21,0
202506,CNU,충남대학교,09,일반인,108,7
202506,CNU,충남대학교,10,일반인,38,13
202506,CNU,충남대학교,11,일반인,31,7
202506,CNU,충남대학교,12,일반인,79,13
202506,CNU,충남대학교,13,일반인,71,8
202506,CNU,충남대학교,14,일반인,59,35
202506,CNU,충남대학교,15,일반인,141,40
202506,CNU,충남대학교,16,일반인,87,29
202506,CNU,충남대학교,17,일반인,178,47
202506,CNU,충남대학교,18,일반인,159,35
202506,CNU,충남대학교,19,일반인,105,22
202506,CNU,충남대학교,20,일반인,132,32
202506,CNU,충남대학교,21,일반인,111,17
202506,CNU,충남대학교,22,일반인,134,35
202506,CNU,충남대학교,14,어린이,1,0
202506,CNU,충남대학교,17,어린이,1,0
202506,CNU,충남대학교,06,청소년,1,0
202506,CNU,충남대학교,07,청소년,1,0
202506,CNU,충남대학교,08,청소년,0,1
202506,CNU,충남대학교,09,청소년,1,0
202506,CNU,충남대학교,10,청소년,2,0
202506,CNU,충남대학교,11,청소년,1,0
202506,CNU,충남대학교,12,청소년,9,0
202506,CNU,충남대학교,13,청소년,4,0
202506,CNU,충남대학교,14,청소년,2,1
202506,CNU,충남대학교,15,청소년,2,0
202506,CNU,충남대학교,16,청소년,5,0
202506,CNU,충남대학교,17,청소년,6,2
202506,CNU,충남대학교,18,청소년,13,1
202506,CNU,충남대학교,19,청소년,6,1
202506,CNU,충남대학교,20,청소년,13,0
202506,CNU,충남대학교,21,청소년,18,1
202506,CNU,충남대학교,22,청소년,23,0
202506,CNU,충남대학교,06,경로,18,0
202506,CNU,충남대학교,07,경로,5,0
202506,CNU,충남대학교,08,경로,3,0
202506,CNU,충남대학교,09,경로,2,0
202506,CNU,충남대학교,10,경로,2,1
202506,CNU,충남대학교,11,경로,3,1
202506,CNU,충남대학교,12,경로,12,0
202506,CNU,충남대학교,13,경로,3,0
202506,CNU,충남대학교,14,경로,4,0
202506,CNU,충남대학교,15,경로,4,0
202506,CNU,충남대학교,16,경로,6,0
202506,CNU,충남대학교,17,경로,5,1
202506,CNU,충남대학교,18,경로,0,1
202506,CNU,충남대학교,19,경로,6,0
202506,CNU,충남대학교,20,경로,2,1
202506,CNU,충남대학교,21,경로,1,0
202506,CNU,충남대학교,09,장애인,1,0
202506,CNU,충남대학교,11,장애인,2,0
202506,CNU,충남대학교,12,장애인,1,0
202506,CNU,충남대학교,13,장애인,2,0
202506,CNU,충남대학교,15,장애인,1,0
202506,CNU,충남대학교,16,장애인,1,0
202506,CNU,충남대학교,17,장애인,3,0
202506,CNU,충남대학교,21,장애인,1,0
202506,CNU,충남대학교,22,장애인,2,0
202506,CNU,충남대학교,06,국가유공자,3,0
202506,CNU,충남대학교,07,국가유공자,1,0
202506,CNU,충남대학교,10,국가유공자,0,1
202506,CNU,충남대학교,12,국가유공자,1,0
202506,CNU,충남대학교,15,국가유공자,1,0
202506,CNU,충남대학교,16,국가유공자,1,0
202506,CNU,충남대학교,17,국가유공자,8,0
202506,CNU,충남대학교,06,일반인,0,6
202506,CNU,충남대학교,07,일반인,26,67
202506,CNU,충남대학교,08,일반인,37,69
202506,CNU,충남대학교,09,일반인,29,78
202506,CNU,충남대학교,10,일반인,8,49
202506,CNU,충남대학교,11,일반인,6,46
202506,CNU,충남대학교,12,일반인,10,38
202506,CNU,충남대학교,13,일반인,18,40
202506,CNU,충남대학교,14,일반인,20,30
202506,CNU,충남대학교,15,일반인,11,24
202506,CNU,충남대학교,16,일반인,8,19
202506,CNU,충남대학교,17,일반인,12,51
202506,CNU,충남대학교,18,일반인,9,21
202506,CNU,충남대학교,19,일반인,10,15
202506,CNU,충남대학교,20,일반인,7,15
202506,CNU,충남대학교,21,일반인,4,13
202506,CNU,충남대학교,22,일반인,7,15
202506,CNU,충남대학교,23,일반인,2,8
202506,CNU,충남대학교,12,어린이,0,1
202506,CNU,충남대학교,08,청소년,0,1
202506,CNU,충남대학교,10,청소년,0,2
202506,CNU,충남대학교,11,청소년,0,2
202506,CNU,충남대학교,12,청소년,2,1
202506,CNU,충남대학교,13,청소년,0,3
202506,CNU,충남대학교,14,청소년,0,2
202506,CNU,충남대학교,15,청소년,1,3
202506,CNU,충남대학교,16,청소년,0,4
202506,CNU,충남대학교,17,청소년,3,10
202506,CNU,충남대학교,18,청소년,0,2
202506,CNU,충남대학교,19,청소년,1,0
202506,CNU,충남대학교,20,청소년,0,2
202506,CNU,충남대학교,22,청소년,0,1
202506,CNU,충남대학교,06,경로,1,0
202506,CNU,충남대학교,09,경로,0,1
202506,CNU,충남대학교,11,경로,0,1
202506,CNU,충남대학교,18,경로,0,1
202506,CNU,충남대학교,19,경로,0,1
202506,CNU,충남대학교,23,경로,1,0
202506,CNU,충남대학교,11,장애인,0,1
202506,CNU,충남대학교,15,장애인,0,1
202506,CNU,충남대학교,17,장애인,0,1
202506,CNU,충남대학교,14,국가유공자,0,1
202506,CNU,충남대학교,16,국가유공자,0,4
202506,KIGAM,한국지질자원연구원,06,일반인,0,73
202506,KIGAM,한국지질자원연구원,07,일반인,1,149
202506,KIGAM,한국지질자원연구원,08,일반인,0,274
202506,KIGAM,한국지질자원연구원,09,일반인,1,363
202506,KIGAM,한국지질자원연구원,10,일반인,6,79
202506,KIGAM,한국지질자원연구원,11,일반인,6,56
202506,KIGAM,한국지질자원연구원,12,일반인,4,64
202506,KIGAM,한국지질자원연구원,13,일반인,5,70
202506,KIGAM,한국지질자원연구원,14,일반인,8,62
202506,KIGAM,한국지질자원연구원,15,일반인,13,53
202506,KIGAM,한국지질자원연구원,16,일반인,28,43
202506,KIGAM,한국지질자원연구원,17,일반인,56,40
202506,KIGAM,한국지질자원연구원,18,일반인,74,26
202506,KIGAM,한국지질자원연구원,19,일반인,46,27
202506,KIGAM,한국지질자원연구원,20,일반인,31,32
202506,KIGAM,한국지질자원연구원,21,일반인,16,40
202506,KIGAM,한국지질자원연구원,22,일반인,10,29
202506,KIGAM,한국지질자원연구원,23,일반인,0,7
202506,KIGAM,한국지질자원연구원,10,어린이,0,1
202506,KIGAM,한국지질자원연구원,13,어린이,0,2
202506,KIGAM,한국지질자원연구원,14,어린이,2,0
202506,KIGAM,한국지질자원연구원,15,어린이,1,0
202506,KIGAM,한국지질자원연구원,10,청소년,0,1
202506,KIGAM,한국지질자원연구원,11,청소년,0,1
202506,KIGAM,한국지질자원연구원,12,청소년,1,1
202506,KIGAM,한국지질자원연구원,13,청소년,0,6
202506,KIGAM,한국지질자원연구원,15,청소년,2,3
202506,KIGAM,한국지질자원연구원,16,청소년,0,2
202506,KIGAM,한국지질자원연구원,19,청소년,0,3
202506,KIGAM,한국지질자원연구원,21,청소년,0,6
202506,KIGAM,한국지질자원연구원,22,청소년,0,1
202506,KIGAM,한국지질자원연구원,07,경로,0,4
202506,KIGAM,한국지질자원연구원,09,경로,0,6
202506,KIGAM,한국지질자원연구원,10,경로,0,7
202506,KIGAM,한국지질자원연구원,11,경로,1,2
202506,KIGAM,한국지질자원연구원,12,경로,1,1
202506,KIGAM,한국지질자원연구원,14,경로,1,12
202506,KIGAM,한국지질자원연구원,15,경로,0,1
202506,KIGAM,한국지질자원연구원,16,경로,0,1
202506,KIGAM,한국지질자원연구원,17,경로,2,0
202506,KIGAM,한국지질자원연구원,19,경로,0,1
202506,KIGAM,한국지질자원연구원,10,장애인,0,5
202506,KIGAM,한국지질자원연구원,13,장애인,0,1
202506,KIGAM,한국지질자원연구원,08,국가유공자,0,1
202506,KIGAM,한국지질자원연구원,09,국가유공자,0,5
202506,KIGAM,한국지질자원연구원,10,국가유공자,0,1
202506,KRIBB,한국생명공학연구원,05,일반인,4,0
202506,KRIBB,한국생명공학연구원,06,일반인,1,5
202506,KRIBB,한국생명공학연구원,07,일반인,4,9
202506,KRIBB,한국생명공학연구원,08,일반인,11,77
202506,KRIBB,한국생명공학연구원,09,일반인,10,104
202506,KRIBB,한국생명공학연구원,10,일반인,25,22
202506,KRIBB,한국생명공학연구원,11,일반인,41,5
202506,KRIBB,한국생명공학연구원,12,일반인,38,5
202506,KRIBB,한국생명공학연구원,13,일반인,44,15
202506,KRIBB,한국생명공학연구원,14,일반인,83,2
202506,KRIBB,한국생명공학연구원,15,일반인,154,8
202506,KRIBB,한국생명공학연구원,16,일반인,191,9
202506,KRIBB,한국생명공학연구원,17,일반인,276,2
202506,KRIBB,한국생명공학연구원,18,일반인,336,3
202506,KRIBB,한국생명공학연구원,19,일반인,145,1
202506,KRIBB,한국생명공학연구원,20,일반인,92,3
202506,KRIBB,한국생명공학연구원,21,일반인,69,4
202506,KRIBB,한국생명공학연구원,22,일반인,63,1
202506,KRIBB,한국생명공학연구원,14,어린이,1,0
202506,KRIBB,한국생명공학연구원,08,청소년,1,0
202506,KRIBB,한국생명공학연구원,10,청소년,1,0
202506,KRIBB,한국생명공학연구원,12,청소년,1,0
202506,KRIBB,한국생명공학연구원,14,청소년,4,0
202506,KRIBB,한국생명공학연구원,15,청소년,7,0
202506,KRIBB,한국생명공학연구원,16,청소년,6,0
202506,KRIBB,한국생명공학연구원,18,청소년,4,1
202506,KRIBB,한국생명공학연구원,19,청소년,2,0
202506,KRIBB,한국생명공학연구원,07,경로,9,0
202506,KRIBB,한국생명공학연구원,10,경로,2,0
202506,KRIBB,한국생명공학연구원,13,경로,2,0
202506,KRIBB,한국생명공학연구원,16,경로,6,0
202506,KRIBB,한국생명공학연구원,17,경로,6,0
202506,KRIBB,한국생명공학연구원,19,경로,1,0
202506,KRIBB,한국생명공학연구원,16,장애인,3,0
202506,KRIBB,한국생명공학연구원,17,장애인,1,0
202506,KIGAM,한국지질자원연구원,10,일반인,2,0
202506,KIGAM,한국지질자원연구원,11,일반인,14,0
202506,KIGAM,한국지질자원연구원,12,일반인,1,0
202506,KIGAM,한국지질자원연구원,13,일반인,3,0
202506,KIGAM,한국지질자원연구원,14,일반인,1,0
202506,KIGAM,한국지질자원연구원,15,일반인,4,0
202506,KIGAM,한국지질자원연구원,16,일반인,17,2
202506,KIGAM,한국지질자원연구원,17,일반인,7,0
202506,KIGAM,한국지질자원연구원,18,일반인,37,0
202506,KIGAM,한국지질자원연구원,19,일반인,12,0
202506,KIGAM,한국지질자원연구원,20,일반인,23,0
202506,KIGAM,한국지질자원연구원,21,일반인,2,0
202506,KIGAM,한국지질자원연구원,22,일반인,1,0
202506,KINS,원자력안전기술원,06,일반인,1,293
202506,KINS,원자력안전기술원,07,일반인,4,310
202506,KINS,원자력안전기술원,08,일반인,13,823
202506,KINS,원자력안전기술원,09,일반인,2,469
202506,KINS,원자력안전기술원,10,일반인,7,171
202506,KINS,원자력안전기술원,11,일반인,17,202
202506,KINS,원자력안전기술원,12,일반인,7,226
202506,KINS,원자력안전기술원,13,일반인,11,270
202506,KINS,원자력안전기술원,14,일반인,22,193
202506,KINS,원자력안전기술원,15,일반인,28,167
202506,KINS,원자력안전기술원,16,일반인,38,161
202506,KINS,원자력안전기술원,17,일반인,83,127
202506,KINS,원자력안전기술원,18,일반인,142,125
202506,KINS,원자력안전기술원,19,일반인,69,113
202506,KINS,원자력안전기술원,20,일반인,44,120
202506,KINS,원자력안전기술원,21,일반인,49,122
202506,KINS,원자력안전기술원,22,일반인,49,108
202506,KINS,원자력안전기술원,23,일반인,46,30
202506,KINS,원자력안전기술원,11,어린이,0,2
202506,KINS,원자력안전기술원,13,어린이,1,5
202506,KINS,원자력안전기술원,14,어린이,0,5
202506,KINS,원자력안전기술원,17,어린이,1,1
202506,KINS,원자력안전기술원,08,청소년,0,4
202506,KINS,원자력안전기술원,09,청소년,0,5
202506,KINS,원자력안전기술원,10,청소년,0,7
202506,KINS,원자력안전기술원,11,청소년,0,2
202506,KINS,원자력안전기술원,12,청소년,0,12
202506,KINS,원자력안전기술원,13,청소년,1,19
202506,KINS,원자력안전기술원,14,청소년,0,12
202506,KINS,원자력안전기술원,15,청소년,1,8
202506,KINS,원자력안전기술원,16,청소년,3,17
202506,KINS,원자력안전기술원,17,청소년,1,21
202506,KINS,원자력안전기술원,18,청소년,2,11
202506,KINS,원자력안전기술원,19,청소년,1,13
202506,KINS,원자력안전기술원,20,청소년,0,16
202506,KINS,원자력안전기술원,21,청소년,0,13
202506,KINS,원자력안전기술원,22,청소년,0,28
202506,KINS,원자력안전기술원,23,청소년,0,9
202506,KINS,원자력안전기술원,06,경로,0,2
202506,KINS,원자력안전기술원,07,경로,0,3
202506,KINS,원자력안전기술원,08,경로,1,0
202506,KINS,원자력안전기술원,09,경로,0,4
202506,KINS,원자력안전기술원,10,경로,0,7
202506,KINS,원자력안전기술원,11,경로,0,3
202506,KINS,원자력안전기술원,12,경로,0,7
202506,KINS,원자력안전기술원,13,경로,1,3
202506,KINS,원자력안전기술원,14,경로,0,4
202506,KINS,원자력안전기술원,15,경로,1,5
202506,KINS,원자력안전기술원,16,경로,0,1
202506,KINS,원자력안전기술원,20,경로,1,0
202506,KINS,원자력안전기술원,07,장애인,0,3
202506,KINS,원자력안전기술원,09,장애인,0,2
202506,KINS,원자력안전기술원,06,국가유공자,0,6
202506,KINS,원자력안전기술원,07,국가유공자,0,1
202506,KINS,원자력안전기술원,17,국가유공자,0,2
202506,KINS,원자력안전기술원,10,일반인,1,0
202506,KINS,원자력안전기술원,11,일반인,3,0
202506,KINS,원자력안전기술원,12,일반인,2,0
202506,KINS,원자력안전기술원,13,일반인,2,0
202506,KINS,원자력안전기술원,14,일반인,1,0
202506,KINS,원자력안전기술원,15,일반인,2,0
202506,KINS,원자력안전기술원,16,일반인,6,0
202506,KINS,원자력안전기술원,17,일반인,12,0
202506,KINS,원자력안전기술원,18,일반인,31,0
202506,KINS,원자력안전기술원,19,일반인,3,0
202506,KINS,원자력안전기술원,20,일반인,5,0
202506,KINS,원자력안전기술원,21,일반인,3,0
202506,KINS,원자력안전기술원,22,일반인,10,0
202506,KAIST,한국과학기술원본관,06,일반인,2,0
202506,KAIST,한국과학기술원본관,07,일반인,5,13
202506,KAIST,한국과학기술원본관,08,일반인,9,21
202506,KAIST,한국과학기술원본관,09,일반인,17,17
202506,KAIST,한국과학기술원본관,10,일반인,8,4
202506,KAIST,한국과학기술원본관,11,일반인,8,5
202506,KAIST,한국과학기술원본관,12,일반인,31,20
202506,KAIST,한국과학기술원본관,13,일반인,15,6
202506,KAIST,한국과학기술원본관,14,일반인,54,11
202506,KAIST,한국과학기술원본관,15,일반인,36,11
202506,KAIST,한국과학기술원본관,16,일반인,45,3
202506,KAIST,한국과학기술원본관,17,일반인,59,13
202506,KAIST,한국과학기술원본관,18,일반인,156,6
202506,KAIST,한국과학기술원본관,19,일반인,99,15
202506,KAIST,한국과학기술원본관,20,일반인,54,6
202506,KAIST,한국과학기술원본관,21,일반인,81,6
202506,KAIST,한국과학기술원본관,22,일반인,53,0
202506,KAIST,한국과학기술원본관,07,청소년,1,0
202506,KAIST,한국과학기술원본관,09,청소년,3,0
202506,KAIST,한국과학기술원본관,12,청소년,6,0
202506,KAIST,한국과학기술원본관,13,청소년,2,0
202506,KAIST,한국과학기술원본관,14,청소년,2,0
202506,KAIST,한국과학기술원본관,15,청소년,2,0
202506,KAIST,한국과학기술원본관,16,청소년,4,0
202506,KAIST,한국과학기술원본관,17,청소년,3,0
202506,KAIST,한국과학기술원본관,18,청소년,3,0
202506,KAIST,한국과학기술원본관,19,청소년,2,1
202506,KAIST,한국과학기술원본관,20,청소년,0,2
202506,KAIST,한국과학기술원본관,21,청소년,2,1
202506,KAIST,한국과학기술원본관,22,청소년,7,0
202506,KAIST,한국과학기술원본관,12,경로,0,1
202506,KAIST,한국과학기술원본관,18,경로,1,0
202506,KAIST,한국과학기술원본관,19,장애인,1,0
202506,KAIST,한국과학기술원본관,06,일반인,0,1
202506,KAIST,한국과학기술원본관,07,일반인,0,8
202506,KAIST,한국과학기술원본관,08,일반인,1,37
202506,KAIST,한국과학기술원본관,09,일반인,0,54
202506,KAIST,한국과학기술원본관,10,일반인,0,21
202506,KAIST,한국과학기술원본관,11,일반인,0,41
202506,KAIST,한국과학기술원본관,12,일반인,0,37
202506,KAIST,한국과학기술원본관,13,일반인,0,39
202506,KAIST,한국과학기술원본관,14,일반인,0,15
202506,KAIST,한국과학기술원본관,15,일반인,0,8
202506,KAIST,한국과학기술원본관,16,일반인,0,10
202506,KAIST,한국과학기술원본관,17,일반인,0,19
202506,KAIST,한국과학기술원본관,18,일반인,0,15
202506,KAIST,한국과학기술원본관,19,일반인,0,21
202506,KAIST,한국과학기술원본관,20,일반인,0,16
202506,KAIST,한국과학기술원본관,21,일반인,0,24
202506,KAIST,한국과학기술원본관,22,일반인,0,13
202506,KAIST,한국과학기술원본관,09,청소년,0,2
202506,KAIST,한국과학기술원본관,10,청소년,0,1
202506,KAIST,한국과학기술원본관,11,청소년,0,1
202506,KAIST,한국과학기술원본관,13,청소년,0,1
202506,KAIST,한국과학기술원본관,14,청소년,0,1
202506,KAIST,한국과학기술원본관,17,청소년,0,3
202506,KAIST,한국과학기술원본관,18,청소년,0,2
202506,KAIST,한국과학기술원본관,19,청소년,0,1
202506,KAIST,한국과학기술원본관,20,청소년,0,1
202506,KAIST,한국과학기술원본관,21,청소년,0,2
202506,KAIST,한국과학기술원본관,19,경로,0,1
202506,KAIST,한국과학기술원본관,20,경로,0,1
202506,KIMM,한국기계연구원,06,일반인,13,15
202506,KIMM,한국기계연구원,07,일반인,1,13
202506,KIMM,한국기계연구원,08,일반인,3,48
202506,KIMM,한국기계연구원,09,일반인,4,37
202506,KIMM,한국기계연구원,10,일반인,0,14
202506,KIMM,한국기계연구원,11,일반인,3,7
202506,KIMM,한국기계연구원,12,일반인,3,3
202506,KIMM,한국기계연구원,13,일반인,7,10
202506,KIMM,한국기계연구원,14,일반인,22,10
202506,KIMM,한국기계연구원,15,일반인,16,7
202506,KIMM,한국기계연구원,16,일반인,3,3
202506,KIMM,한국기계연구원,17,일반인,5,2
202506,KIMM,한국기계연구원,18,일반인,41,3
202506,KIMM,한국기계연구원,19,일반인,12,3
202506,KIMM,한국기계연구원,20,일반인,6,3
202506,KIMM,한국기계연구원,21,일반인,7,5
202506,KIMM,한국기계연구원,22,일반인,1,5
202506,KIMM,한국기계연구원,11,어린이,0,1
202506,KIMM,한국기계연구원,09,청소년,0,3
202506,KIMM,한국기계연구원,11,청소년,1,0
202506,KIMM,한국기계연구원,12,청소년,1,0
202506,KIMM,한국기계연구원,13,청소년,0,1
202506,KIMM,한국기계연구원,15,청소년,0,1
202506,KIMM,한국기계연구원,17,청소년,1,0
202506,KIMM,한국기계연구원,21,청소년,1,0
202506,KIMM,한국기계연구원,07,경로,0,1
202506,KIMM,한국기계연구원,08,경로,0,2
202506,KIMM,한국기계연구원,10,경로,1,1
202506,KIMM,한국기계연구원,11,경로,1,0
202506,KIMM,한국기계연구원,12,경로,2,0
202506,KIMM,한국기계연구원,13,경로,1,1
202506,KIMM,한국기계연구원,14,경로,3,3
202506,KIMM,한국기계연구원,15,경로,2,1
202506,KIMM,한국기계연구원,16,경로,4,0
202506,KIMM,한국기계연구원,18,경로,3,0
202506,KIMM,한국기계연구원,19,경로,1,0
202506,KIMM,한국기계연구원,14,장애인,1,0
202506,KIMM,한국기계연구원,16,장애인,2,0
202506,KIMM,한국기계연구원,17,장애인,2,0
202506,KIER,한국에너지기술연구원,06,일반인,0,14
202506,KIER,한국에너지기술연구원,07,일반인,0,70
202506,KIER,한국에너지기술연구원,08,일반인,0,116
202506,KIER,한국에너지기술연구원,09,일반인,1,171
202506,KIER,한국에너지기술연구원,10,일반인,0,33
202506,KIER,한국에너지기술연구원,11,일반인,0,19
202506,KIER,한국에너지기술연구원,12,일반인,0,23
202506,KIER,한국에너지기술연구원,13,일반인,0,10
202506,KIER,한국에너지기술연구원,14,일반인,0,8
202506,KIER,한국에너지기술연구원,15,일반인,0,7
202506,KIER,한국에너지기술연구원,16,일반인,2,11
202506,KIER,한국에너지기술연구원,17,일반인,0,17
202506,KIER,한국에너지기술연구원,18,일반인,0,10
202506,KIER,한국에너지기술연구원,19,일반인,0,8
202506,KIER,한국에너지기술연구원,20,일반인,0,9
202506,KIER,한국에너지기술연구원,21,일반인,0,5
202506,KIER,한국에너지기술연구원,22,일반인,0,4
202506,KIER,한국에너지기술연구원,23,일반인,0,3
202506,KIER,한국에너지기술연구원,16,어린이,0,3
202506,KIER,한국에너지기술연구원,17,어린이,0,1
202506,KIER,한국에너지기술연구원,09,청소년,0,1
202506,KIER,한국에너지기술연구원,11,청소년,0,1
202506,KIER,한국에너지기술연구원,13,청소년,0,2
202506,KIER,한국에너지기술연구원,15,청소년,0,1
202506,KIER,한국에너지기술연구원,16,청소년,0,3
202506,KIER,한국에너지기술연구원,17,청소년,0,2
202506,KIER,한국에너지기술연구원,18,청소년,0,3
202506,KIER,한국에너지기술연구원,19,청소년,0,1
202506,KIER,한국에너지기술연구원,20,청소년,0,2
202506,KIER,한국에너지기술연구원,21,청소년,0,6
202506,KIER,한국에너지기술연구원,22,청소년,0,1
202506,KIER,한국에너지기술연구원,09,경로,1,0
202506,KIER,한국에너지기술연구원,11,경로,0,2
202506,KIER,한국에너지기술연구원,12,경로,0,2
202506,KIER,한국에너지기술연구원,15,경로,0,2
202506,KARI,한국항공우주연구원,06,일반인,0,103
202506,KARI,한국항공우주연구원,07,일반인,0,79
202506,KARI,한국항공우주연구원,08,일반인,9,152
202506,KARI,한국항공우주연구원,09,일반인,3,227
202506,KARI,한국항공우주연구원,10,일반인,2,30
202506,KARI,한국항공우주연구원,11,일반인,5,39
202506,KARI,한국항공우주연구원,12,일반인,5,89
202506,KARI,한국항공우주연구원,13,일반인,12,66
202506,KARI,한국항공우주연구원,14,일반인,13,50
202506,KARI,한국항공우주연구원,15,일반인,11,72
202506,KARI,한국항공우주연구원,16,일반인,27,68
202506,KARI,한국항공우주연구원,17,일반인,22,61
202506,KARI,한국항공우주연구원,18,일반인,58,87
202506,KARI,한국항공우주연구원,19,일반인,16,76
202506,KARI,한국항공우주연구원,20,일반인,6,92
202506,KARI,한국항공우주연구원,21,일반인,8,146
202506,KARI,한국항공우주연구원,22,일반인,3,96
202506,KARI,한국항공우주연구원,23,일반인,0,37
202506,KARI,한국항공우주연구원,12,청소년,0,1
202506,KARI,한국항공우주연구원,13,청소년,1,1
202506,KARI,한국항공우주연구원,14,청소년,1,2
202506,KARI,한국항공우주연구원,15,청소년,0,6
202506,KARI,한국항공우주연구원,16,청소년,4,3
202506,KARI,한국항공우주연구원,17,청소년,4,3
202506,KARI,한국항공우주연구원,18,청소년,1,4
202506,KARI,한국항공우주연구원,19,청소년,0,3
202506,KARI,한국항공우주연구원,20,청소년,0,7
202506,KARI,한국항공우주연구원,21,청소년,0,6
202506,KARI,한국항공우주연구원,22,청소년,0,9
202506,KARI,한국항공우주연구원,23,청소년,0,2
202506,KARI,한국항공우주연구원,06,경로,1,13
202506,KARI,한국항공우주연구원,07,경로,0,5
202506,KARI,한국항공우주연구원,08,경로,0,1
202506,KARI,한국항공우주연구원,09,경로,0,4
202506,KARI,한국항공우주연구원,10,경로,0,3
202506,KARI,한국항공우주연구원,11,경로,0,3
202506,KARI,한국항공우주연구원,12,경로,0,3
202506,KARI,한국항공우주연구원,13,경로,0,6
202506,KARI,한국항공우주연구원,14,경로,0,1
202506,KARI,한국항공우주연구원,15,경로,0,1
202506,KARI,한국항공우주연구원,16,경로,0,5
202506,KARI,한국항공우주연구원,17,경로,0,1
202506,KARI,한국항공우주연구원,18,경로,0,2
202506,KARI,한국항공우주연구원,19,경로,0,1
202506,KARI,한국항공우주연구원,20,경로,0,1
202506,KARI,한국항공우주연구원,21,경로,0,1
202506,KARI,한국항공우주연구원,07,장애인,0,1
202506,KARI,한국항공우주연구원,06,국가유공자,1,2
202506,KARI,한국항공우주연구원,07,국가유공자,0,10
202506,KIER,한국에너지기술연구원,06,일반인,0,59
202506,KIER,한국에너지기술연구원,07,일반인,0,119
202506,KIER,한국에너지기술연구원,08,일반인,3,259
202506,KIER,한국에너지기술연구원,09,일반인,2,217
202506,KIER,한국에너지기술연구원,10,일반인,1,29
202506,KIER,한국에너지기술연구원,11,일반인,2,43
202506,KIER,한국에너지기술연구원,12,일반인,1,52
202506,KIER,한국에너지기술연구원,13,일반인,1,68
202506,KIER,한국에너지기술연구원,14,일반인,0,45
202506,KIER,한국에너지기술연구원,15,일반인,1,62
202506,KIER,한국에너지기술연구원,16,일반인,2,99
202506,KIER,한국에너지기술연구원,17,일반인,4,59
202506,KIER,한국에너지기술연구원,18,일반인,16,130
202506,KIER,한국에너지기술연구원,19,일반인,3,92
202506,KIER,한국에너지기술연구원,20,일반인,0,39
202506,KIER,한국에너지기술연구원,21,일반인,1,38
202506,KIER,한국에너지기술연구원,22,일반인,1,33
202506,KIER,한국에너지기술연구원,23,일반인,0,4
202506,KIER,한국에너지기술연구원,13,어린이,0,2
202506,KIER,한국에너지기술연구원,15,어린이,0,1
202506,KIER,한국에너지기술연구원,22,어린이,0,2
202506,KIER,한국에너지기술연구원,13,청소년,0,5
202506,KIER,한국에너지기술연구원,14,청소년,0,2
202506,KIER,한국에너지기술연구원,15,청소년,0,2
202506,KIER,한국에너지기술연구원,16,청소년,0,11
202506,KIER,한국에너지기술연구원,17,청소년,0,11
202506,KIER,한국에너지기술연구원,18,청소년,0,4
202506,KIER,한국에너지기술연구원,19,청소년,0,1
202506,KIER,한국에너지기술연구원,20,청소년,0,7
202506,KIER,한국에너지기술연구원,21,청소년,0,9
202506,KIER,한국에너지기술연구원,22,청소년,0,8
202506,KIER,한국에너지기술연구원,06,경로,0,2
202506,KIER,한국에너지기술연구원,07,경로,0,5
202506,KIER,한국에너지기술연구원,08,경로,0,13
202506,KIER,한국에너지기술연구원,09,경로,0,6
202506,KIER,한국에너지기술연구원,10,경로,0,2
202506,KIER,한국에너지기술연구원,11,경로,0,1
202506,KIER,한국에너지기술연구원,12,경로,0,7
202506,KIER,한국에너지기술연구원,13,경로,0,4
202506,KIER,한국에너지기술연구원,15,경로,1,0
202506,KIER,한국에너지기술연구원,16,경로,0,1
202506,KIER,한국에너지기술연구원,18,경로,0,2
202506,KIER,한국에너지기술연구원,19,경로,0,1
202506,KIER,한국에너지기술연구원,20,경로,0,1
202506,KIER,한국에너지기술연구원,07,장애인,0,2
202506,KIER,한국에너지기술연구원,14,장애인,0,1
202506,KIER,한국에너지기술연구원,06,국가유공자,0,1
202506,KIER,한국에너지기술연구원,19,국가유공자,0,1
202506,KIMM,한국기계연구원,05,일반인,1,0
202506,KIMM,한국기계연구원,06,일반인,63,0
202506,KIMM,한국기계연구원,07,일반인,44,0
202506,KIMM,한국기계연구원,08,일반인,63,1
202506,KIMM,한국기계연구원,09,일반인,38,0
202506,KIMM,한국기계연구원,10,일반인,33,0
202506,KIMM,한국기계연구원,11,일반인,28,0
202506,KIMM,한국기계연구원,12,일반인,26,0
202506,KIMM,한국기계연구원,13,일반인,32,1
202506,KIMM,한국기계연구원,14,일반인,55,0
202506,KIMM,한국기계연구원,15,일반인,101,5
202506,KIMM,한국기계연구원,16,일반인,77,0
202506,KIMM,한국기계연구원,17,일반인,114,1
202506,KIMM,한국기계연구원,18,일반인,162,1
202506,KIMM,한국기계연구원,19,일반인,71,2
202506,KIMM,한국기계연구원,20,일반인,51,0
202506,KIMM,한국기계연구원,21,일반인,54,0
202506,KIMM,한국기계연구원,22,일반인,6,0
202506,KIMM,한국기계연구원,11,어린이,1,0
202506,KIMM,한국기계연구원,09,청소년,2,0
202506,KIMM,한국기계연구원,12,청소년,1,0
202506,KIMM,한국기계연구원,13,청소년,3,0
202506,KIMM,한국기계연구원,14,청소년,1,0
202506,KIMM,한국기계연구원,15,청소년,2,0
202506,KIMM,한국기계연구원,16,청소년,5,0
202506,KIMM,한국기계연구원,17,청소년,6,0
202506,KIMM,한국기계연구원,18,청소년,6,0
202506,KIMM,한국기계연구원,21,청소년,1,0
202506,KIMM,한국기계연구원,06,경로,1,0
202506,KIMM,한국기계연구원,08,경로,1,0
202506,KIMM,한국기계연구원,10,경로,1,0
202506,KIMM,한국기계연구원,11,경로,1,0
202506,KIMM,한국기계연구원,12,경로,4,0
202506,KIMM,한국기계연구원,13,경로,3,0
202506,KIMM,한국기계연구원,14,경로,5,1
202506,KIMM,한국기계연구원,15,경로,8,0
202506,KIMM,한국기계연구원,16,경로,4,0
202506,KIMM,한국기계연구원,17,경로,3,0
202506,KIMM,한국기계연구원,18,경로,7,0
202506,KIMM,한국기계연구원,19,경로,3,0
202506,KIMM,한국기계연구원,20,경로,10,0
202506,KIMM,한국기계연구원,21,경로,1,0
202506,KIMM,한국기계연구원,16,장애인,9,0
202506,KIMM,한국기계연구원,17,장애인,2,0
202506,KIMM,한국기계연구원,06,국가유공자,1,0
202506,KARI,한국항공우주연구원,05,일반인,0,1
202506,KARI,한국항공우주연구원,06,일반인,21,63
202506,KARI,한국항공우주연구원,07,일반인,32,15
202506,KARI,한국항공우주연구원,08,일반인,46,109
202506,KARI,한국항공우주연구원,09,일반인,50,133
202506,KARI,한국항공우주연구원,10,일반인,81,19
202506,KARI,한국항공우주연구원,11,일반인,75,9
202506,KARI,한국항공우주연구원,12,일반인,80,10
202506,KARI,한국항공우주연구원,13,일반인,86,13
202506,KARI,한국항공우주연구원,14,일반인,110,10
202506,KARI,한국항공우주연구원,15,일반인,159,15
202506,KARI,한국항공우주연구원,16,일반인,214,10
202506,KARI,한국항공우주연구원,17,일반인,328,4
202506,KARI,한국항공우주연구원,18,일반인,357,10
202506,KARI,한국항공우주연구원,19,일반인,232,2
202506,KARI,한국항공우주연구원,20,일반인,100,4
202506,KARI,한국항공우주연구원,21,일반인,75,5
202506,KARI,한국항공우주연구원,22,일반인,27,6
202506,KARI,한국항공우주연구원,15,어린이,1,0
202506,KARI,한국항공우주연구원,06,청소년,1,0
202506,KARI,한국항공우주연구원,07,청소년,1,0
202506,KARI,한국항공우주연구원,09,청소년,1,0
202506,KARI,한국항공우주연구원,10,청소년,4,0
202506,KARI,한국항공우주연구원,11,청소년,2,0
202506,KARI,한국항공우주연구원,12,청소년,3,0
202506,KARI,한국항공우주연구원,13,청소년,1,0
202506,KARI,한국항공우주연구원,14,청소년,3,0
202506,KARI,한국항공우주연구원,15,청소년,4,0
202506,KARI,한국항공우주연구원,16,청소년,3,1
202506,KARI,한국항공우주연구원,17,청소년,6,1
202506,KARI,한국항공우주연구원,18,청소년,3,0
202506,KARI,한국항공우주연구원,19,청소년,5,1
202506,KARI,한국항공우주연구원,21,청소년,1,1
202506,KARI,한국항공우주연구원,22,청소년,1,1
202506,KARI,한국항공우주연구원,07,경로,1,0
202506,KARI,한국항공우주연구원,08,경로,2,0
202506,KARI,한국항공우주연구원,09,경로,2,0
202506,KARI,한국항공우주연구원,10,경로,4,0
202506,KARI,한국항공우주연구원,11,경로,1,0
202506,KARI,한국항공우주연구원,12,경로,1,0
202506,KARI,한국항공우주연구원,13,경로,2,0
202506,KARI,한국항공우주연구원,14,경로,5,0
202506,KARI,한국항공우주연구원,15,경로,3,0
202506,KARI,한국항공우주연구원,16,경로,8,0
202506,KARI,한국항공우주연구원,17,경로,1,0
202506,KARI,한국항공우주연구원,13,장애인,1,0
202506,KARI,한국항공우주연구원,15,장애인,2,0
202506,KARI,한국항공우주연구원,06,국가유공자,0,1
202506,KARI,한국항공우주연구원,09,국가유공자,1,0
202506,KARI,한국항공우주연구원,16,국가유공자,6,0
202506,KARI,한국항공우주연구원,17,국가유공자,1,0
202506,KARI,한국항공우주연구원,18,국가유공자,3,0
202506,KARI,한국항공우주연구원,19,국가유공자,1,0
202506,KARI,한국항공우주연구원,21,국가유공자,1,0
202506,KIER,한국에너지기술연구원,06,일반인,2,0
202506,KIER,한국에너지기술연구원,07,일반인,1,2
202506,KIER,한국에너지기술연구원,09,일반인,1,1
202506,KIER,한국에너지기술연구원,11,일반인,1,0
202506,KIER,한국에너지기술연구원,15,일반인,3,0
202506,KIER,한국에너지기술연구원,16,일반인,6,0
202506,KIER,한국에너지기술연구원,17,일반인,16,0
202506,KIER,한국에너지기술연구원,18,일반인,10,0
202506,KIER,한국에너지기술연구원,19,일반인,3,0
202506,KIER,한국에너지기술연구원,20,일반인,3,0
202506,KIER,한국에너지기술연구원,21,일반인,2,0
202506,KIER,한국에너지기술연구원,22,일반인,1,0
202506,KIER,한국에너지기술연구원,17,어린이,1,0
202506,KIER,한국에너지기술연구원,05,일반인,1,0
202506,KIER,한국에너지기술연구원,06,일반인,7,0
202506,KIER,한국에너지기술연구원,07,일반인,14,6
202506,KIER,한국에너지기술연구원,08,일반인,9,4
202506,KIER,한국에너지기술연구원,09,일반인,30,6
202506,KIER,한국에너지기술연구원,10,일반인,26,1
202506,KIER,한국에너지기술연구원,11,일반인,25,5
202506,KIER,한국에너지기술연구원,12,일반인,26,1
202506,KIER,한국에너지기술연구원,13,일반인,14,0
202506,KIER,한국에너지기술연구원,14,일반인,30,2
202506,KIER,한국에너지기술연구원,15,일반인,40,0
202506,KIER,한국에너지기술연구원,16,일반인,74,1
202506,KIER,한국에너지기술연구원,17,일반인,119,0
202506,KIER,한국에너지기술연구원,18,일반인,89,0
202506,KIER,한국에너지기술연구원,19,일반인,42,0
202506,KIER,한국에너지기술연구원,20,일반인,16,0
202506,KIER,한국에너지기술연구원,21,일반인,20,0
202506,KIER,한국에너지기술연구원,22,일반인,7,0
202506,KIER,한국에너지기술연구원,17,어린이,2,0
202506,KIER,한국에너지기술연구원,05,청소년,1,0
202506,KIER,한국에너지기술연구원,07,청소년,2,0
202506,KIER,한국에너지기술연구원,09,청소년,2,0
202506,KIER,한국에너지기술연구원,10,청소년,0,1
202506,KIER,한국에너지기술연구원,11,청소년,2,0
202506,KIER,한국에너지기술연구원,12,청소년,1,0
202506,KIER,한국에너지기술연구원,13,청소년,2,0
202506,KIER,한국에너지기술연구원,14,청소년,2,0
202506,KIER,한국에너지기술연구원,15,청소년,1,0
202506,KIER,한국에너지기술연구원,16,청소년,2,0
202506,KIER,한국에너지기술연구원,17,청소년,3,0
202506,KIER,한국에너지기술연구원,19,청소년,5,0
202506,KIER,한국에너지기술연구원,20,청소년,1,0
202506,KIER,한국에너지기술연구원,21,청소년,1,0
202506,KIER,한국에너지기술연구원,22,청소년,1,0
202506,KIER,한국에너지기술연구원,05,경로,1,0
202506,KIER,한국에너지기술연구원,06,경로,0,1
202506,KIER,한국에너지기술연구원,10,경로,1,1
202506,KIER,한국에너지기술연구원,11,경로,1,0
202506,KIER,한국에너지기술연구원,13,경로,0,1
202506,KIER,한국에너지기술연구원,15,경로,1,0
202506,KIER,한국에너지기술연구원,16,경로,1,0
202506,KIER,한국에너지기술연구원,17,경로,2,0
202506,KIER,한국에너지기술연구원,18,경로,1,0
202506,KIER,한국에너지기술연구원,19,경로,2,0
202506,KIER,한국에너지기술연구원,21,경로,4,0
202506,KIER,한국에너지기술연구원,22,경로,1,0
202506,KIER,한국에너지기술연구원,05,일반인,1,8
202506,KIER,한국에너지기술연구원,06,일반인,32,62
202506,KIER,한국에너지기술연구원,07,일반인,9,92
202506,KIER,한국에너지기술연구원,08,일반인,28,209
202506,KIER,한국에너지기술연구원,09,일반인,23,268
202506,KIER,한국에너지기술연구원,10,일반인,10,58
202506,KIER,한국에너지기술연구원,11,일반인,15,37
202506,KIER,한국에너지기술연구원,12,일반인,33,53
202506,KIER,한국에너지기술연구원,13,일반인,21,40
202506,KIER,한국에너지기술연구원,14,일반인,26,35
202506,KIER,한국에너지기술연구원,15,일반인,56,39
202506,KIER,한국에너지기술연구원,16,일반인,89,20
202506,KIER,한국에너지기술연구원,17,일반인,86,26
202506,KIER,한국에너지기술연구원,18,일반인,155,24
202506,KIER,한국에너지기술연구원,19,일반인,46,38
202506,KIER,한국에너지기술연구원,20,일반인,27,26
202506,KIER,한국에너지기술연구원,21,일반인,10,21
202506,KIER,한국에너지기술연구원,22,일반인,9,25
202506,KIER,한국에너지기술연구원,23,일반인,3,4
202506,KIER,한국에너지기술연구원,22,어린이,1,0
202506,KIER,한국에너지기술연구원,07,청소년,0,1
202506,KIER,한국에너지기술연구원,09,청소년,1,0
202506,KIER,한국에너지기술연구원,12,청소년,0,1
202506,KIER,한국에너지기술연구원,13,청소년,1,0
202506,KIER,한국에너지기술연구원,14,청소년,4,2
202506,KIER,한국에너지기술연구원,15,청소년,2,0
202506,KIER,한국에너지기술연구원,16,청소년,6,0
202506,KIER,한국에너지기술연구원,17,청소년,12,0
202506,KIER,한국에너지기술연구원,19,청소년,1,0
202506,KIER,한국에너지기술연구원,20,청소년,3,0
202506,KIER,한국에너지기술연구원,21,청소년,0,1
202506,KIER,한국에너지기술연구원,22,청소년,1,0
202506,KIER,한국에너지기술연구원,05,경로,0,9
202506,KIER,한국에너지기술연구원,06,경로,1,8
202506,KIER,한국에너지기술연구원,07,경로,1,6
202506,KIER,한국에너지기술연구원,08,경로,0,1
202506,KIER,한국에너지기술연구원,09,경로,1,1
202506,KIER,한국에너지기술연구원,10,경로,2,1
202506,KIER,한국에너지기술연구원,11,경로,4,0
202506,KIER,한국에너지기술연구원,12,경로,3,2
202506,KIER,한국에너지기술연구원,13,경로,2,0
202506,KIER,한국에너지기술연구원,14,경로,0,1
202506,KIER,한국에너지기술연구원,15,경로,3,0
202506,KIER,한국에너지기술연구원,16,경로,3,1
202506,KIER,한국에너지기술연구원,20,경로,2,0
202506,KIER,한국에너지기술연구원,06,국가유공자,2,0
202506,KIER,한국에너지기술연구원,17,국가유공자,1,0
202506,KIER,한국에너지기술연구원,20,국가유공자,1,0
202506,KIMM,한국기계연구원,05,일반인,2,16
202506,KIMM,한국기계연구원,06,일반인,11,127
202506,KIMM,한국기계연구원,07,일반인,14,145
202506,KIMM,한국기계연구원,08,일반인,7,298
202506,KIMM,한국기계연구원,09,일반인,6,91
202506,KIMM,한국기계연구원,10,일반인,11,39
202506,KIMM,한국기계연구원,11,일반인,13,25
202506,KIMM,한국기계연구원,12,일반인,19,40
202506,KIMM,한국기계연구원,13,일반인,27,40
202506,KIMM,한국기계연구원,14,일반인,40,30
202506,KIMM,한국기계연구원,15,일반인,41,47
202506,KIMM,한국기계연구원,16,일반인,57,69
202506,KIMM,한국기계연구원,17,일반인,50,71
202506,KIMM,한국기계연구원,18,일반인,86,155
202506,KIMM,한국기계연구원,19,일반인,33,79
202506,KIMM,한국기계연구원,20,일반인,21,53
202506,KIMM,한국기계연구원,21,일반인,28,66
202506,KIMM,한국기계연구원,22,일반인,38,36
202506,KIMM,한국기계연구원,23,일반인,11,10
202506,KIMM,한국기계연구원,06,청소년,0,1
202506,KIMM,한국기계연구원,07,청소년,0,1
202506,KIMM,한국기계연구원,09,청소년,0,2
202506,KIMM,한국기계연구원,10,청소년,1,2
202506,KIMM,한국기계연구원,12,청소년,1,4
202506,KIMM,한국기계연구원,13,청소년,3,4
202506,KIMM,한국기계연구원,14,청소년,1,3
202506,KIMM,한국기계연구원,15,청소년,0,5
202506,KIMM,한국기계연구원,16,청소년,0,15
202506,KIMM,한국기계연구원,17,청소년,0,19
202506,KIMM,한국기계연구원,18,청소년,0,10
202506,KIMM,한국기계연구원,19,청소년,1,1
202506,KIMM,한국기계연구원,21,청소년,0,8
202506,KIMM,한국기계연구원,22,청소년,0,14
202506,KIMM,한국기계연구원,23,청소년,0,1
202506,KIMM,한국기계연구원,05,경로,1,6
202506,KIMM,한국기계연구원,06,경로,2,4
202506,KIMM,한국기계연구원,07,경로,2,1
202506,KIMM,한국기계연구원,08,경로,0,3
202506,KIMM,한국기계연구원,09,경로,0,3
202506,KIMM,한국기계연구원,10,경로,2,7
202506,KIMM,한국기계연구원,11,경로,0,4
202506,KIMM,한국기계연구원,12,경로,1,9
202506,KIMM,한국기계연구원,13,경로,0,2
202506,KIMM,한국기계연구원,14,경로,0,4
202506,KIMM,한국기계연구원,15,경로,10,1
202506,KIMM,한국기계연구원,16,경로,2,4
202506,KIMM,한국기계연구원,17,경로,2,3
202506,KIMM,한국기계연구원,18,경로,0,5
202506,KIMM,한국기계연구원,19,경로,10,8
202506,KIMM,한국기계연구원,20,경로,1,8
202506,KIMM,한국기계연구원,22,경로,0,1
202506,KIMM,한국기계연구원,08,장애인,0,3
202506,KIMM,한국기계연구원,16,장애인,2,0
202506,KIMM,한국기계연구원,05,국가유공자,0,1
202506,KIMM,한국기계연구원,17,국가유공자,0,2
202506,KIER,한국에너지기술연구원,05,일반인,0,1
202506,KIER,한국에너지기술연구원,06,일반인,1,14
202506,KIER,한국에너지기술연구원,07,일반인,2,50
202506,KIER,한국에너지기술연구원,08,일반인,3,195
202506,KIER,한국에너지기술연구원,09,일반인,3,185
202506,KIER,한국에너지기술연구원,10,일반인,5,41
202506,KIER,한국에너지기술연구원,11,일반인,7,10
202506,KIER,한국에너지기술연구원,12,일반인,9,12
202506,KIER,한국에너지기술연구원,13,일반인,13,10
202506,KIER,한국에너지기술연구원,14,일반인,14,15
202506,KIER,한국에너지기술연구원,15,일반인,15,18
202506,KIER,한국에너지기술연구원,16,일반인,18,16
202506,KIER,한국에너지기술연구원,17,일반인,11,11
202506,KIER,한국에너지기술연구원,18,일반인,46,16
202506,KIER,한국에너지기술연구원,19,일반인,26,15
202506,KIER,한국에너지기술연구원,20,일반인,11,20
202506,KIER,한국에너지기술연구원,21,일반인,9,18
202506,KIER,한국에너지기술연구원,22,일반인,6,32
202506,KIER,한국에너지기술연구원,13,어린이,2,0
202506,KIER,한국에너지기술연구원,19,어린이,0,1
202506,KIER,한국에너지기술연구원,22,어린이,1,0
202506,KIER,한국에너지기술연구원,07,청소년,1,0
202506,KIER,한국에너지기술연구원,13,청소년,4,0
202506,KIER,한국에너지기술연구원,15,청소년,2,3
202506,KIER,한국에너지기술연구원,16,청소년,7,0
202506,KIER,한국에너지기술연구원,17,청소년,8,0
202506,KIER,한국에너지기술연구원,18,청소년,6,0
202506,KIER,한국에너지기술연구원,19,청소년,1,1
202506,KIER,한국에너지기술연구원,20,청소년,5,0
202506,KIER,한국에너지기술연구원,21,청소년,12,0
202506,KIER,한국에너지기술연구원,22,청소년,8,0
202506,KIER,한국에너지기술연구원,06,경로,1,10
202506,KIER,한국에너지기술연구원,07,경로,0,2
202506,KIER,한국에너지기술연구원,08,경로,0,3
202506,KIER,한국에너지기술연구원,09,경로,0,1
202506,KIER,한국에너지기술연구원,11,경로,0,1
202506,KIER,한국에너지기술연구원,19,경로,0,1
202506,KIER,한국에너지기술연구원,14,장애인,1,0
202506,KIMM,한국기계연구원,05,일반인,0,2
202506,KIMM,한국기계연구원,06,일반인,1,9
202506,KIMM,한국기계연구원,07,일반인,1,8
202506,KIMM,한국기계연구원,08,일반인,2,1
202506,KIMM,한국기계연구원,09,일반인,3,4
202506,KIMM,한국기계연구원,10,일반인,1,6
202506,KIMM,한국기계연구원,11,일반인,2,13
202506,KIMM,한국기계연구원,12,일반인,4,11
202506,KIMM,한국기계연구원,13,일반인,16,13
202506,KIMM,한국기계연구원,14,일반인,35,11
202506,KIMM,한국기계연구원,15,일반인,12,12
202506,KIMM,한국기계연구원,16,일반인,42,10
202506,KIMM,한국기계연구원,17,일반인,35,5
202506,KIMM,한국기계연구원,18,일반인,74,11
202506,KIMM,한국기계연구원,19,일반인,28,4
202506,KIMM,한국기계연구원,20,일반인,18,6
202506,KIMM,한국기계연구원,21,일반인,12,8
202506,KIMM,한국기계연구원,22,일반인,6,4
202506,KIMM,한국기계연구원,06,청소년,0,1
202506,KIMM,한국기계연구원,07,청소년,0,7
202506,KIMM,한국기계연구원,08,청소년,0,10
202506,KIMM,한국기계연구원,09,청소년,0,2
202506,KIMM,한국기계연구원,11,청소년,0,2
202506,KIMM,한국기계연구원,13,청소년,0,3
202506,KIMM,한국기계연구원,15,청소년,0,3
202506,KIMM,한국기계연구원,18,청소년,0,1
202506,KIMM,한국기계연구원,19,청소년,0,1
202506,KIMM,한국기계연구원,21,청소년,0,1
202506,KIMM,한국기계연구원,09,경로,1,0
202506,KIMM,한국기계연구원,11,경로,0,2
202506,KIMM,한국기계연구원,12,경로,0,2
202506,KIMM,한국기계연구원,13,경로,0,1
202506,KIMM,한국기계연구원,14,경로,3,1
202506,KIMM,한국기계연구원,15,경로,0,2
202506,KIMM,한국기계연구원,16,경로,2,0
202506,KIMM,한국기계연구원,17,경로,5,0
202506,KIMM,한국기계연구원,18,경로,13,0
202506,KIMM,한국기계연구원,19,경로,11,0
202506,KIMM,한국기계연구원,21,경로,0,1
202506,KIMM,한국기계연구원,16,장애인,8,0
202506,KARI,한국항공우주연구원,08,일반인,2,0
202506,KARI,한국항공우주연구원,09,일반인,1,0
202506,KARI,한국항공우주연구원,10,일반인,1,0
202506,KARI,한국항공우주연구원,11,일반인,1,0
202506,KARI,한국항공우주연구원,12,일반인,4,0
202506,KARI,한국항공우주연구원,13,일반인,3,0
202506,KARI,한국항공우주연구원,14,일반인,1,0
202506,KARI,한국항공우주연구원,15,일반인,6,1
202506,KARI,한국항공우주연구원,16,일반인,27,1
202506,KARI,한국항공우주연구원,17,일반인,7,0
202506,KARI,한국항공우주연구원,18,일반인,19,1
202506,KARI,한국항공우주연구원,19,일반인,7,0
202506,KARI,한국항공우주연구원,20,일반인,6,1
202506,KARI,한국항공우주연구원,21,일반인,9,0
202506,KARI,한국항공우주연구원,22,일반인,4,1
202506,KARI,한국항공우주연구원,14,청소년,1,0
202506,KARI,한국항공우주연구원,16,청소년,1,0
202506,KARI,한국항공우주연구원,06,국가유공자,1,0
202506,KARI,한국항공우주연구원,16,국가유공자,1,0
202506,KIER,한국에너지기술연구원,06,일반인,1,0
202506,KIER,한국에너지기술연구원,08,일반인,12,0
202506,KIER,한국에너지기술연구원,09,일반인,11,0
202506,KIER,한국에너지기술연구원,10,일반인,3,0
202506,KIER,한국에너지기술연구원,11,일반인,6,1
202506,KIER,한국에너지기술연구원,12,일반인,2,0
202506,KIER,한국에너지기술연구원,13,일반인,7,1
202506,KIER,한국에너지기술연구원,14,일반인,3,1
202506,KIER,한국에너지기술연구원,15,일반인,13,2
202506,KIER,한국에너지기술연구원,16,일반인,22,25
202506,KIER,한국에너지기술연구원,17,일반인,20,5
202506,KIER,한국에너지기술연구원,18,일반인,39,15
202506,KIER,한국에너지기술연구원,19,일반인,13,2
202506,KIER,한국에너지기술연구원,20,일반인,9,0
202506,KIER,한국에너지기술연구원,22,일반인,3,1
202506,KIER,한국에너지기술연구원,13,청소년,1,0
202506,KIER,한국에너지기술연구원,16,청소년,1,0
202506,KIER,한국에너지기술연구원,06,경로,14,0
202506,KIER,한국에너지기술연구원,13,경로,1,0
202506,KIER,한국에너지기술연구원,06,국가유공자,0,1
202506,KIER,한국에너지기술연구원,16,국가유공자,0,1
202506,ETRI,한국전자통신연구원,06,일반인,4,11
202506,ETRI,한국전자통신연구원,07,일반인,6,50
202506,ETRI,한국전자통신연구원,08,일반인,1,247
202506,ETRI,한국전자통신연구원,09,일반인,3,136
202506,ETRI,한국전자통신연구원,10,일반인,7,61
202506,ETRI,한국전자통신연구원,11,일반인,8,23
202506,ETRI,한국전자통신연구원,12,일반인,16,16
202506,ETRI,한국전자통신연구원,13,일반인,7,12
202506,ETRI,한국전자통신연구원,14,일반인,18,15
202506,ETRI,한국전자통신연구원,15,일반인,16,9
202506,ETRI,한국전자통신연구원,16,일반인,40,10
202506,ETRI,한국전자통신연구원,17,일반인,114,9
202506,ETRI,한국전자통신연구원,18,일반인,63,10
202506,ETRI,한국전자통신연구원,19,일반인,61,9
202506,ETRI,한국전자통신연구원,20,일반인,18,8
202506,ETRI,한국전자통신연구원,21,일반인,30,6
202506,ETRI,한국전자통신연구원,22,일반인,14,6
202506,ETRI,한국전자통신연구원,23,일반인,1,0
202506,ETRI,한국전자통신연구원,09,청소년,0,1
202506,ETRI,한국전자통신연구원,10,청소년,2,0
202506,ETRI,한국전자통신연구원,13,청소년,1,0
202506,ETRI,한국전자통신연구원,15,청소년,1,0
202506,ETRI,한국전자통신연구원,21,청소년,1,0
202506,ETRI,한국전자통신연구원,11,경로,1,0
202506,ETRI,한국전자통신연구원,14,경로,0,1
202506,ETRI,한국전자통신연구원,16,경로,0,2
202506,ETRI,한국전자통신연구원,09,국가유공자,0,1
202506,ETRI,한국전자통신연구원,05,일반인,10,1
202506,ETRI,한국전자통신연구원,06,일반인,3,1
202506,ETRI,한국전자통신연구원,07,일반인,13,0
202506,ETRI,한국전자통신연구원,08,일반인,20,0
202506,ETRI,한국전자통신연구원,09,일반인,28,0
202506,ETRI,한국전자통신연구원,10,일반인,26,1
202506,ETRI,한국전자통신연구원,11,일반인,42,2
202506,ETRI,한국전자통신연구원,12,일반인,28,1
202506,ETRI,한국전자통신연구원,13,일반인,32,2
202506,ETRI,한국전자통신연구원,14,일반인,82,1
202506,ETRI,한국전자통신연구원,15,일반인,124,1
202506,ETRI,한국전자통신연구원,16,일반인,296,3
202506,ETRI,한국전자통신연구원,17,일반인,572,7
202506,ETRI,한국전자통신연구원,18,일반인,462,10
202506,ETRI,한국전자통신연구원,19,일반인,180,1
202506,ETRI,한국전자통신연구원,20,일반인,82,1
202506,ETRI,한국전자통신연구원,21,일반인,30,1
202506,ETRI,한국전자통신연구원,22,일반인,40,0
202506,ETRI,한국전자통신연구원,07,청소년,1,0
202506,ETRI,한국전자통신연구원,12,청소년,1,0
202506,ETRI,한국전자통신연구원,13,청소년,0,1
202506,ETRI,한국전자통신연구원,14,청소년,4,0
202506,ETRI,한국전자통신연구원,15,청소년,1,0
202506,ETRI,한국전자통신연구원,16,청소년,2,0
202506,ETRI,한국전자통신연구원,18,청소년,1,0
202506,ETRI,한국전자통신연구원,19,청소년,1,0
202506,ETRI,한국전자통신연구원,20,청소년,1,0
202506,ETRI,한국전자통신연구원,09,경로,1,0
202506,ETRI,한국전자통신연구원,10,경로,3,0
202506,ETRI,한국전자통신연구원,11,경로,1,0
202506,ETRI,한국전자통신연구원,12,경로,1,0
202506,ETRI,한국전자통신연구원,13,경로,2,0
202506,ETRI,한국전자통신연구원,15,경로,1,0
202506,ETRI,한국전자통신연구원,16,경로,3,0
202506,ETRI,한국전자통신연구원,17,경로,3,0
202506,ETRI,한국전자통신연구원,18,경로,1,0
202506,ETRI,한국전자통신연구원,18,장애인,1,0
202506,ETRI,한국전자통신연구원,07,일반인,1,5
202506,ETRI,한국전자통신연구원,08,일반인,0,11
202506,ETRI,한국전자통신연구원,09,일반인,1,2
202506,ETRI,한국전자통신연구원,10,일반인,4,3
202506,ETRI,한국전자통신연구원,11,일반인,3,0
202506,ETRI,한국전자통신연구원,12,일반인,2,0
202506,ETRI,한국전자통신연구원,14,일반인,3,0
202506,ETRI,한국전자통신연구원,15,일반인,8,1
202506,ETRI,한국전자통신연구원,16,일반인,14,0
202506,ETRI,한국전자통신연구원,17,일반인,15,1
202506,ETRI,한국전자통신연구원,18,일반인,18,2
202506,ETRI,한국전자통신연구원,19,일반인,15,1
202506,ETRI,한국전자통신연구원,20,일반인,2,0
202506,ETRI,한국전자통신연구원,21,일반인,4,0
202506,ETRI,한국전자통신연구원,13,경로,1,0
202506,ETRI,한국전자통신연구원,20,경로,1,0
202506,ETRI,한국전자통신연구원,05,일반인,2,1
202506,ETRI,한국전자통신연구원,06,일반인,1,0
202506,ETRI,한국전자통신연구원,07,일반인,7,16
202506,ETRI,한국전자통신연구원,08,일반인,6,110
202506,ETRI,한국전자통신연구원,09,일반인,17,56
202506,ETRI,한국전자통신연구원,10,일반인,19,19
202506,ETRI,한국전자통신연구원,11,일반인,35,15
202506,ETRI,한국전자통신연구원,12,일반인,19,2
202506,ETRI,한국전자통신연구원,13,일반인,24,10
202506,ETRI,한국전자통신연구원,14,일반인,55,2
202506,ETRI,한국전자통신연구원,15,일반인,94,3
202506,ETRI,한국전자통신연구원,16,일반인,112,3
202506,ETRI,한국전자통신연구원,17,일반인,179,8
202506,ETRI,한국전자통신연구원,18,일반인,92,6
202506,ETRI,한국전자통신연구원,19,일반인,118,5
202506,ETRI,한국전자통신연구원,20,일반인,21,1
202506,ETRI,한국전자통신연구원,21,일반인,25,2
202506,ETRI,한국전자통신연구원,22,일반인,16,0
202506,ETRI,한국전자통신연구원,10,청소년,1,0
202506,ETRI,한국전자통신연구원,12,청소년,0,1
202506,ETRI,한국전자통신연구원,14,청소년,1,1
202506,ETRI,한국전자통신연구원,17,청소년,2,0
202506,ETRI,한국전자통신연구원,18,청소년,1,1
202506,ETRI,한국전자통신연구원,10,경로,2,0
202506,ETRI,한국전자통신연구원,12,경로,2,1
202506,ETRI,한국전자통신연구원,13,경로,1,1
202506,ETRI,한국전자통신연구원,15,경로,2,2
202506,ETRI,한국전자통신연구원,16,경로,3,2
202506,ETRI,한국전자통신연구원,17,경로,3,1
202506,ETRI,한국전자통신연구원,19,경로,1,0
202506,ETRI,한국전자통신연구원,16,국가유공자,1,0
202506,ETRI,한국전자통신연구원,06,일반인,1,1
202506,ETRI,한국전자통신연구원,07,일반인,1,1
202506,ETRI,한국전자통신연구원,08,일반인,5,3
202506,ETRI,한국전자통신연구원,09,일반인,3,1
202506,ETRI,한국전자통신연구원,10,일반인,0,1
202506,ETRI,한국전자통신연구원,11,일반인,10,0
202506,ETRI,한국전자통신연구원,12,일반인,3,0
202506,ETRI,한국전자통신연구원,13,일반인,3,2
202506,ETRI,한국전자통신연구원,14,일반인,4,1
202506,ETRI,한국전자통신연구원,15,일반인,5,0
202506,ETRI,한국전자통신연구원,16,일반인,27,1
202506,ETRI,한국전자통신연구원,17,일반인,23,0
202506,ETRI,한국전자통신연구원,18,일반인,48,9
202506,ETRI,한국전자통신연구원,19,일반인,3,0
202506,ETRI,한국전자통신연구원,20,일반인,22,1
202506,ETRI,한국전자통신연구원,21,일반인,3,0
202506,ETRI,한국전자통신연구원,22,일반인,13,0
202506,ETRI,한국전자통신연구원,16,청소년,0,1
202506,KRISS,한국표준과학연구원,06,일반인,0,14
202506,KRISS,한국표준과학연구원,07,일반인,0,4
202506,KRISS,한국표준과학연구원,08,일반인,40,70
202506,KRISS,한국표준과학연구원,09,일반인,10,79
202506,KRISS,한국표준과학연구원,10,일반인,3,56
202506,KRISS,한국표준과학연구원,11,일반인,10,15
202506,KRISS,한국표준과학연구원,12,일반인,2,21
202506,KRISS,한국표준과학연구원,13,일반인,4,21
202506,KRISS,한국표준과학연구원,14,일반인,4,24
202506,KRISS,한국표준과학연구원,15,일반인,1,22
202506,KRISS,한국표준과학연구원,16,일반인,7,11
202506,KRISS,한국표준과학연구원,17,일반인,26,20
202506,KRISS,한국표준과학연구원,18,일반인,16,15
202506,KRISS,한국표준과학연구원,19,일반인,15,14
202506,KRISS,한국표준과학연구원,20,일반인,3,11
202506,KRISS,한국표준과학연구원,21,일반인,6,10
202506,KRISS,한국표준과학연구원,22,일반인,26,11
202506,KRISS,한국표준과학연구원,23,일반인,2,1
202506,KRISS,한국표준과학연구원,16,어린이,1,3
202506,KRISS,한국표준과학연구원,07,청소년,12,0
202506,KRISS,한국표준과학연구원,08,청소년,1,0
202506,KRISS,한국표준과학연구원,09,청소년,2,0
202506,KRISS,한국표준과학연구원,12,청소년,2,0
202506,KRISS,한국표준과학연구원,14,청소년,0,1
202506,KRISS,한국표준과학연구원,15,청소년,0,1
202506,KRISS,한국표준과학연구원,16,청소년,2,1
202506,KRISS,한국표준과학연구원,17,청소년,0,1
202506,KRISS,한국표준과학연구원,18,청소년,1,2
202506,KRISS,한국표준과학연구원,19,청소년,3,1
202506,KRISS,한국표준과학연구원,22,청소년,0,5
202506,KRISS,한국표준과학연구원,23,청소년,0,1
202506,KRISS,한국표준과학연구원,08,경로,1,1
202506,KRISS,한국표준과학연구원,09,경로,0,1
202506,KRISS,한국표준과학연구원,10,경로,1,4
202506,KRISS,한국표준과학연구원,11,경로,1,1
202506,KRISS,한국표준과학연구원,12,경로,0,1
202506,KRISS,한국표준과학연구원,13,경로,0,1
202506,KRISS,한국표준과학연구원,14,경로,0,6
202506,KRISS,한국표준과학연구원,15,경로,0,6
202506,KRISS,한국표준과학연구원,16,경로,0,7
202506,KRISS,한국표준과학연구원,17,경로,0,2
202506,KRISS,한국표준과학연구원,18,경로,0,3
202506,KRISS,한국표준과학연구원,19,경로,0,2
202506,KRISS,한국표준과학연구원,20,경로,0,1
202506,KRISS,한국표준과학연구원,21,경로,0,2
202506,KRISS,한국표준과학연구원,06,일반인,5,4
202506,KRISS,한국표준과학연구원,07,일반인,0,18
202506,KRISS,한국표준과학연구원,08,일반인,6,4
202506,KRISS,한국표준과학연구원,09,일반인,13,20
202506,KRISS,한국표준과학연구원,10,일반인,7,2
202506,KRISS,한국표준과학연구원,11,일반인,11,2
202506,KRISS,한국표준과학연구원,12,일반인,9,1
202506,KRISS,한국표준과학연구원,13,일반인,12,5
202506,KRISS,한국표준과학연구원,14,일반인,9,0
202506,KRISS,한국표준과학연구원,15,일반인,18,4
202506,KRISS,한국표준과학연구원,16,일반인,25,3
202506,KRISS,한국표준과학연구원,17,일반인,39,2
202506,KRISS,한국표준과학연구원,18,일반인,62,9
202506,KRISS,한국표준과학연구원,19,일반인,42,8
202506,KRISS,한국표준과학연구원,20,일반인,30,1
202506,KRISS,한국표준과학연구원,21,일반인,30,2
202506,KRISS,한국표준과학연구원,22,일반인,11,1
202506,KRISS,한국표준과학연구원,15,어린이,1,0
202506,KRISS,한국표준과학연구원,16,어린이,2,1
202506,KRISS,한국표준과학연구원,10,청소년,1,0
202506,KRISS,한국표준과학연구원,11,청소년,2,1
202506,KRISS,한국표준과학연구원,12,청소년,6,1
202506,KRISS,한국표준과학연구원,15,청소년,6,11
202506,KRISS,한국표준과학연구원,16,청소년,3,1
202506,KRISS,한국표준과학연구원,18,청소년,1,4
202506,KRISS,한국표준과학연구원,19,청소년,3,0
202506,KRISS,한국표준과학연구원,20,청소년,2,2
202506,KRISS,한국표준과학연구원,21,청소년,2,0
202506,KRISS,한국표준과학연구원,22,청소년,1,0
202506,KRISS,한국표준과학연구원,11,경로,4,0
202506,KRISS,한국표준과학연구원,12,경로,3,0
202506,KRISS,한국표준과학연구원,13,경로,1,0
202506,KRISS,한국표준과학연구원,15,경로,2,1
202506,KRISS,한국표준과학연구원,17,경로,3,0
202506,KRISS,한국표준과학연구원,18,경로,1,0
202506,KRISS,한국표준과학연구원,20,경로,1,0
202506,KRISS,한국표준과학연구원,06,일반인,6,59
202506,KRISS,한국표준과학연구원,07,일반인,0,85
202506,KRISS,한국표준과학연구원,08,일반인,7,167
202506,KRISS,한국표준과학연구원,09,일반인,1,131
202506,KRISS,한국표준과학연구원,10,일반인,2,28
202506,KRISS,한국표준과학연구원,11,일반인,2,18
202506,KRISS,한국표준과학연구원,12,일반인,3,22
202506,KRISS,한국표준과학연구원,13,일반인,0,23
202506,KRISS,한국표준과학연구원,14,일반인,0,21
202506,KRISS,한국표준과학연구원,15,일반인,2,24
202506,KRISS,한국표준과학연구원,16,일반인,5,45
202506,KRISS,한국표준과학연구원,17,일반인,5,35
202506,KRISS,한국표준과학연구원,18,일반인,4,48
202506,KRISS,한국표준과학연구원,19,일반인,4,33
202506,KRISS,한국표준과학연구원,20,일반인,5,24
202506,KRISS,한국표준과학연구원,21,일반인,0,29
202506,KRISS,한국표준과학연구원,22,일반인,0,29
202506,KRISS,한국표준과학연구원,23,일반인,0,4
202506,KRISS,한국표준과학연구원,09,어린이,0,3
202506,KRISS,한국표준과학연구원,12,어린이,0,2
202506,KRISS,한국표준과학연구원,15,어린이,1,0
202506,KRISS,한국표준과학연구원,16,어린이,0,4
202506,KRISS,한국표준과학연구원,17,어린이,0,1
202506,KRISS,한국표준과학연구원,18,어린이,0,1
202506,KRISS,한국표준과학연구원,19,어린이,0,4
202506,KRISS,한국표준과학연구원,13,청소년,1,1
202506,KRISS,한국표준과학연구원,14,청소년,2,0
202506,KRISS,한국표준과학연구원,15,청소년,0,3
202506,KRISS,한국표준과학연구원,16,청소년,1,5
202506,KRISS,한국표준과학연구원,17,청소년,2,7
202506,KRISS,한국표준과학연구원,18,청소년,0,8
202506,KRISS,한국표준과학연구원,19,청소년,1,8
202506,KRISS,한국표준과학연구원,20,청소년,0,2
202506,KRISS,한국표준과학연구원,21,청소년,0,8
202506,KRISS,한국표준과학연구원,22,청소년,0,9
202506,KRISS,한국표준과학연구원,23,청소년,0,3
202506,KRISS,한국표준과학연구원,07,경로,0,22
202506,KRISS,한국표준과학연구원,08,경로,0,1
202506,KRISS,한국표준과학연구원,10,경로,0,3
202506,KRISS,한국표준과학연구원,11,경로,0,1
202506,KRISS,한국표준과학연구원,12,경로,0,1
202506,KRISS,한국표준과학연구원,13,경로,0,2
202506,KRISS,한국표준과학연구원,14,경로,1,4
202506,KRISS,한국표준과학연구원,15,경로,0,2
202506,KRISS,한국표준과학연구원,16,경로,1,2
202506,KRISS,한국표준과학연구원,17,경로,0,2
202506,KRISS,한국표준과학연구원,18,경로,0,2
202506,KRISS,한국표준과학연구원,20,경로,0,1
202506,KRISS,한국표준과학연구원,22,경로,0,3
202506,KRISS,한국표준과학연구원,20,장애인,0,1
202506,KRISS,한국표준과학연구원,05,일반인,10,0
202506,KRISS,한국표준과학연구원,06,일반인,49,3
202506,KRISS,한국표준과학연구원,07,일반인,82,2
202506,KRISS,한국표준과학연구원,08,일반인,70,10
202506,KRISS,한국표준과학연구원,09,일반인,61,0
202506,KRISS,한국표준과학연구원,10,일반인,31,3
202506,KRISS,한국표준과학연구원,11,일반인,38,1
202506,KRISS,한국표준과학연구원,12,일반인,16,1
202506,KRISS,한국표준과학연구원,13,일반인,24,2
202506,KRISS,한국표준과학연구원,14,일반인,51,0
202506,KRISS,한국표준과학연구원,15,일반인,62,2
202506,KRISS,한국표준과학연구원,16,일반인,76,6
202506,KRISS,한국표준과학연구원,17,일반인,140,3
202506,KRISS,한국표준과학연구원,18,일반인,125,7
202506,KRISS,한국표준과학연구원,19,일반인,85,2
202506,KRISS,한국표준과학연구원,20,일반인,54,0
202506,KRISS,한국표준과학연구원,21,일반인,9,1
202506,KRISS,한국표준과학연구원,22,일반인,10,1
202506,KRISS,한국표준과학연구원,09,어린이,4,0
202506,KRISS,한국표준과학연구원,10,어린이,1,0
202506,KRISS,한국표준과학연구원,11,어린이,2,0
202506,KRISS,한국표준과학연구원,14,어린이,2,0
202506,KRISS,한국표준과학연구원,15,어린이,2,0
202506,KRISS,한국표준과학연구원,16,어린이,2,0
202506,KRISS,한국표준과학연구원,17,어린이,3,0
202506,KRISS,한국표준과학연구원,07,청소년,56,0
202506,KRISS,한국표준과학연구원,08,청소년,1,0
202506,KRISS,한국표준과학연구원,09,청소년,11,0
202506,KRISS,한국표준과학연구원,11,청소년,5,0
202506,KRISS,한국표준과학연구원,12,청소년,4,0
202506,KRISS,한국표준과학연구원,13,청소년,8,0
202506,KRISS,한국표준과학연구원,14,청소년,6,0
202506,KRISS,한국표준과학연구원,15,청소년,7,0
202506,KRISS,한국표준과학연구원,16,청소년,3,0
202506,KRISS,한국표준과학연구원,17,청소년,2,2
202506,KRISS,한국표준과학연구원,18,청소년,6,0
202506,KRISS,한국표준과학연구원,19,청소년,1,0
202506,KRISS,한국표준과학연구원,20,청소년,1,0
202506,KRISS,한국표준과학연구원,21,청소년,1,0
202506,KRISS,한국표준과학연구원,07,경로,3,0
202506,KRISS,한국표준과학연구원,08,경로,4,0
202506,KRISS,한국표준과학연구원,09,경로,1,0
202506,KRISS,한국표준과학연구원,10,경로,2,0
202506,KRISS,한국표준과학연구원,11,경로,8,0
202506,KRISS,한국표준과학연구원,12,경로,1,0
202506,KRISS,한국표준과학연구원,13,경로,6,0
202506,KRISS,한국표준과학연구원,14,경로,5,0
202506,KRISS,한국표준과학연구원,15,경로,21,0
202506,KRISS,한국표준과학연구원,16,경로,8,0
202506,KRISS,한국표준과학연구원,17,경로,1,1
202506,KRISS,한국표준과학연구원,06,일반인,1,0
202506,KRISS,한국표준과학연구원,07,일반인,1,1
202506,KRISS,한국표준과학연구원,08,일반인,3,1
202506,KRISS,한국표준과학연구원,09,일반인,2,8
202506,KRISS,한국표준과학연구원,10,일반인,2,0
202506,KRISS,한국표준과학연구원,11,일반인,0,1
202506,KRISS,한국표준과학연구원,12,일반인,0,1
202506,KRISS,한국표준과학연구원,13,일반인,1,0
202506,KRISS,한국표준과학연구원,14,일반인,4,0
202506,KRISS,한국표준과학연구원,15,일반인,19,0
202506,KRISS,한국표준과학연구원,16,일반인,6,1
202506,KRISS,한국표준과학연구원,17,일반인,9,6
202506,KRISS,한국표준과학연구원,18,일반인,7,0
202506,KRISS,한국표준과학연구원,19,일반인,4,1
202506,KRISS,한국표준과학연구원,20,일반인,2,2
202506,KRISS,한국표준과학연구원,21,일반인,1,0
202506,KRISS,한국표준과학연구원,22,일반인,0,3
202506,KRISS,한국표준과학연구원,15,어린이,1,0
202506,KRISS,한국표준과학연구원,20,청소년,0,1
202506,KRISS,한국표준과학연구원,09,경로,1,0
202506,KRISS,한국표준과학연구원,10,경로,0,1
202506,KRISS,한국표준과학연구원,14,경로,0,1
202506,KRISS,한국표준과학연구원,17,경로,0,1
202506,KRISS,한국표준과학연구원,18,경로,0,1
202506,KRISS,한국표준과학연구원,19,경로,0,1
202506,KRISS,한국표준과학연구원,06,일반인,0,6
202506,KRISS,한국표준과학연구원,07,일반인,0,4
202506,KRISS,한국표준과학연구원,08,일반인,4,12
202506,KRISS,한국표준과학연구원,09,일반인,1,13
202506,KRISS,한국표준과학연구원,11,일반인,1,1
202506,KRISS,한국표준과학연구원,12,일반인,1,2
202506,KRISS,한국표준과학연구원,13,일반인,1,1
202506,KRISS,한국표준과학연구원,14,일반인,0,4
202506,KRISS,한국표준과학연구원,16,일반인,4,0
202506,KRISS,한국표준과학연구원,17,일반인,1,5
202506,KRISS,한국표준과학연구원,18,일반인,5,0
202506,KRISS,한국표준과학연구원,19,일반인,0,4
202506,KRISS,한국표준과학연구원,20,일반인,7,0
202506,KRISS,한국표준과학연구원,21,일반인,2,1
202506,KRISS,한국표준과학연구원,22,일반인,1,0
202506,KRISS,한국표준과학연구원,17,어린이,0,1
202506,KRISS,한국표준과학연구원,16,청소년,1,0
202506,KRISS,한국표준과학연구원,17,청소년,1,1
202506,KRISS,한국표준과학연구원,19,청소년,1,0
202506,KRISS,한국표준과학연구원,13,경로,1,0
202506,KRISS,한국표준과학연구원,06,일반인,2,66
202506,KRISS,한국표준과학연구원,07,일반인,2,13
202506,KRISS,한국표준과학연구원,08,일반인,18,86
202506,KRISS,한국표준과학연구원,09,일반인,14,57
202506,KRISS,한국표준과학연구원,10,일반인,5,41
202506,KRISS,한국표준과학연구원,11,일반인,4,14
202506,KRISS,한국표준과학연구원,12,일반인,9,26
202506,KRISS,한국표준과학연구원,13,일반인,10,15
202506,KRISS,한국표준과학연구원,14,일반인,10,18
202506,KRISS,한국표준과학연구원,15,일반인,7,18
202506,KRISS,한국표준과학연구원,16,일반인,11,21
202506,KRISS,한국표준과학연구원,17,일반인,14,17
202506,KRISS,한국표준과학연구원,18,일반인,31,19
202506,KRISS,한국표준과학연구원,19,일반인,36,22
202506,KRISS,한국표준과학연구원,20,일반인,22,22
202506,KRISS,한국표준과학연구원,21,일반인,14,15
202506,KRISS,한국표준과학연구원,22,일반인,12,17
202506,KRISS,한국표준과학연구원,23,일반인,6,11
202506,KRISS,한국표준과학연구원,12,어린이,2,1
202506,KRISS,한국표준과학연구원,13,어린이,0,1
202506,KRISS,한국표준과학연구원,14,어린이,0,2
202506,KRISS,한국표준과학연구원,15,어린이,0,1
202506,KRISS,한국표준과학연구원,16,어린이,0,1
202506,KRISS,한국표준과학연구원,17,어린이,0,5
202506,KRISS,한국표준과학연구원,08,청소년,1,0
202506,KRISS,한국표준과학연구원,09,청소년,1,1
202506,KRISS,한국표준과학연구원,10,청소년,1,0
202506,KRISS,한국표준과학연구원,11,청소년,0,1
202506,KRISS,한국표준과학연구원,13,청소년,3,0
202506,KRISS,한국표준과학연구원,14,청소년,1,0
202506,KRISS,한국표준과학연구원,15,청소년,7,2
202506,KRISS,한국표준과학연구원,16,청소년,9,1
202506,KRISS,한국표준과학연구원,17,청소년,6,1
202506,KRISS,한국표준과학연구원,18,청소년,3,0
202506,KRISS,한국표준과학연구원,19,청소년,1,1
202506,KRISS,한국표준과학연구원,20,청소년,1,0
202506,KRISS,한국표준과학연구원,21,청소년,7,1
202506,KRISS,한국표준과학연구원,22,청소년,3,2
202506,KRISS,한국표준과학연구원,23,청소년,5,0
202506,KRISS,한국표준과학연구원,06,경로,1,0
202506,KRISS,한국표준과학연구원,07,경로,8,0
202506,KRISS,한국표준과학연구원,08,경로,2,1
202506,KRISS,한국표준과학연구원,09,경로,7,1
202506,KRISS,한국표준과학연구원,10,경로,0,4
202506,KRISS,한국표준과학연구원,11,경로,6,1
202506,KRISS,한국표준과학연구원,12,경로,0,2
202506,KRISS,한국표준과학연구원,13,경로,2,1
202506,KRISS,한국표준과학연구원,14,경로,1,0
202506,KRISS,한국표준과학연구원,15,경로,0,3
202506,KRISS,한국표준과학연구원,16,경로,1,1
202506,KRISS,한국표준과학연구원,17,경로,2,1
202506,KRISS,한국표준과학연구원,19,경로,0,2
202506,KRISS,한국표준과학연구원,20,경로,1,3
202506,KRISS,한국표준과학연구원,21,경로,1,0
202506,KRISS,한국표준과학연구원,05,일반인,1,0
202506,KRISS,한국표준과학연구원,06,일반인,12,2
202506,KRISS,한국표준과학연구원,07,일반인,29,7
202506,KRISS,한국표준과학연구원,08,일반인,13,22
202506,KRISS,한국표준과학연구원,09,일반인,34,59
202506,KRISS,한국표준과학연구원,10,일반인,33,16
202506,KRISS,한국표준과학연구원,11,일반인,16,2
202506,KRISS,한국표준과학연구원,12,일반인,25,15
202506,KRISS,한국표준과학연구원,13,일반인,26,9
202506,KRISS,한국표준과학연구원,14,일반인,19,5
202506,KRISS,한국표준과학연구원,15,일반인,121,19
202506,KRISS,한국표준과학연구원,16,일반인,61,12
202506,KRISS,한국표준과학연구원,17,일반인,48,19
202506,KRISS,한국표준과학연구원,18,일반인,74,9
202506,KRISS,한국표준과학연구원,19,일반인,44,12
202506,KRISS,한국표준과학연구원,20,일반인,16,7
202506,KRISS,한국표준과학연구원,21,일반인,10,7
202506,KRISS,한국표준과학연구원,22,일반인,3,6
202506,KRISS,한국표준과학연구원,12,어린이,1,0
202506,KRISS,한국표준과학연구원,13,어린이,1,0
202506,KRISS,한국표준과학연구원,14,어린이,1,0
202506,KRISS,한국표준과학연구원,15,어린이,4,2
202506,KRISS,한국표준과학연구원,16,어린이,1,2
202506,KRISS,한국표준과학연구원,06,청소년,0,3
202506,KRISS,한국표준과학연구원,07,청소년,3,2
202506,KRISS,한국표준과학연구원,08,청소년,0,1
202506,KRISS,한국표준과학연구원,10,청소년,3,1
202506,KRISS,한국표준과학연구원,11,청소년,4,1
202506,KRISS,한국표준과학연구원,12,청소년,2,0
202506,KRISS,한국표준과학연구원,13,청소년,0,2
202506,KRISS,한국표준과학연구원,14,청소년,3,0
202506,KRISS,한국표준과학연구원,15,청소년,3,0
202506,KRISS,한국표준과학연구원,16,청소년,2,5
202506,KRISS,한국표준과학연구원,17,청소년,0,6
202506,KRISS,한국표준과학연구원,18,청소년,0,1
202506,KRISS,한국표준과학연구원,19,청소년,0,4
202506,KRISS,한국표준과학연구원,20,청소년,1,6
202506,KRISS,한국표준과학연구원,21,청소년,0,5
202506,KRISS,한국표준과학연구원,22,청소년,0,1
202506,KRISS,한국표준과학연구원,06,경로,6,0
202506,KRISS,한국표준과학연구원,07,경로,5,2
202506,KRISS,한국표준과학연구원,09,경로,0,18
202506,KRISS,한국표준과학연구원,10,경로,0,2
202506,KRISS,한국표준과학연구원,11,경로,1,5
202506,KRISS,한국표준과학연구원,12,경로,0,6
202506,KRISS,한국표준과학연구원,13,경로,1,9
202506,KRISS,한국표준과학연구원,14,경로,2,6
202506,KRISS,한국표준과학연구원,15,경로,3,3
202506,KRISS,한국표준과학연구원,16,경로,1,7
202506,KRISS,한국표준과학연구원,17,경로,0,7
202506,KRISS,한국표준과학연구원,18,경로,0,7
202506,KRISS,한국표준과학연구원,19,경로,0,19
202506,KRISS,한국표준과학연구원,20,경로,0,1
202506,KRISS,한국표준과학연구원,06,일반인,2,0
202506,KRISS,한국표준과학연구원,08,일반인,4,7
202506,KRISS,한국표준과학연구원,09,일반인,1,7
202506,KRISS,한국표준과학연구원,10,일반인,3,2
202506,KRISS,한국표준과학연구원,11,일반인,6,13
202506,KRISS,한국표준과학연구원,12,일반인,2,1
202506,KRISS,한국표준과학연구원,13,일반인,8,3
202506,KRISS,한국표준과학연구원,14,일반인,5,1
202506,KRISS,한국표준과학연구원,15,일반인,3,1
202506,KRISS,한국표준과학연구원,16,일반인,17,4
202506,KRISS,한국표준과학연구원,17,일반인,35,8
202506,KRISS,한국표준과학연구원,18,일반인,30,9
202506,KRISS,한국표준과학연구원,19,일반인,7,2
202506,KRISS,한국표준과학연구원,20,일반인,5,3
202506,KRISS,한국표준과학연구원,21,일반인,2,0
202506,KRISS,한국표준과학연구원,22,일반인,2,3
202506,KRISS,한국표준과학연구원,13,어린이,1,0
202506,KRISS,한국표준과학연구원,07,청소년,1,0
202506,KRISS,한국표준과학연구원,08,청소년,17,0
202506,KRISS,한국표준과학연구원,18,청소년,0,1
202506,KRISS,한국표준과학연구원,06,경로,0,13
202506,KRISS,한국표준과학연구원,16,경로,1,0
202506,KIMM,한국기계연구원,06,일반인,0,1
202506,KIMM,한국기계연구원,07,일반인,1,17
202506,KIMM,한국기계연구원,08,일반인,1,20
202506,KIMM,한국기계연구원,09,일반인,1,13
202506,KIMM,한국기계연구원,10,일반인,4,4
202506,KIMM,한국기계연구원,11,일반인,2,1
202506,KIMM,한국기계연구원,12,일반인,4,1
202506,KIMM,한국기계연구원,13,일반인,3,2
202506,KIMM,한국기계연구원,14,일반인,6,2
202506,KIMM,한국기계연구원,15,일반인,9,3
202506,KIMM,한국기계연구원,16,일반인,3,3
202506,KIMM,한국기계연구원,17,일반인,11,1
202506,KIMM,한국기계연구원,18,일반인,18,4
202506,KIMM,한국기계연구원,19,일반인,25,2
202506,KIMM,한국기계연구원,20,일반인,9,3
202506,KIMM,한국기계연구원,21,일반인,8,1
202506,KIMM,한국기계연구원,22,일반인,4,4
202506,KIMM,한국기계연구원,17,청소년,1,0
202506,KIMM,한국기계연구원,20,청소년,2,0
202506,KIMM,한국기계연구원,21,청소년,2,0
202506,KIMM,한국기계연구원,22,청소년,1,0
202506,KIMM,한국기계연구원,07,경로,0,3
202506,KIMM,한국기계연구원,08,경로,1,5
202506,KIMM,한국기계연구원,09,경로,0,2
202506,KIMM,한국기계연구원,20,경로,3,0
202506,KIMM,한국기계연구원,07,장애인,0,1
202506,KIMM,한국기계연구원,08,장애인,0,5
202506,KRICT,한국화학연구원,07,일반인,2,0
202506,KRICT,한국화학연구원,08,일반인,2,2
202506,KRICT,한국화학연구원,09,일반인,11,0
202506,KRICT,한국화학연구원,10,일반인,4,0
202506,KRICT,한국화학연구원,11,일반인,17,0
202506,KRICT,한국화학연구원,12,일반인,12,1
202506,KRICT,한국화학연구원,13,일반인,5,1
202506,KRICT,한국화학연구원,14,일반인,12,0
202506,KRICT,한국화학연구원,15,일반인,38,0
202506,KRICT,한국화학연구원,16,일반인,67,0
202506,KRICT,한국화학연구원,17,일반인,68,0
202506,KRICT,한국화학연구원,18,일반인,91,1
202506,KRICT,한국화학연구원,19,일반인,42,0
202506,KRICT,한국화학연구원,20,일반인,22,1
202506,KRICT,한국화학연구원,21,일반인,26,0
202506,KRICT,한국화학연구원,22,일반인,7,0
202506,KRICT,한국화학연구원,09,청소년,1,0
202506,KRICT,한국화학연구원,10,청소년,1,0
202506,KRICT,한국화학연구원,14,청소년,1,0
202506,KRICT,한국화학연구원,15,청소년,4,0
202506,KRICT,한국화학연구원,16,청소년,1,0
202506,KRICT,한국화학연구원,17,청소년,2,1
202506,KRICT,한국화학연구원,07,경로,1,1
202506,KRICT,한국화학연구원,08,경로,5,0
202506,KRICT,한국화학연구원,09,경로,2,0
202506,KRICT,한국화학연구원,10,경로,7,0
202506,KRICT,한국화학연구원,11,경로,2,0
202506,KRICT,한국화학연구원,13,경로,1,0
202506,KRICT,한국화학연구원,15,경로,1,0
202506,KRICT,한국화학연구원,18,경로,2,0
202506,KIMM,한국기계연구원,06,일반인,0,44
202506,KIMM,한국기계연구원,07,일반인,0,115
202506,KIMM,한국기계연구원,08,일반인,0,209
202506,KIMM,한국기계연구원,09,일반인,0,134
202506,KIMM,한국기계연구원,10,일반인,0,45
202506,KIMM,한국기계연구원,11,일반인,0,36
202506,KIMM,한국기계연구원,12,일반인,0,39
202506,KIMM,한국기계연구원,13,일반인,0,43
202506,KIMM,한국기계연구원,14,일반인,0,42
202506,KIMM,한국기계연구원,15,일반인,0,41
202506,KIMM,한국기계연구원,16,일반인,0,33
202506,KIMM,한국기계연구원,17,일반인,0,58
202506,KIMM,한국기계연구원,18,일반인,1,125
202506,KIMM,한국기계연구원,19,일반인,2,57
202506,KIMM,한국기계연구원,20,일반인,0,56
202506,KIMM,한국기계연구원,21,일반인,0,68
202506,KIMM,한국기계연구원,22,일반인,0,59
202506,KIMM,한국기계연구원,23,일반인,0,18
202506,KIMM,한국기계연구원,20,어린이,0,1
202506,KIMM,한국기계연구원,08,청소년,0,1
202506,KIMM,한국기계연구원,11,청소년,0,1
202506,KIMM,한국기계연구원,12,청소년,0,2
202506,KIMM,한국기계연구원,15,청소년,0,1
202506,KIMM,한국기계연구원,16,청소년,0,2
202506,KIMM,한국기계연구원,17,청소년,0,2
202506,KIMM,한국기계연구원,18,청소년,0,4
202506,KIMM,한국기계연구원,19,청소년,0,2
202506,KIMM,한국기계연구원,20,청소년,0,5
202506,KIMM,한국기계연구원,21,청소년,0,2
202506,KIMM,한국기계연구원,22,청소년,0,2
202506,KIMM,한국기계연구원,23,청소년,0,1
202506,KIMM,한국기계연구원,06,경로,0,1
202506,KIMM,한국기계연구원,08,경로,0,3
202506,KIMM,한국기계연구원,10,경로,0,2
202506,KIMM,한국기계연구원,11,경로,0,4
202506,KIMM,한국기계연구원,12,경로,0,2
202506,KIMM,한국기계연구원,14,경로,0,1
202506,KIMM,한국기계연구원,15,경로,0,1
202506,KIMM,한국기계연구원,18,경로,0,4
202506,KIMM,한국기계연구원,19,경로,0,3
202506,KIMM,한국기계연구원,20,경로,0,2
202506,KIMM,한국기계연구원,21,경로,0,1
202506,KIMM,한국기계연구원,07,장애인,0,6
202506,KIMM,한국기계연구원,08,장애인,0,3
202506,KIMM,한국기계연구원,23,국가유공자,0,1
202506,KRICT,한국화학연구원,06,일반인,20,0
202506,KRICT,한국화학연구원,07,일반인,14,0
202506,KRICT,한국화학연구원,08,일반인,55,5
202506,KRICT,한국화학연구원,09,일반인,40,1
202506,KRICT,한국화학연구원,10,일반인,37,0
202506,KRICT,한국화학연구원,11,일반인,36,1
202506,KRICT,한국화학연구원,12,일반인,47,0
202506,KRICT,한국화학연구원,13,일반인,49,3
202506,KRICT,한국화학연구원,14,일반인,86,0
202506,KRICT,한국화학연구원,15,일반인,104,0
202506,KRICT,한국화학연구원,16,일반인,149,3
202506,KRICT,한국화학연구원,17,일반인,384,5
202506,KRICT,한국화학연구원,18,일반인,313,6
202506,KRICT,한국화학연구원,19,일반인,117,1
202506,KRICT,한국화학연구원,20,일반인,44,0
202506,KRICT,한국화학연구원,21,일반인,39,1
202506,KRICT,한국화학연구원,22,일반인,20,0
202506,KRICT,한국화학연구원,09,어린이,1,0
202506,KRICT,한국화학연구원,10,청소년,2,0
202506,KRICT,한국화학연구원,13,청소년,1,0
202506,KRICT,한국화학연구원,15,청소년,1,0
202506,KRICT,한국화학연구원,16,청소년,3,0
202506,KRICT,한국화학연구원,17,청소년,2,0
202506,KRICT,한국화학연구원,21,청소년,1,0
202506,KRICT,한국화학연구원,22,청소년,1,0
202506,KRICT,한국화학연구원,07,경로,8,0
202506,KRICT,한국화학연구원,09,경로,0,1
202506,KRICT,한국화학연구원,11,경로,3,0
202506,KRICT,한국화학연구원,13,경로,2,0
202506,KRICT,한국화학연구원,14,경로,2,0
202506,KRICT,한국화학연구원,15,경로,0,1
202506,KRICT,한국화학연구원,16,경로,1,1
202506,KRICT,한국화학연구원,17,경로,2,0
202506,KRICT,한국화학연구원,12,장애인,1,0
202506,KRICT,한국화학연구원,14,장애인,1,0
202506,KRICT,한국화학연구원,15,장애인,1,0
202506,KRICT,한국화학연구원,16,장애인,15,0
202506,KRICT,한국화학연구원,17,장애인,6,0
202506,KRICT,한국화학연구원,18,장애인,2,0
202506,KRICT,한국화학연구원,06,일반인,0,2
202506,KRICT,한국화학연구원,07,일반인,0,9
202506,KRICT,한국화학연구원,08,일반인,0,10
202506,KRICT,한국화학연구원,09,일반인,0,14
202506,KRICT,한국화학연구원,10,일반인,0,2
202506,KRICT,한국화학연구원,13,일반인,0,2
202506,KRICT,한국화학연구원,14,일반인,0,2
202506,KRICT,한국화학연구원,16,일반인,0,2
202506,KRICT,한국화학연구원,17,일반인,0,4
202506,KRICT,한국화학연구원,19,일반인,1,2
202506,KRICT,한국화학연구원,20,일반인,0,1
202506,KRICT,한국화학연구원,21,일반인,1,1
202506,KRICT,한국화학연구원,22,일반인,0,1
202506,KRICT,한국화학연구원,07,경로,0,2
202506,KRICT,한국화학연구원,09,경로,1,0
202506,KRICT,한국화학연구원,15,경로,0,1
202506,KRICT,한국화학연구원,06,일반인,0,6
202506,KRICT,한국화학연구원,07,일반인,1,88
202506,KRICT,한국화학연구원,08,일반인,0,81
202506,KRICT,한국화학연구원,09,일반인,0,83
202506,KRICT,한국화학연구원,10,일반인,0,24
202506,KRICT,한국화학연구원,11,일반인,1,8
202506,KRICT,한국화학연구원,12,일반인,0,12
202506,KRICT,한국화학연구원,13,일반인,1,10
202506,KRICT,한국화학연구원,14,일반인,0,8
202506,KRICT,한국화학연구원,15,일반인,0,30
202506,KRICT,한국화학연구원,16,일반인,6,20
202506,KRICT,한국화학연구원,17,일반인,10,30
202506,KRICT,한국화학연구원,18,일반인,12,31
202506,KRICT,한국화학연구원,19,일반인,3,22
202506,KRICT,한국화학연구원,20,일반인,4,30
202506,KRICT,한국화학연구원,21,일반인,1,23
202506,KRICT,한국화학연구원,22,일반인,4,32
202506,KRICT,한국화학연구원,23,일반인,1,5
202506,KRICT,한국화학연구원,15,어린이,0,3
202506,KRICT,한국화학연구원,16,어린이,0,1
202506,KRICT,한국화학연구원,19,어린이,0,1
202506,KRICT,한국화학연구원,15,청소년,0,2
202506,KRICT,한국화학연구원,17,청소년,0,3
202506,KRICT,한국화학연구원,18,청소년,0,5
202506,KRICT,한국화학연구원,19,청소년,1,0
202506,KRICT,한국화학연구원,20,청소년,0,1
202506,KRICT,한국화학연구원,22,청소년,0,1
202506,KRICT,한국화학연구원,23,청소년,0,1
202506,KRICT,한국화학연구원,07,경로,0,2
202506,KRICT,한국화학연구원,09,경로,0,1
202506,KRICT,한국화학연구원,10,경로,1,7
202506,KRICT,한국화학연구원,11,경로,1,2
202506,KRICT,한국화학연구원,13,경로,0,3
202506,KRICT,한국화학연구원,14,경로,0,3
202506,KRICT,한국화학연구원,15,경로,0,6
202506,KRICT,한국화학연구원,16,경로,2,4
202506,KRICT,한국화학연구원,17,경로,0,3
202506,KRICT,한국화학연구원,21,경로,0,4
202506,KIMM,한국기계연구원,06,일반인,31,25
202506,KIMM,한국기계연구원,07,일반인,63,28
202506,KIMM,한국기계연구원,08,일반인,119,110
202506,KIMM,한국기계연구원,09,일반인,76,54
202506,KIMM,한국기계연구원,10,일반인,48,13
202506,KIMM,한국기계연구원,11,일반인,54,11
202506,KIMM,한국기계연구원,12,일반인,53,14
202506,KIMM,한국기계연구원,13,일반인,49,22
202506,KIMM,한국기계연구원,14,일반인,111,13
202506,KIMM,한국기계연구원,15,일반인,76,24
202506,KIMM,한국기계연구원,16,일반인,71,12
202506,KIMM,한국기계연구원,17,일반인,97,10
202506,KIMM,한국기계연구원,18,일반인,157,21
202506,KIMM,한국기계연구원,19,일반인,50,13
202506,KIMM,한국기계연구원,20,일반인,78,30
202506,KIMM,한국기계연구원,21,일반인,53,11
202506,KIMM,한국기계연구원,22,일반인,30,18
202506,KIMM,한국기계연구원,23,일반인,1,2
202506,KIMM,한국기계연구원,19,어린이,6,0
202506,KIMM,한국기계연구원,06,청소년,1,0
202506,KIMM,한국기계연구원,07,청소년,4,1
202506,KIMM,한국기계연구원,08,청소년,6,2
202506,KIMM,한국기계연구원,09,청소년,17,0
202506,KIMM,한국기계연구원,10,청소년,1,0
202506,KIMM,한국기계연구원,11,청소년,3,0
202506,KIMM,한국기계연구원,12,청소년,3,0
202506,KIMM,한국기계연구원,13,청소년,1,0
202506,KIMM,한국기계연구원,14,청소년,4,0
202506,KIMM,한국기계연구원,15,청소년,3,2
202506,KIMM,한국기계연구원,16,청소년,21,0
202506,KIMM,한국기계연구원,17,청소년,3,0
202506,KIMM,한국기계연구원,18,청소년,4,3
202506,KIMM,한국기계연구원,19,청소년,4,1
202506,KIMM,한국기계연구원,20,청소년,3,0
202506,KIMM,한국기계연구원,21,청소년,11,2
202506,KIMM,한국기계연구원,22,청소년,2,2
202506,KIMM,한국기계연구원,06,경로,0,24
202506,KIMM,한국기계연구원,07,경로,2,2
202506,KIMM,한국기계연구원,08,경로,2,4
202506,KIMM,한국기계연구원,09,경로,19,1
202506,KIMM,한국기계연구원,10,경로,3,1
202506,KIMM,한국기계연구원,11,경로,2,2
202506,KIMM,한국기계연구원,12,경로,3,0
202506,KIMM,한국기계연구원,13,경로,15,1
202506,KIMM,한국기계연구원,14,경로,9,0
202506,KIMM,한국기계연구원,15,경로,9,0
202506,KIMM,한국기계연구원,16,경로,2,0
202506,KIMM,한국기계연구원,17,경로,3,0
202506,KIMM,한국기계연구원,18,경로,3,0
202506,KIMM,한국기계연구원,19,경로,4,0
202506,KIMM,한국기계연구원,20,경로,1,2
202506,KIMM,한국기계연구원,21,경로,0,1
202506,KIMM,한국기계연구원,22,경로,1,0
202506,KIMM,한국기계연구원,07,장애인,1,0
202506,KIMM,한국기계연구원,21,국가유공자,1,0
202506,KRICT,한국화학연구원,05,일반인,1,4
202506,KRICT,한국화학연구원,06,일반인,1,24
202506,KRICT,한국화학연구원,07,일반인,1,43
202506,KRICT,한국화학연구원,08,일반인,9,105
202506,KRICT,한국화학연구원,09,일반인,12,88
202506,KRICT,한국화학연구원,10,일반인,23,12
202506,KRICT,한국화학연구원,11,일반인,40,9
202506,KRICT,한국화학연구원,12,일반인,39,30
202506,KRICT,한국화학연구원,13,일반인,53,9
202506,KRICT,한국화학연구원,14,일반인,63,8
202506,KRICT,한국화학연구원,15,일반인,83,11
202506,KRICT,한국화학연구원,16,일반인,114,26
202506,KRICT,한국화학연구원,17,일반인,222,16
202506,KRICT,한국화학연구원,18,일반인,173,32
202506,KRICT,한국화학연구원,19,일반인,119,9
202506,KRICT,한국화학연구원,20,일반인,66,11
202506,KRICT,한국화학연구원,21,일반인,51,12
202506,KRICT,한국화학연구원,22,일반인,40,11
202506,KRICT,한국화학연구원,23,일반인,22,1
202506,KRICT,한국화학연구원,07,청소년,0,1
202506,KRICT,한국화학연구원,08,청소년,0,1
202506,KRICT,한국화학연구원,12,청소년,1,3
202506,KRICT,한국화학연구원,13,청소년,2,1
202506,KRICT,한국화학연구원,14,청소년,0,2
202506,KRICT,한국화학연구원,15,청소년,0,3
202506,KRICT,한국화학연구원,18,청소년,1,1
202506,KRICT,한국화학연구원,21,청소년,0,1
202506,KRICT,한국화학연구원,22,청소년,0,3
202506,KRICT,한국화학연구원,23,청소년,0,1
202506,KRICT,한국화학연구원,08,경로,0,3
202506,KRICT,한국화학연구원,09,경로,0,5
202506,KRICT,한국화학연구원,10,경로,1,8
202506,KRICT,한국화학연구원,11,경로,0,1
202506,KRICT,한국화학연구원,12,경로,0,4
202506,KRICT,한국화학연구원,13,경로,3,1
202506,KRICT,한국화학연구원,15,경로,2,1
202506,KRICT,한국화학연구원,16,경로,2,0
202506,KRICT,한국화학연구원,17,경로,2,1
202506,KRICT,한국화학연구원,20,경로,0,3
202506,KRICT,한국화학연구원,21,경로,0,5
202506,KRICT,한국화학연구원,22,경로,0,1
202506,KRICT,한국화학연구원,14,국가유공자,0,1
202506,KRICT,한국화학연구원,17,국가유공자,0,1
202506,KIMM,한국기계연구원,06,일반인,12,1
202506,KIMM,한국기계연구원,07,일반인,7,13
202506,KIMM,한국기계연구원,08,일반인,1,67
202506,KIMM,한국기계연구원,09,일반인,11,31
202506,KIMM,한국기계연구원,10,일반인,1,8
202506,KIMM,한국기계연구원,11,일반인,3,9
202506,KIMM,한국기계연구원,12,일반인,5,10
202506,KIMM,한국기계연구원,13,일반인,6,7
202506,KIMM,한국기계연구원,14,일반인,4,2
202506,KIMM,한국기계연구원,15,일반인,23,2
202506,KIMM,한국기계연구원,16,일반인,11,8
202506,KIMM,한국기계연구원,17,일반인,5,2
202506,KIMM,한국기계연구원,18,일반인,5,8
202506,KIMM,한국기계연구원,19,일반인,15,4
202506,KIMM,한국기계연구원,20,일반인,6,9
202506,KIMM,한국기계연구원,21,일반인,0,7
202506,KIMM,한국기계연구원,22,일반인,3,5
202506,KIMM,한국기계연구원,12,어린이,1,0
202506,KIMM,한국기계연구원,06,청소년,1,0
202506,KIMM,한국기계연구원,07,청소년,1,0
202506,KIMM,한국기계연구원,12,청소년,2,0
202506,KIMM,한국기계연구원,13,청소년,1,0
202506,KIMM,한국기계연구원,14,청소년,2,1
202506,KIMM,한국기계연구원,15,청소년,1,0
202506,KIMM,한국기계연구원,16,청소년,8,0
202506,KIMM,한국기계연구원,17,청소년,2,0
202506,KIMM,한국기계연구원,19,청소년,3,0
202506,KIMM,한국기계연구원,21,청소년,1,0
202506,KIMM,한국기계연구원,22,청소년,2,0
202506,KIMM,한국기계연구원,05,경로,0,1
202506,KIMM,한국기계연구원,06,경로,0,3
202506,KIMM,한국기계연구원,09,경로,2,2
202506,KIMM,한국기계연구원,10,경로,2,0
202506,KIMM,한국기계연구원,13,경로,1,8
202506,KIMM,한국기계연구원,14,경로,1,4
202506,KIMM,한국기계연구원,16,경로,0,1
202506,KIMM,한국기계연구원,17,경로,1,2
202506,KIMM,한국기계연구원,18,경로,0,1
202506,KIMM,한국기계연구원,14,장애인,0,1
202506,KRICT,한국화학연구원,05,일반인,1,1
202506,KRICT,한국화학연구원,06,일반인,1,0
202506,KRICT,한국화학연구원,07,일반인,2,6
202506,KRICT,한국화학연구원,08,일반인,2,7
202506,KRICT,한국화학연구원,09,일반인,12,4
202506,KRICT,한국화학연구원,10,일반인,17,2
202506,KRICT,한국화학연구원,11,일반인,20,4
202506,KRICT,한국화학연구원,12,일반인,11,3
202506,KRICT,한국화학연구원,13,일반인,31,1
202506,KRICT,한국화학연구원,14,일반인,22,10
202506,KRICT,한국화학연구원,15,일반인,42,0
202506,KRICT,한국화학연구원,16,일반인,64,5
202506,KRICT,한국화학연구원,17,일반인,168,5
202506,KRICT,한국화학연구원,18,일반인,174,3
202506,KRICT,한국화학연구원,19,일반인,53,1
202506,KRICT,한국화학연구원,20,일반인,35,0
202506,KRICT,한국화학연구원,21,일반인,20,0
202506,KRICT,한국화학연구원,22,일반인,23,2
202506,KRICT,한국화학연구원,08,어린이,0,1
202506,KRICT,한국화학연구원,07,청소년,0,1
202506,KRICT,한국화학연구원,09,청소년,0,1
202506,KRICT,한국화학연구원,10,청소년,0,1
202506,KRICT,한국화학연구원,11,청소년,0,1
202506,KRICT,한국화학연구원,12,청소년,0,1
202506,KRICT,한국화학연구원,13,청소년,0,1
202506,KRICT,한국화학연구원,14,청소년,0,1
202506,KRICT,한국화학연구원,16,청소년,0,1
202506,KRICT,한국화학연구원,17,청소년,1,0
202506,KRICT,한국화학연구원,18,청소년,2,0
202506,KRICT,한국화학연구원,08,경로,1,0
202506,KRICT,한국화학연구원,09,경로,4,0
202506,KRICT,한국화학연구원,10,경로,0,1
202506,KRICT,한국화학연구원,11,경로,0,1
202506,KRICT,한국화학연구원,12,경로,1,0
202506,KRICT,한국화학연구원,13,경로,1,0
202506,KRICT,한국화학연구원,14,경로,1,0
202506,KRICT,한국화학연구원,15,경로,1,0
202506,KRICT,한국화학연구원,17,경로,2,0
202506,KRICT,한국화학연구원,19,경로,2,0
202506,KRICT,한국화학연구원,20,경로,2,0
202506,KRICT,한국화학연구원,21,경로,1,0
202506,KRICT,한국화학연구원,14,국가유공자,0,1
202506,KASI,한국천문연구원,06,일반인,9,6
202506,KASI,한국천문연구원,07,일반인,0,5
202506,KASI,한국천문연구원,08,일반인,3,23
202506,KASI,한국천문연구원,09,일반인,3,7
202506,KASI,한국천문연구원,10,일반인,2,3
202506,KASI,한국천문연구원,11,일반인,4,0
202506,KASI,한국천문연구원,12,일반인,2,3
202506,KASI,한국천문연구원,13,일반인,7,2
202506,KASI,한국천문연구원,14,일반인,13,2
202506,KASI,한국천문연구원,15,일반인,7,1
202506,KASI,한국천문연구원,16,일반인,18,2
202506,KASI,한국천문연구원,17,일반인,53,7
202506,KASI,한국천문연구원,18,일반인,57,2
202506,KASI,한국천문연구원,19,일반인,59,1
202506,KASI,한국천문연구원,20,일반인,15,1
202506,KASI,한국천문연구원,21,일반인,14,0
202506,KASI,한국천문연구원,22,일반인,22,6
202506,KASI,한국천문연구원,09,경로,1,0
202506,KASI,한국천문연구원,10,경로,3,0
202506,KASI,한국천문연구원,13,경로,0,1
202506,KASI,한국천문연구원,14,경로,3,0
202506,KASI,한국천문연구원,06,일반인,1,2
202506,KASI,한국천문연구원,07,일반인,1,26
202506,KASI,한국천문연구원,08,일반인,5,27
202506,KASI,한국천문연구원,09,일반인,4,48
202506,KASI,한국천문연구원,10,일반인,1,56
202506,KASI,한국천문연구원,11,일반인,3,22
202506,KASI,한국천문연구원,12,일반인,2,10
202506,KASI,한국천문연구원,13,일반인,1,14
202506,KASI,한국천문연구원,14,일반인,1,9
202506,KASI,한국천문연구원,15,일반인,3,6
202506,KASI,한국천문연구원,16,일반인,9,2
202506,KASI,한국천문연구원,17,일반인,11,5
202506,KASI,한국천문연구원,18,일반인,29,1
202506,KASI,한국천문연구원,19,일반인,0,10
202506,KASI,한국천문연구원,20,일반인,5,4
202506,KASI,한국천문연구원,21,일반인,10,8
202506,KASI,한국천문연구원,22,일반인,1,6
202506,KASI,한국천문연구원,08,경로,1,0
202506,KASI,한국천문연구원,13,경로,1,0
202506,KASI,한국천문연구원,06,일반인,10,6
202506,KASI,한국천문연구원,07,일반인,21,36
202506,KASI,한국천문연구원,08,일반인,27,61
202506,KASI,한국천문연구원,09,일반인,20,14
202506,KASI,한국천문연구원,10,일반인,22,8
202506,KASI,한국천문연구원,11,일반인,27,16
202506,KASI,한국천문연구원,12,일반인,46,18
202506,KASI,한국천문연구원,13,일반인,38,4
202506,KASI,한국천문연구원,14,일반인,37,11
202506,KASI,한국천문연구원,15,일반인,95,8
202506,KASI,한국천문연구원,16,일반인,88,4
202506,KASI,한국천문연구원,17,일반인,219,6
202506,KASI,한국천문연구원,18,일반인,266,8
202506,KASI,한국천문연구원,19,일반인,127,10
202506,KASI,한국천문연구원,20,일반인,71,5
202506,KASI,한국천문연구원,21,일반인,41,11
202506,KASI,한국천문연구원,22,일반인,42,4
202506,KASI,한국천문연구원,07,청소년,4,5
202506,KASI,한국천문연구원,12,청소년,1,0
202506,KASI,한국천문연구원,14,청소년,1,0
202506,KASI,한국천문연구원,20,청소년,1,0
202506,KASI,한국천문연구원,21,청소년,0,1
202506,KASI,한국천문연구원,06,경로,7,0
202506,KASI,한국천문연구원,07,경로,1,1
202506,KASI,한국천문연구원,09,경로,4,0
202506,KASI,한국천문연구원,10,경로,1,1
202506,KASI,한국천문연구원,11,경로,2,0
202506,KASI,한국천문연구원,12,경로,1,2
202506,KASI,한국천문연구원,13,경로,3,3
202506,KASI,한국천문연구원,14,경로,1,0
202506,KASI,한국천문연구원,15,경로,15,1
202506,KASI,한국천문연구원,16,경로,1,0
202506,KASI,한국천문연구원,17,경로,1,0
202506,KASI,한국천문연구원,18,경로,1,0
202506,KASI,한국천문연구원,19,경로,0,1
202506,KASI,한국천문연구원,21,경로,1,0
202506,KASI,한국천문연구원,08,국가유공자,0,1
202506,KASI,한국천문연구원,09,국가유공자,0,4
202506,KASI,한국천문연구원,12,국가유공자,0,4
202506,KASI,한국천문연구원,13,국가유공자,0,4
202506,KASI,한국천문연구원,06,일반인,1,52
202506,KASI,한국천문연구원,07,일반인,3,53
202506,KASI,한국천문연구원,08,일반인,15,118
202506,KASI,한국천문연구원,09,일반인,20,248
202506,KASI,한국천문연구원,10,일반인,6,127
202506,KASI,한국천문연구원,11,일반인,27,40
202506,KASI,한국천문연구원,12,일반인,13,51
202506,KASI,한국천문연구원,13,일반인,12,53
202506,KASI,한국천문연구원,14,일반인,14,26
202506,KASI,한국천문연구원,15,일반인,12,22
202506,KASI,한국천문연구원,16,일반인,28,15
202506,KASI,한국천문연구원,17,일반인,43,23
202506,KASI,한국천문연구원,18,일반인,134,29
202506,KASI,한국천문연구원,19,일반인,16,16
202506,KASI,한국천문연구원,20,일반인,24,24
202506,KASI,한국천문연구원,21,일반인,9,36
202506,KASI,한국천문연구원,22,일반인,12,20
202506,KASI,한국천문연구원,23,일반인,1,1
202506,KASI,한국천문연구원,11,청소년,1,0
202506,KASI,한국천문연구원,12,청소년,0,1
202506,KASI,한국천문연구원,19,청소년,1,0
202506,KASI,한국천문연구원,20,청소년,0,2
202506,KASI,한국천문연구원,06,경로,0,12
202506,KASI,한국천문연구원,07,경로,0,2
202506,KASI,한국천문연구원,08,경로,2,15
202506,KASI,한국천문연구원,09,경로,4,1
202506,KASI,한국천문연구원,10,경로,0,2
202506,KASI,한국천문연구원,11,경로,1,2
202506,KASI,한국천문연구원,12,경로,0,3
202506,KASI,한국천문연구원,13,경로,0,7
202506,KASI,한국천문연구원,14,경로,0,4
202506,KASI,한국천문연구원,15,경로,1,1
202506,KASI,한국천문연구원,16,경로,0,1
202506,KASI,한국천문연구원,17,경로,0,2
202506,KASI,한국천문연구원,18,경로,1,2
202506,KASI,한국천문연구원,21,경로,1,0
202506,KASI,한국천문연구원,10,국가유공자,1,0
202506,KASI,한국천문연구원,11,국가유공자,4,0
202506,KASI,한국천문연구원,16,국가유공자,1,0
202506,KASI,한국천문연구원,18,국가유공자,3,0
202506,KASI,한국천문연구원,19,국가유공자,4,0
202506,KASI,한국천문연구원,20,국가유공자,1,0
202506,KASI,한국천문연구원,21,국가유공자,2,0
202506,_유성구전체,,00,전체,807,1485
202506,_유성구전체,,01,전체,0,411
202506,_유성구전체,,04,전체,108,0
202506,_유성구전체,,05,전체,11529,3560
202506,_유성구전체,,06,전체,57762,54112
202506,_유성구전체,,07,전체,139940,119588
202506,_유성구전체,,08,전체,166509,196109
202506,_유성구전체,,09,전체,129547,153060
202506,_유성구전체,,10,전체,109356,112535
202506,_유성구전체,,11,전체,113927,113624
202506,_유성구전체,,12,전체,133501,123494
202506,_유성구전체,,13,전체,139249,131210
202506,_유성구전체,,14,전체,139015,120586
202506,_유성구전체,,15,전체,176811,141287
202506,_유성구전체,,16,전체,195854,158554
202506,_유성구전체,,17,전체,201420,165635
202506,_유성구전체,,18,전체,213773,183532
202506,_유성구전체,,19,전체,127512,121877
202506,_유성구전체,,20,전체,119344,94653
202506,_유성구전체,,21,전체,110472,92599
202506,_유성구전체,,22,전체,82067,78582
202506,_유성구전체,,23,전체,13069,22499
