운행연월,노드,정류장명,시간대,이용자유형,승차,하차
202605,CNU,충남대학교,06,일반인,15,7
202605,CNU,충남대학교,07,일반인,43,13
202605,CNU,충남대학교,08,일반인,88,181
202605,CNU,충남대학교,09,일반인,69,61
202605,CNU,충남대학교,10,일반인,45,37
202605,CNU,충남대학교,11,일반인,61,16
202605,CNU,충남대학교,12,일반인,37,11
202605,CNU,충남대학교,13,일반인,46,65
202605,CNU,충남대학교,14,일반인,47,33
202605,CNU,충남대학교,15,일반인,51,21
202605,CNU,충남대학교,16,일반인,65,28
202605,CNU,충남대학교,17,일반인,78,19
202605,CNU,충남대학교,18,일반인,101,12
202605,CNU,충남대학교,19,일반인,84,21
202605,CNU,충남대학교,20,일반인,37,8
202605,CNU,충남대학교,21,일반인,44,8
202605,CNU,충남대학교,22,일반인,79,9
202605,CNU,충남대학교,15,어린이,0,7
202605,CNU,충남대학교,18,어린이,1,0
202605,CNU,충남대학교,19,어린이,0,1
202605,CNU,충남대학교,21,어린이,1,0
202605,CNU,충남대학교,06,청소년,0,1
202605,CNU,충남대학교,07,청소년,0,1
202605,CNU,충남대학교,08,청소년,0,5
202605,CNU,충남대학교,09,청소년,1,0
202605,CNU,충남대학교,11,청소년,1,0
202605,CNU,충남대학교,12,청소년,4,7
202605,CNU,충남대학교,13,청소년,5,0
202605,CNU,충남대학교,14,청소년,1,1
202605,CNU,충남대학교,15,청소년,3,1
202605,CNU,충남대학교,16,청소년,6,1
202605,CNU,충남대학교,17,청소년,9,1
202605,CNU,충남대학교,18,청소년,8,1
202605,CNU,충남대학교,19,청소년,5,2
202605,CNU,충남대학교,20,청소년,13,0
202605,CNU,충남대학교,21,청소년,7,0
202605,CNU,충남대학교,22,청소년,1,0
202605,CNU,충남대학교,06,경로,1,6
202605,CNU,충남대학교,07,경로,1,1
202605,CNU,충남대학교,08,경로,16,2
202605,CNU,충남대학교,09,경로,14,8
202605,CNU,충남대학교,10,경로,16,4
202605,CNU,충남대학교,11,경로,14,10
202605,CNU,충남대학교,12,경로,15,0
202605,CNU,충남대학교,13,경로,14,8
202605,CNU,충남대학교,14,경로,18,10
202605,CNU,충남대학교,15,경로,13,5
202605,CNU,충남대학교,16,경로,8,3
202605,CNU,충남대학교,17,경로,6,9
202605,CNU,충남대학교,18,경로,18,0
202605,CNU,충남대학교,19,경로,6,3
202605,CNU,충남대학교,20,경로,1,1
202605,CNU,충남대학교,22,경로,1,4
202605,CNU,충남대학교,13,장애인,1,0
202605,CNU,충남대학교,08,국가유공자,0,1
202605,CNU,충남대학교,07,일반인,2,16
202605,CNU,충남대학교,08,일반인,6,18
202605,CNU,충남대학교,09,일반인,5,16
202605,CNU,충남대학교,10,일반인,7,17
202605,CNU,충남대학교,11,일반인,8,9
202605,CNU,충남대학교,12,일반인,4,13
202605,CNU,충남대학교,13,일반인,17,22
202605,CNU,충남대학교,14,일반인,2,31
202605,CNU,충남대학교,15,일반인,3,14
202605,CNU,충남대학교,16,일반인,19,20
202605,CNU,충남대학교,17,일반인,3,26
202605,CNU,충남대학교,18,일반인,8,33
202605,CNU,충남대학교,19,일반인,9,24
202605,CNU,충남대학교,20,일반인,8,13
202605,CNU,충남대학교,21,일반인,5,25
202605,CNU,충남대학교,22,일반인,12,13
202605,CNU,충남대학교,23,일반인,1,3
202605,CNU,충남대학교,06,청소년,0,2
202605,CNU,충남대학교,08,청소년,0,1
202605,CNU,충남대학교,09,청소년,0,1
202605,CNU,충남대학교,11,청소년,1,3
202605,CNU,충남대학교,13,청소년,0,1
202605,CNU,충남대학교,14,청소년,0,3
202605,CNU,충남대학교,15,청소년,1,1
202605,CNU,충남대학교,16,청소년,0,1
202605,CNU,충남대학교,17,청소년,0,2
202605,CNU,충남대학교,18,청소년,0,3
202605,CNU,충남대학교,19,청소년,1,0
202605,CNU,충남대학교,20,청소년,0,1
202605,CNU,충남대학교,23,청소년,1,1
202605,CNU,충남대학교,07,경로,0,1
202605,CNU,충남대학교,09,경로,1,1
202605,CNU,충남대학교,10,경로,0,4
202605,CNU,충남대학교,11,경로,2,2
202605,CNU,충남대학교,12,경로,1,6
202605,CNU,충남대학교,13,경로,2,7
202605,CNU,충남대학교,14,경로,0,3
202605,CNU,충남대학교,15,경로,0,1
202605,CNU,충남대학교,16,경로,0,1
202605,CNU,충남대학교,18,경로,2,1
202605,CNU,충남대학교,19,경로,2,1
202605,CNU,충남대학교,21,경로,1,0
202605,CNU,충남대학교,06,일반인,29,59
202605,CNU,충남대학교,07,일반인,40,126
202605,CNU,충남대학교,08,일반인,24,320
202605,CNU,충남대학교,09,일반인,25,410
202605,CNU,충남대학교,10,일반인,37,238
202605,CNU,충남대학교,11,일반인,34,184
202605,CNU,충남대학교,12,일반인,56,171
202605,CNU,충남대학교,13,일반인,83,308
202605,CNU,충남대학교,14,일반인,64,129
202605,CNU,충남대학교,15,일반인,64,159
202605,CNU,충남대학교,16,일반인,147,224
202605,CNU,충남대학교,17,일반인,103,277
202605,CNU,충남대학교,18,일반인,149,298
202605,CNU,충남대학교,19,일반인,67,222
202605,CNU,충남대학교,20,일반인,73,191
202605,CNU,충남대학교,21,일반인,87,234
202605,CNU,충남대학교,22,일반인,78,93
202605,CNU,충남대학교,23,일반인,33,17
202605,CNU,충남대학교,06,어린이,0,2
202605,CNU,충남대학교,09,어린이,1,0
202605,CNU,충남대학교,10,어린이,0,1
202605,CNU,충남대학교,13,어린이,0,9
202605,CNU,충남대학교,16,어린이,1,3
202605,CNU,충남대학교,17,어린이,0,1
202605,CNU,충남대학교,18,어린이,3,2
202605,CNU,충남대학교,21,어린이,0,1
202605,CNU,충남대학교,22,어린이,0,1
202605,CNU,충남대학교,06,청소년,2,0
202605,CNU,충남대학교,07,청소년,43,21
202605,CNU,충남대학교,08,청소년,10,25
202605,CNU,충남대학교,09,청소년,2,25
202605,CNU,충남대학교,10,청소년,3,20
202605,CNU,충남대학교,11,청소년,4,23
202605,CNU,충남대학교,12,청소년,1,11
202605,CNU,충남대학교,13,청소년,9,31
202605,CNU,충남대학교,14,청소년,10,21
202605,CNU,충남대학교,15,청소년,7,25
202605,CNU,충남대학교,16,청소년,21,55
202605,CNU,충남대학교,17,청소년,8,28
202605,CNU,충남대학교,18,청소년,8,14
202605,CNU,충남대학교,19,청소년,11,12
202605,CNU,충남대학교,20,청소년,2,4
202605,CNU,충남대학교,21,청소년,7,18
202605,CNU,충남대학교,22,청소년,9,14
202605,CNU,충남대학교,23,청소년,8,1
202605,CNU,충남대학교,06,경로,0,11
202605,CNU,충남대학교,07,경로,0,22
202605,CNU,충남대학교,08,경로,4,22
202605,CNU,충남대학교,09,경로,14,43
202605,CNU,충남대학교,10,경로,10,48
202605,CNU,충남대학교,11,경로,14,28
202605,CNU,충남대학교,12,경로,17,23
202605,CNU,충남대학교,13,경로,14,24
202605,CNU,충남대학교,14,경로,7,45
202605,CNU,충남대학교,15,경로,10,24
202605,CNU,충남대학교,16,경로,33,27
202605,CNU,충남대학교,17,경로,17,25
202605,CNU,충남대학교,18,경로,4,11
202605,CNU,충남대학교,19,경로,6,9
202605,CNU,충남대학교,20,경로,1,7
202605,CNU,충남대학교,21,경로,3,3
202605,CNU,충남대학교,22,경로,1,2
202605,CNU,충남대학교,08,장애인,0,1
202605,CNU,충남대학교,10,장애인,1,0
202605,CNU,충남대학교,14,장애인,2,2
202605,CNU,충남대학교,17,장애인,0,1
202605,CNU,충남대학교,06,일반인,18,2
202605,CNU,충남대학교,07,일반인,72,18
202605,CNU,충남대학교,08,일반인,207,30
202605,CNU,충남대학교,09,일반인,113,79
202605,CNU,충남대학교,10,일반인,129,32
202605,CNU,충남대학교,11,일반인,85,17
202605,CNU,충남대학교,12,일반인,140,21
202605,CNU,충남대학교,13,일반인,85,25
202605,CNU,충남대학교,14,일반인,76,18
202605,CNU,충남대학교,15,일반인,155,37
202605,CNU,충남대학교,16,일반인,116,32
202605,CNU,충남대학교,17,일반인,171,13
202605,CNU,충남대학교,18,일반인,192,28
202605,CNU,충남대학교,19,일반인,99,12
202605,CNU,충남대학교,20,일반인,134,10
202605,CNU,충남대학교,21,일반인,109,9
202605,CNU,충남대학교,22,일반인,108,16
202605,CNU,충남대학교,11,어린이,6,0
202605,CNU,충남대학교,14,어린이,1,0
202605,CNU,충남대학교,15,어린이,4,0
202605,CNU,충남대학교,06,청소년,1,0
202605,CNU,충남대학교,07,청소년,3,0
202605,CNU,충남대학교,08,청소년,1,3
202605,CNU,충남대학교,09,청소년,3,1
202605,CNU,충남대학교,10,청소년,4,3
202605,CNU,충남대학교,11,청소년,6,4
202605,CNU,충남대학교,12,청소년,11,3
202605,CNU,충남대학교,13,청소년,16,1
202605,CNU,충남대학교,14,청소년,6,1
202605,CNU,충남대학교,15,청소년,21,5
202605,CNU,충남대학교,16,청소년,18,8
202605,CNU,충남대학교,17,청소년,21,3
202605,CNU,충남대학교,18,청소년,16,3
202605,CNU,충남대학교,19,청소년,2,3
202605,CNU,충남대학교,20,청소년,8,3
202605,CNU,충남대학교,21,청소년,4,3
202605,CNU,충남대학교,22,청소년,12,3
202605,CNU,충남대학교,07,경로,0,1
202605,CNU,충남대학교,08,경로,0,1
202605,CNU,충남대학교,09,경로,4,1
202605,CNU,충남대학교,10,경로,1,1
202605,CNU,충남대학교,11,경로,7,0
202605,CNU,충남대학교,12,경로,14,0
202605,CNU,충남대학교,13,경로,11,2
202605,CNU,충남대학교,14,경로,9,2
202605,CNU,충남대학교,15,경로,7,7
202605,CNU,충남대학교,16,경로,7,2
202605,CNU,충남대학교,17,경로,3,5
202605,CNU,충남대학교,18,경로,3,2
202605,CNU,충남대학교,19,경로,6,1
202605,CNU,충남대학교,20,경로,4,0
202605,CNU,충남대학교,21,경로,2,0
202605,CNU,충남대학교,22,경로,1,0
202605,CNU,충남대학교,08,국가유공자,1,0
202605,CNU,충남대학교,06,일반인,42,20
202605,CNU,충남대학교,07,일반인,40,48
202605,CNU,충남대학교,08,일반인,87,175
202605,CNU,충남대학교,09,일반인,100,236
202605,CNU,충남대학교,10,일반인,161,131
202605,CNU,충남대학교,11,일반인,113,75
202605,CNU,충남대학교,12,일반인,226,158
202605,CNU,충남대학교,13,일반인,168,133
202605,CNU,충남대학교,14,일반인,225,135
202605,CNU,충남대학교,15,일반인,241,111
202605,CNU,충남대학교,16,일반인,387,130
202605,CNU,충남대학교,17,일반인,378,148
202605,CNU,충남대학교,18,일반인,509,247
202605,CNU,충남대학교,19,일반인,166,96
202605,CNU,충남대학교,20,일반인,196,115
202605,CNU,충남대학교,21,일반인,221,163
202605,CNU,충남대학교,22,일반인,152,122
202605,CNU,충남대학교,11,어린이,2,6
202605,CNU,충남대학교,12,어린이,0,1
202605,CNU,충남대학교,13,어린이,3,0
202605,CNU,충남대학교,14,어린이,1,2
202605,CNU,충남대학교,15,어린이,0,3
202605,CNU,충남대학교,16,어린이,0,1
202605,CNU,충남대학교,17,어린이,0,7
202605,CNU,충남대학교,18,어린이,2,3
202605,CNU,충남대학교,20,어린이,0,1
202605,CNU,충남대학교,21,어린이,1,0
202605,CNU,충남대학교,06,청소년,3,0
202605,CNU,충남대학교,07,청소년,4,10
202605,CNU,충남대학교,08,청소년,5,7
202605,CNU,충남대학교,09,청소년,9,14
202605,CNU,충남대학교,10,청소년,13,17
202605,CNU,충남대학교,11,청소년,10,13
202605,CNU,충남대학교,12,청소년,24,17
202605,CNU,충남대학교,13,청소년,19,15
202605,CNU,충남대학교,14,청소년,22,14
202605,CNU,충남대학교,15,청소년,29,30
202605,CNU,충남대학교,16,청소년,46,45
202605,CNU,충남대학교,17,청소년,28,18
202605,CNU,충남대학교,18,청소년,39,41
202605,CNU,충남대학교,19,청소년,7,9
202605,CNU,충남대학교,20,청소년,11,6
202605,CNU,충남대학교,21,청소년,17,9
202605,CNU,충남대학교,22,청소년,16,5
202605,CNU,충남대학교,06,경로,2,42
202605,CNU,충남대학교,07,경로,3,15
202605,CNU,충남대학교,08,경로,21,18
202605,CNU,충남대학교,09,경로,32,21
202605,CNU,충남대학교,10,경로,30,32
202605,CNU,충남대학교,11,경로,36,29
202605,CNU,충남대학교,12,경로,40,32
202605,CNU,충남대학교,13,경로,22,22
202605,CNU,충남대학교,14,경로,27,17
202605,CNU,충남대학교,15,경로,31,33
202605,CNU,충남대학교,16,경로,23,30
202605,CNU,충남대학교,17,경로,20,17
202605,CNU,충남대학교,18,경로,13,13
202605,CNU,충남대학교,19,경로,7,5
202605,CNU,충남대학교,20,경로,3,10
202605,CNU,충남대학교,21,경로,3,8
202605,CNU,충남대학교,22,경로,1,5
202605,CNU,충남대학교,08,장애인,1,0
202605,CNU,충남대학교,11,장애인,0,1
202605,CNU,충남대학교,15,장애인,5,0
202605,CNU,충남대학교,16,장애인,1,0
202605,CNU,충남대학교,17,장애인,1,0
202605,CNU,충남대학교,18,장애인,0,2
202605,CNU,충남대학교,22,장애인,0,1
202605,CNU,충남대학교,08,국가유공자,0,1
202605,CNU,충남대학교,11,국가유공자,0,1
202605,CNU,충남대학교,06,일반인,21,15
202605,CNU,충남대학교,07,일반인,67,47
202605,CNU,충남대학교,08,일반인,97,157
202605,CNU,충남대학교,09,일반인,73,189
202605,CNU,충남대학교,10,일반인,71,154
202605,CNU,충남대학교,11,일반인,81,92
202605,CNU,충남대학교,12,일반인,114,155
202605,CNU,충남대학교,13,일반인,115,127
202605,CNU,충남대학교,14,일반인,163,116
202605,CNU,충남대학교,15,일반인,204,117
202605,CNU,충남대학교,16,일반인,319,98
202605,CNU,충남대학교,17,일반인,297,96
202605,CNU,충남대학교,18,일반인,331,109
202605,CNU,충남대학교,19,일반인,155,96
202605,CNU,충남대학교,20,일반인,132,59
202605,CNU,충남대학교,21,일반인,162,49
202605,CNU,충남대학교,22,일반인,140,83
202605,CNU,충남대학교,23,일반인,44,16
202605,CNU,충남대학교,08,어린이,1,0
202605,CNU,충남대학교,13,어린이,1,0
202605,CNU,충남대학교,14,어린이,0,2
202605,CNU,충남대학교,15,어린이,3,0
202605,CNU,충남대학교,16,어린이,1,2
202605,CNU,충남대학교,17,어린이,1,0
202605,CNU,충남대학교,18,어린이,1,3
202605,CNU,충남대학교,19,어린이,1,3
202605,CNU,충남대학교,20,어린이,2,1
202605,CNU,충남대학교,07,청소년,5,1
202605,CNU,충남대학교,08,청소년,0,16
202605,CNU,충남대학교,09,청소년,1,12
202605,CNU,충남대학교,10,청소년,5,23
202605,CNU,충남대학교,11,청소년,4,18
202605,CNU,충남대학교,12,청소년,13,5
202605,CNU,충남대학교,13,청소년,11,13
202605,CNU,충남대학교,14,청소년,26,14
202605,CNU,충남대학교,15,청소년,23,12
202605,CNU,충남대학교,16,청소년,34,13
202605,CNU,충남대학교,17,청소년,23,16
202605,CNU,충남대학교,18,청소년,15,7
202605,CNU,충남대학교,19,청소년,17,5
202605,CNU,충남대학교,20,청소년,6,9
202605,CNU,충남대학교,21,청소년,18,5
202605,CNU,충남대학교,22,청소년,16,7
202605,CNU,충남대학교,23,청소년,5,2
202605,CNU,충남대학교,06,경로,18,0
202605,CNU,충남대학교,07,경로,28,19
202605,CNU,충남대학교,08,경로,28,7
202605,CNU,충남대학교,09,경로,14,4
202605,CNU,충남대학교,10,경로,8,12
202605,CNU,충남대학교,11,경로,12,13
202605,CNU,충남대학교,12,경로,6,12
202605,CNU,충남대학교,13,경로,30,16
202605,CNU,충남대학교,14,경로,35,20
202605,CNU,충남대학교,15,경로,10,11
202605,CNU,충남대학교,16,경로,11,15
202605,CNU,충남대학교,17,경로,11,23
202605,CNU,충남대학교,18,경로,15,10
202605,CNU,충남대학교,19,경로,7,2
202605,CNU,충남대학교,20,경로,6,5
202605,CNU,충남대학교,21,경로,22,2
202605,CNU,충남대학교,22,경로,2,1
202605,CNU,충남대학교,23,경로,0,1
202605,CNU,충남대학교,09,장애인,1,1
202605,CNU,충남대학교,11,장애인,1,0
202605,CNU,충남대학교,14,장애인,1,0
202605,CNU,충남대학교,15,장애인,2,0
202605,CNU,충남대학교,16,장애인,0,1
202605,CNU,충남대학교,17,장애인,1,0
202605,CNU,충남대학교,18,장애인,2,0
202605,CNU,충남대학교,22,장애인,1,0
202605,CNU,충남대학교,23,장애인,1,0
202605,CNU,충남대학교,11,국가유공자,0,1
202605,CNU,충남대학교,16,국가유공자,1,0
202605,CNU,충남대학교,05,일반인,33,17
202605,CNU,충남대학교,06,일반인,245,47
202605,CNU,충남대학교,07,일반인,653,100
202605,CNU,충남대학교,08,일반인,828,361
202605,CNU,충남대학교,09,일반인,655,279
202605,CNU,충남대학교,10,일반인,507,192
202605,CNU,충남대학교,11,일반인,600,258
202605,CNU,충남대학교,12,일반인,894,340
202605,CNU,충남대학교,13,일반인,740,361
202605,CNU,충남대학교,14,일반인,745,260
202605,CNU,충남대학교,15,일반인,1073,284
202605,CNU,충남대학교,16,일반인,1399,346
202605,CNU,충남대학교,17,일반인,1340,360
202605,CNU,충남대학교,18,일반인,1551,397
202605,CNU,충남대학교,19,일반인,947,256
202605,CNU,충남대학교,20,일반인,937,261
202605,CNU,충남대학교,21,일반인,938,261
202605,CNU,충남대학교,22,일반인,828,177
202605,CNU,충남대학교,23,일반인,4,3
202605,CNU,충남대학교,09,어린이,2,0
202605,CNU,충남대학교,10,어린이,1,0
202605,CNU,충남대학교,11,어린이,1,0
202605,CNU,충남대학교,12,어린이,4,3
202605,CNU,충남대학교,13,어린이,1,6
202605,CNU,충남대학교,15,어린이,3,3
202605,CNU,충남대학교,16,어린이,5,0
202605,CNU,충남대학교,17,어린이,1,0
202605,CNU,충남대학교,18,어린이,1,0
202605,CNU,충남대학교,20,어린이,0,2
202605,CNU,충남대학교,21,어린이,0,1
202605,CNU,충남대학교,05,청소년,8,0
202605,CNU,충남대학교,06,청소년,15,2
202605,CNU,충남대학교,07,청소년,49,2
202605,CNU,충남대학교,08,청소년,33,11
202605,CNU,충남대학교,09,청소년,70,16
202605,CNU,충남대학교,10,청소년,62,5
202605,CNU,충남대학교,11,청소년,56,12
202605,CNU,충남대학교,12,청소년,88,17
202605,CNU,충남대학교,13,청소년,89,17
202605,CNU,충남대학교,14,청소년,81,21
202605,CNU,충남대학교,15,청소년,138,23
202605,CNU,충남대학교,16,청소년,170,40
202605,CNU,충남대학교,17,청소년,121,29
202605,CNU,충남대학교,18,청소년,154,31
202605,CNU,충남대학교,19,청소년,96,28
202605,CNU,충남대학교,20,청소년,93,22
202605,CNU,충남대학교,21,청소년,65,25
202605,CNU,충남대학교,22,청소년,103,14
202605,CNU,충남대학교,23,청소년,2,0
202605,CNU,충남대학교,05,경로,4,1
202605,CNU,충남대학교,06,경로,44,3
202605,CNU,충남대학교,07,경로,56,3
202605,CNU,충남대학교,08,경로,75,11
202605,CNU,충남대학교,09,경로,68,27
202605,CNU,충남대학교,10,경로,103,12
202605,CNU,충남대학교,11,경로,93,29
202605,CNU,충남대학교,12,경로,78,34
202605,CNU,충남대학교,13,경로,72,34
202605,CNU,충남대학교,14,경로,87,27
202605,CNU,충남대학교,15,경로,134,41
202605,CNU,충남대학교,16,경로,88,26
202605,CNU,충남대학교,17,경로,46,24
202605,CNU,충남대학교,18,경로,39,10
202605,CNU,충남대학교,19,경로,35,16
202605,CNU,충남대학교,20,경로,45,6
202605,CNU,충남대학교,21,경로,20,4
202605,CNU,충남대학교,22,경로,7,0
202605,CNU,충남대학교,09,장애인,0,1
202605,CNU,충남대학교,11,장애인,0,1
202605,CNU,충남대학교,12,장애인,1,0
202605,CNU,충남대학교,13,장애인,0,1
202605,CNU,충남대학교,14,장애인,0,1
202605,CNU,충남대학교,16,장애인,3,0
202605,CNU,충남대학교,19,장애인,3,0
202605,CNU,충남대학교,20,장애인,2,1
202605,CNU,충남대학교,21,장애인,1,1
202605,CNU,충남대학교,22,장애인,10,1
202605,CNU,충남대학교,09,국가유공자,1,0
202605,CNU,충남대학교,11,국가유공자,1,1
202605,CNU,충남대학교,13,국가유공자,1,0
202605,CNU,충남대학교,14,국가유공자,1,0
202605,CNU,충남대학교,15,국가유공자,3,0
202605,CNU,충남대학교,20,국가유공자,1,0
202605,CNU,충남대학교,21,국가유공자,1,0
202605,CNU,충남대학교,05,일반인,7,14
202605,CNU,충남대학교,06,일반인,69,225
202605,CNU,충남대학교,07,일반인,189,669
202605,CNU,충남대학교,08,일반인,539,1137
202605,CNU,충남대학교,09,일반인,460,998
202605,CNU,충남대학교,10,일반인,217,729
202605,CNU,충남대학교,11,일반인,306,546
202605,CNU,충남대학교,12,일반인,326,695
202605,CNU,충남대학교,13,일반인,311,684
202605,CNU,충남대학교,14,일반인,318,626
202605,CNU,충남대학교,15,일반인,295,676
202605,CNU,충남대학교,16,일반인,434,813
202605,CNU,충남대학교,17,일반인,454,949
202605,CNU,충남대학교,18,일반인,584,1223
202605,CNU,충남대학교,19,일반인,295,643
202605,CNU,충남대학교,20,일반인,220,565
202605,CNU,충남대학교,21,일반인,258,589
202605,CNU,충남대학교,22,일반인,227,530
202605,CNU,충남대학교,23,일반인,74,76
202605,CNU,충남대학교,07,어린이,0,1
202605,CNU,충남대학교,09,어린이,0,2
202605,CNU,충남대학교,10,어린이,0,1
202605,CNU,충남대학교,12,어린이,0,1
202605,CNU,충남대학교,13,어린이,0,2
202605,CNU,충남대학교,14,어린이,0,1
202605,CNU,충남대학교,15,어린이,2,1
202605,CNU,충남대학교,16,어린이,3,3
202605,CNU,충남대학교,17,어린이,2,3
202605,CNU,충남대학교,18,어린이,2,1
202605,CNU,충남대학교,19,어린이,2,1
202605,CNU,충남대학교,21,어린이,0,2
202605,CNU,충남대학교,06,청소년,0,6
202605,CNU,충남대학교,07,청소년,14,30
202605,CNU,충남대학교,08,청소년,47,129
202605,CNU,충남대학교,09,청소년,49,82
202605,CNU,충남대학교,10,청소년,19,90
202605,CNU,충남대학교,11,청소년,37,68
202605,CNU,충남대학교,12,청소년,32,66
202605,CNU,충남대학교,13,청소년,45,67
202605,CNU,충남대학교,14,청소년,40,62
202605,CNU,충남대학교,15,청소년,32,90
202605,CNU,충남대학교,16,청소년,37,105
202605,CNU,충남대학교,17,청소년,56,68
202605,CNU,충남대학교,18,청소년,73,81
202605,CNU,충남대학교,19,청소년,36,63
202605,CNU,충남대학교,20,청소년,33,51
202605,CNU,충남대학교,21,청소년,18,48
202605,CNU,충남대학교,22,청소년,26,45
202605,CNU,충남대학교,23,청소년,4,15
202605,CNU,충남대학교,05,경로,1,31
202605,CNU,충남대학교,06,경로,14,203
202605,CNU,충남대학교,07,경로,53,93
202605,CNU,충남대학교,08,경로,47,156
202605,CNU,충남대학교,09,경로,67,169
202605,CNU,충남대학교,10,경로,68,126
202605,CNU,충남대학교,11,경로,73,113
202605,CNU,충남대학교,12,경로,57,128
202605,CNU,충남대학교,13,경로,27,121
202605,CNU,충남대학교,14,경로,29,130
202605,CNU,충남대학교,15,경로,37,137
202605,CNU,충남대학교,16,경로,43,145
202605,CNU,충남대학교,17,경로,33,130
202605,CNU,충남대학교,18,경로,11,70
202605,CNU,충남대학교,19,경로,6,72
202605,CNU,충남대학교,20,경로,6,56
202605,CNU,충남대학교,21,경로,1,42
202605,CNU,충남대학교,22,경로,8,8
202605,CNU,충남대학교,10,장애인,1,1
202605,CNU,충남대학교,11,장애인,0,1
202605,CNU,충남대학교,12,장애인,2,0
202605,CNU,충남대학교,14,장애인,1,2
202605,CNU,충남대학교,16,장애인,1,0
202605,CNU,충남대학교,17,장애인,0,1
202605,CNU,충남대학교,18,장애인,0,2
202605,CNU,충남대학교,20,장애인,1,2
202605,CNU,충남대학교,21,장애인,0,3
202605,CNU,충남대학교,22,장애인,1,7
202605,CNU,충남대학교,23,장애인,0,9
202605,CNU,충남대학교,08,국가유공자,1,3
202605,CNU,충남대학교,09,국가유공자,0,2
202605,CNU,충남대학교,11,국가유공자,2,4
202605,CNU,충남대학교,12,국가유공자,0,3
202605,CNU,충남대학교,14,국가유공자,0,7
202605,CNU,충남대학교,15,국가유공자,1,5
202605,CNU,충남대학교,16,국가유공자,1,8
202605,CNU,충남대학교,17,국가유공자,0,2
202605,CNU,충남대학교,19,국가유공자,1,1
202605,CNU,충남대학교,21,국가유공자,0,1
202605,CNU,충남대학교,05,일반인,1,2
202605,CNU,충남대학교,06,일반인,30,25
202605,CNU,충남대학교,07,일반인,183,27
202605,CNU,충남대학교,08,일반인,261,76
202605,CNU,충남대학교,09,일반인,253,79
202605,CNU,충남대학교,10,일반인,154,43
202605,CNU,충남대학교,11,일반인,153,47
202605,CNU,충남대학교,12,일반인,245,80
202605,CNU,충남대학교,13,일반인,161,59
202605,CNU,충남대학교,14,일반인,190,57
202605,CNU,충남대학교,15,일반인,205,64
202605,CNU,충남대학교,16,일반인,231,94
202605,CNU,충남대학교,17,일반인,207,127
202605,CNU,충남대학교,18,일반인,209,110
202605,CNU,충남대학교,19,일반인,125,65
202605,CNU,충남대학교,20,일반인,94,34
202605,CNU,충남대학교,21,일반인,122,38
202605,CNU,충남대학교,22,일반인,128,42
202605,CNU,충남대학교,08,어린이,1,0
202605,CNU,충남대학교,09,어린이,0,2
202605,CNU,충남대학교,10,어린이,6,1
202605,CNU,충남대학교,11,어린이,2,2
202605,CNU,충남대학교,12,어린이,1,1
202605,CNU,충남대학교,13,어린이,4,1
202605,CNU,충남대학교,14,어린이,2,0
202605,CNU,충남대학교,15,어린이,2,2
202605,CNU,충남대학교,16,어린이,1,5
202605,CNU,충남대학교,17,어린이,1,2
202605,CNU,충남대학교,18,어린이,0,1
202605,CNU,충남대학교,20,어린이,0,1
202605,CNU,충남대학교,21,어린이,2,0
202605,CNU,충남대학교,06,청소년,0,4
202605,CNU,충남대학교,07,청소년,1,0
202605,CNU,충남대학교,08,청소년,7,1
202605,CNU,충남대학교,09,청소년,5,4
202605,CNU,충남대학교,10,청소년,11,2
202605,CNU,충남대학교,11,청소년,19,8
202605,CNU,충남대학교,12,청소년,10,14
202605,CNU,충남대학교,13,청소년,22,10
202605,CNU,충남대학교,14,청소년,16,6
202605,CNU,충남대학교,15,청소년,27,8
202605,CNU,충남대학교,16,청소년,25,15
202605,CNU,충남대학교,17,청소년,16,19
202605,CNU,충남대학교,18,청소년,17,15
202605,CNU,충남대학교,19,청소년,15,8
202605,CNU,충남대학교,20,청소년,13,8
202605,CNU,충남대학교,21,청소년,7,8
202605,CNU,충남대학교,22,청소년,7,16
202605,CNU,충남대학교,06,경로,16,0
202605,CNU,충남대학교,07,경로,12,3
202605,CNU,충남대학교,08,경로,14,6
202605,CNU,충남대학교,09,경로,37,15
202605,CNU,충남대학교,10,경로,31,14
202605,CNU,충남대학교,11,경로,26,17
202605,CNU,충남대학교,12,경로,30,33
202605,CNU,충남대학교,13,경로,22,10
202605,CNU,충남대학교,14,경로,33,24
202605,CNU,충남대학교,15,경로,20,15
202605,CNU,충남대학교,16,경로,23,16
202605,CNU,충남대학교,17,경로,45,17
202605,CNU,충남대학교,18,경로,23,11
202605,CNU,충남대학교,19,경로,11,2
202605,CNU,충남대학교,20,경로,3,3
202605,CNU,충남대학교,21,경로,2,2
202605,CNU,충남대학교,22,경로,3,2
202605,CNU,충남대학교,14,장애인,0,1
202605,CNU,충남대학교,18,장애인,0,1
202605,CNU,충남대학교,07,국가유공자,3,0
202605,CNU,충남대학교,08,국가유공자,1,0
202605,CNU,충남대학교,11,국가유공자,0,1
202605,CNU,충남대학교,13,국가유공자,1,1
202605,CNU,충남대학교,17,국가유공자,0,3
202605,CNU,충남대학교,18,국가유공자,0,1
202605,CNU,충남대학교,06,일반인,31,62
202605,CNU,충남대학교,07,일반인,58,49
202605,CNU,충남대학교,08,일반인,118,132
202605,CNU,충남대학교,09,일반인,177,201
202605,CNU,충남대학교,10,일반인,60,134
202605,CNU,충남대학교,11,일반인,41,117
202605,CNU,충남대학교,12,일반인,108,137
202605,CNU,충남대학교,13,일반인,85,174
202605,CNU,충남대학교,14,일반인,66,181
202605,CNU,충남대학교,15,일반인,69,254
202605,CNU,충남대학교,16,일반인,76,252
202605,CNU,충남대학교,17,일반인,92,330
202605,CNU,충남대학교,18,일반인,103,468
202605,CNU,충남대학교,19,일반인,55,374
202605,CNU,충남대학교,20,일반인,70,532
202605,CNU,충남대학교,21,일반인,70,291
202605,CNU,충남대학교,22,일반인,38,223
202605,CNU,충남대학교,23,일반인,14,23
202605,CNU,충남대학교,10,어린이,1,0
202605,CNU,충남대학교,12,어린이,1,2
202605,CNU,충남대학교,13,어린이,1,1
202605,CNU,충남대학교,14,어린이,1,0
202605,CNU,충남대학교,15,어린이,2,1
202605,CNU,충남대학교,16,어린이,3,5
202605,CNU,충남대학교,17,어린이,1,7
202605,CNU,충남대학교,18,어린이,1,6
202605,CNU,충남대학교,20,어린이,3,1
202605,CNU,충남대학교,21,어린이,0,2
202605,CNU,충남대학교,22,어린이,0,1
202605,CNU,충남대학교,06,청소년,0,2
202605,CNU,충남대학교,07,청소년,1,1
202605,CNU,충남대학교,08,청소년,6,3
202605,CNU,충남대학교,09,청소년,17,5
202605,CNU,충남대학교,10,청소년,6,16
202605,CNU,충남대학교,11,청소년,3,10
202605,CNU,충남대학교,12,청소년,6,18
202605,CNU,충남대학교,13,청소년,8,9
202605,CNU,충남대학교,14,청소년,4,12
202605,CNU,충남대학교,15,청소년,9,23
202605,CNU,충남대학교,16,청소년,11,26
202605,CNU,충남대학교,17,청소년,18,46
202605,CNU,충남대학교,18,청소년,8,42
202605,CNU,충남대학교,19,청소년,9,13
202605,CNU,충남대학교,20,청소년,14,15
202605,CNU,충남대학교,21,청소년,4,37
202605,CNU,충남대학교,22,청소년,6,15
202605,CNU,충남대학교,23,청소년,2,4
202605,CNU,충남대학교,06,경로,11,76
202605,CNU,충남대학교,07,경로,19,23
202605,CNU,충남대학교,08,경로,12,13
202605,CNU,충남대학교,09,경로,25,37
202605,CNU,충남대학교,10,경로,29,41
202605,CNU,충남대학교,11,경로,14,42
202605,CNU,충남대학교,12,경로,14,39
202605,CNU,충남대학교,13,경로,15,34
202605,CNU,충남대학교,14,경로,21,51
202605,CNU,충남대학교,15,경로,19,48
202605,CNU,충남대학교,16,경로,11,45
202605,CNU,충남대학교,17,경로,23,32
202605,CNU,충남대학교,18,경로,16,15
202605,CNU,충남대학교,19,경로,15,15
202605,CNU,충남대학교,20,경로,8,14
202605,CNU,충남대학교,21,경로,5,35
202605,CNU,충남대학교,22,경로,0,7
202605,CNU,충남대학교,14,장애인,1,0
202605,CNU,충남대학교,16,장애인,0,1
202605,CNU,충남대학교,14,국가유공자,1,0
202605,CNU,충남대학교,15,국가유공자,0,3
202605,CNU,충남대학교,17,국가유공자,0,1
202605,CNU,충남대학교,18,국가유공자,0,1
202605,CNU,충남대학교,05,일반인,30,9
202605,CNU,충남대학교,06,일반인,72,27
202605,CNU,충남대학교,07,일반인,176,50
202605,CNU,충남대학교,08,일반인,294,255
202605,CNU,충남대학교,09,일반인,199,238
202605,CNU,충남대학교,10,일반인,179,178
202605,CNU,충남대학교,11,일반인,269,138
202605,CNU,충남대학교,12,일반인,300,119
202605,CNU,충남대학교,13,일반인,275,156
202605,CNU,충남대학교,14,일반인,364,143
202605,CNU,충남대학교,15,일반인,467,143
202605,CNU,충남대학교,16,일반인,673,216
202605,CNU,충남대학교,17,일반인,764,146
202605,CNU,충남대학교,18,일반인,669,75
202605,CNU,충남대학교,19,일반인,326,66
202605,CNU,충남대학교,20,일반인,331,57
202605,CNU,충남대학교,21,일반인,380,54
202605,CNU,충남대학교,22,일반인,234,42
202605,CNU,충남대학교,10,어린이,3,0
202605,CNU,충남대학교,11,어린이,2,0
202605,CNU,충남대학교,12,어린이,1,1
202605,CNU,충남대학교,15,어린이,3,5
202605,CNU,충남대학교,16,어린이,1,1
202605,CNU,충남대학교,17,어린이,1,0
202605,CNU,충남대학교,18,어린이,2,0
202605,CNU,충남대학교,05,청소년,2,0
202605,CNU,충남대학교,06,청소년,3,1
202605,CNU,충남대학교,07,청소년,16,2
202605,CNU,충남대학교,08,청소년,7,7
202605,CNU,충남대학교,09,청소년,11,4
202605,CNU,충남대학교,10,청소년,9,5
202605,CNU,충남대학교,11,청소년,27,9
202605,CNU,충남대학교,12,청소년,22,5
202605,CNU,충남대학교,13,청소년,29,5
202605,CNU,충남대학교,14,청소년,38,6
202605,CNU,충남대학교,15,청소년,41,6
202605,CNU,충남대학교,16,청소년,75,4
202605,CNU,충남대학교,17,청소년,52,8
202605,CNU,충남대학교,18,청소년,51,3
202605,CNU,충남대학교,19,청소년,16,0
202605,CNU,충남대학교,20,청소년,21,2
202605,CNU,충남대학교,21,청소년,11,3
202605,CNU,충남대학교,22,청소년,13,4
202605,CNU,충남대학교,05,경로,2,12
202605,CNU,충남대학교,06,경로,24,21
202605,CNU,충남대학교,07,경로,22,21
202605,CNU,충남대학교,08,경로,29,17
202605,CNU,충남대학교,09,경로,57,33
202605,CNU,충남대학교,10,경로,46,31
202605,CNU,충남대학교,11,경로,50,34
202605,CNU,충남대학교,12,경로,61,23
202605,CNU,충남대학교,13,경로,50,27
202605,CNU,충남대학교,14,경로,66,27
202605,CNU,충남대학교,15,경로,79,16
202605,CNU,충남대학교,16,경로,53,8
202605,CNU,충남대학교,17,경로,46,20
202605,CNU,충남대학교,18,경로,29,6
202605,CNU,충남대학교,19,경로,9,6
202605,CNU,충남대학교,20,경로,11,10
202605,CNU,충남대학교,21,경로,21,1
202605,CNU,충남대학교,22,경로,7,7
202605,CNU,충남대학교,07,장애인,1,0
202605,CNU,충남대학교,11,장애인,1,0
202605,CNU,충남대학교,13,장애인,1,1
202605,CNU,충남대학교,14,장애인,1,0
202605,CNU,충남대학교,17,장애인,0,1
202605,CNU,충남대학교,07,국가유공자,0,2
202605,CNU,충남대학교,08,국가유공자,0,1
202605,CNU,충남대학교,11,국가유공자,2,0
202605,CNU,충남대학교,12,국가유공자,2,3
202605,CNU,충남대학교,13,국가유공자,0,1
202605,CNU,충남대학교,15,국가유공자,1,0
202605,CNU,충남대학교,16,국가유공자,5,0
202605,CNU,충남대학교,18,국가유공자,1,0
202605,CNU,충남대학교,21,국가유공자,0,3
202605,CNU,충남대학교,06,일반인,2,26
202605,CNU,충남대학교,07,일반인,24,67
202605,CNU,충남대학교,08,일반인,57,420
202605,CNU,충남대학교,09,일반인,40,302
202605,CNU,충남대학교,10,일반인,24,207
202605,CNU,충남대학교,11,일반인,24,174
202605,CNU,충남대학교,12,일반인,25,187
202605,CNU,충남대학교,13,일반인,42,189
202605,CNU,충남대학교,14,일반인,35,181
202605,CNU,충남대학교,15,일반인,33,174
202605,CNU,충남대학교,16,일반인,25,165
202605,CNU,충남대학교,17,일반인,32,146
202605,CNU,충남대학교,18,일반인,43,173
202605,CNU,충남대학교,19,일반인,32,140
202605,CNU,충남대학교,20,일반인,19,110
202605,CNU,충남대학교,21,일반인,32,121
202605,CNU,충남대학교,22,일반인,50,121
202605,CNU,충남대학교,23,일반인,20,50
202605,CNU,충남대학교,10,어린이,0,2
202605,CNU,충남대학교,13,어린이,0,1
202605,CNU,충남대학교,14,어린이,0,2
202605,CNU,충남대학교,18,어린이,1,0
202605,CNU,충남대학교,20,어린이,3,0
202605,CNU,충남대학교,06,청소년,0,3
202605,CNU,충남대학교,07,청소년,2,1
202605,CNU,충남대학교,08,청소년,7,36
202605,CNU,충남대학교,09,청소년,2,22
202605,CNU,충남대학교,10,청소년,1,26
202605,CNU,충남대학교,11,청소년,0,11
202605,CNU,충남대학교,12,청소년,1,14
202605,CNU,충남대학교,13,청소년,3,14
202605,CNU,충남대학교,14,청소년,1,14
202605,CNU,충남대학교,15,청소년,4,16
202605,CNU,충남대학교,16,청소년,7,13
202605,CNU,충남대학교,17,청소년,3,10
202605,CNU,충남대학교,18,청소년,3,16
202605,CNU,충남대학교,19,청소년,3,8
202605,CNU,충남대학교,20,청소년,1,12
202605,CNU,충남대학교,21,청소년,1,7
202605,CNU,충남대학교,22,청소년,2,14
202605,CNU,충남대학교,23,청소년,1,4
202605,CNU,충남대학교,07,경로,1,13
202605,CNU,충남대학교,08,경로,4,5
202605,CNU,충남대학교,09,경로,1,4
202605,CNU,충남대학교,10,경로,4,5
202605,CNU,충남대학교,11,경로,4,9
202605,CNU,충남대학교,12,경로,3,10
202605,CNU,충남대학교,13,경로,5,2
202605,CNU,충남대학교,14,경로,6,10
202605,CNU,충남대학교,15,경로,4,12
202605,CNU,충남대학교,16,경로,0,3
202605,CNU,충남대학교,17,경로,1,8
202605,CNU,충남대학교,18,경로,1,9
202605,CNU,충남대학교,19,경로,1,7
202605,CNU,충남대학교,20,경로,1,0
202605,CNU,충남대학교,21,장애인,1,0
202605,CNU,충남대학교,05,일반인,8,9
202605,CNU,충남대학교,06,일반인,93,36
202605,CNU,충남대학교,07,일반인,202,77
202605,CNU,충남대학교,08,일반인,258,388
202605,CNU,충남대학교,09,일반인,261,322
202605,CNU,충남대학교,10,일반인,294,157
202605,CNU,충남대학교,11,일반인,383,163
202605,CNU,충남대학교,12,일반인,450,185
202605,CNU,충남대학교,13,일반인,532,221
202605,CNU,충남대학교,14,일반인,544,177
202605,CNU,충남대학교,15,일반인,709,200
202605,CNU,충남대학교,16,일반인,863,174
202605,CNU,충남대학교,17,일반인,1068,219
202605,CNU,충남대학교,18,일반인,878,242
202605,CNU,충남대학교,19,일반인,494,183
202605,CNU,충남대학교,20,일반인,359,105
202605,CNU,충남대학교,21,일반인,371,77
202605,CNU,충남대학교,22,일반인,402,41
202605,CNU,충남대학교,08,어린이,1,0
202605,CNU,충남대학교,09,어린이,1,0
202605,CNU,충남대학교,10,어린이,1,3
202605,CNU,충남대학교,12,어린이,6,0
202605,CNU,충남대학교,13,어린이,1,0
202605,CNU,충남대학교,14,어린이,3,0
202605,CNU,충남대학교,15,어린이,6,6
202605,CNU,충남대학교,16,어린이,6,2
202605,CNU,충남대학교,17,어린이,2,3
202605,CNU,충남대학교,18,어린이,0,1
202605,CNU,충남대학교,19,어린이,0,1
202605,CNU,충남대학교,05,청소년,3,0
202605,CNU,충남대학교,06,청소년,7,1
202605,CNU,충남대학교,07,청소년,23,1
202605,CNU,충남대학교,08,청소년,13,26
202605,CNU,충남대학교,09,청소년,11,13
202605,CNU,충남대학교,10,청소년,23,7
202605,CNU,충남대학교,11,청소년,48,8
202605,CNU,충남대학교,12,청소년,52,24
202605,CNU,충남대학교,13,청소년,44,23
202605,CNU,충남대학교,14,청소년,37,13
202605,CNU,충남대학교,15,청소년,55,31
202605,CNU,충남대학교,16,청소년,75,13
202605,CNU,충남대학교,17,청소년,76,31
202605,CNU,충남대학교,18,청소년,72,47
202605,CNU,충남대학교,19,청소년,31,21
202605,CNU,충남대학교,20,청소년,19,12
202605,CNU,충남대학교,21,청소년,26,10
202605,CNU,충남대학교,22,청소년,19,3
202605,CNU,충남대학교,05,경로,8,1
202605,CNU,충남대학교,06,경로,2,8
202605,CNU,충남대학교,07,경로,10,0
202605,CNU,충남대학교,08,경로,11,5
202605,CNU,충남대학교,09,경로,25,15
202605,CNU,충남대학교,10,경로,36,11
202605,CNU,충남대학교,11,경로,24,8
202605,CNU,충남대학교,12,경로,51,4
202605,CNU,충남대학교,13,경로,45,12
202605,CNU,충남대학교,14,경로,60,12
202605,CNU,충남대학교,15,경로,50,8
202605,CNU,충남대학교,16,경로,41,12
202605,CNU,충남대학교,17,경로,36,18
202605,CNU,충남대학교,18,경로,24,5
202605,CNU,충남대학교,19,경로,45,7
202605,CNU,충남대학교,20,경로,29,2
202605,CNU,충남대학교,21,경로,5,2
202605,CNU,충남대학교,22,경로,2,0
202605,CNU,충남대학교,10,장애인,1,0
202605,CNU,충남대학교,13,장애인,0,1
202605,CNU,충남대학교,14,장애인,4,0
202605,CNU,충남대학교,16,장애인,1,0
202605,CNU,충남대학교,22,장애인,2,0
202605,CNU,충남대학교,13,국가유공자,1,0
202605,CNU,충남대학교,14,국가유공자,2,0
202605,CNU,충남대학교,15,국가유공자,1,0
202605,CNU,충남대학교,16,국가유공자,1,0
202605,CNU,충남대학교,05,일반인,1,5
202605,CNU,충남대학교,06,일반인,53,80
202605,CNU,충남대학교,07,일반인,186,173
202605,CNU,충남대학교,08,일반인,805,385
202605,CNU,충남대학교,09,일반인,699,333
202605,CNU,충남대학교,10,일반인,452,267
202605,CNU,충남대학교,11,일반인,473,287
202605,CNU,충남대학교,12,일반인,490,343
202605,CNU,충남대학교,13,일반인,508,293
202605,CNU,충남대학교,14,일반인,387,359
202605,CNU,충남대학교,15,일반인,387,341
202605,CNU,충남대학교,16,일반인,441,406
202605,CNU,충남대학교,17,일반인,505,429
202605,CNU,충남대학교,18,일반인,631,419
202605,CNU,충남대학교,19,일반인,352,364
202605,CNU,충남대학교,20,일반인,335,441
202605,CNU,충남대학교,21,일반인,349,364
202605,CNU,충남대학교,22,일반인,362,431
202605,CNU,충남대학교,23,일반인,107,68
202605,CNU,충남대학교,09,어린이,1,0
202605,CNU,충남대학교,10,어린이,1,2
202605,CNU,충남대학교,11,어린이,0,1
202605,CNU,충남대학교,12,어린이,1,3
202605,CNU,충남대학교,13,어린이,6,0
202605,CNU,충남대학교,14,어린이,1,2
202605,CNU,충남대학교,15,어린이,2,2
202605,CNU,충남대학교,16,어린이,0,3
202605,CNU,충남대학교,17,어린이,0,6
202605,CNU,충남대학교,18,어린이,3,2
202605,CNU,충남대학교,19,어린이,2,9
202605,CNU,충남대학교,20,어린이,0,4
202605,CNU,충남대학교,21,어린이,0,2
202605,CNU,충남대학교,22,어린이,2,0
202605,CNU,충남대학교,05,청소년,1,0
202605,CNU,충남대학교,06,청소년,6,2
202605,CNU,충남대학교,07,청소년,35,3
202605,CNU,충남대학교,08,청소년,98,19
202605,CNU,충남대학교,09,청소년,62,19
202605,CNU,충남대학교,10,청소년,46,6
202605,CNU,충남대학교,11,청소년,48,15
202605,CNU,충남대학교,12,청소년,46,21
202605,CNU,충남대학교,13,청소년,47,15
202605,CNU,충남대학교,14,청소년,51,18
202605,CNU,충남대학교,15,청소년,44,26
202605,CNU,충남대학교,16,청소년,49,55
202605,CNU,충남대학교,17,청소년,64,54
202605,CNU,충남대학교,18,청소년,43,40
202605,CNU,충남대학교,19,청소년,24,33
202605,CNU,충남대학교,20,청소년,25,44
202605,CNU,충남대학교,21,청소년,30,81
202605,CNU,충남대학교,22,청소년,35,61
202605,CNU,충남대학교,23,청소년,12,9
202605,CNU,충남대학교,05,경로,0,19
202605,CNU,충남대학교,06,경로,22,35
202605,CNU,충남대학교,07,경로,33,45
202605,CNU,충남대학교,08,경로,26,91
202605,CNU,충남대학교,09,경로,29,85
202605,CNU,충남대학교,10,경로,32,86
202605,CNU,충남대학교,11,경로,30,68
202605,CNU,충남대학교,12,경로,29,65
202605,CNU,충남대학교,13,경로,22,91
202605,CNU,충남대학교,14,경로,32,75
202605,CNU,충남대학교,15,경로,50,56
202605,CNU,충남대학교,16,경로,36,71
202605,CNU,충남대학교,17,경로,26,50
202605,CNU,충남대학교,18,경로,24,31
202605,CNU,충남대학교,19,경로,18,21
202605,CNU,충남대학교,20,경로,26,21
202605,CNU,충남대학교,21,경로,6,9
202605,CNU,충남대학교,22,경로,6,6
202605,CNU,충남대학교,23,경로,3,1
202605,CNU,충남대학교,07,장애인,1,0
202605,CNU,충남대학교,10,장애인,0,1
202605,CNU,충남대학교,12,장애인,0,5
202605,CNU,충남대학교,14,장애인,1,1
202605,CNU,충남대학교,15,장애인,0,2
202605,CNU,충남대학교,16,장애인,1,1
202605,CNU,충남대학교,18,장애인,1,0
202605,CNU,충남대학교,20,장애인,1,0
202605,CNU,충남대학교,06,국가유공자,0,1
202605,CNU,충남대학교,08,국가유공자,0,5
202605,CNU,충남대학교,09,국가유공자,0,2
202605,CNU,충남대학교,11,국가유공자,1,0
202605,CNU,충남대학교,12,국가유공자,1,1
202605,CNU,충남대학교,13,국가유공자,1,0
202605,CNU,충남대학교,15,국가유공자,2,1
202605,CNU,충남대학교,16,국가유공자,0,1
202605,CNU,충남대학교,17,국가유공자,0,1
202605,CNU,충남대학교,18,국가유공자,3,0
202605,CNU,충남대학교,20,국가유공자,1,0
202605,CNU,충남대학교,22,국가유공자,2,0
202605,CNU,충남대학교,06,일반인,32,123
202605,CNU,충남대학교,07,일반인,46,112
202605,CNU,충남대학교,08,일반인,84,368
202605,CNU,충남대학교,09,일반인,87,170
202605,CNU,충남대학교,10,일반인,31,93
202605,CNU,충남대학교,11,일반인,37,97
202605,CNU,충남대학교,12,일반인,56,122
202605,CNU,충남대학교,13,일반인,90,94
202605,CNU,충남대학교,14,일반인,100,74
202605,CNU,충남대학교,15,일반인,121,80
202605,CNU,충남대학교,16,일반인,136,84
202605,CNU,충남대학교,17,일반인,162,178
202605,CNU,충남대학교,18,일반인,111,115
202605,CNU,충남대학교,19,일반인,99,91
202605,CNU,충남대학교,20,일반인,121,74
202605,CNU,충남대학교,21,일반인,188,66
202605,CNU,충남대학교,22,일반인,173,58
202605,CNU,충남대학교,23,일반인,44,2
202605,CNU,충남대학교,07,어린이,0,3
202605,CNU,충남대학교,08,어린이,0,1
202605,CNU,충남대학교,11,어린이,0,1
202605,CNU,충남대학교,14,어린이,2,0
202605,CNU,충남대학교,16,어린이,1,0
202605,CNU,충남대학교,17,어린이,0,2
202605,CNU,충남대학교,19,어린이,1,0
202605,CNU,충남대학교,22,어린이,2,2
202605,CNU,충남대학교,23,어린이,1,0
202605,CNU,충남대학교,06,청소년,0,1
202605,CNU,충남대학교,07,청소년,4,16
202605,CNU,충남대학교,08,청소년,11,9
202605,CNU,충남대학교,09,청소년,4,18
202605,CNU,충남대학교,10,청소년,1,6
202605,CNU,충남대학교,11,청소년,0,8
202605,CNU,충남대학교,12,청소년,16,4
202605,CNU,충남대학교,13,청소년,14,7
202605,CNU,충남대학교,14,청소년,15,2
202605,CNU,충남대학교,15,청소년,10,11
202605,CNU,충남대학교,16,청소년,32,11
202605,CNU,충남대학교,17,청소년,39,8
202605,CNU,충남대학교,18,청소년,3,20
202605,CNU,충남대학교,19,청소년,8,15
202605,CNU,충남대학교,20,청소년,11,4
202605,CNU,충남대학교,21,청소년,20,3
202605,CNU,충남대학교,22,청소년,35,2
202605,CNU,충남대학교,23,청소년,3,1
202605,CNU,충남대학교,06,경로,7,48
202605,CNU,충남대학교,07,경로,6,53
202605,CNU,충남대학교,08,경로,3,28
202605,CNU,충남대학교,09,경로,12,40
202605,CNU,충남대학교,10,경로,12,20
202605,CNU,충남대학교,11,경로,8,27
202605,CNU,충남대학교,12,경로,10,30
202605,CNU,충남대학교,13,경로,11,37
202605,CNU,충남대학교,14,경로,10,16
202605,CNU,충남대학교,15,경로,12,20
202605,CNU,충남대학교,16,경로,10,23
202605,CNU,충남대학교,17,경로,11,20
202605,CNU,충남대학교,18,경로,0,18
202605,CNU,충남대학교,19,경로,2,16
202605,CNU,충남대학교,20,경로,18,11
202605,CNU,충남대학교,21,경로,4,4
202605,CNU,충남대학교,22,경로,7,0
202605,CNU,충남대학교,11,국가유공자,0,1
202605,CNU,충남대학교,12,국가유공자,0,1
202605,CNU,충남대학교,17,국가유공자,1,0
202605,CNU,충남대학교,06,일반인,34,11
202605,CNU,충남대학교,07,일반인,78,70
202605,CNU,충남대학교,08,일반인,74,98
202605,CNU,충남대학교,09,일반인,53,100
202605,CNU,충남대학교,10,일반인,69,73
202605,CNU,충남대학교,11,일반인,98,82
202605,CNU,충남대학교,12,일반인,82,76
202605,CNU,충남대학교,13,일반인,111,98
202605,CNU,충남대학교,14,일반인,115,53
202605,CNU,충남대학교,15,일반인,180,59
202605,CNU,충남대학교,16,일반인,217,71
202605,CNU,충남대학교,17,일반인,361,104
202605,CNU,충남대학교,18,일반인,429,125
202605,CNU,충남대학교,19,일반인,220,76
202605,CNU,충남대학교,20,일반인,231,52
202605,CNU,충남대학교,21,일반인,235,37
202605,CNU,충남대학교,22,일반인,225,58
202605,CNU,충남대학교,23,일반인,123,20
202605,CNU,충남대학교,11,어린이,0,1
202605,CNU,충남대학교,13,어린이,0,1
202605,CNU,충남대학교,17,어린이,2,0
202605,CNU,충남대학교,21,어린이,1,0
202605,CNU,충남대학교,06,청소년,3,0
202605,CNU,충남대학교,07,청소년,2,0
202605,CNU,충남대학교,08,청소년,1,11
202605,CNU,충남대학교,09,청소년,0,8
202605,CNU,충남대학교,10,청소년,1,1
202605,CNU,충남대학교,11,청소년,5,6
202605,CNU,충남대학교,12,청소년,9,13
202605,CNU,충남대학교,13,청소년,9,7
202605,CNU,충남대학교,14,청소년,11,5
202605,CNU,충남대학교,15,청소년,10,5
202605,CNU,충남대학교,16,청소년,19,8
202605,CNU,충남대학교,17,청소년,27,14
202605,CNU,충남대학교,18,청소년,24,17
202605,CNU,충남대학교,19,청소년,16,9
202605,CNU,충남대학교,20,청소년,14,1
202605,CNU,충남대학교,21,청소년,20,3
202605,CNU,충남대학교,22,청소년,38,2
202605,CNU,충남대학교,23,청소년,9,2
202605,CNU,충남대학교,06,경로,15,1
202605,CNU,충남대학교,07,경로,1,1
202605,CNU,충남대학교,08,경로,12,4
202605,CNU,충남대학교,09,경로,14,6
202605,CNU,충남대학교,10,경로,6,3
202605,CNU,충남대학교,11,경로,11,3
202605,CNU,충남대학교,12,경로,9,2
202605,CNU,충남대학교,13,경로,22,8
202605,CNU,충남대학교,14,경로,10,4
202605,CNU,충남대학교,15,경로,14,3
202605,CNU,충남대학교,16,경로,8,2
202605,CNU,충남대학교,17,경로,10,1
202605,CNU,충남대학교,18,경로,4,3
202605,CNU,충남대학교,19,경로,2,0
202605,CNU,충남대학교,20,경로,4,4
202605,CNU,충남대학교,21,경로,5,0
202605,CNU,충남대학교,22,경로,1,0
202605,CNU,충남대학교,20,장애인,1,0
202605,CNU,충남대학교,22,장애인,1,0
202605,CNU,충남대학교,07,국가유공자,1,0
202605,CNU,충남대학교,12,국가유공자,1,0
202605,CNU,충남대학교,05,일반인,8,0
202605,CNU,충남대학교,06,일반인,24,40
202605,CNU,충남대학교,07,일반인,39,99
202605,CNU,충남대학교,08,일반인,89,546
202605,CNU,충남대학교,09,일반인,105,528
202605,CNU,충남대학교,10,일반인,112,417
202605,CNU,충남대학교,11,일반인,107,301
202605,CNU,충남대학교,12,일반인,140,321
202605,CNU,충남대학교,13,일반인,129,272
202605,CNU,충남대학교,14,일반인,181,222
202605,CNU,충남대학교,15,일반인,208,154
202605,CNU,충남대학교,16,일반인,290,178
202605,CNU,충남대학교,17,일반인,393,159
202605,CNU,충남대학교,18,일반인,340,165
202605,CNU,충남대학교,19,일반인,154,83
202605,CNU,충남대학교,20,일반인,183,66
202605,CNU,충남대학교,21,일반인,175,106
202605,CNU,충남대학교,22,일반인,206,75
202605,CNU,충남대학교,23,일반인,53,15
202605,CNU,충남대학교,11,어린이,1,0
202605,CNU,충남대학교,13,어린이,0,2
202605,CNU,충남대학교,14,어린이,5,0
202605,CNU,충남대학교,15,어린이,1,0
202605,CNU,충남대학교,16,어린이,1,0
202605,CNU,충남대학교,17,어린이,2,0
202605,CNU,충남대학교,18,어린이,2,0
202605,CNU,충남대학교,19,어린이,1,1
202605,CNU,충남대학교,20,어린이,3,0
202605,CNU,충남대학교,22,어린이,1,1
202605,CNU,충남대학교,07,청소년,12,8
202605,CNU,충남대학교,08,청소년,2,75
202605,CNU,충남대학교,09,청소년,13,69
202605,CNU,충남대학교,10,청소년,10,73
202605,CNU,충남대학교,11,청소년,11,47
202605,CNU,충남대학교,12,청소년,11,57
202605,CNU,충남대학교,13,청소년,6,46
202605,CNU,충남대학교,14,청소년,28,31
202605,CNU,충남대학교,15,청소년,30,20
202605,CNU,충남대학교,16,청소년,31,27
202605,CNU,충남대학교,17,청소년,36,22
202605,CNU,충남대학교,18,청소년,19,33
202605,CNU,충남대학교,19,청소년,11,6
202605,CNU,충남대학교,20,청소년,15,13
202605,CNU,충남대학교,21,청소년,22,10
202605,CNU,충남대학교,22,청소년,41,9
202605,CNU,충남대학교,23,청소년,7,1
202605,CNU,충남대학교,06,경로,22,20
202605,CNU,충남대학교,07,경로,12,9
202605,CNU,충남대학교,08,경로,36,10
202605,CNU,충남대학교,09,경로,17,8
202605,CNU,충남대학교,10,경로,23,10
202605,CNU,충남대학교,11,경로,23,19
202605,CNU,충남대학교,12,경로,31,14
202605,CNU,충남대학교,13,경로,27,12
202605,CNU,충남대학교,14,경로,26,20
202605,CNU,충남대학교,15,경로,25,14
202605,CNU,충남대학교,16,경로,31,14
202605,CNU,충남대학교,17,경로,33,8
202605,CNU,충남대학교,18,경로,15,7
202605,CNU,충남대학교,19,경로,6,3
202605,CNU,충남대학교,20,경로,9,5
202605,CNU,충남대학교,21,경로,6,3
202605,CNU,충남대학교,22,경로,3,2
202605,CNU,충남대학교,23,경로,1,0
202605,CNU,충남대학교,08,장애인,1,0
202605,CNU,충남대학교,10,장애인,0,1
202605,CNU,충남대학교,12,장애인,0,1
202605,CNU,충남대학교,13,장애인,0,1
202605,CNU,충남대학교,15,장애인,1,0
202605,CNU,충남대학교,18,장애인,1,0
202605,CNU,충남대학교,19,장애인,1,0
202605,CNU,충남대학교,20,장애인,2,0
202605,CNU,충남대학교,21,장애인,2,0
202605,CNU,충남대학교,10,국가유공자,3,3
202605,CNU,충남대학교,11,국가유공자,2,1
202605,CNU,충남대학교,12,국가유공자,1,0
202605,CNU,충남대학교,18,국가유공자,0,1
202605,CNU,충남대학교,05,일반인,23,4
202605,CNU,충남대학교,06,일반인,54,48
202605,CNU,충남대학교,07,일반인,135,68
202605,CNU,충남대학교,08,일반인,329,231
202605,CNU,충남대학교,09,일반인,216,214
202605,CNU,충남대학교,10,일반인,237,112
202605,CNU,충남대학교,11,일반인,249,108
202605,CNU,충남대학교,12,일반인,348,152
202605,CNU,충남대학교,13,일반인,254,200
202605,CNU,충남대학교,14,일반인,368,147
202605,CNU,충남대학교,15,일반인,496,153
202605,CNU,충남대학교,16,일반인,687,187
202605,CNU,충남대학교,17,일반인,733,146
202605,CNU,충남대학교,18,일반인,643,231
202605,CNU,충남대학교,19,일반인,530,136
202605,CNU,충남대학교,20,일반인,394,140
202605,CNU,충남대학교,21,일반인,427,118
202605,CNU,충남대학교,22,일반인,417,75
202605,CNU,충남대학교,23,일반인,180,10
202605,CNU,충남대학교,10,어린이,1,2
202605,CNU,충남대학교,12,어린이,2,1
202605,CNU,충남대학교,13,어린이,1,0
202605,CNU,충남대학교,15,어린이,1,2
202605,CNU,충남대학교,16,어린이,0,1
202605,CNU,충남대학교,17,어린이,2,1
202605,CNU,충남대학교,18,어린이,0,1
202605,CNU,충남대학교,22,어린이,2,0
202605,CNU,충남대학교,05,청소년,1,0
202605,CNU,충남대학교,06,청소년,3,3
202605,CNU,충남대학교,07,청소년,20,7
202605,CNU,충남대학교,08,청소년,23,21
202605,CNU,충남대학교,09,청소년,6,17
202605,CNU,충남대학교,10,청소년,32,8
202605,CNU,충남대학교,11,청소년,49,17
202605,CNU,충남대학교,12,청소년,60,6
202605,CNU,충남대학교,13,청소년,42,15
202605,CNU,충남대학교,14,청소년,50,14
202605,CNU,충남대학교,15,청소년,75,24
202605,CNU,충남대학교,16,청소년,85,58
202605,CNU,충남대학교,17,청소년,77,36
202605,CNU,충남대학교,18,청소년,65,27
202605,CNU,충남대학교,19,청소년,55,14
202605,CNU,충남대학교,20,청소년,53,22
202605,CNU,충남대학교,21,청소년,72,23
202605,CNU,충남대학교,22,청소년,64,9
202605,CNU,충남대학교,23,청소년,18,0
202605,CNU,충남대학교,06,경로,11,15
202605,CNU,충남대학교,07,경로,21,25
202605,CNU,충남대학교,08,경로,9,33
202605,CNU,충남대학교,09,경로,16,30
202605,CNU,충남대학교,10,경로,29,49
202605,CNU,충남대학교,11,경로,21,46
202605,CNU,충남대학교,12,경로,34,100
202605,CNU,충남대학교,13,경로,47,37
202605,CNU,충남대학교,14,경로,38,33
202605,CNU,충남대학교,15,경로,61,58
202605,CNU,충남대학교,16,경로,61,53
202605,CNU,충남대학교,17,경로,32,20
202605,CNU,충남대학교,18,경로,21,8
202605,CNU,충남대학교,19,경로,14,12
202605,CNU,충남대학교,20,경로,10,10
202605,CNU,충남대학교,21,경로,13,8
202605,CNU,충남대학교,22,경로,1,2
202605,CNU,충남대학교,09,장애인,2,0
202605,CNU,충남대학교,10,장애인,2,0
202605,CNU,충남대학교,11,장애인,2,1
202605,CNU,충남대학교,12,장애인,2,0
202605,CNU,충남대학교,13,장애인,2,1
202605,CNU,충남대학교,14,장애인,3,1
202605,CNU,충남대학교,15,장애인,2,1
202605,CNU,충남대학교,16,장애인,0,1
202605,CNU,충남대학교,17,장애인,1,1
202605,CNU,충남대학교,18,장애인,2,1
202605,CNU,충남대학교,21,장애인,0,1
202605,CNU,충남대학교,22,장애인,0,1
202605,CNU,충남대학교,06,국가유공자,0,1
202605,CNU,충남대학교,07,국가유공자,1,2
202605,CNU,충남대학교,08,국가유공자,1,0
202605,CNU,충남대학교,11,국가유공자,4,0
202605,CNU,충남대학교,12,국가유공자,6,1
202605,CNU,충남대학교,13,국가유공자,1,3
202605,CNU,충남대학교,15,국가유공자,1,0
202605,CNU,충남대학교,16,국가유공자,1,0
202605,CNU,충남대학교,17,국가유공자,1,0
202605,CNU,충남대학교,21,국가유공자,1,0
202605,CNU,충남대학교,06,일반인,1,27
202605,CNU,충남대학교,07,일반인,21,77
202605,CNU,충남대학교,08,일반인,32,325
202605,CNU,충남대학교,09,일반인,39,328
202605,CNU,충남대학교,10,일반인,12,244
202605,CNU,충남대학교,11,일반인,14,153
202605,CNU,충남대학교,12,일반인,21,188
202605,CNU,충남대학교,13,일반인,22,255
202605,CNU,충남대학교,14,일반인,26,180
202605,CNU,충남대학교,15,일반인,22,133
202605,CNU,충남대학교,16,일반인,25,100
202605,CNU,충남대학교,17,일반인,30,138
202605,CNU,충남대학교,18,일반인,33,153
202605,CNU,충남대학교,19,일반인,21,93
202605,CNU,충남대학교,20,일반인,24,88
202605,CNU,충남대학교,21,일반인,20,87
202605,CNU,충남대학교,22,일반인,37,71
202605,CNU,충남대학교,23,일반인,18,16
202605,CNU,충남대학교,08,어린이,0,3
202605,CNU,충남대학교,10,어린이,0,3
202605,CNU,충남대학교,11,어린이,0,3
202605,CNU,충남대학교,12,어린이,0,2
202605,CNU,충남대학교,13,어린이,0,3
202605,CNU,충남대학교,14,어린이,0,2
202605,CNU,충남대학교,18,어린이,0,1
202605,CNU,충남대학교,20,어린이,2,0
202605,CNU,충남대학교,06,청소년,0,2
202605,CNU,충남대학교,07,청소년,0,3
202605,CNU,충남대학교,08,청소년,5,20
202605,CNU,충남대학교,09,청소년,2,23
202605,CNU,충남대학교,10,청소년,0,25
202605,CNU,충남대학교,11,청소년,1,24
202605,CNU,충남대학교,12,청소년,0,14
202605,CNU,충남대학교,13,청소년,2,12
202605,CNU,충남대학교,14,청소년,2,19
202605,CNU,충남대학교,15,청소년,0,27
202605,CNU,충남대학교,16,청소년,3,19
202605,CNU,충남대학교,17,청소년,2,27
202605,CNU,충남대학교,18,청소년,5,8
202605,CNU,충남대학교,19,청소년,3,11
202605,CNU,충남대학교,20,청소년,0,5
202605,CNU,충남대학교,21,청소년,2,8
202605,CNU,충남대학교,22,청소년,0,4
202605,CNU,충남대학교,23,청소년,0,3
202605,CNU,충남대학교,06,경로,0,1
202605,CNU,충남대학교,07,경로,0,2
202605,CNU,충남대학교,08,경로,0,3
202605,CNU,충남대학교,09,경로,0,7
202605,CNU,충남대학교,10,경로,0,7
202605,CNU,충남대학교,11,경로,5,15
202605,CNU,충남대학교,12,경로,6,5
202605,CNU,충남대학교,13,경로,2,9
202605,CNU,충남대학교,14,경로,3,8
202605,CNU,충남대학교,15,경로,5,9
202605,CNU,충남대학교,16,경로,1,4
202605,CNU,충남대학교,17,경로,0,3
202605,CNU,충남대학교,18,경로,5,8
202605,CNU,충남대학교,19,경로,0,1
202605,CNU,충남대학교,20,경로,0,1
202605,CNU,충남대학교,05,일반인,27,1
202605,CNU,충남대학교,06,일반인,101,14
202605,CNU,충남대학교,07,일반인,226,67
202605,CNU,충남대학교,08,일반인,249,178
202605,CNU,충남대학교,09,일반인,265,187
202605,CNU,충남대학교,10,일반인,258,78
202605,CNU,충남대학교,11,일반인,312,75
202605,CNU,충남대학교,12,일반인,333,68
202605,CNU,충남대학교,13,일반인,407,70
202605,CNU,충남대학교,14,일반인,461,82
202605,CNU,충남대학교,15,일반인,532,109
202605,CNU,충남대학교,16,일반인,614,134
202605,CNU,충남대학교,17,일반인,864,69
202605,CNU,충남대학교,18,일반인,780,74
202605,CNU,충남대학교,19,일반인,456,29
202605,CNU,충남대학교,20,일반인,418,23
202605,CNU,충남대학교,21,일반인,344,35
202605,CNU,충남대학교,22,일반인,409,27
202605,CNU,충남대학교,06,어린이,2,0
202605,CNU,충남대학교,07,어린이,8,1
202605,CNU,충남대학교,09,어린이,2,0
202605,CNU,충남대학교,10,어린이,1,0
202605,CNU,충남대학교,11,어린이,6,0
202605,CNU,충남대학교,12,어린이,1,0
202605,CNU,충남대학교,13,어린이,2,0
202605,CNU,충남대학교,14,어린이,3,0
202605,CNU,충남대학교,15,어린이,0,1
202605,CNU,충남대학교,16,어린이,3,0
202605,CNU,충남대학교,17,어린이,2,0
202605,CNU,충남대학교,18,어린이,3,2
202605,CNU,충남대학교,19,어린이,3,0
202605,CNU,충남대학교,20,어린이,1,1
202605,CNU,충남대학교,21,어린이,2,1
202605,CNU,충남대학교,05,청소년,4,0
202605,CNU,충남대학교,06,청소년,7,1
202605,CNU,충남대학교,07,청소년,33,1
202605,CNU,충남대학교,08,청소년,17,12
202605,CNU,충남대학교,09,청소년,8,2
202605,CNU,충남대학교,10,청소년,17,1
202605,CNU,충남대학교,11,청소년,32,2
202605,CNU,충남대학교,12,청소년,28,0
202605,CNU,충남대학교,13,청소년,46,4
202605,CNU,충남대학교,14,청소년,55,6
202605,CNU,충남대학교,15,청소년,62,2
202605,CNU,충남대학교,16,청소년,61,5
202605,CNU,충남대학교,17,청소년,85,5
202605,CNU,충남대학교,18,청소년,70,2
202605,CNU,충남대학교,19,청소년,38,3
202605,CNU,충남대학교,20,청소년,40,1
202605,CNU,충남대학교,21,청소년,39,4
202605,CNU,충남대학교,22,청소년,49,2
202605,CNU,충남대학교,06,경로,8,9
202605,CNU,충남대학교,07,경로,45,8
202605,CNU,충남대학교,08,경로,22,16
202605,CNU,충남대학교,09,경로,34,22
202605,CNU,충남대학교,10,경로,51,18
202605,CNU,충남대학교,11,경로,42,20
202605,CNU,충남대학교,12,경로,72,10
202605,CNU,충남대학교,13,경로,36,12
202605,CNU,충남대학교,14,경로,57,22
202605,CNU,충남대학교,15,경로,56,7
202605,CNU,충남대학교,16,경로,60,7
202605,CNU,충남대학교,17,경로,50,12
202605,CNU,충남대학교,18,경로,32,5
202605,CNU,충남대학교,19,경로,17,3
202605,CNU,충남대학교,20,경로,18,6
202605,CNU,충남대학교,21,경로,9,2
202605,CNU,충남대학교,22,경로,1,5
202605,CNU,충남대학교,07,장애인,1,0
202605,CNU,충남대학교,10,장애인,1,0
202605,CNU,충남대학교,13,장애인,1,0
202605,CNU,충남대학교,14,장애인,3,0
202605,CNU,충남대학교,17,장애인,3,0
202605,CNU,충남대학교,18,장애인,1,0
202605,CNU,충남대학교,19,장애인,1,0
202605,CNU,충남대학교,08,국가유공자,11,1
202605,CNU,충남대학교,09,국가유공자,1,0
202605,CNU,충남대학교,12,국가유공자,0,1
202605,CNU,충남대학교,13,국가유공자,1,0
202605,CNU,충남대학교,14,국가유공자,1,0
202605,CNU,충남대학교,16,국가유공자,4,0
202605,CNU,충남대학교,17,국가유공자,1,0
202605,CNU,충남대학교,18,국가유공자,1,0
202605,CNU,충남대학교,19,국가유공자,1,0
202605,CNU,충남대학교,21,국가유공자,2,1
202605,CNU,충남대학교,22,국가유공자,1,1
202605,CNU,충남대학교,06,일반인,26,72
202605,CNU,충남대학교,07,일반인,80,190
202605,CNU,충남대학교,08,일반인,175,582
202605,CNU,충남대학교,09,일반인,104,536
202605,CNU,충남대학교,10,일반인,114,373
202605,CNU,충남대학교,11,일반인,108,280
202605,CNU,충남대학교,12,일반인,204,392
202605,CNU,충남대학교,13,일반인,204,366
202605,CNU,충남대학교,14,일반인,228,234
202605,CNU,충남대학교,15,일반인,394,287
202605,CNU,충남대학교,16,일반인,450,246
202605,CNU,충남대학교,17,일반인,452,330
202605,CNU,충남대학교,18,일반인,468,362
202605,CNU,충남대학교,19,일반인,263,217
202605,CNU,충남대학교,20,일반인,252,163
202605,CNU,충남대학교,21,일반인,290,193
202605,CNU,충남대학교,22,일반인,447,128
202605,CNU,충남대학교,09,어린이,0,2
202605,CNU,충남대학교,10,어린이,0,2
202605,CNU,충남대학교,12,어린이,0,2
202605,CNU,충남대학교,15,어린이,1,1
202605,CNU,충남대학교,16,어린이,0,4
202605,CNU,충남대학교,17,어린이,1,0
202605,CNU,충남대학교,18,어린이,3,0
202605,CNU,충남대학교,19,어린이,0,2
202605,CNU,충남대학교,20,어린이,3,1
202605,CNU,충남대학교,21,어린이,2,1
202605,CNU,충남대학교,22,어린이,3,1
202605,CNU,충남대학교,06,청소년,7,4
202605,CNU,충남대학교,07,청소년,5,2
202605,CNU,충남대학교,08,청소년,2,14
202605,CNU,충남대학교,09,청소년,2,20
202605,CNU,충남대학교,10,청소년,6,19
202605,CNU,충남대학교,11,청소년,7,34
202605,CNU,충남대학교,12,청소년,19,29
202605,CNU,충남대학교,13,청소년,18,21
202605,CNU,충남대학교,14,청소년,18,18
202605,CNU,충남대학교,15,청소년,30,22
202605,CNU,충남대학교,16,청소년,39,21
202605,CNU,충남대학교,17,청소년,41,25
202605,CNU,충남대학교,18,청소년,39,27
202605,CNU,충남대학교,19,청소년,19,9
202605,CNU,충남대학교,20,청소년,21,15
202605,CNU,충남대학교,21,청소년,28,16
202605,CNU,충남대학교,22,청소년,59,4
202605,CNU,충남대학교,06,경로,21,30
202605,CNU,충남대학교,07,경로,33,24
202605,CNU,충남대학교,08,경로,46,32
202605,CNU,충남대학교,09,경로,27,96
202605,CNU,충남대학교,10,경로,46,99
202605,CNU,충남대학교,11,경로,42,78
202605,CNU,충남대학교,12,경로,61,87
202605,CNU,충남대학교,13,경로,50,67
202605,CNU,충남대학교,14,경로,47,65
202605,CNU,충남대학교,15,경로,52,54
202605,CNU,충남대학교,16,경로,62,51
202605,CNU,충남대학교,17,경로,51,35
202605,CNU,충남대학교,18,경로,29,32
202605,CNU,충남대학교,19,경로,22,15
202605,CNU,충남대학교,20,경로,14,5
202605,CNU,충남대학교,21,경로,4,2
202605,CNU,충남대학교,22,경로,23,1
202605,CNU,충남대학교,09,장애인,0,1
202605,CNU,충남대학교,10,장애인,0,1
202605,CNU,충남대학교,12,장애인,1,0
202605,CNU,충남대학교,16,장애인,0,1
202605,CNU,충남대학교,21,장애인,0,3
202605,CNU,충남대학교,22,장애인,0,12
202605,CNU,충남대학교,10,국가유공자,1,0
202605,CNU,충남대학교,11,국가유공자,1,0
202605,CNU,충남대학교,12,국가유공자,2,0
202605,CNU,충남대학교,13,국가유공자,3,0
202605,CNU,충남대학교,14,국가유공자,1,0
202605,CNU,충남대학교,15,국가유공자,4,0
202605,CNU,충남대학교,16,국가유공자,1,1
202605,CNU,충남대학교,17,국가유공자,0,2
202605,CNU,충남대학교,06,일반인,64,44
202605,CNU,충남대학교,07,일반인,71,57
202605,CNU,충남대학교,08,일반인,137,278
202605,CNU,충남대학교,09,일반인,185,367
202605,CNU,충남대학교,10,일반인,142,331
202605,CNU,충남대학교,11,일반인,170,187
202605,CNU,충남대학교,12,일반인,183,242
202605,CNU,충남대학교,13,일반인,171,172
202605,CNU,충남대학교,14,일반인,190,160
202605,CNU,충남대학교,15,일반인,320,101
202605,CNU,충남대학교,16,일반인,516,95
202605,CNU,충남대학교,17,일반인,550,116
202605,CNU,충남대학교,18,일반인,585,158
202605,CNU,충남대학교,19,일반인,203,65
202605,CNU,충남대학교,20,일반인,254,66
202605,CNU,충남대학교,21,일반인,303,80
202605,CNU,충남대학교,22,일반인,297,47
202605,CNU,충남대학교,23,일반인,106,25
202605,CNU,충남대학교,12,어린이,0,2
202605,CNU,충남대학교,13,어린이,2,0
202605,CNU,충남대학교,14,어린이,1,3
202605,CNU,충남대학교,15,어린이,2,0
202605,CNU,충남대학교,16,어린이,1,0
202605,CNU,충남대학교,17,어린이,0,2
202605,CNU,충남대학교,18,어린이,2,0
202605,CNU,충남대학교,07,청소년,10,1
202605,CNU,충남대학교,08,청소년,3,18
202605,CNU,충남대학교,09,청소년,2,40
202605,CNU,충남대학교,10,청소년,11,23
202605,CNU,충남대학교,11,청소년,11,19
202605,CNU,충남대학교,12,청소년,9,24
202605,CNU,충남대학교,13,청소년,14,14
202605,CNU,충남대학교,14,청소년,13,11
202605,CNU,충남대학교,15,청소년,18,21
202605,CNU,충남대학교,16,청소년,48,12
202605,CNU,충남대학교,17,청소년,55,11
202605,CNU,충남대학교,18,청소년,34,6
202605,CNU,충남대학교,19,청소년,11,6
202605,CNU,충남대학교,20,청소년,14,7
202605,CNU,충남대학교,21,청소년,32,17
202605,CNU,충남대학교,22,청소년,34,7
202605,CNU,충남대학교,23,청소년,7,2
202605,CNU,충남대학교,06,경로,23,16
202605,CNU,충남대학교,07,경로,17,39
202605,CNU,충남대학교,08,경로,35,17
202605,CNU,충남대학교,09,경로,43,17
202605,CNU,충남대학교,10,경로,36,24
202605,CNU,충남대학교,11,경로,31,19
202605,CNU,충남대학교,12,경로,41,29
202605,CNU,충남대학교,13,경로,43,25
202605,CNU,충남대학교,14,경로,54,31
202605,CNU,충남대학교,15,경로,33,23
202605,CNU,충남대학교,16,경로,34,27
202605,CNU,충남대학교,17,경로,28,23
202605,CNU,충남대학교,18,경로,18,16
202605,CNU,충남대학교,19,경로,15,11
202605,CNU,충남대학교,20,경로,12,16
202605,CNU,충남대학교,21,경로,6,6
202605,CNU,충남대학교,22,경로,2,2
202605,CNU,충남대학교,23,경로,1,0
202605,CNU,충남대학교,08,장애인,1,0
202605,CNU,충남대학교,11,장애인,1,0
202605,CNU,충남대학교,14,장애인,1,1
202605,CNU,충남대학교,15,장애인,1,0
202605,CNU,충남대학교,18,장애인,0,1
202605,CNU,충남대학교,19,장애인,0,1
202605,CNU,충남대학교,21,장애인,3,0
202605,CNU,충남대학교,22,장애인,5,0
202605,CNU,충남대학교,23,장애인,6,0
202605,CNU,충남대학교,10,국가유공자,0,2
202605,CNU,충남대학교,12,국가유공자,1,0
202605,CNU,충남대학교,15,국가유공자,2,0
202605,CNU,충남대학교,06,일반인,23,67
202605,CNU,충남대학교,07,일반인,19,147
202605,CNU,충남대학교,08,일반인,21,212
202605,CNU,충남대학교,09,일반인,32,289
202605,CNU,충남대학교,10,일반인,32,130
202605,CNU,충남대학교,11,일반인,41,209
202605,CNU,충남대학교,12,일반인,55,224
202605,CNU,충남대학교,13,일반인,33,258
202605,CNU,충남대학교,14,일반인,41,291
202605,CNU,충남대학교,15,일반인,62,466
202605,CNU,충남대학교,16,일반인,61,289
202605,CNU,충남대학교,17,일반인,99,490
202605,CNU,충남대학교,18,일반인,66,529
202605,CNU,충남대학교,19,일반인,55,456
202605,CNU,충남대학교,20,일반인,57,386
202605,CNU,충남대학교,21,일반인,92,401
202605,CNU,충남대학교,22,일반인,67,263
202605,CNU,충남대학교,23,일반인,6,14
202605,CNU,충남대학교,12,어린이,0,4
202605,CNU,충남대학교,13,어린이,0,9
202605,CNU,충남대학교,14,어린이,0,2
202605,CNU,충남대학교,15,어린이,0,8
202605,CNU,충남대학교,16,어린이,0,4
202605,CNU,충남대학교,17,어린이,1,3
202605,CNU,충남대학교,18,어린이,0,4
202605,CNU,충남대학교,19,어린이,0,2
202605,CNU,충남대학교,20,어린이,0,1
202605,CNU,충남대학교,21,어린이,1,0
202605,CNU,충남대학교,22,어린이,0,2
202605,CNU,충남대학교,06,청소년,2,2
202605,CNU,충남대학교,08,청소년,3,7
202605,CNU,충남대학교,09,청소년,1,12
202605,CNU,충남대학교,10,청소년,2,12
202605,CNU,충남대학교,11,청소년,3,8
202605,CNU,충남대학교,12,청소년,4,29
202605,CNU,충남대학교,13,청소년,2,32
202605,CNU,충남대학교,14,청소년,8,30
202605,CNU,충남대학교,15,청소년,7,64
202605,CNU,충남대학교,16,청소년,4,26
202605,CNU,충남대학교,17,청소년,11,41
202605,CNU,충남대학교,18,청소년,4,28
202605,CNU,충남대학교,19,청소년,3,14
202605,CNU,충남대학교,20,청소년,4,27
202605,CNU,충남대학교,21,청소년,2,65
202605,CNU,충남대학교,22,청소년,2,31
202605,CNU,충남대학교,06,경로,5,18
202605,CNU,충남대학교,07,경로,4,15
202605,CNU,충남대학교,08,경로,3,11
202605,CNU,충남대학교,09,경로,7,17
202605,CNU,충남대학교,10,경로,5,25
202605,CNU,충남대학교,11,경로,6,16
202605,CNU,충남대학교,12,경로,11,31
202605,CNU,충남대학교,13,경로,3,31
202605,CNU,충남대학교,14,경로,5,60
202605,CNU,충남대학교,15,경로,8,60
202605,CNU,충남대학교,16,경로,5,41
202605,CNU,충남대학교,17,경로,7,18
202605,CNU,충남대학교,18,경로,3,14
202605,CNU,충남대학교,19,경로,1,11
202605,CNU,충남대학교,20,경로,5,27
202605,CNU,충남대학교,21,경로,5,3
202605,CNU,충남대학교,12,장애인,0,1
202605,CNU,충남대학교,13,장애인,0,2
202605,CNU,충남대학교,14,장애인,0,3
202605,CNU,충남대학교,15,장애인,0,3
202605,CNU,충남대학교,16,장애인,1,1
202605,CNU,충남대학교,11,국가유공자,0,1
202605,CNU,충남대학교,13,국가유공자,1,1
202605,CNU,충남대학교,15,국가유공자,0,7
202605,CNU,충남대학교,16,국가유공자,0,1
202605,CNU,충남대학교,17,국가유공자,1,0
202605,CNU,충남대학교,19,국가유공자,0,1
202605,CNU,충남대학교,20,국가유공자,0,1
202605,CNU,충남대학교,21,국가유공자,0,2
202605,CNU,충남대학교,22,국가유공자,1,0
202605,CNU,충남대학교,05,일반인,15,2
202605,CNU,충남대학교,06,일반인,34,2
202605,CNU,충남대학교,07,일반인,124,8
202605,CNU,충남대학교,08,일반인,197,49
202605,CNU,충남대학교,09,일반인,145,54
202605,CNU,충남대학교,10,일반인,202,49
202605,CNU,충남대학교,11,일반인,163,34
202605,CNU,충남대학교,12,일반인,297,27
202605,CNU,충남대학교,13,일반인,235,31
202605,CNU,충남대학교,14,일반인,172,20
202605,CNU,충남대학교,15,일반인,265,31
202605,CNU,충남대학교,16,일반인,242,27
202605,CNU,충남대학교,17,일반인,306,29
202605,CNU,충남대학교,18,일반인,284,30
202605,CNU,충남대학교,19,일반인,177,22
202605,CNU,충남대학교,20,일반인,103,20
202605,CNU,충남대학교,21,일반인,165,27
202605,CNU,충남대학교,22,일반인,133,6
202605,CNU,충남대학교,23,일반인,72,11
202605,CNU,충남대학교,08,어린이,2,0
202605,CNU,충남대학교,10,어린이,2,0
202605,CNU,충남대학교,11,어린이,2,0
202605,CNU,충남대학교,12,어린이,1,0
202605,CNU,충남대학교,14,어린이,1,0
202605,CNU,충남대학교,15,어린이,2,0
202605,CNU,충남대학교,16,어린이,2,0
202605,CNU,충남대학교,17,어린이,2,0
202605,CNU,충남대학교,18,어린이,3,0
202605,CNU,충남대학교,06,청소년,2,0
202605,CNU,충남대학교,07,청소년,2,0
202605,CNU,충남대학교,08,청소년,9,4
202605,CNU,충남대학교,09,청소년,12,2
202605,CNU,충남대학교,10,청소년,3,2
202605,CNU,충남대학교,11,청소년,7,0
202605,CNU,충남대학교,12,청소년,22,6
202605,CNU,충남대학교,13,청소년,15,5
202605,CNU,충남대학교,14,청소년,23,1
202605,CNU,충남대학교,15,청소년,18,5
202605,CNU,충남대학교,16,청소년,36,5
202605,CNU,충남대학교,17,청소년,18,5
202605,CNU,충남대학교,18,청소년,32,1
202605,CNU,충남대학교,19,청소년,20,2
202605,CNU,충남대학교,20,청소년,6,1
202605,CNU,충남대학교,21,청소년,8,1
202605,CNU,충남대학교,22,청소년,3,1
202605,CNU,충남대학교,23,청소년,6,0
202605,CNU,충남대학교,05,경로,4,0
202605,CNU,충남대학교,07,경로,0,3
202605,CNU,충남대학교,08,경로,2,4
202605,CNU,충남대학교,09,경로,4,4
202605,CNU,충남대학교,10,경로,5,3
202605,CNU,충남대학교,11,경로,3,1
202605,CNU,충남대학교,12,경로,13,1
202605,CNU,충남대학교,13,경로,7,3
202605,CNU,충남대학교,14,경로,6,3
202605,CNU,충남대학교,15,경로,19,2
202605,CNU,충남대학교,16,경로,6,0
202605,CNU,충남대학교,17,경로,5,2
202605,CNU,충남대학교,18,경로,9,3
202605,CNU,충남대학교,19,경로,3,0
202605,CNU,충남대학교,20,경로,3,0
202605,CNU,충남대학교,21,경로,1,0
202605,CNU,충남대학교,22,경로,0,1
202605,CNU,충남대학교,13,장애인,0,1
202605,CNU,충남대학교,05,국가유공자,6,0
202605,CNU,충남대학교,08,국가유공자,3,0
202605,CNU,충남대학교,11,국가유공자,1,0
202605,CNU,충남대학교,12,국가유공자,2,0
202605,CNU,충남대학교,06,일반인,42,76
202605,CNU,충남대학교,07,일반인,95,56
202605,CNU,충남대학교,08,일반인,183,122
202605,CNU,충남대학교,09,일반인,120,151
202605,CNU,충남대학교,10,일반인,118,117
202605,CNU,충남대학교,11,일반인,106,109
202605,CNU,충남대학교,12,일반인,156,90
202605,CNU,충남대학교,13,일반인,52,117
202605,CNU,충남대학교,14,일반인,79,82
202605,CNU,충남대학교,15,일반인,45,87
202605,CNU,충남대학교,16,일반인,91,89
202605,CNU,충남대학교,17,일반인,72,67
202605,CNU,충남대학교,18,일반인,111,81
202605,CNU,충남대학교,19,일반인,96,64
202605,CNU,충남대학교,20,일반인,94,39
202605,CNU,충남대학교,21,일반인,72,62
202605,CNU,충남대학교,22,일반인,66,42
202605,CNU,충남대학교,23,일반인,16,10
202605,CNU,충남대학교,12,어린이,0,1
202605,CNU,충남대학교,15,어린이,5,0
202605,CNU,충남대학교,16,어린이,3,0
202605,CNU,충남대학교,17,어린이,2,0
202605,CNU,충남대학교,18,어린이,2,0
202605,CNU,충남대학교,19,어린이,3,2
202605,CNU,충남대학교,20,어린이,1,0
202605,CNU,충남대학교,21,어린이,1,0
202605,CNU,충남대학교,22,어린이,1,0
202605,CNU,충남대학교,06,청소년,1,3
202605,CNU,충남대학교,07,청소년,0,2
202605,CNU,충남대학교,08,청소년,13,4
202605,CNU,충남대학교,09,청소년,8,12
202605,CNU,충남대학교,10,청소년,20,6
202605,CNU,충남대학교,11,청소년,12,4
202605,CNU,충남대학교,12,청소년,1,9
202605,CNU,충남대학교,13,청소년,11,11
202605,CNU,충남대학교,14,청소년,7,6
202605,CNU,충남대학교,15,청소년,7,8
202605,CNU,충남대학교,16,청소년,11,8
202605,CNU,충남대학교,17,청소년,6,9
202605,CNU,충남대학교,18,청소년,9,12
202605,CNU,충남대학교,19,청소년,7,8
202605,CNU,충남대학교,20,청소년,5,5
202605,CNU,충남대학교,21,청소년,11,5
202605,CNU,충남대학교,22,청소년,6,2
202605,CNU,충남대학교,23,청소년,3,0
202605,CNU,충남대학교,06,경로,10,0
202605,CNU,충남대학교,07,경로,1,4
202605,CNU,충남대학교,08,경로,6,4
202605,CNU,충남대학교,09,경로,10,14
202605,CNU,충남대학교,10,경로,6,14
202605,CNU,충남대학교,11,경로,10,12
202605,CNU,충남대학교,12,경로,9,16
202605,CNU,충남대학교,13,경로,5,13
202605,CNU,충남대학교,14,경로,11,15
202605,CNU,충남대학교,15,경로,14,11
202605,CNU,충남대학교,16,경로,12,14
202605,CNU,충남대학교,17,경로,5,10
202605,CNU,충남대학교,18,경로,13,31
202605,CNU,충남대학교,19,경로,9,9
202605,CNU,충남대학교,20,경로,4,3
202605,CNU,충남대학교,21,경로,5,0
202605,CNU,충남대학교,22,경로,0,1
202605,CNU,충남대학교,08,국가유공자,2,0
202605,CNU,충남대학교,09,국가유공자,1,0
202605,CNU,충남대학교,05,일반인,11,3
202605,CNU,충남대학교,06,일반인,49,21
202605,CNU,충남대학교,07,일반인,240,132
202605,CNU,충남대학교,08,일반인,302,130
202605,CNU,충남대학교,09,일반인,140,87
202605,CNU,충남대학교,10,일반인,111,71
202605,CNU,충남대학교,11,일반인,134,75
202605,CNU,충남대학교,12,일반인,169,131
202605,CNU,충남대학교,13,일반인,155,104
202605,CNU,충남대학교,14,일반인,221,108
202605,CNU,충남대학교,15,일반인,309,147
202605,CNU,충남대학교,16,일반인,312,150
202605,CNU,충남대학교,17,일반인,363,207
202605,CNU,충남대학교,18,일반인,364,197
202605,CNU,충남대학교,19,일반인,232,152
202605,CNU,충남대학교,20,일반인,254,109
202605,CNU,충남대학교,21,일반인,207,166
202605,CNU,충남대학교,22,일반인,191,72
202605,CNU,충남대학교,10,어린이,0,2
202605,CNU,충남대학교,14,어린이,1,0
202605,CNU,충남대학교,15,어린이,0,1
202605,CNU,충남대학교,16,어린이,1,0
202605,CNU,충남대학교,18,어린이,2,2
202605,CNU,충남대학교,19,어린이,0,1
202605,CNU,충남대학교,06,청소년,2,0
202605,CNU,충남대학교,07,청소년,9,3
202605,CNU,충남대학교,08,청소년,7,4
202605,CNU,충남대학교,09,청소년,1,4
202605,CNU,충남대학교,10,청소년,3,6
202605,CNU,충남대학교,11,청소년,15,3
202605,CNU,충남대학교,12,청소년,13,6
202605,CNU,충남대학교,13,청소년,12,6
202605,CNU,충남대학교,14,청소년,11,6
202605,CNU,충남대학교,15,청소년,20,4
202605,CNU,충남대학교,16,청소년,26,11
202605,CNU,충남대학교,17,청소년,29,8
202605,CNU,충남대학교,18,청소년,34,7
202605,CNU,충남대학교,19,청소년,15,14
202605,CNU,충남대학교,20,청소년,28,5
202605,CNU,충남대학교,21,청소년,19,3
202605,CNU,충남대학교,22,청소년,16,2
202605,CNU,충남대학교,05,경로,11,1
202605,CNU,충남대학교,06,경로,93,1
202605,CNU,충남대학교,07,경로,15,5
202605,CNU,충남대학교,08,경로,29,16
202605,CNU,충남대학교,09,경로,28,16
202605,CNU,충남대학교,10,경로,28,20
202605,CNU,충남대학교,11,경로,34,19
202605,CNU,충남대학교,12,경로,54,25
202605,CNU,충남대학교,13,경로,46,14
202605,CNU,충남대학교,14,경로,33,16
202605,CNU,충남대학교,15,경로,36,14
202605,CNU,충남대학교,16,경로,37,23
202605,CNU,충남대학교,17,경로,33,6
202605,CNU,충남대학교,18,경로,14,7
202605,CNU,충남대학교,19,경로,16,0
202605,CNU,충남대학교,20,경로,7,6
202605,CNU,충남대학교,21,경로,3,0
202605,CNU,충남대학교,22,경로,1,0
202605,CNU,충남대학교,10,장애인,1,0
202605,CNU,충남대학교,11,장애인,1,0
202605,CNU,충남대학교,12,장애인,3,1
202605,CNU,충남대학교,13,장애인,1,0
202605,CNU,충남대학교,14,장애인,1,0
202605,CNU,충남대학교,16,장애인,1,0
202605,CNU,충남대학교,17,장애인,1,0
202605,CNU,충남대학교,07,국가유공자,1,0
202605,CNU,충남대학교,08,국가유공자,12,0
202605,CNU,충남대학교,09,국가유공자,3,0
202605,CNU,충남대학교,10,국가유공자,1,0
202605,CNU,충남대학교,11,국가유공자,1,0
202605,CNU,충남대학교,12,국가유공자,4,0
202605,CNU,충남대학교,13,국가유공자,3,0
202605,CNU,충남대학교,15,국가유공자,1,0
202605,CNU,충남대학교,17,국가유공자,2,0
202605,CNU,충남대학교,19,국가유공자,1,0
202605,CNU,충남대학교,21,국가유공자,5,0
202605,CNU,충남대학교,05,일반인,3,0
202605,CNU,충남대학교,06,일반인,85,24
202605,CNU,충남대학교,07,일반인,100,54
202605,CNU,충남대학교,08,일반인,359,211
202605,CNU,충남대학교,09,일반인,538,157
202605,CNU,충남대학교,10,일반인,337,154
202605,CNU,충남대학교,11,일반인,306,148
202605,CNU,충남대학교,12,일반인,231,159
202605,CNU,충남대학교,13,일반인,387,165
202605,CNU,충남대학교,14,일반인,215,154
202605,CNU,충남대학교,15,일반인,272,177
202605,CNU,충남대학교,16,일반인,370,169
202605,CNU,충남대학교,17,일반인,362,208
202605,CNU,충남대학교,18,일반인,436,283
202605,CNU,충남대학교,19,일반인,248,160
202605,CNU,충남대학교,20,일반인,185,127
202605,CNU,충남대학교,21,일반인,228,149
202605,CNU,충남대학교,22,일반인,193,101
202605,CNU,충남대학교,23,일반인,46,26
202605,CNU,충남대학교,10,어린이,1,0
202605,CNU,충남대학교,11,어린이,2,0
202605,CNU,충남대학교,12,어린이,0,1
202605,CNU,충남대학교,13,어린이,1,0
202605,CNU,충남대학교,14,어린이,1,0
202605,CNU,충남대학교,16,어린이,2,2
202605,CNU,충남대학교,17,어린이,1,4
202605,CNU,충남대학교,18,어린이,0,2
202605,CNU,충남대학교,19,어린이,4,6
202605,CNU,충남대학교,20,어린이,0,1
202605,CNU,충남대학교,06,청소년,6,0
202605,CNU,충남대학교,07,청소년,11,1
202605,CNU,충남대학교,08,청소년,36,5
202605,CNU,충남대학교,09,청소년,57,16
202605,CNU,충남대학교,10,청소년,36,9
202605,CNU,충남대학교,11,청소년,36,10
202605,CNU,충남대학교,12,청소년,28,10
202605,CNU,충남대학교,13,청소년,31,15
202605,CNU,충남대학교,14,청소년,21,11
202605,CNU,충남대학교,15,청소년,40,10
202605,CNU,충남대학교,16,청소년,37,23
202605,CNU,충남대학교,17,청소년,20,20
202605,CNU,충남대학교,18,청소년,29,22
202605,CNU,충남대학교,19,청소년,27,35
202605,CNU,충남대학교,20,청소년,23,22
202605,CNU,충남대학교,21,청소년,16,17
202605,CNU,충남대학교,22,청소년,23,11
202605,CNU,충남대학교,23,청소년,21,6
202605,CNU,충남대학교,06,경로,18,11
202605,CNU,충남대학교,07,경로,16,13
202605,CNU,충남대학교,08,경로,7,22
202605,CNU,충남대학교,09,경로,18,65
202605,CNU,충남대학교,10,경로,17,45
202605,CNU,충남대학교,11,경로,26,34
202605,CNU,충남대학교,12,경로,19,30
202605,CNU,충남대학교,13,경로,17,44
202605,CNU,충남대학교,14,경로,19,36
202605,CNU,충남대학교,15,경로,25,41
202605,CNU,충남대학교,16,경로,33,26
202605,CNU,충남대학교,17,경로,23,28
202605,CNU,충남대학교,18,경로,10,17
202605,CNU,충남대학교,19,경로,15,4
202605,CNU,충남대학교,20,경로,13,7
202605,CNU,충남대학교,21,경로,13,2
202605,CNU,충남대학교,22,경로,4,2
202605,CNU,충남대학교,23,경로,2,0
202605,CNU,충남대학교,08,장애인,1,0
202605,CNU,충남대학교,12,장애인,0,2
202605,CNU,충남대학교,13,장애인,0,1
202605,CNU,충남대학교,17,장애인,1,1
202605,CNU,충남대학교,08,국가유공자,0,3
202605,CNU,충남대학교,11,국가유공자,1,1
202605,CNU,충남대학교,13,국가유공자,1,0
202605,CNU,충남대학교,16,국가유공자,1,0
202605,CNU,충남대학교,17,국가유공자,0,1
202605,CNU,충남대학교,22,국가유공자,1,0
202605,CNU,충남대학교,05,일반인,10,0
202605,CNU,충남대학교,06,일반인,24,28
202605,CNU,충남대학교,07,일반인,100,64
202605,CNU,충남대학교,08,일반인,159,253
202605,CNU,충남대학교,09,일반인,142,187
202605,CNU,충남대학교,10,일반인,155,142
202605,CNU,충남대학교,11,일반인,213,103
202605,CNU,충남대학교,12,일반인,223,133
202605,CNU,충남대학교,13,일반인,263,133
202605,CNU,충남대학교,14,일반인,225,93
202605,CNU,충남대학교,15,일반인,317,125
202605,CNU,충남대학교,16,일반인,318,107
202605,CNU,충남대학교,17,일반인,283,111
202605,CNU,충남대학교,18,일반인,374,151
202605,CNU,충남대학교,19,일반인,186,111
202605,CNU,충남대학교,20,일반인,136,36
202605,CNU,충남대학교,21,일반인,99,37
202605,CNU,충남대학교,22,일반인,148,35
202605,CNU,충남대학교,10,어린이,1,1
202605,CNU,충남대학교,15,어린이,1,0
202605,CNU,충남대학교,16,어린이,0,1
202605,CNU,충남대학교,17,어린이,2,0
202605,CNU,충남대학교,06,청소년,3,0
202605,CNU,충남대학교,07,청소년,21,1
202605,CNU,충남대학교,08,청소년,8,23
202605,CNU,충남대학교,09,청소년,2,9
202605,CNU,충남대학교,10,청소년,0,19
202605,CNU,충남대학교,11,청소년,10,9
202605,CNU,충남대학교,12,청소년,21,11
202605,CNU,충남대학교,13,청소년,23,6
202605,CNU,충남대학교,14,청소년,20,11
202605,CNU,충남대학교,15,청소년,31,14
202605,CNU,충남대학교,16,청소년,32,12
202605,CNU,충남대학교,17,청소년,27,11
202605,CNU,충남대학교,18,청소년,39,15
202605,CNU,충남대학교,19,청소년,10,19
202605,CNU,충남대학교,20,청소년,7,12
202605,CNU,충남대학교,21,청소년,6,1
202605,CNU,충남대학교,22,청소년,20,3
202605,CNU,충남대학교,06,경로,0,1
202605,CNU,충남대학교,07,경로,14,1
202605,CNU,충남대학교,08,경로,15,7
202605,CNU,충남대학교,09,경로,11,9
202605,CNU,충남대학교,10,경로,41,9
202605,CNU,충남대학교,11,경로,31,5
202605,CNU,충남대학교,12,경로,30,3
202605,CNU,충남대학교,13,경로,27,13
202605,CNU,충남대학교,14,경로,23,8
202605,CNU,충남대학교,15,경로,13,7
202605,CNU,충남대학교,16,경로,20,3
202605,CNU,충남대학교,17,경로,6,11
202605,CNU,충남대학교,18,경로,10,5
202605,CNU,충남대학교,19,경로,12,1
202605,CNU,충남대학교,20,경로,4,0
202605,CNU,충남대학교,10,장애인,0,1
202605,CNU,충남대학교,15,장애인,1,0
202605,CNU,충남대학교,16,장애인,1,0
202605,CNU,충남대학교,18,장애인,0,1
202605,CNU,충남대학교,22,장애인,3,0
202605,CNU,충남대학교,09,국가유공자,0,11
202605,CNU,충남대학교,10,국가유공자,1,0
202605,CNU,충남대학교,11,국가유공자,2,0
202605,CNU,충남대학교,21,국가유공자,1,0
202605,CNU,충남대학교,05,일반인,0,2
202605,CNU,충남대학교,06,일반인,7,19
202605,CNU,충남대학교,07,일반인,19,32
202605,CNU,충남대학교,08,일반인,13,143
202605,CNU,충남대학교,09,일반인,6,79
202605,CNU,충남대학교,10,일반인,8,48
202605,CNU,충남대학교,11,일반인,18,35
202605,CNU,충남대학교,12,일반인,11,39
202605,CNU,충남대학교,13,일반인,27,39
202605,CNU,충남대학교,14,일반인,26,49
202605,CNU,충남대학교,15,일반인,37,33
202605,CNU,충남대학교,16,일반인,46,74
202605,CNU,충남대학교,17,일반인,30,29
202605,CNU,충남대학교,18,일반인,42,19
202605,CNU,충남대학교,19,일반인,25,19
202605,CNU,충남대학교,20,일반인,13,30
202605,CNU,충남대학교,21,일반인,22,12
202605,CNU,충남대학교,22,일반인,16,14
202605,CNU,충남대학교,11,어린이,2,0
202605,CNU,충남대학교,12,어린이,0,1
202605,CNU,충남대학교,16,어린이,1,0
202605,CNU,충남대학교,22,어린이,1,0
202605,CNU,충남대학교,06,청소년,1,0
202605,CNU,충남대학교,07,청소년,1,0
202605,CNU,충남대학교,08,청소년,0,2
202605,CNU,충남대학교,11,청소년,2,0
202605,CNU,충남대학교,12,청소년,5,3
202605,CNU,충남대학교,13,청소년,2,0
202605,CNU,충남대학교,14,청소년,0,1
202605,CNU,충남대학교,15,청소년,2,2
202605,CNU,충남대학교,16,청소년,8,0
202605,CNU,충남대학교,17,청소년,3,0
202605,CNU,충남대학교,18,청소년,8,0
202605,CNU,충남대학교,19,청소년,3,2
202605,CNU,충남대학교,20,청소년,3,0
202605,CNU,충남대학교,21,청소년,2,0
202605,CNU,충남대학교,22,청소년,3,2
202605,CNU,충남대학교,05,경로,1,1
202605,CNU,충남대학교,06,경로,2,3
202605,CNU,충남대학교,07,경로,0,2
202605,CNU,충남대학교,08,경로,4,8
202605,CNU,충남대학교,09,경로,3,2
202605,CNU,충남대학교,10,경로,7,6
202605,CNU,충남대학교,11,경로,3,11
202605,CNU,충남대학교,12,경로,5,19
202605,CNU,충남대학교,13,경로,6,11
202605,CNU,충남대학교,14,경로,4,6
202605,CNU,충남대학교,15,경로,5,5
202605,CNU,충남대학교,16,경로,10,4
202605,CNU,충남대학교,17,경로,4,9
202605,CNU,충남대학교,18,경로,4,2
202605,CNU,충남대학교,19,경로,1,1
202605,CNU,충남대학교,20,경로,0,2
202605,CNU,충남대학교,21,경로,7,0
202605,CNU,충남대학교,22,경로,0,2
202605,CNU,충남대학교,08,국가유공자,0,4
202605,CNU,충남대학교,21,국가유공자,0,2
202605,CNU,충남대학교,06,일반인,0,1
202605,CNU,충남대학교,07,일반인,0,1
202605,CNU,충남대학교,08,일반인,12,16
202605,CNU,충남대학교,09,일반인,5,14
202605,CNU,충남대학교,10,일반인,5,16
202605,CNU,충남대학교,11,일반인,10,10
202605,CNU,충남대학교,12,일반인,10,14
202605,CNU,충남대학교,13,일반인,8,20
202605,CNU,충남대학교,14,일반인,4,18
202605,CNU,충남대학교,15,일반인,10,21
202605,CNU,충남대학교,16,일반인,12,25
202605,CNU,충남대학교,17,일반인,12,20
202605,CNU,충남대학교,18,일반인,15,34
202605,CNU,충남대학교,19,일반인,9,12
202605,CNU,충남대학교,20,일반인,4,17
202605,CNU,충남대학교,21,일반인,8,29
202605,CNU,충남대학교,22,일반인,18,7
202605,CNU,충남대학교,23,일반인,3,1
202605,CNU,충남대학교,14,어린이,0,1
202605,CNU,충남대학교,18,어린이,2,0
202605,CNU,충남대학교,20,어린이,2,0
202605,CNU,충남대학교,07,청소년,1,0
202605,CNU,충남대학교,08,청소년,1,0
202605,CNU,충남대학교,09,청소년,0,1
202605,CNU,충남대학교,10,청소년,2,2
202605,CNU,충남대학교,11,청소년,1,2
202605,CNU,충남대학교,12,청소년,0,2
202605,CNU,충남대학교,13,청소년,1,0
202605,CNU,충남대학교,14,청소년,0,4
202605,CNU,충남대학교,15,청소년,0,3
202605,CNU,충남대학교,16,청소년,1,3
202605,CNU,충남대학교,17,청소년,0,3
202605,CNU,충남대학교,18,청소년,1,2
202605,CNU,충남대학교,19,청소년,1,0
202605,CNU,충남대학교,20,청소년,0,1
202605,CNU,충남대학교,21,청소년,2,1
202605,CNU,충남대학교,22,청소년,0,2
202605,CNU,충남대학교,07,경로,0,1
202605,CNU,충남대학교,08,경로,1,0
202605,CNU,충남대학교,10,경로,1,6
202605,CNU,충남대학교,11,경로,1,3
202605,CNU,충남대학교,12,경로,0,5
202605,CNU,충남대학교,13,경로,3,0
202605,CNU,충남대학교,14,경로,1,3
202605,CNU,충남대학교,15,경로,1,0
202605,CNU,충남대학교,16,경로,1,1
202605,CNU,충남대학교,17,경로,1,3
202605,CNU,충남대학교,18,경로,1,0
202605,CNU,충남대학교,21,경로,0,1
202605,CNU,충남대학교,05,일반인,3,2
202605,CNU,충남대학교,06,일반인,6,17
202605,CNU,충남대학교,07,일반인,62,23
202605,CNU,충남대학교,08,일반인,35,81
202605,CNU,충남대학교,09,일반인,40,123
202605,CNU,충남대학교,10,일반인,41,35
202605,CNU,충남대학교,11,일반인,28,33
202605,CNU,충남대학교,12,일반인,51,46
202605,CNU,충남대학교,13,일반인,36,56
202605,CNU,충남대학교,14,일반인,28,30
202605,CNU,충남대학교,15,일반인,63,54
202605,CNU,충남대학교,16,일반인,86,43
202605,CNU,충남대학교,17,일반인,72,30
202605,CNU,충남대학교,18,일반인,94,45
202605,CNU,충남대학교,19,일반인,46,10
202605,CNU,충남대학교,20,일반인,38,17
202605,CNU,충남대학교,21,일반인,50,11
202605,CNU,충남대학교,22,일반인,33,3
202605,CNU,충남대학교,13,어린이,0,1
202605,CNU,충남대학교,15,어린이,0,1
202605,CNU,충남대학교,16,어린이,1,0
202605,CNU,충남대학교,17,어린이,3,0
202605,CNU,충남대학교,07,청소년,1,1
202605,CNU,충남대학교,08,청소년,1,2
202605,CNU,충남대학교,09,청소년,1,1
202605,CNU,충남대학교,10,청소년,1,0
202605,CNU,충남대학교,11,청소년,1,0
202605,CNU,충남대학교,12,청소년,5,0
202605,CNU,충남대학교,13,청소년,4,2
202605,CNU,충남대학교,14,청소년,2,1
202605,CNU,충남대학교,15,청소년,5,4
202605,CNU,충남대학교,16,청소년,7,0
202605,CNU,충남대학교,17,청소년,4,4
202605,CNU,충남대학교,18,청소년,7,1
202605,CNU,충남대학교,19,청소년,7,1
202605,CNU,충남대학교,20,청소년,4,4
202605,CNU,충남대학교,21,청소년,8,0
202605,CNU,충남대학교,22,청소년,2,0
202605,CNU,충남대학교,05,경로,0,8
202605,CNU,충남대학교,06,경로,3,1
202605,CNU,충남대학교,07,경로,14,8
202605,CNU,충남대학교,08,경로,7,5
202605,CNU,충남대학교,09,경로,15,8
202605,CNU,충남대학교,10,경로,11,5
202605,CNU,충남대학교,11,경로,14,3
202605,CNU,충남대학교,12,경로,12,9
202605,CNU,충남대학교,13,경로,13,7
202605,CNU,충남대학교,14,경로,12,10
202605,CNU,충남대학교,15,경로,13,47
202605,CNU,충남대학교,16,경로,33,0
202605,CNU,충남대학교,17,경로,14,4
202605,CNU,충남대학교,18,경로,20,3
202605,CNU,충남대학교,19,경로,12,3
202605,CNU,충남대학교,20,경로,7,5
202605,CNU,충남대학교,21,경로,1,1
202605,CNU,충남대학교,22,경로,2,1
202605,CNU,충남대학교,18,장애인,1,0
202605,CNU,충남대학교,06,일반인,1,3
202605,CNU,충남대학교,07,일반인,5,14
202605,CNU,충남대학교,08,일반인,18,35
202605,CNU,충남대학교,09,일반인,16,15
202605,CNU,충남대학교,10,일반인,6,17
202605,CNU,충남대학교,11,일반인,6,15
202605,CNU,충남대학교,12,일반인,10,17
202605,CNU,충남대학교,13,일반인,18,19
202605,CNU,충남대학교,14,일반인,13,18
202605,CNU,충남대학교,15,일반인,7,23
202605,CNU,충남대학교,16,일반인,9,25
202605,CNU,충남대학교,17,일반인,9,28
202605,CNU,충남대학교,18,일반인,17,30
202605,CNU,충남대학교,19,일반인,13,7
202605,CNU,충남대학교,20,일반인,6,14
202605,CNU,충남대학교,21,일반인,13,9
202605,CNU,충남대학교,22,일반인,13,12
202605,CNU,충남대학교,23,일반인,2,4
202605,CNU,충남대학교,12,어린이,0,1
202605,CNU,충남대학교,14,어린이,0,1
202605,CNU,충남대학교,15,어린이,0,1
202605,CNU,충남대학교,16,어린이,1,0
202605,CNU,충남대학교,07,청소년,0,1
202605,CNU,충남대학교,08,청소년,0,3
202605,CNU,충남대학교,09,청소년,0,1
202605,CNU,충남대학교,10,청소년,2,0
202605,CNU,충남대학교,12,청소년,1,1
202605,CNU,충남대학교,13,청소년,1,4
202605,CNU,충남대학교,14,청소년,0,2
202605,CNU,충남대학교,15,청소년,0,5
202605,CNU,충남대학교,16,청소년,1,0
202605,CNU,충남대학교,17,청소년,1,1
202605,CNU,충남대학교,20,청소년,0,2
202605,CNU,충남대학교,21,청소년,1,2
202605,CNU,충남대학교,06,경로,0,4
202605,CNU,충남대학교,07,경로,0,3
202605,CNU,충남대학교,08,경로,0,4
202605,CNU,충남대학교,09,경로,1,13
202605,CNU,충남대학교,10,경로,1,5
202605,CNU,충남대학교,11,경로,1,3
202605,CNU,충남대학교,12,경로,0,1
202605,CNU,충남대학교,13,경로,3,4
202605,CNU,충남대학교,14,경로,2,2
202605,CNU,충남대학교,15,경로,0,3
202605,CNU,충남대학교,16,경로,1,2
202605,CNU,충남대학교,17,경로,1,2
202605,CNU,충남대학교,18,경로,0,1
202605,CNU,충남대학교,19,경로,1,1
202605,CNU,충남대학교,21,경로,0,1
202605,CNU,충남대학교,22,경로,1,1
202605,CNU,충남대학교,16,장애인,0,1
202605,CNU,충남대학교,16,국가유공자,1,0
202605,CNU,충남대학교,05,일반인,14,4
202605,CNU,충남대학교,06,일반인,35,27
202605,CNU,충남대학교,07,일반인,119,17
202605,CNU,충남대학교,08,일반인,109,60
202605,CNU,충남대학교,09,일반인,110,117
202605,CNU,충남대학교,10,일반인,94,18
202605,CNU,충남대학교,11,일반인,71,19
202605,CNU,충남대학교,12,일반인,187,11
202605,CNU,충남대학교,13,일반인,212,31
202605,CNU,충남대학교,14,일반인,162,24
202605,CNU,충남대학교,15,일반인,281,64
202605,CNU,충남대학교,16,일반인,338,83
202605,CNU,충남대학교,17,일반인,411,41
202605,CNU,충남대학교,18,일반인,447,39
202605,CNU,충남대학교,19,일반인,226,16
202605,CNU,충남대학교,20,일반인,224,15
202605,CNU,충남대학교,21,일반인,353,14
202605,CNU,충남대학교,22,일반인,271,8
202605,CNU,충남대학교,11,어린이,1,2
202605,CNU,충남대학교,12,어린이,2,0
202605,CNU,충남대학교,13,어린이,2,0
202605,CNU,충남대학교,14,어린이,1,0
202605,CNU,충남대학교,15,어린이,3,2
202605,CNU,충남대학교,16,어린이,3,0
202605,CNU,충남대학교,17,어린이,2,0
202605,CNU,충남대학교,18,어린이,3,2
202605,CNU,충남대학교,19,어린이,8,0
202605,CNU,충남대학교,20,어린이,5,0
202605,CNU,충남대학교,05,청소년,2,0
202605,CNU,충남대학교,06,청소년,1,0
202605,CNU,충남대학교,07,청소년,1,0
202605,CNU,충남대학교,08,청소년,0,5
202605,CNU,충남대학교,09,청소년,0,2
202605,CNU,충남대학교,10,청소년,4,2
202605,CNU,충남대학교,11,청소년,7,0
202605,CNU,충남대학교,12,청소년,11,1
202605,CNU,충남대학교,13,청소년,14,0
202605,CNU,충남대학교,14,청소년,17,0
202605,CNU,충남대학교,15,청소년,38,4
202605,CNU,충남대학교,16,청소년,46,1
202605,CNU,충남대학교,17,청소년,51,0
202605,CNU,충남대학교,18,청소년,39,1
202605,CNU,충남대학교,19,청소년,21,1
202605,CNU,충남대학교,20,청소년,30,0
202605,CNU,충남대학교,21,청소년,34,2
202605,CNU,충남대학교,22,청소년,36,1
202605,CNU,충남대학교,05,경로,2,1
202605,CNU,충남대학교,06,경로,20,2
202605,CNU,충남대학교,07,경로,46,3
202605,CNU,충남대학교,08,경로,9,10
202605,CNU,충남대학교,09,경로,12,17
202605,CNU,충남대학교,10,경로,32,1
202605,CNU,충남대학교,11,경로,22,19
202605,CNU,충남대학교,12,경로,58,16
202605,CNU,충남대학교,13,경로,53,10
202605,CNU,충남대학교,14,경로,40,2
202605,CNU,충남대학교,15,경로,63,15
202605,CNU,충남대학교,16,경로,69,5
202605,CNU,충남대학교,17,경로,39,1
202605,CNU,충남대학교,18,경로,37,1
202605,CNU,충남대학교,19,경로,31,0
202605,CNU,충남대학교,20,경로,33,1
202605,CNU,충남대학교,21,경로,26,2
202605,CNU,충남대학교,22,경로,2,1
202605,CNU,충남대학교,14,장애인,2,0
202605,CNU,충남대학교,18,장애인,3,0
202605,CNU,충남대학교,20,장애인,1,0
202605,CNU,충남대학교,21,장애인,1,0
202605,CNU,충남대학교,13,국가유공자,2,0
202605,CNU,충남대학교,14,국가유공자,1,1
202605,CNU,충남대학교,15,국가유공자,2,0
202605,CNU,충남대학교,16,국가유공자,1,0
202605,CNU,충남대학교,17,국가유공자,1,0
202605,CNU,충남대학교,21,국가유공자,1,0
202605,CNU,충남대학교,22,국가유공자,1,0
202605,CNU,충남대학교,06,일반인,0,75
202605,CNU,충남대학교,07,일반인,1,322
202605,CNU,충남대학교,08,일반인,0,558
202605,CNU,충남대학교,09,일반인,5,438
202605,CNU,충남대학교,10,일반인,4,285
202605,CNU,충남대학교,11,일반인,2,234
202605,CNU,충남대학교,12,일반인,7,252
202605,CNU,충남대학교,13,일반인,3,213
202605,CNU,충남대학교,14,일반인,3,175
202605,CNU,충남대학교,15,일반인,6,199
202605,CNU,충남대학교,16,일반인,2,238
202605,CNU,충남대학교,17,일반인,3,231
202605,CNU,충남대학교,18,일반인,1,257
202605,CNU,충남대학교,19,일반인,2,164
202605,CNU,충남대학교,20,일반인,2,143
202605,CNU,충남대학교,21,일반인,1,107
202605,CNU,충남대학교,22,일반인,15,80
202605,CNU,충남대학교,23,일반인,14,83
202605,CNU,충남대학교,10,어린이,0,4
202605,CNU,충남대학교,11,어린이,0,4
202605,CNU,충남대학교,12,어린이,0,2
202605,CNU,충남대학교,13,어린이,0,4
202605,CNU,충남대학교,14,어린이,0,3
202605,CNU,충남대학교,15,어린이,0,10
202605,CNU,충남대학교,16,어린이,0,2
202605,CNU,충남대학교,17,어린이,0,1
202605,CNU,충남대학교,18,어린이,2,4
202605,CNU,충남대학교,19,어린이,0,1
202605,CNU,충남대학교,20,어린이,0,1
202605,CNU,충남대학교,06,청소년,0,1
202605,CNU,충남대학교,07,청소년,0,38
202605,CNU,충남대학교,08,청소년,1,17
202605,CNU,충남대학교,09,청소년,1,22
202605,CNU,충남대학교,10,청소년,0,21
202605,CNU,충남대학교,11,청소년,0,18
202605,CNU,충남대학교,12,청소년,0,41
202605,CNU,충남대학교,13,청소년,1,25
202605,CNU,충남대학교,14,청소년,0,25
202605,CNU,충남대학교,15,청소년,0,19
202605,CNU,충남대학교,16,청소년,0,19
202605,CNU,충남대학교,17,청소년,0,21
202605,CNU,충남대학교,18,청소년,3,12
202605,CNU,충남대학교,19,청소년,0,7
202605,CNU,충남대학교,20,청소년,0,2
202605,CNU,충남대학교,21,청소년,0,14
202605,CNU,충남대학교,22,청소년,0,5
202605,CNU,충남대학교,23,청소년,0,2
202605,CNU,충남대학교,06,경로,0,10
202605,CNU,충남대학교,07,경로,1,55
202605,CNU,충남대학교,08,경로,3,45
202605,CNU,충남대학교,09,경로,0,50
202605,CNU,충남대학교,10,경로,0,65
202605,CNU,충남대학교,11,경로,0,58
202605,CNU,충남대학교,12,경로,4,34
202605,CNU,충남대학교,13,경로,1,49
202605,CNU,충남대학교,14,경로,4,31
202605,CNU,충남대학교,15,경로,0,47
202605,CNU,충남대학교,16,경로,0,44
202605,CNU,충남대학교,17,경로,0,25
202605,CNU,충남대학교,18,경로,0,22
202605,CNU,충남대학교,19,경로,0,25
202605,CNU,충남대학교,20,경로,0,4
202605,CNU,충남대학교,21,경로,0,3
202605,CNU,충남대학교,22,경로,0,4
202605,CNU,충남대학교,23,경로,0,1
202605,CNU,충남대학교,07,장애인,0,2
202605,CNU,충남대학교,08,장애인,0,1
202605,CNU,충남대학교,12,장애인,0,1
202605,CNU,충남대학교,16,장애인,0,1
202605,CNU,충남대학교,19,장애인,0,2
202605,CNU,충남대학교,08,국가유공자,0,1
202605,CNU,충남대학교,10,국가유공자,0,3
202605,CNU,충남대학교,11,국가유공자,0,2
202605,CNU,충남대학교,12,국가유공자,0,1
202605,CNU,충남대학교,14,국가유공자,0,1
202605,CNU,충남대학교,15,국가유공자,0,1
202605,CNU,충남대학교,22,국가유공자,0,1
202605,CNU,충남대학교,05,일반인,5,0
202605,CNU,충남대학교,06,일반인,95,16
202605,CNU,충남대학교,07,일반인,100,44
202605,CNU,충남대학교,08,일반인,122,193
202605,CNU,충남대학교,09,일반인,74,142
202605,CNU,충남대학교,10,일반인,84,107
202605,CNU,충남대학교,11,일반인,76,50
202605,CNU,충남대학교,12,일반인,59,85
202605,CNU,충남대학교,13,일반인,58,47
202605,CNU,충남대학교,14,일반인,59,59
202605,CNU,충남대학교,15,일반인,87,45
202605,CNU,충남대학교,16,일반인,99,85
202605,CNU,충남대학교,17,일반인,100,39
202605,CNU,충남대학교,18,일반인,101,35
202605,CNU,충남대학교,19,일반인,68,17
202605,CNU,충남대학교,20,일반인,57,26
202605,CNU,충남대학교,21,일반인,63,20
202605,CNU,충남대학교,22,일반인,45,9
202605,CNU,충남대학교,09,어린이,0,1
202605,CNU,충남대학교,11,어린이,0,2
202605,CNU,충남대학교,12,어린이,9,0
202605,CNU,충남대학교,14,어린이,0,1
202605,CNU,충남대학교,15,어린이,3,1
202605,CNU,충남대학교,17,어린이,1,2
202605,CNU,충남대학교,18,어린이,1,0
202605,CNU,충남대학교,06,청소년,1,0
202605,CNU,충남대학교,07,청소년,3,2
202605,CNU,충남대학교,08,청소년,4,2
202605,CNU,충남대학교,09,청소년,9,2
202605,CNU,충남대학교,10,청소년,5,1
202605,CNU,충남대학교,11,청소년,3,2
202605,CNU,충남대학교,12,청소년,8,3
202605,CNU,충남대학교,13,청소년,10,4
202605,CNU,충남대학교,14,청소년,3,0
202605,CNU,충남대학교,15,청소년,10,2
202605,CNU,충남대학교,16,청소년,14,2
202605,CNU,충남대학교,17,청소년,20,0
202605,CNU,충남대학교,18,청소년,18,2
202605,CNU,충남대학교,19,청소년,12,1
202605,CNU,충남대학교,20,청소년,24,0
202605,CNU,충남대학교,21,청소년,10,2
202605,CNU,충남대학교,22,청소년,10,1
202605,CNU,충남대학교,05,경로,0,1
202605,CNU,충남대학교,06,경로,5,2
202605,CNU,충남대학교,07,경로,48,19
202605,CNU,충남대학교,08,경로,47,2
202605,CNU,충남대학교,09,경로,34,10
202605,CNU,충남대학교,10,경로,29,12
202605,CNU,충남대학교,11,경로,25,16
202605,CNU,충남대학교,12,경로,21,7
202605,CNU,충남대학교,13,경로,20,10
202605,CNU,충남대학교,14,경로,15,9
202605,CNU,충남대학교,15,경로,25,4
202605,CNU,충남대학교,16,경로,23,2
202605,CNU,충남대학교,17,경로,8,9
202605,CNU,충남대학교,18,경로,11,1
202605,CNU,충남대학교,19,경로,7,3
202605,CNU,충남대학교,20,경로,1,1
202605,CNU,충남대학교,21,경로,0,1
202605,CNU,충남대학교,22,경로,0,2
202605,CNU,충남대학교,14,장애인,1,0
202605,CNU,충남대학교,18,장애인,0,1
202605,CNU,충남대학교,08,국가유공자,0,2
202605,CNU,충남대학교,09,국가유공자,1,0
202605,CNU,충남대학교,11,국가유공자,1,0
202605,CNU,충남대학교,14,국가유공자,1,0
202605,CNU,충남대학교,16,국가유공자,1,0
202605,CNU,충남대학교,21,국가유공자,1,0
202605,CNU,충남대학교,06,일반인,2,8
202605,CNU,충남대학교,07,일반인,9,40
202605,CNU,충남대학교,08,일반인,16,36
202605,CNU,충남대학교,09,일반인,18,56
202605,CNU,충남대학교,10,일반인,19,39
202605,CNU,충남대학교,11,일반인,5,30
202605,CNU,충남대학교,12,일반인,23,37
202605,CNU,충남대학교,13,일반인,15,44
202605,CNU,충남대학교,14,일반인,10,39
202605,CNU,충남대학교,15,일반인,19,46
202605,CNU,충남대학교,16,일반인,15,27
202605,CNU,충남대학교,17,일반인,15,43
202605,CNU,충남대학교,18,일반인,17,32
202605,CNU,충남대학교,19,일반인,23,26
202605,CNU,충남대학교,20,일반인,17,28
202605,CNU,충남대학교,21,일반인,10,25
202605,CNU,충남대학교,22,일반인,11,24
202605,CNU,충남대학교,23,일반인,5,6
202605,CNU,충남대학교,09,어린이,0,11
202605,CNU,충남대학교,12,어린이,0,2
202605,CNU,충남대학교,15,어린이,0,2
202605,CNU,충남대학교,06,청소년,0,2
202605,CNU,충남대학교,08,청소년,0,4
202605,CNU,충남대학교,09,청소년,2,14
202605,CNU,충남대학교,10,청소년,2,7
202605,CNU,충남대학교,11,청소년,0,10
202605,CNU,충남대학교,12,청소년,0,7
202605,CNU,충남대학교,13,청소년,1,8
202605,CNU,충남대학교,14,청소년,0,4
202605,CNU,충남대학교,15,청소년,3,8
202605,CNU,충남대학교,16,청소년,6,2
202605,CNU,충남대학교,17,청소년,3,4
202605,CNU,충남대학교,18,청소년,1,6
202605,CNU,충남대학교,19,청소년,0,2
202605,CNU,충남대학교,20,청소년,1,1
202605,CNU,충남대학교,22,청소년,1,1
202605,CNU,충남대학교,23,청소년,0,1
202605,CNU,충남대학교,06,경로,0,3
202605,CNU,충남대학교,07,경로,1,2
202605,CNU,충남대학교,08,경로,1,1
202605,CNU,충남대학교,09,경로,2,12
202605,CNU,충남대학교,10,경로,2,6
202605,CNU,충남대학교,11,경로,3,4
202605,CNU,충남대학교,12,경로,0,5
202605,CNU,충남대학교,13,경로,7,2
202605,CNU,충남대학교,14,경로,2,4
202605,CNU,충남대학교,15,경로,1,13
202605,CNU,충남대학교,16,경로,1,5
202605,CNU,충남대학교,17,경로,1,4
202605,CNU,충남대학교,18,경로,1,3
202605,CNU,충남대학교,19,경로,0,1
202605,CNU,충남대학교,21,경로,0,1
202605,CNU,충남대학교,06,일반인,5,2
202605,CNU,충남대학교,07,일반인,0,2
202605,CNU,충남대학교,08,일반인,4,24
202605,CNU,충남대학교,09,일반인,3,4
202605,CNU,충남대학교,10,일반인,10,19
202605,CNU,충남대학교,11,일반인,10,6
202605,CNU,충남대학교,12,일반인,3,14
202605,CNU,충남대학교,13,일반인,16,35
202605,CNU,충남대학교,14,일반인,7,15
202605,CNU,충남대학교,15,일반인,29,69
202605,CNU,충남대학교,16,일반인,36,42
202605,CNU,충남대학교,17,일반인,22,47
202605,CNU,충남대학교,18,일반인,18,115
202605,CNU,충남대학교,19,일반인,8,73
202605,CNU,충남대학교,20,일반인,15,68
202605,CNU,충남대학교,21,일반인,6,70
202605,CNU,충남대학교,22,일반인,4,43
202605,CNU,충남대학교,13,어린이,0,1
202605,CNU,충남대학교,17,어린이,0,2
202605,CNU,충남대학교,18,어린이,0,2
202605,CNU,충남대학교,08,청소년,0,4
202605,CNU,충남대학교,10,청소년,0,2
202605,CNU,충남대학교,12,청소년,0,2
202605,CNU,충남대학교,13,청소년,0,7
202605,CNU,충남대학교,14,청소년,2,6
202605,CNU,충남대학교,15,청소년,1,2
202605,CNU,충남대학교,16,청소년,1,3
202605,CNU,충남대학교,17,청소년,0,2
202605,CNU,충남대학교,18,청소년,0,4
202605,CNU,충남대학교,19,청소년,0,5
202605,CNU,충남대학교,20,청소년,0,5
202605,CNU,충남대학교,21,청소년,0,3
202605,CNU,충남대학교,22,청소년,2,10
202605,CNU,충남대학교,07,경로,0,1
202605,CNU,충남대학교,09,경로,0,1
202605,CNU,충남대학교,10,경로,0,1
202605,CNU,충남대학교,11,경로,0,2
202605,CNU,충남대학교,12,경로,4,1
202605,CNU,충남대학교,13,경로,1,1
202605,CNU,충남대학교,14,경로,1,3
202605,CNU,충남대학교,15,경로,1,2
202605,CNU,충남대학교,16,경로,3,0
202605,CNU,충남대학교,17,경로,0,4
202605,CNU,충남대학교,19,경로,0,1
202605,CNU,충남대학교,20,경로,1,0
202605,CNU,충남대학교,06,일반인,4,0
202605,CNU,충남대학교,07,일반인,16,2
202605,CNU,충남대학교,08,일반인,62,2
202605,CNU,충남대학교,09,일반인,75,6
202605,CNU,충남대학교,10,일반인,31,1
202605,CNU,충남대학교,11,일반인,50,7
202605,CNU,충남대학교,12,일반인,43,0
202605,CNU,충남대학교,13,일반인,48,6
202605,CNU,충남대학교,14,일반인,28,5
202605,CNU,충남대학교,15,일반인,25,3
202605,CNU,충남대학교,16,일반인,20,6
202605,CNU,충남대학교,17,일반인,23,8
202605,CNU,충남대학교,18,일반인,18,14
202605,CNU,충남대학교,19,일반인,18,4
202605,CNU,충남대학교,20,일반인,17,3
202605,CNU,충남대학교,21,일반인,15,5
202605,CNU,충남대학교,22,일반인,10,3
202605,CNU,충남대학교,09,어린이,0,1
202605,CNU,충남대학교,08,청소년,1,1
202605,CNU,충남대학교,09,청소년,2,0
202605,CNU,충남대학교,10,청소년,1,0
202605,CNU,충남대학교,13,청소년,2,1
202605,CNU,충남대학교,14,청소년,1,0
202605,CNU,충남대학교,15,청소년,2,2
202605,CNU,충남대학교,16,청소년,3,1
202605,CNU,충남대학교,18,청소년,3,1
202605,CNU,충남대학교,19,청소년,11,1
202605,CNU,충남대학교,20,청소년,1,0
202605,CNU,충남대학교,14,경로,0,2
202605,CNU,충남대학교,10,일반인,0,1
202605,CNU,충남대학교,06,일반인,2,186
202605,CNU,충남대학교,08,일반인,10,275
202605,CNU,충남대학교,09,일반인,60,2368
202605,CNU,충남대학교,10,일반인,24,1167
202605,CNU,충남대학교,13,일반인,59,936
202605,CNU,충남대학교,14,일반인,110,1024
202605,CNU,충남대학교,15,일반인,34,239
202605,CNU,충남대학교,17,일반인,21,147
202605,CNU,충남대학교,18,일반인,211,1394
202605,CNU,충남대학교,19,일반인,44,987
202605,CNU,충남대학교,22,일반인,39,1056
202605,CNU,충남대학교,23,일반인,48,299
202605,CNU,충남대학교,08,어린이,0,1
202605,CNU,충남대학교,09,어린이,0,11
202605,CNU,충남대학교,10,어린이,0,8
202605,CNU,충남대학교,13,어린이,0,5
202605,CNU,충남대학교,14,어린이,1,2
202605,CNU,충남대학교,15,어린이,0,1
202605,CNU,충남대학교,17,어린이,0,2
202605,CNU,충남대학교,18,어린이,0,4
202605,CNU,충남대학교,19,어린이,0,1
202605,CNU,충남대학교,22,어린이,0,3
202605,CNU,충남대학교,23,어린이,0,1
202605,CNU,충남대학교,06,청소년,0,11
202605,CNU,충남대학교,08,청소년,0,26
202605,CNU,충남대학교,09,청소년,4,266
202605,CNU,충남대학교,10,청소년,0,146
202605,CNU,충남대학교,13,청소년,11,121
202605,CNU,충남대학교,14,청소년,6,145
202605,CNU,충남대학교,15,청소년,3,32
202605,CNU,충남대학교,17,청소년,3,15
202605,CNU,충남대학교,18,청소년,24,135
202605,CNU,충남대학교,19,청소년,6,67
202605,CNU,충남대학교,22,청소년,4,92
202605,CNU,충남대학교,23,청소년,11,21
202605,CNU,충남대학교,08,경로,0,2
202605,CNU,충남대학교,09,경로,1,0
202605,CNU,충남대학교,10,경로,3,2
202605,CNU,충남대학교,13,경로,1,1
202605,CNU,충남대학교,14,경로,0,2
202605,CNU,충남대학교,15,경로,0,2
202605,CNU,충남대학교,17,경로,0,1
202605,CNU,충남대학교,18,경로,0,2
202605,CNU,충남대학교,19,경로,0,5
202605,CNU,충남대학교,22,경로,0,1
202605,CNU,충남대학교,14,장애인,0,1
202605,CNU,충남대학교,18,장애인,0,1
202605,CNU,충남대학교,05,일반인,107,6
202605,CNU,충남대학교,06,일반인,187,4
202605,CNU,충남대학교,07,일반인,316,3
202605,CNU,충남대학교,09,일반인,16,1
202605,CNU,충남대학교,10,일반인,419,51
202605,CNU,충남대학교,11,일반인,382,34
202605,CNU,충남대학교,14,일반인,740,38
202605,CNU,충남대학교,15,일반인,1180,96
202605,CNU,충남대학교,16,일반인,496,27
202605,CNU,충남대학교,19,일반인,848,73
202605,CNU,충남대학교,20,일반인,818,39
202605,CNU,충남대학교,15,어린이,8,0
202605,CNU,충남대학교,19,어린이,3,0
202605,CNU,충남대학교,20,어린이,2,0
202605,CNU,충남대학교,05,청소년,8,0
202605,CNU,충남대학교,06,청소년,19,0
202605,CNU,충남대학교,07,청소년,4,0
202605,CNU,충남대학교,10,청소년,53,3
202605,CNU,충남대학교,11,청소년,36,2
202605,CNU,충남대학교,14,청소년,80,2
202605,CNU,충남대학교,15,청소년,171,7
202605,CNU,충남대학교,16,청소년,57,6
202605,CNU,충남대학교,19,청소년,113,5
202605,CNU,충남대학교,20,청소년,83,2
202605,CNU,충남대학교,05,경로,1,0
202605,CNU,충남대학교,06,경로,0,1
202605,CNU,충남대학교,07,경로,4,1
202605,CNU,충남대학교,10,경로,3,0
202605,CNU,충남대학교,11,경로,5,3
202605,CNU,충남대학교,14,경로,5,0
202605,CNU,충남대학교,15,경로,3,2
202605,CNU,충남대학교,16,경로,3,3
202605,CNU,충남대학교,19,경로,1,0
202605,CNU,충남대학교,10,장애인,2,0
202605,CNU,충남대학교,05,일반인,61,1
202605,CNU,충남대학교,06,일반인,150,10
202605,CNU,충남대학교,07,일반인,219,34
202605,CNU,충남대학교,08,일반인,500,110
202605,CNU,충남대학교,09,일반인,456,51
202605,CNU,충남대학교,10,일반인,280,40
202605,CNU,충남대학교,11,일반인,241,47
202605,CNU,충남대학교,12,일반인,275,41
202605,CNU,충남대학교,13,일반인,257,35
202605,CNU,충남대학교,14,일반인,263,43
202605,CNU,충남대학교,15,일반인,391,50
202605,CNU,충남대학교,16,일반인,457,40
202605,CNU,충남대학교,17,일반인,441,38
202605,CNU,충남대학교,18,일반인,436,37
202605,CNU,충남대학교,19,일반인,278,35
202605,CNU,충남대학교,20,일반인,309,25
202605,CNU,충남대학교,21,일반인,375,21
202605,CNU,충남대학교,22,일반인,377,26
202605,CNU,충남대학교,11,어린이,1,0
202605,CNU,충남대학교,12,어린이,3,0
202605,CNU,충남대학교,13,어린이,4,0
202605,CNU,충남대학교,14,어린이,3,0
202605,CNU,충남대학교,15,어린이,2,0
202605,CNU,충남대학교,16,어린이,2,0
202605,CNU,충남대학교,17,어린이,5,0
202605,CNU,충남대학교,18,어린이,5,0
202605,CNU,충남대학교,19,어린이,3,0
202605,CNU,충남대학교,20,어린이,1,0
202605,CNU,충남대학교,22,어린이,1,0
202605,CNU,충남대학교,05,청소년,2,0
202605,CNU,충남대학교,06,청소년,8,2
202605,CNU,충남대학교,07,청소년,3,0
202605,CNU,충남대학교,08,청소년,22,2
202605,CNU,충남대학교,09,청소년,29,4
202605,CNU,충남대학교,10,청소년,19,0
202605,CNU,충남대학교,11,청소년,14,4
202605,CNU,충남대학교,12,청소년,12,3
202605,CNU,충남대학교,13,청소년,13,2
202605,CNU,충남대학교,14,청소년,27,3
202605,CNU,충남대학교,15,청소년,30,3
202605,CNU,충남대학교,16,청소년,65,1
202605,CNU,충남대학교,17,청소년,36,4
202605,CNU,충남대학교,18,청소년,41,4
202605,CNU,충남대학교,19,청소년,30,2
202605,CNU,충남대학교,20,청소년,36,3
202605,CNU,충남대학교,21,청소년,27,3
202605,CNU,충남대학교,22,청소년,26,0
202605,CNU,충남대학교,05,경로,2,0
202605,CNU,충남대학교,06,경로,24,0
202605,CNU,충남대학교,07,경로,15,0
202605,CNU,충남대학교,08,경로,14,4
202605,CNU,충남대학교,09,경로,22,1
202605,CNU,충남대학교,10,경로,32,5
202605,CNU,충남대학교,11,경로,24,6
202605,CNU,충남대학교,12,경로,33,14
202605,CNU,충남대학교,13,경로,24,9
202605,CNU,충남대학교,14,경로,32,7
202605,CNU,충남대학교,15,경로,30,12
202605,CNU,충남대학교,16,경로,25,6
202605,CNU,충남대학교,17,경로,19,5
202605,CNU,충남대학교,18,경로,14,5
202605,CNU,충남대학교,19,경로,11,4
202605,CNU,충남대학교,20,경로,6,7
202605,CNU,충남대학교,21,경로,7,1
202605,CNU,충남대학교,22,경로,2,1
202605,CNU,충남대학교,07,장애인,13,0
202605,CNU,충남대학교,06,국가유공자,1,0
202605,CNU,충남대학교,07,국가유공자,2,0
202605,CNU,충남대학교,08,국가유공자,3,0
202605,CNU,충남대학교,09,국가유공자,3,0
202605,CNU,충남대학교,11,국가유공자,1,0
202605,CNU,충남대학교,13,국가유공자,1,0
202605,CNU,충남대학교,06,일반인,34,145
202605,CNU,충남대학교,07,일반인,38,278
202605,CNU,충남대학교,08,일반인,43,497
202605,CNU,충남대학교,09,일반인,54,548
202605,CNU,충남대학교,10,일반인,52,409
202605,CNU,충남대학교,11,일반인,71,401
202605,CNU,충남대학교,12,일반인,67,509
202605,CNU,충남대학교,13,일반인,60,513
202605,CNU,충남대학교,14,일반인,71,468
202605,CNU,충남대학교,15,일반인,113,553
202605,CNU,충남대학교,16,일반인,129,678
202605,CNU,충남대학교,17,일반인,88,687
202605,CNU,충남대학교,18,일반인,126,956
202605,CNU,충남대학교,19,일반인,71,777
202605,CNU,충남대학교,20,일반인,74,576
202605,CNU,충남대학교,21,일반인,35,433
202605,CNU,충남대학교,22,일반인,37,415
202605,CNU,충남대학교,23,일반인,17,131
202605,CNU,충남대학교,09,어린이,1,5
202605,CNU,충남대학교,11,어린이,0,2
202605,CNU,충남대학교,12,어린이,1,14
202605,CNU,충남대학교,13,어린이,0,5
202605,CNU,충남대학교,14,어린이,0,3
202605,CNU,충남대학교,15,어린이,2,4
202605,CNU,충남대학교,16,어린이,0,4
202605,CNU,충남대학교,17,어린이,0,2
202605,CNU,충남대학교,18,어린이,2,5
202605,CNU,충남대학교,19,어린이,1,1
202605,CNU,충남대학교,20,어린이,0,1
202605,CNU,충남대학교,06,청소년,0,9
202605,CNU,충남대학교,07,청소년,0,51
202605,CNU,충남대학교,08,청소년,0,75
202605,CNU,충남대학교,09,청소년,0,46
202605,CNU,충남대학교,10,청소년,3,33
202605,CNU,충남대학교,11,청소년,6,41
202605,CNU,충남대학교,12,청소년,3,50
202605,CNU,충남대학교,13,청소년,7,41
202605,CNU,충남대학교,14,청소년,6,52
202605,CNU,충남대학교,15,청소년,7,57
202605,CNU,충남대학교,16,청소년,9,70
202605,CNU,충남대학교,17,청소년,3,51
202605,CNU,충남대학교,18,청소년,9,53
202605,CNU,충남대학교,19,청소년,6,42
202605,CNU,충남대학교,20,청소년,3,38
202605,CNU,충남대학교,21,청소년,0,28
202605,CNU,충남대학교,22,청소년,1,11
202605,CNU,충남대학교,23,청소년,2,7
202605,CNU,충남대학교,06,경로,9,31
202605,CNU,충남대학교,07,경로,2,24
202605,CNU,충남대학교,08,경로,3,44
202605,CNU,충남대학교,09,경로,2,82
202605,CNU,충남대학교,10,경로,10,90
202605,CNU,충남대학교,11,경로,5,89
202605,CNU,충남대학교,12,경로,4,123
202605,CNU,충남대학교,13,경로,16,58
202605,CNU,충남대학교,14,경로,7,66
202605,CNU,충남대학교,15,경로,8,102
202605,CNU,충남대학교,16,경로,7,82
202605,CNU,충남대학교,17,경로,1,36
202605,CNU,충남대학교,18,경로,2,32
202605,CNU,충남대학교,19,경로,3,21
202605,CNU,충남대학교,20,경로,0,21
202605,CNU,충남대학교,21,경로,0,8
202605,CNU,충남대학교,22,경로,0,6
202605,CNU,충남대학교,23,경로,0,5
202605,CNU,충남대학교,07,장애인,0,1
202605,CNU,충남대학교,10,장애인,0,1
202605,CNU,충남대학교,12,장애인,0,2
202605,CNU,충남대학교,14,장애인,0,1
202605,CNU,충남대학교,09,국가유공자,0,2
202605,CNU,충남대학교,11,국가유공자,1,5
202605,CNU,충남대학교,12,국가유공자,0,10
202605,CNU,충남대학교,13,국가유공자,0,7
202605,CNU,충남대학교,14,국가유공자,0,2
202605,CNU,충남대학교,15,국가유공자,1,7
202605,CNU,충남대학교,16,국가유공자,0,6
202605,CNU,충남대학교,18,국가유공자,0,1
202605,CNU,충남대학교,20,국가유공자,1,0
202605,CNU,충남대학교,21,국가유공자,0,1
202605,CNU,충남대학교,05,일반인,1,0
202605,CNU,충남대학교,06,일반인,11,0
202605,CNU,충남대학교,07,일반인,11,0
202605,CNU,충남대학교,08,일반인,25,0
202605,CNU,충남대학교,09,일반인,31,0
202605,CNU,충남대학교,10,일반인,22,3
202605,CNU,충남대학교,11,일반인,18,0
202605,CNU,충남대학교,12,일반인,9,0
202605,CNU,충남대학교,13,일반인,20,0
202605,CNU,충남대학교,14,일반인,14,0
202605,CNU,충남대학교,15,일반인,26,0
202605,CNU,충남대학교,16,일반인,35,0
202605,CNU,충남대학교,17,일반인,34,0
202605,CNU,충남대학교,18,일반인,23,0
202605,CNU,충남대학교,19,일반인,18,1
202605,CNU,충남대학교,20,일반인,34,0
202605,CNU,충남대학교,21,일반인,12,0
202605,CNU,충남대학교,22,일반인,5,0
202605,CNU,충남대학교,23,일반인,2,0
202605,CNU,충남대학교,17,어린이,2,0
202605,CNU,충남대학교,19,어린이,1,0
202605,CNU,충남대학교,10,청소년,1,0
202605,CNU,충남대학교,11,청소년,1,0
202605,CNU,충남대학교,13,청소년,3,0
202605,CNU,충남대학교,15,청소년,1,0
202605,CNU,충남대학교,17,청소년,1,0
202605,CNU,충남대학교,18,청소년,3,0
202605,CNU,충남대학교,22,청소년,1,0
202605,CNU,충남대학교,06,경로,5,0
202605,CNU,충남대학교,07,경로,6,0
202605,CNU,충남대학교,08,경로,14,0
202605,CNU,충남대학교,09,경로,10,1
202605,CNU,충남대학교,10,경로,7,0
202605,CNU,충남대학교,11,경로,6,0
202605,CNU,충남대학교,12,경로,4,0
202605,CNU,충남대학교,13,경로,11,0
202605,CNU,충남대학교,15,경로,3,0
202605,CNU,충남대학교,16,경로,2,0
202605,CNU,충남대학교,17,경로,1,0
202605,CNU,충남대학교,18,경로,1,0
202605,CNU,충남대학교,13,장애인,1,0
202605,CNU,충남대학교,07,일반인,0,1
202605,CNU,충남대학교,08,일반인,8,10
202605,CNU,충남대학교,09,일반인,2,8
202605,CNU,충남대학교,10,일반인,0,6
202605,CNU,충남대학교,11,일반인,0,7
202605,CNU,충남대학교,12,일반인,0,3
202605,CNU,충남대학교,13,일반인,0,5
202605,CNU,충남대학교,14,일반인,0,2
202605,CNU,충남대학교,15,일반인,12,11
202605,CNU,충남대학교,16,일반인,0,10
202605,CNU,충남대학교,18,일반인,1,2
202605,CNU,충남대학교,19,일반인,1,6
202605,CNU,충남대학교,20,일반인,0,4
202605,CNU,충남대학교,21,일반인,0,9
202605,CNU,충남대학교,22,일반인,1,5
202605,CNU,충남대학교,23,일반인,0,8
202605,CNU,충남대학교,15,어린이,0,2
202605,CNU,충남대학교,07,청소년,0,1
202605,CNU,충남대학교,09,청소년,0,1
202605,CNU,충남대학교,13,청소년,0,3
202605,CNU,충남대학교,15,청소년,0,1
202605,CNU,충남대학교,20,청소년,0,2
202605,CNU,충남대학교,21,청소년,0,2
202605,CNU,충남대학교,08,경로,3,1
202605,CNU,충남대학교,09,경로,2,0
202605,CNU,충남대학교,10,경로,0,1
202605,CNU,충남대학교,15,경로,0,1
202605,CNU,충남대학교,17,경로,0,2
202605,CNU,충남대학교,10,장애인,0,1
202605,CNU,충남대학교,06,일반인,1,148
202605,CNU,충남대학교,07,일반인,15,868
202605,CNU,충남대학교,08,일반인,38,1684
202605,CNU,충남대학교,09,일반인,0,2
202605,CNU,충남대학교,10,일반인,11,351
202605,CNU,충남대학교,11,일반인,43,1197
202605,CNU,충남대학교,12,일반인,61,1414
202605,CNU,충남대학교,13,일반인,11,399
202605,CNU,충남대학교,15,일반인,40,682
202605,CNU,충남대학교,16,일반인,102,833
202605,CNU,충남대학교,17,일반인,66,999
202605,CNU,충남대학교,19,일반인,14,299
202605,CNU,충남대학교,20,일반인,22,580
202605,CNU,충남대학교,21,일반인,26,722
202605,CNU,충남대학교,22,일반인,1,48
202605,CNU,충남대학교,08,어린이,1,1
202605,CNU,충남대학교,10,어린이,0,3
202605,CNU,충남대학교,11,어린이,0,10
202605,CNU,충남대학교,12,어린이,1,4
202605,CNU,충남대학교,15,어린이,0,7
202605,CNU,충남대학교,16,어린이,2,8
202605,CNU,충남대학교,17,어린이,1,10
202605,CNU,충남대학교,19,어린이,0,2
202605,CNU,충남대학교,21,어린이,0,2
202605,CNU,충남대학교,06,청소년,0,2
202605,CNU,충남대학교,07,청소년,1,63
202605,CNU,충남대학교,08,청소년,2,191
202605,CNU,충남대학교,10,청소년,1,45
202605,CNU,충남대학교,11,청소년,2,214
202605,CNU,충남대학교,12,청소년,8,182
202605,CNU,충남대학교,13,청소년,3,69
202605,CNU,충남대학교,15,청소년,7,82
202605,CNU,충남대학교,16,청소년,15,115
202605,CNU,충남대학교,17,청소년,17,119
202605,CNU,충남대학교,19,청소년,5,28
202605,CNU,충남대학교,20,청소년,2,87
202605,CNU,충남대학교,21,청소년,1,83
202605,CNU,충남대학교,22,청소년,0,4
202605,CNU,충남대학교,06,경로,0,2
202605,CNU,충남대학교,07,경로,0,2
202605,CNU,충남대학교,11,경로,2,6
202605,CNU,충남대학교,12,경로,0,4
202605,CNU,충남대학교,15,경로,0,13
202605,CNU,충남대학교,16,경로,0,12
202605,CNU,충남대학교,17,경로,1,4
202605,CNU,충남대학교,19,경로,0,6
202605,CNU,충남대학교,20,경로,1,2
202605,CNU,충남대학교,21,경로,0,4
202605,CNU,충남대학교,06,장애인,0,1
202605,CNU,충남대학교,10,장애인,0,1
202605,CNU,충남대학교,11,장애인,0,1
202605,CNU,충남대학교,12,장애인,0,1
202605,CNU,충남대학교,17,장애인,1,1
202605,CNU,충남대학교,11,국가유공자,0,1
202605,CNU,충남대학교,07,일반인,234,5
202605,CNU,충남대학교,08,일반인,552,33
202605,CNU,충남대학교,09,일반인,470,34
202605,CNU,충남대학교,11,일반인,289,7
202605,CNU,충남대학교,12,일반인,754,28
202605,CNU,충남대학교,13,일반인,802,37
202605,CNU,충남대학교,14,일반인,330,10
202605,CNU,충남대학교,16,일반인,1056,36
202605,CNU,충남대학교,17,일반인,1245,41
202605,CNU,충남대학교,18,일반인,1046,62
202605,CNU,충남대학교,19,일반인,16,1
202605,CNU,충남대학교,20,일반인,339,16
202605,CNU,충남대학교,21,일반인,1076,56
202605,CNU,충남대학교,22,일반인,1331,44
202605,CNU,충남대학교,23,일반인,13,0
202605,CNU,충남대학교,11,어린이,1,0
202605,CNU,충남대학교,12,어린이,4,0
202605,CNU,충남대학교,13,어린이,1,0
202605,CNU,충남대학교,14,어린이,1,0
202605,CNU,충남대학교,16,어린이,6,1
202605,CNU,충남대학교,17,어린이,1,0
202605,CNU,충남대학교,18,어린이,4,0
202605,CNU,충남대학교,21,어린이,3,0
202605,CNU,충남대학교,22,어린이,1,0
202605,CNU,충남대학교,07,청소년,4,0
202605,CNU,충남대학교,08,청소년,33,10
202605,CNU,충남대학교,09,청소년,15,0
202605,CNU,충남대학교,11,청소년,36,1
202605,CNU,충남대학교,12,청소년,77,2
202605,CNU,충남대학교,13,청소년,109,4
202605,CNU,충남대학교,14,청소년,36,1
202605,CNU,충남대학교,16,청소년,131,4
202605,CNU,충남대학교,17,청소년,144,3
202605,CNU,충남대학교,18,청소년,150,8
202605,CNU,충남대학교,19,청소년,1,0
202605,CNU,충남대학교,20,청소년,35,1
202605,CNU,충남대학교,21,청소년,119,10
202605,CNU,충남대학교,22,청소년,190,13
202605,CNU,충남대학교,23,청소년,1,0
202605,CNU,충남대학교,08,경로,1,3
202605,CNU,충남대학교,09,경로,1,3
202605,CNU,충남대학교,12,경로,5,4
202605,CNU,충남대학교,13,경로,2,1
202605,CNU,충남대학교,14,경로,2,1
202605,CNU,충남대학교,16,경로,3,1
202605,CNU,충남대학교,18,경로,2,0
202605,CNU,충남대학교,09,장애인,2,0
202605,CNU,충남대학교,16,장애인,2,0
202605,CNU,충남대학교,22,장애인,1,0
202605,CNU,충남대학교,13,국가유공자,1,0
202605,CNU,충남대학교,06,일반인,35,2
202605,CNU,충남대학교,07,일반인,41,1
202605,CNU,충남대학교,08,일반인,29,5
202605,CNU,충남대학교,09,일반인,103,4
202605,CNU,충남대학교,10,일반인,24,6
202605,CNU,충남대학교,11,일반인,47,5
202605,CNU,충남대학교,12,일반인,57,15
202605,CNU,충남대학교,13,일반인,57,12
202605,CNU,충남대학교,14,일반인,86,14
202605,CNU,충남대학교,15,일반인,132,52
202605,CNU,충남대학교,16,일반인,91,15
202605,CNU,충남대학교,17,일반인,172,90
202605,CNU,충남대학교,18,일반인,151,70
202605,CNU,충남대학교,19,일반인,113,11
202605,CNU,충남대학교,20,일반인,166,36
202605,CNU,충남대학교,21,일반인,114,17
202605,CNU,충남대학교,22,일반인,164,53
202605,CNU,충남대학교,14,어린이,1,0
202605,CNU,충남대학교,17,어린이,3,0
202605,CNU,충남대학교,20,어린이,2,0
202605,CNU,충남대학교,21,어린이,2,0
202605,CNU,충남대학교,08,청소년,0,2
202605,CNU,충남대학교,09,청소년,4,1
202605,CNU,충남대학교,10,청소년,2,1
202605,CNU,충남대학교,11,청소년,0,1
202605,CNU,충남대학교,12,청소년,4,1
202605,CNU,충남대학교,13,청소년,10,0
202605,CNU,충남대학교,14,청소년,7,1
202605,CNU,충남대학교,15,청소년,28,3
202605,CNU,충남대학교,16,청소년,15,0
202605,CNU,충남대학교,17,청소년,30,3
202605,CNU,충남대학교,18,청소년,10,2
202605,CNU,충남대학교,19,청소년,9,7
202605,CNU,충남대학교,20,청소년,30,1
202605,CNU,충남대학교,21,청소년,41,2
202605,CNU,충남대학교,22,청소년,43,0
202605,CNU,충남대학교,06,경로,38,0
202605,CNU,충남대학교,07,경로,32,0
202605,CNU,충남대학교,08,경로,3,0
202605,CNU,충남대학교,09,경로,9,0
202605,CNU,충남대학교,10,경로,3,0
202605,CNU,충남대학교,11,경로,5,0
202605,CNU,충남대학교,12,경로,9,0
202605,CNU,충남대학교,13,경로,2,0
202605,CNU,충남대학교,14,경로,7,0
202605,CNU,충남대학교,15,경로,15,0
202605,CNU,충남대학교,16,경로,2,0
202605,CNU,충남대학교,17,경로,7,1
202605,CNU,충남대학교,18,경로,2,0
202605,CNU,충남대학교,19,경로,3,2
202605,CNU,충남대학교,20,경로,4,0
202605,CNU,충남대학교,21,경로,2,0
202605,CNU,충남대학교,09,장애인,1,0
202605,CNU,충남대학교,17,장애인,2,0
202605,CNU,충남대학교,18,장애인,1,0
202605,CNU,충남대학교,20,장애인,2,0
202605,CNU,충남대학교,21,장애인,2,0
202605,CNU,충남대학교,06,국가유공자,7,0
202605,CNU,충남대학교,07,국가유공자,2,0
202605,CNU,충남대학교,12,국가유공자,1,0
202605,CNU,충남대학교,15,국가유공자,1,0
202605,CNU,충남대학교,17,국가유공자,3,0
202605,CNU,충남대학교,21,국가유공자,1,0
202605,CNU,충남대학교,06,일반인,1,15
202605,CNU,충남대학교,07,일반인,7,85
202605,CNU,충남대학교,08,일반인,38,64
202605,CNU,충남대학교,09,일반인,31,80
202605,CNU,충남대학교,10,일반인,14,42
202605,CNU,충남대학교,11,일반인,9,66
202605,CNU,충남대학교,12,일반인,13,64
202605,CNU,충남대학교,13,일반인,33,22
202605,CNU,충남대학교,14,일반인,19,27
202605,CNU,충남대학교,15,일반인,5,34
202605,CNU,충남대학교,16,일반인,4,25
202605,CNU,충남대학교,17,일반인,9,39
202605,CNU,충남대학교,18,일반인,6,30
202605,CNU,충남대학교,19,일반인,5,20
202605,CNU,충남대학교,20,일반인,6,20
202605,CNU,충남대학교,21,일반인,7,23
202605,CNU,충남대학교,22,일반인,4,11
202605,CNU,충남대학교,23,일반인,0,19
202605,CNU,충남대학교,11,어린이,0,3
202605,CNU,충남대학교,15,어린이,0,1
202605,CNU,충남대학교,16,어린이,0,1
202605,CNU,충남대학교,06,청소년,1,0
202605,CNU,충남대학교,07,청소년,0,7
202605,CNU,충남대학교,08,청소년,0,6
202605,CNU,충남대학교,09,청소년,0,1
202605,CNU,충남대학교,10,청소년,0,4
202605,CNU,충남대학교,11,청소년,0,20
202605,CNU,충남대학교,12,청소년,0,11
202605,CNU,충남대학교,13,청소년,1,2
202605,CNU,충남대학교,14,청소년,0,5
202605,CNU,충남대학교,15,청소년,0,3
202605,CNU,충남대학교,16,청소년,2,8
202605,CNU,충남대학교,17,청소년,0,6
202605,CNU,충남대학교,18,청소년,0,10
202605,CNU,충남대학교,19,청소년,1,0
202605,CNU,충남대학교,20,청소년,0,2
202605,CNU,충남대학교,21,청소년,0,2
202605,CNU,충남대학교,22,청소년,1,0
202605,CNU,충남대학교,08,경로,0,1
202605,CNU,충남대학교,09,경로,0,3
202605,CNU,충남대학교,10,경로,0,5
202605,CNU,충남대학교,11,경로,1,4
202605,CNU,충남대학교,12,경로,0,1
202605,CNU,충남대학교,14,경로,0,3
202605,CNU,충남대학교,15,경로,0,1
202605,CNU,충남대학교,17,경로,0,3
202605,CNU,충남대학교,18,경로,0,1
202605,CNU,충남대학교,22,경로,0,1
202605,CNU,충남대학교,13,장애인,0,1
202605,CNU,충남대학교,14,장애인,0,1
202605,CNU,충남대학교,15,장애인,0,1
202605,CNU,충남대학교,06,국가유공자,0,2
202605,CNU,충남대학교,07,국가유공자,0,1
202605,CNU,충남대학교,15,국가유공자,0,3
202605,CNU,충남대학교,17,국가유공자,0,2
202605,KIGAM,한국지질자원연구원,06,일반인,0,46
202605,KIGAM,한국지질자원연구원,07,일반인,0,104
202605,KIGAM,한국지질자원연구원,08,일반인,7,322
202605,KIGAM,한국지질자원연구원,09,일반인,6,427
202605,KIGAM,한국지질자원연구원,10,일반인,1,112
202605,KIGAM,한국지질자원연구원,11,일반인,19,54
202605,KIGAM,한국지질자원연구원,12,일반인,7,107
202605,KIGAM,한국지질자원연구원,13,일반인,13,101
202605,KIGAM,한국지질자원연구원,14,일반인,9,74
202605,KIGAM,한국지질자원연구원,15,일반인,19,71
202605,KIGAM,한국지질자원연구원,16,일반인,33,73
202605,KIGAM,한국지질자원연구원,17,일반인,40,54
202605,KIGAM,한국지질자원연구원,18,일반인,69,60
202605,KIGAM,한국지질자원연구원,19,일반인,32,54
202605,KIGAM,한국지질자원연구원,20,일반인,19,63
202605,KIGAM,한국지질자원연구원,21,일반인,18,73
202605,KIGAM,한국지질자원연구원,22,일반인,22,64
202605,KIGAM,한국지질자원연구원,23,일반인,10,30
202605,KIGAM,한국지질자원연구원,09,어린이,0,1
202605,KIGAM,한국지질자원연구원,10,어린이,0,1
202605,KIGAM,한국지질자원연구원,12,어린이,0,2
202605,KIGAM,한국지질자원연구원,13,어린이,1,1
202605,KIGAM,한국지질자원연구원,14,어린이,0,1
202605,KIGAM,한국지질자원연구원,15,어린이,0,2
202605,KIGAM,한국지질자원연구원,17,어린이,0,1
202605,KIGAM,한국지질자원연구원,18,어린이,0,1
202605,KIGAM,한국지질자원연구원,07,청소년,0,2
202605,KIGAM,한국지질자원연구원,08,청소년,0,1
202605,KIGAM,한국지질자원연구원,09,청소년,0,9
202605,KIGAM,한국지질자원연구원,10,청소년,0,3
202605,KIGAM,한국지질자원연구원,11,청소년,0,1
202605,KIGAM,한국지질자원연구원,12,청소년,0,6
202605,KIGAM,한국지질자원연구원,13,청소년,31,14
202605,KIGAM,한국지질자원연구원,14,청소년,0,2
202605,KIGAM,한국지질자원연구원,15,청소년,3,8
202605,KIGAM,한국지질자원연구원,16,청소년,0,19
202605,KIGAM,한국지질자원연구원,17,청소년,1,10
202605,KIGAM,한국지질자원연구원,18,청소년,1,9
202605,KIGAM,한국지질자원연구원,19,청소년,3,4
202605,KIGAM,한국지질자원연구원,20,청소년,0,9
202605,KIGAM,한국지질자원연구원,21,청소년,1,13
202605,KIGAM,한국지질자원연구원,22,청소년,0,7
202605,KIGAM,한국지질자원연구원,23,청소년,0,7
202605,KIGAM,한국지질자원연구원,06,경로,0,2
202605,KIGAM,한국지질자원연구원,07,경로,0,1
202605,KIGAM,한국지질자원연구원,09,경로,1,8
202605,KIGAM,한국지질자원연구원,10,경로,0,10
202605,KIGAM,한국지질자원연구원,11,경로,1,1
202605,KIGAM,한국지질자원연구원,12,경로,0,5
202605,KIGAM,한국지질자원연구원,13,경로,0,4
202605,KIGAM,한국지질자원연구원,14,경로,20,2
202605,KIGAM,한국지질자원연구원,15,경로,5,1
202605,KIGAM,한국지질자원연구원,16,경로,0,2
202605,KIGAM,한국지질자원연구원,18,경로,0,3
202605,KIGAM,한국지질자원연구원,20,경로,0,1
202605,KIGAM,한국지질자원연구원,23,경로,1,0
202605,KIGAM,한국지질자원연구원,09,국가유공자,0,2
202605,KIGAM,한국지질자원연구원,10,국가유공자,0,1
202605,KRIBB,한국생명공학연구원,06,일반인,19,12
202605,KRIBB,한국생명공학연구원,07,일반인,6,12
202605,KRIBB,한국생명공학연구원,08,일반인,7,88
202605,KRIBB,한국생명공학연구원,09,일반인,37,137
202605,KRIBB,한국생명공학연구원,10,일반인,38,18
202605,KRIBB,한국생명공학연구원,11,일반인,77,5
202605,KRIBB,한국생명공학연구원,12,일반인,74,15
202605,KRIBB,한국생명공학연구원,13,일반인,53,13
202605,KRIBB,한국생명공학연구원,14,일반인,108,5
202605,KRIBB,한국생명공학연구원,15,일반인,143,6
202605,KRIBB,한국생명공학연구원,16,일반인,215,6
202605,KRIBB,한국생명공학연구원,17,일반인,339,5
202605,KRIBB,한국생명공학연구원,18,일반인,257,16
202605,KRIBB,한국생명공학연구원,19,일반인,168,2
202605,KRIBB,한국생명공학연구원,20,일반인,135,3
202605,KRIBB,한국생명공학연구원,21,일반인,67,2
202605,KRIBB,한국생명공학연구원,22,일반인,67,2
202605,KRIBB,한국생명공학연구원,11,어린이,1,0
202605,KRIBB,한국생명공학연구원,12,어린이,1,0
202605,KRIBB,한국생명공학연구원,13,어린이,1,0
202605,KRIBB,한국생명공학연구원,14,어린이,1,0
202605,KRIBB,한국생명공학연구원,15,어린이,2,0
202605,KRIBB,한국생명공학연구원,16,어린이,1,0
202605,KRIBB,한국생명공학연구원,17,어린이,4,0
202605,KRIBB,한국생명공학연구원,08,청소년,1,2
202605,KRIBB,한국생명공학연구원,09,청소년,2,6
202605,KRIBB,한국생명공학연구원,10,청소년,5,0
202605,KRIBB,한국생명공학연구원,11,청소년,2,0
202605,KRIBB,한국생명공학연구원,12,청소년,3,0
202605,KRIBB,한국생명공학연구원,13,청소년,1,0
202605,KRIBB,한국생명공학연구원,14,청소년,10,0
202605,KRIBB,한국생명공학연구원,15,청소년,19,0
202605,KRIBB,한국생명공학연구원,16,청소년,8,0
202605,KRIBB,한국생명공학연구원,17,청소년,1,0
202605,KRIBB,한국생명공학연구원,18,청소년,7,0
202605,KRIBB,한국생명공학연구원,19,청소년,5,0
202605,KRIBB,한국생명공학연구원,20,청소년,1,0
202605,KRIBB,한국생명공학연구원,21,청소년,2,0
202605,KRIBB,한국생명공학연구원,06,경로,0,3
202605,KRIBB,한국생명공학연구원,07,경로,2,0
202605,KRIBB,한국생명공학연구원,08,경로,0,2
202605,KRIBB,한국생명공학연구원,10,경로,1,1
202605,KRIBB,한국생명공학연구원,11,경로,1,0
202605,KRIBB,한국생명공학연구원,12,경로,1,0
202605,KRIBB,한국생명공학연구원,13,경로,1,1
202605,KRIBB,한국생명공학연구원,14,경로,9,0
202605,KRIBB,한국생명공학연구원,15,경로,4,0
202605,KRIBB,한국생명공학연구원,16,경로,3,0
202605,KRIBB,한국생명공학연구원,17,경로,5,0
202605,KRIBB,한국생명공학연구원,10,국가유공자,1,0
202605,KRIBB,한국생명공학연구원,17,국가유공자,1,0
202605,KIGAM,한국지질자원연구원,08,일반인,1,0
202605,KIGAM,한국지질자원연구원,11,일반인,14,0
202605,KIGAM,한국지질자원연구원,12,일반인,4,0
202605,KIGAM,한국지질자원연구원,13,일반인,1,0
202605,KIGAM,한국지질자원연구원,14,일반인,2,0
202605,KIGAM,한국지질자원연구원,15,일반인,4,0
202605,KIGAM,한국지질자원연구원,16,일반인,14,1
202605,KIGAM,한국지질자원연구원,17,일반인,3,0
202605,KIGAM,한국지질자원연구원,18,일반인,42,1
202605,KIGAM,한국지질자원연구원,19,일반인,12,0
202605,KIGAM,한국지질자원연구원,20,일반인,26,0
202605,KIGAM,한국지질자원연구원,21,일반인,3,0
202605,KIGAM,한국지질자원연구원,22,일반인,5,0
202605,KIGAM,한국지질자원연구원,16,경로,4,0
202605,KINS,원자력안전기술원,06,일반인,3,264
202605,KINS,원자력안전기술원,07,일반인,2,234
202605,KINS,원자력안전기술원,08,일반인,18,654
202605,KINS,원자력안전기술원,09,일반인,6,555
202605,KINS,원자력안전기술원,10,일반인,7,223
202605,KINS,원자력안전기술원,11,일반인,16,207
202605,KINS,원자력안전기술원,12,일반인,17,238
202605,KINS,원자력안전기술원,13,일반인,15,269
202605,KINS,원자력안전기술원,14,일반인,31,164
202605,KINS,원자력안전기술원,15,일반인,24,183
202605,KINS,원자력안전기술원,16,일반인,49,189
202605,KINS,원자력안전기술원,17,일반인,89,204
202605,KINS,원자력안전기술원,18,일반인,104,161
202605,KINS,원자력안전기술원,19,일반인,56,182
202605,KINS,원자력안전기술원,20,일반인,52,131
202605,KINS,원자력안전기술원,21,일반인,66,130
202605,KINS,원자력안전기술원,22,일반인,43,113
202605,KINS,원자력안전기술원,23,일반인,49,32
202605,KINS,원자력안전기술원,08,어린이,0,1
202605,KINS,원자력안전기술원,09,어린이,0,5
202605,KINS,원자력안전기술원,10,어린이,0,2
202605,KINS,원자력안전기술원,11,어린이,1,3
202605,KINS,원자력안전기술원,12,어린이,0,3
202605,KINS,원자력안전기술원,13,어린이,0,3
202605,KINS,원자력안전기술원,14,어린이,0,1
202605,KINS,원자력안전기술원,15,어린이,0,3
202605,KINS,원자력안전기술원,17,어린이,0,1
202605,KINS,원자력안전기술원,18,어린이,0,4
202605,KINS,원자력안전기술원,19,어린이,0,2
202605,KINS,원자력안전기술원,06,청소년,0,1
202605,KINS,원자력안전기술원,08,청소년,0,10
202605,KINS,원자력안전기술원,09,청소년,0,39
202605,KINS,원자력안전기술원,10,청소년,0,5
202605,KINS,원자력안전기술원,11,청소년,0,11
202605,KINS,원자력안전기술원,12,청소년,0,17
202605,KINS,원자력안전기술원,13,청소년,10,13
202605,KINS,원자력안전기술원,14,청소년,0,8
202605,KINS,원자력안전기술원,15,청소년,3,16
202605,KINS,원자력안전기술원,16,청소년,16,17
202605,KINS,원자력안전기술원,17,청소년,2,25
202605,KINS,원자력안전기술원,18,청소년,0,37
202605,KINS,원자력안전기술원,19,청소년,2,43
202605,KINS,원자력안전기술원,20,청소년,0,27
202605,KINS,원자력안전기술원,21,청소년,1,20
202605,KINS,원자력안전기술원,22,청소년,0,15
202605,KINS,원자력안전기술원,23,청소년,0,15
202605,KINS,원자력안전기술원,06,경로,0,1
202605,KINS,원자력안전기술원,07,경로,0,2
202605,KINS,원자력안전기술원,08,경로,0,1
202605,KINS,원자력안전기술원,09,경로,0,4
202605,KINS,원자력안전기술원,10,경로,0,1
202605,KINS,원자력안전기술원,11,경로,0,4
202605,KINS,원자력안전기술원,12,경로,0,7
202605,KINS,원자력안전기술원,13,경로,1,4
202605,KINS,원자력안전기술원,14,경로,1,2
202605,KINS,원자력안전기술원,15,경로,0,4
202605,KINS,원자력안전기술원,17,경로,0,1
202605,KINS,원자력안전기술원,18,경로,2,2
202605,KINS,원자력안전기술원,19,경로,0,1
202605,KINS,원자력안전기술원,20,경로,2,0
202605,KINS,원자력안전기술원,06,국가유공자,0,8
202605,KINS,원자력안전기술원,12,국가유공자,0,1
202605,KINS,원자력안전기술원,17,국가유공자,0,4
202605,KINS,원자력안전기술원,08,일반인,2,0
202605,KINS,원자력안전기술원,09,일반인,3,0
202605,KINS,원자력안전기술원,10,일반인,8,1
202605,KINS,원자력안전기술원,11,일반인,6,0
202605,KINS,원자력안전기술원,12,일반인,2,2
202605,KINS,원자력안전기술원,13,일반인,1,1
202605,KINS,원자력안전기술원,14,일반인,2,0
202605,KINS,원자력안전기술원,15,일반인,3,0
202605,KINS,원자력안전기술원,16,일반인,11,1
202605,KINS,원자력안전기술원,17,일반인,9,0
202605,KINS,원자력안전기술원,18,일반인,71,45
202605,KINS,원자력안전기술원,19,일반인,10,1
202605,KINS,원자력안전기술원,20,일반인,1,0
202605,KINS,원자력안전기술원,22,일반인,3,0
202605,KINS,원자력안전기술원,12,청소년,1,0
202605,KINS,원자력안전기술원,18,청소년,1,1
202605,KINS,원자력안전기술원,13,경로,0,1
202605,KINS,원자력안전기술원,18,경로,1,1
202605,KINS,원자력안전기술원,13,장애인,0,1
202605,KAIST,한국과학기술원본관,06,일반인,5,7
202605,KAIST,한국과학기술원본관,07,일반인,11,18
202605,KAIST,한국과학기술원본관,08,일반인,9,14
202605,KAIST,한국과학기술원본관,09,일반인,18,7
202605,KAIST,한국과학기술원본관,10,일반인,24,2
202605,KAIST,한국과학기술원본관,11,일반인,20,3
202605,KAIST,한국과학기술원본관,12,일반인,47,9
202605,KAIST,한국과학기술원본관,13,일반인,23,10
202605,KAIST,한국과학기술원본관,14,일반인,87,8
202605,KAIST,한국과학기술원본관,15,일반인,52,5
202605,KAIST,한국과학기술원본관,16,일반인,60,5
202605,KAIST,한국과학기술원본관,17,일반인,102,7
202605,KAIST,한국과학기술원본관,18,일반인,186,10
202605,KAIST,한국과학기술원본관,19,일반인,106,11
202605,KAIST,한국과학기술원본관,20,일반인,64,2
202605,KAIST,한국과학기술원본관,21,일반인,136,5
202605,KAIST,한국과학기술원본관,22,일반인,63,1
202605,KAIST,한국과학기술원본관,13,어린이,0,1
202605,KAIST,한국과학기술원본관,07,청소년,1,0
202605,KAIST,한국과학기술원본관,08,청소년,8,0
202605,KAIST,한국과학기술원본관,09,청소년,3,0
202605,KAIST,한국과학기술원본관,10,청소년,4,0
202605,KAIST,한국과학기술원본관,11,청소년,3,0
202605,KAIST,한국과학기술원본관,12,청소년,7,0
202605,KAIST,한국과학기술원본관,13,청소년,8,0
202605,KAIST,한국과학기술원본관,14,청소년,7,0
202605,KAIST,한국과학기술원본관,15,청소년,1,0
202605,KAIST,한국과학기술원본관,16,청소년,4,0
202605,KAIST,한국과학기술원본관,17,청소년,2,0
202605,KAIST,한국과학기술원본관,18,청소년,7,0
202605,KAIST,한국과학기술원본관,19,청소년,5,0
202605,KAIST,한국과학기술원본관,21,청소년,13,0
202605,KAIST,한국과학기술원본관,07,경로,1,0
202605,KAIST,한국과학기술원본관,15,경로,2,4
202605,KAIST,한국과학기술원본관,06,일반인,0,4
202605,KAIST,한국과학기술원본관,07,일반인,0,18
202605,KAIST,한국과학기술원본관,08,일반인,0,29
202605,KAIST,한국과학기술원본관,09,일반인,0,101
202605,KAIST,한국과학기술원본관,10,일반인,1,34
202605,KAIST,한국과학기술원본관,11,일반인,0,50
202605,KAIST,한국과학기술원본관,12,일반인,1,63
202605,KAIST,한국과학기술원본관,13,일반인,0,37
202605,KAIST,한국과학기술원본관,14,일반인,0,36
202605,KAIST,한국과학기술원본관,15,일반인,0,12
202605,KAIST,한국과학기술원본관,16,일반인,0,22
202605,KAIST,한국과학기술원본관,17,일반인,1,34
202605,KAIST,한국과학기술원본관,18,일반인,0,30
202605,KAIST,한국과학기술원본관,19,일반인,0,54
202605,KAIST,한국과학기술원본관,20,일반인,0,22
202605,KAIST,한국과학기술원본관,21,일반인,2,46
202605,KAIST,한국과학기술원본관,22,일반인,2,14
202605,KAIST,한국과학기술원본관,23,일반인,1,0
202605,KAIST,한국과학기술원본관,07,청소년,0,1
202605,KAIST,한국과학기술원본관,08,청소년,0,1
202605,KAIST,한국과학기술원본관,09,청소년,0,1
202605,KAIST,한국과학기술원본관,10,청소년,0,1
202605,KAIST,한국과학기술원본관,11,청소년,0,1
202605,KAIST,한국과학기술원본관,14,청소년,0,1
202605,KAIST,한국과학기술원본관,15,청소년,0,1
202605,KAIST,한국과학기술원본관,17,청소년,0,6
202605,KAIST,한국과학기술원본관,18,청소년,0,1
202605,KAIST,한국과학기술원본관,19,청소년,0,18
202605,KAIST,한국과학기술원본관,20,청소년,0,1
202605,KAIST,한국과학기술원본관,21,청소년,0,3
202605,KAIST,한국과학기술원본관,22,청소년,0,1
202605,KAIST,한국과학기술원본관,18,경로,0,1
202605,KINS,원자력안전기술원,11,일반인,0,3
202605,KINS,원자력안전기술원,16,일반인,0,2
202605,KINS,원자력안전기술원,12,청소년,0,1
202605,KIER,한국에너지기술연구원,06,일반인,0,10
202605,KIER,한국에너지기술연구원,07,일반인,0,94
202605,KIER,한국에너지기술연구원,08,일반인,1,181
202605,KIER,한국에너지기술연구원,09,일반인,0,147
202605,KIER,한국에너지기술연구원,10,일반인,1,34
202605,KIER,한국에너지기술연구원,11,일반인,0,32
202605,KIER,한국에너지기술연구원,12,일반인,0,22
202605,KIER,한국에너지기술연구원,13,일반인,0,14
202605,KIER,한국에너지기술연구원,14,일반인,0,13
202605,KIER,한국에너지기술연구원,15,일반인,0,6
202605,KIER,한국에너지기술연구원,16,일반인,1,16
202605,KIER,한국에너지기술연구원,17,일반인,0,9
202605,KIER,한국에너지기술연구원,18,일반인,0,11
202605,KIER,한국에너지기술연구원,19,일반인,0,8
202605,KIER,한국에너지기술연구원,20,일반인,0,9
202605,KIER,한국에너지기술연구원,21,일반인,0,6
202605,KIER,한국에너지기술연구원,23,일반인,0,2
202605,KIER,한국에너지기술연구원,14,어린이,0,1
202605,KIER,한국에너지기술연구원,19,어린이,0,3
202605,KIER,한국에너지기술연구원,09,청소년,0,2
202605,KIER,한국에너지기술연구원,10,청소년,0,1
202605,KIER,한국에너지기술연구원,13,청소년,0,2
202605,KIER,한국에너지기술연구원,14,청소년,0,1
202605,KIER,한국에너지기술연구원,15,청소년,0,1
202605,KIER,한국에너지기술연구원,16,청소년,0,1
202605,KIER,한국에너지기술연구원,17,청소년,0,1
202605,KIER,한국에너지기술연구원,18,청소년,0,2
202605,KIER,한국에너지기술연구원,19,청소년,0,6
202605,KIER,한국에너지기술연구원,20,청소년,0,6
202605,KIER,한국에너지기술연구원,21,청소년,0,1
202605,KIER,한국에너지기술연구원,10,경로,0,2
202605,KIER,한국에너지기술연구원,11,경로,0,1
202605,KIER,한국에너지기술연구원,12,경로,0,2
202605,KIER,한국에너지기술연구원,13,경로,0,1
202605,KIER,한국에너지기술연구원,14,경로,0,3
202605,KIER,한국에너지기술연구원,15,경로,0,1
202605,KIER,한국에너지기술연구원,16,경로,0,1
202605,KARI,한국항공우주연구원,06,일반인,0,71
202605,KARI,한국항공우주연구원,07,일반인,1,234
202605,KARI,한국항공우주연구원,08,일반인,1,221
202605,KARI,한국항공우주연구원,09,일반인,3,276
202605,KARI,한국항공우주연구원,10,일반인,1,93
202605,KARI,한국항공우주연구원,11,일반인,16,40
202605,KARI,한국항공우주연구원,12,일반인,6,77
202605,KARI,한국항공우주연구원,13,일반인,5,83
202605,KARI,한국항공우주연구원,14,일반인,9,76
202605,KARI,한국항공우주연구원,15,일반인,16,82
202605,KARI,한국항공우주연구원,16,일반인,19,80
202605,KARI,한국항공우주연구원,17,일반인,20,69
202605,KARI,한국항공우주연구원,18,일반인,45,108
202605,KARI,한국항공우주연구원,19,일반인,29,76
202605,KARI,한국항공우주연구원,20,일반인,13,102
202605,KARI,한국항공우주연구원,21,일반인,18,104
202605,KARI,한국항공우주연구원,22,일반인,8,129
202605,KARI,한국항공우주연구원,23,일반인,3,51
202605,KARI,한국항공우주연구원,12,어린이,0,1
202605,KARI,한국항공우주연구원,17,어린이,0,1
202605,KARI,한국항공우주연구원,21,어린이,2,0
202605,KARI,한국항공우주연구원,09,청소년,0,1
202605,KARI,한국항공우주연구원,10,청소년,0,1
202605,KARI,한국항공우주연구원,11,청소년,0,2
202605,KARI,한국항공우주연구원,12,청소년,0,2
202605,KARI,한국항공우주연구원,13,청소년,0,9
202605,KARI,한국항공우주연구원,15,청소년,0,1
202605,KARI,한국항공우주연구원,16,청소년,0,1
202605,KARI,한국항공우주연구원,17,청소년,0,2
202605,KARI,한국항공우주연구원,18,청소년,0,4
202605,KARI,한국항공우주연구원,19,청소년,0,2
202605,KARI,한국항공우주연구원,20,청소년,0,10
202605,KARI,한국항공우주연구원,21,청소년,0,2
202605,KARI,한국항공우주연구원,22,청소년,0,6
202605,KARI,한국항공우주연구원,23,청소년,0,1
202605,KARI,한국항공우주연구원,08,경로,4,0
202605,KARI,한국항공우주연구원,10,경로,0,3
202605,KARI,한국항공우주연구원,11,경로,0,5
202605,KARI,한국항공우주연구원,12,경로,0,4
202605,KARI,한국항공우주연구원,13,경로,0,3
202605,KARI,한국항공우주연구원,14,경로,1,2
202605,KARI,한국항공우주연구원,15,경로,0,1
202605,KARI,한국항공우주연구원,16,경로,0,10
202605,KARI,한국항공우주연구원,17,경로,0,3
202605,KARI,한국항공우주연구원,19,경로,0,1
202605,KARI,한국항공우주연구원,20,경로,0,1
202605,KARI,한국항공우주연구원,06,국가유공자,1,0
202605,KARI,한국항공우주연구원,09,국가유공자,0,1
202605,KIER,한국에너지기술연구원,06,일반인,1,60
202605,KIER,한국에너지기술연구원,07,일반인,2,106
202605,KIER,한국에너지기술연구원,08,일반인,1,339
202605,KIER,한국에너지기술연구원,09,일반인,0,260
202605,KIER,한국에너지기술연구원,10,일반인,0,39
202605,KIER,한국에너지기술연구원,11,일반인,4,54
202605,KIER,한국에너지기술연구원,12,일반인,1,49
202605,KIER,한국에너지기술연구원,13,일반인,2,61
202605,KIER,한국에너지기술연구원,14,일반인,1,55
202605,KIER,한국에너지기술연구원,15,일반인,1,75
202605,KIER,한국에너지기술연구원,16,일반인,7,104
202605,KIER,한국에너지기술연구원,17,일반인,1,81
202605,KIER,한국에너지기술연구원,18,일반인,12,78
202605,KIER,한국에너지기술연구원,19,일반인,0,45
202605,KIER,한국에너지기술연구원,20,일반인,0,69
202605,KIER,한국에너지기술연구원,21,일반인,2,48
202605,KIER,한국에너지기술연구원,22,일반인,0,41
202605,KIER,한국에너지기술연구원,23,일반인,0,11
202605,KIER,한국에너지기술연구원,15,어린이,0,2
202605,KIER,한국에너지기술연구원,16,어린이,0,1
202605,KIER,한국에너지기술연구원,18,어린이,0,3
202605,KIER,한국에너지기술연구원,07,청소년,0,1
202605,KIER,한국에너지기술연구원,11,청소년,0,1
202605,KIER,한국에너지기술연구원,13,청소년,0,13
202605,KIER,한국에너지기술연구원,14,청소년,0,4
202605,KIER,한국에너지기술연구원,15,청소년,0,2
202605,KIER,한국에너지기술연구원,16,청소년,1,11
202605,KIER,한국에너지기술연구원,17,청소년,0,12
202605,KIER,한국에너지기술연구원,18,청소년,0,7
202605,KIER,한국에너지기술연구원,19,청소년,0,7
202605,KIER,한국에너지기술연구원,20,청소년,0,22
202605,KIER,한국에너지기술연구원,21,청소년,0,21
202605,KIER,한국에너지기술연구원,22,청소년,0,15
202605,KIER,한국에너지기술연구원,06,경로,0,1
202605,KIER,한국에너지기술연구원,07,경로,0,5
202605,KIER,한국에너지기술연구원,08,경로,0,10
202605,KIER,한국에너지기술연구원,09,경로,0,2
202605,KIER,한국에너지기술연구원,10,경로,0,2
202605,KIER,한국에너지기술연구원,11,경로,0,2
202605,KIER,한국에너지기술연구원,12,경로,0,7
202605,KIER,한국에너지기술연구원,13,경로,0,4
202605,KIER,한국에너지기술연구원,14,경로,0,6
202605,KIER,한국에너지기술연구원,15,경로,1,0
202605,KIER,한국에너지기술연구원,18,경로,0,1
202605,KIER,한국에너지기술연구원,19,경로,0,2
202605,KIER,한국에너지기술연구원,20,경로,0,1
202605,KIER,한국에너지기술연구원,21,경로,0,1
202605,KIER,한국에너지기술연구원,22,경로,0,1
202605,KIER,한국에너지기술연구원,07,장애인,0,5
202605,KIER,한국에너지기술연구원,08,장애인,0,4
202605,KIER,한국에너지기술연구원,06,국가유공자,0,1
202605,KIER,한국에너지기술연구원,07,국가유공자,0,6
202605,KARI,한국항공우주연구원,05,일반인,1,2
202605,KARI,한국항공우주연구원,06,일반인,27,24
202605,KARI,한국항공우주연구원,07,일반인,15,24
202605,KARI,한국항공우주연구원,08,일반인,35,80
202605,KARI,한국항공우주연구원,09,일반인,51,168
202605,KARI,한국항공우주연구원,10,일반인,89,18
202605,KARI,한국항공우주연구원,11,일반인,81,12
202605,KARI,한국항공우주연구원,12,일반인,113,10
202605,KARI,한국항공우주연구원,13,일반인,94,17
202605,KARI,한국항공우주연구원,14,일반인,153,4
202605,KARI,한국항공우주연구원,15,일반인,194,12
202605,KARI,한국항공우주연구원,16,일반인,256,9
202605,KARI,한국항공우주연구원,17,일반인,479,11
202605,KARI,한국항공우주연구원,18,일반인,451,10
202605,KARI,한국항공우주연구원,19,일반인,306,5
202605,KARI,한국항공우주연구원,20,일반인,146,22
202605,KARI,한국항공우주연구원,21,일반인,60,2
202605,KARI,한국항공우주연구원,22,일반인,50,2
202605,KARI,한국항공우주연구원,05,청소년,1,0
202605,KARI,한국항공우주연구원,06,청소년,3,0
202605,KARI,한국항공우주연구원,07,청소년,1,0
202605,KARI,한국항공우주연구원,08,청소년,2,1
202605,KARI,한국항공우주연구원,09,청소년,2,1
202605,KARI,한국항공우주연구원,10,청소년,2,0
202605,KARI,한국항공우주연구원,11,청소년,3,0
202605,KARI,한국항공우주연구원,12,청소년,3,0
202605,KARI,한국항공우주연구원,13,청소년,2,0
202605,KARI,한국항공우주연구원,14,청소년,1,0
202605,KARI,한국항공우주연구원,15,청소년,4,0
202605,KARI,한국항공우주연구원,16,청소년,5,1
202605,KARI,한국항공우주연구원,17,청소년,6,0
202605,KARI,한국항공우주연구원,18,청소년,4,0
202605,KARI,한국항공우주연구원,19,청소년,2,0
202605,KARI,한국항공우주연구원,20,청소년,1,0
202605,KARI,한국항공우주연구원,21,청소년,1,0
202605,KARI,한국항공우주연구원,06,경로,0,5
202605,KARI,한국항공우주연구원,07,경로,0,1
202605,KARI,한국항공우주연구원,08,경로,0,1
202605,KARI,한국항공우주연구원,10,경로,1,0
202605,KARI,한국항공우주연구원,13,경로,2,0
202605,KARI,한국항공우주연구원,15,경로,3,0
202605,KARI,한국항공우주연구원,16,경로,3,0
202605,KARI,한국항공우주연구원,16,장애인,1,0
202605,KARI,한국항공우주연구원,16,국가유공자,1,0
202605,KARI,한국항공우주연구원,18,국가유공자,4,0
202605,KIER,한국에너지기술연구원,05,일반인,2,0
202605,KIER,한국에너지기술연구원,06,일반인,6,1
202605,KIER,한국에너지기술연구원,07,일반인,10,6
202605,KIER,한국에너지기술연구원,08,일반인,22,6
202605,KIER,한국에너지기술연구원,09,일반인,19,2
202605,KIER,한국에너지기술연구원,10,일반인,17,2
202605,KIER,한국에너지기술연구원,11,일반인,16,1
202605,KIER,한국에너지기술연구원,12,일반인,34,0
202605,KIER,한국에너지기술연구원,13,일반인,22,2
202605,KIER,한국에너지기술연구원,14,일반인,38,0
202605,KIER,한국에너지기술연구원,15,일반인,45,1
202605,KIER,한국에너지기술연구원,16,일반인,86,1
202605,KIER,한국에너지기술연구원,17,일반인,132,0
202605,KIER,한국에너지기술연구원,18,일반인,92,0
202605,KIER,한국에너지기술연구원,19,일반인,51,0
202605,KIER,한국에너지기술연구원,20,일반인,23,2
202605,KIER,한국에너지기술연구원,21,일반인,46,0
202605,KIER,한국에너지기술연구원,22,일반인,9,0
202605,KIER,한국에너지기술연구원,14,어린이,2,0
202605,KIER,한국에너지기술연구원,08,청소년,2,0
202605,KIER,한국에너지기술연구원,09,청소년,0,2
202605,KIER,한국에너지기술연구원,10,청소년,1,0
202605,KIER,한국에너지기술연구원,12,청소년,3,0
202605,KIER,한국에너지기술연구원,13,청소년,3,0
202605,KIER,한국에너지기술연구원,14,청소년,1,0
202605,KIER,한국에너지기술연구원,15,청소년,2,0
202605,KIER,한국에너지기술연구원,16,청소년,1,0
202605,KIER,한국에너지기술연구원,17,청소년,3,0
202605,KIER,한국에너지기술연구원,18,청소년,1,0
202605,KIER,한국에너지기술연구원,19,청소년,3,0
202605,KIER,한국에너지기술연구원,20,청소년,2,0
202605,KIER,한국에너지기술연구원,21,청소년,1,0
202605,KIER,한국에너지기술연구원,22,청소년,0,1
202605,KIER,한국에너지기술연구원,06,경로,0,1
202605,KIER,한국에너지기술연구원,07,경로,6,0
202605,KIER,한국에너지기술연구원,08,경로,4,0
202605,KIER,한국에너지기술연구원,09,경로,3,0
202605,KIER,한국에너지기술연구원,10,경로,3,0
202605,KIER,한국에너지기술연구원,11,경로,4,0
202605,KIER,한국에너지기술연구원,12,경로,4,0
202605,KIER,한국에너지기술연구원,13,경로,2,0
202605,KIER,한국에너지기술연구원,14,경로,9,0
202605,KIER,한국에너지기술연구원,15,경로,2,0
202605,KIER,한국에너지기술연구원,16,경로,2,0
202605,KIER,한국에너지기술연구원,17,경로,5,0
202605,KIER,한국에너지기술연구원,18,경로,1,0
202605,KIER,한국에너지기술연구원,19,경로,1,0
202605,KIER,한국에너지기술연구원,22,경로,2,0
202605,KIER,한국에너지기술연구원,05,일반인,0,1
202605,KIER,한국에너지기술연구원,06,일반인,5,31
202605,KIER,한국에너지기술연구원,07,일반인,8,26
202605,KIER,한국에너지기술연구원,08,일반인,6,241
202605,KIER,한국에너지기술연구원,09,일반인,9,141
202605,KIER,한국에너지기술연구원,10,일반인,5,33
202605,KIER,한국에너지기술연구원,11,일반인,7,25
202605,KIER,한국에너지기술연구원,12,일반인,8,32
202605,KIER,한국에너지기술연구원,13,일반인,10,33
202605,KIER,한국에너지기술연구원,14,일반인,18,15
202605,KIER,한국에너지기술연구원,15,일반인,12,15
202605,KIER,한국에너지기술연구원,16,일반인,14,21
202605,KIER,한국에너지기술연구원,17,일반인,19,14
202605,KIER,한국에너지기술연구원,18,일반인,28,18
202605,KIER,한국에너지기술연구원,19,일반인,13,14
202605,KIER,한국에너지기술연구원,20,일반인,26,7
202605,KIER,한국에너지기술연구원,21,일반인,18,6
202605,KIER,한국에너지기술연구원,22,일반인,18,24
202605,KIER,한국에너지기술연구원,13,어린이,0,1
202605,KIER,한국에너지기술연구원,15,어린이,1,0
202605,KIER,한국에너지기술연구원,16,어린이,3,0
202605,KIER,한국에너지기술연구원,18,어린이,3,0
202605,KIER,한국에너지기술연구원,07,청소년,1,0
202605,KIER,한국에너지기술연구원,10,청소년,2,0
202605,KIER,한국에너지기술연구원,11,청소년,1,4
202605,KIER,한국에너지기술연구원,12,청소년,0,1
202605,KIER,한국에너지기술연구원,13,청소년,1,0
202605,KIER,한국에너지기술연구원,14,청소년,2,1
202605,KIER,한국에너지기술연구원,15,청소년,1,2
202605,KIER,한국에너지기술연구원,16,청소년,3,0
202605,KIER,한국에너지기술연구원,17,청소년,11,0
202605,KIER,한국에너지기술연구원,18,청소년,5,2
202605,KIER,한국에너지기술연구원,19,청소년,7,2
202605,KIER,한국에너지기술연구원,20,청소년,11,0
202605,KIER,한국에너지기술연구원,21,청소년,25,0
202605,KIER,한국에너지기술연구원,22,청소년,15,0
202605,KIER,한국에너지기술연구원,06,경로,1,0
202605,KIER,한국에너지기술연구원,07,경로,0,5
202605,KIER,한국에너지기술연구원,09,경로,0,3
202605,KIER,한국에너지기술연구원,10,경로,0,2
202605,KIER,한국에너지기술연구원,12,경로,0,1
202605,KIER,한국에너지기술연구원,15,경로,0,3
202605,KIER,한국에너지기술연구원,16,경로,0,2
202605,KIER,한국에너지기술연구원,18,경로,0,1
202605,KIER,한국에너지기술연구원,12,장애인,0,1
202605,KARI,한국항공우주연구원,06,일반인,1,0
202605,KARI,한국항공우주연구원,07,일반인,2,0
202605,KARI,한국항공우주연구원,08,일반인,2,0
202605,KARI,한국항공우주연구원,09,일반인,2,0
202605,KARI,한국항공우주연구원,10,일반인,8,0
202605,KARI,한국항공우주연구원,11,일반인,5,1
202605,KARI,한국항공우주연구원,12,일반인,2,0
202605,KARI,한국항공우주연구원,13,일반인,2,0
202605,KARI,한국항공우주연구원,14,일반인,4,1
202605,KARI,한국항공우주연구원,15,일반인,1,0
202605,KARI,한국항공우주연구원,16,일반인,23,1
202605,KARI,한국항공우주연구원,17,일반인,5,8
202605,KARI,한국항공우주연구원,18,일반인,5,1
202605,KARI,한국항공우주연구원,19,일반인,9,0
202605,KARI,한국항공우주연구원,20,일반인,7,0
202605,KARI,한국항공우주연구원,21,일반인,2,0
202605,KARI,한국항공우주연구원,22,일반인,4,0
202605,KIER,한국에너지기술연구원,07,일반인,1,0
202605,KIER,한국에너지기술연구원,08,일반인,28,0
202605,KIER,한국에너지기술연구원,09,일반인,19,0
202605,KIER,한국에너지기술연구원,10,일반인,7,0
202605,KIER,한국에너지기술연구원,11,일반인,16,0
202605,KIER,한국에너지기술연구원,12,일반인,7,0
202605,KIER,한국에너지기술연구원,13,일반인,12,1
202605,KIER,한국에너지기술연구원,14,일반인,3,0
202605,KIER,한국에너지기술연구원,15,일반인,8,2
202605,KIER,한국에너지기술연구원,16,일반인,36,10
202605,KIER,한국에너지기술연구원,17,일반인,12,5
202605,KIER,한국에너지기술연구원,18,일반인,42,1
202605,KIER,한국에너지기술연구원,19,일반인,6,4
202605,KIER,한국에너지기술연구원,20,일반인,11,0
202605,KIER,한국에너지기술연구원,22,일반인,8,0
202605,KIER,한국에너지기술연구원,13,어린이,1,0
202605,KIER,한국에너지기술연구원,08,청소년,1,0
202605,KIER,한국에너지기술연구원,11,청소년,2,0
202605,KIER,한국에너지기술연구원,12,청소년,1,0
202605,KIER,한국에너지기술연구원,13,청소년,1,0
202605,KIER,한국에너지기술연구원,15,청소년,1,0
202605,KIER,한국에너지기술연구원,16,청소년,2,0
202605,KIER,한국에너지기술연구원,18,청소년,2,0
202605,KIER,한국에너지기술연구원,20,청소년,3,0
202605,KIER,한국에너지기술연구원,11,경로,1,0
202605,KIER,한국에너지기술연구원,13,경로,1,0
202605,KIER,한국에너지기술연구원,05,일반인,0,9
202605,KIER,한국에너지기술연구원,06,일반인,6,34
202605,KIER,한국에너지기술연구원,07,일반인,6,50
202605,KIER,한국에너지기술연구원,08,일반인,35,185
202605,KIER,한국에너지기술연구원,09,일반인,27,213
202605,KIER,한국에너지기술연구원,10,일반인,9,51
202605,KIER,한국에너지기술연구원,11,일반인,11,31
202605,KIER,한국에너지기술연구원,12,일반인,11,23
202605,KIER,한국에너지기술연구원,13,일반인,16,36
202605,KIER,한국에너지기술연구원,14,일반인,23,28
202605,KIER,한국에너지기술연구원,15,일반인,38,32
202605,KIER,한국에너지기술연구원,16,일반인,67,36
202605,KIER,한국에너지기술연구원,17,일반인,104,31
202605,KIER,한국에너지기술연구원,18,일반인,76,33
202605,KIER,한국에너지기술연구원,19,일반인,40,20
202605,KIER,한국에너지기술연구원,20,일반인,15,19
202605,KIER,한국에너지기술연구원,21,일반인,13,24
202605,KIER,한국에너지기술연구원,22,일반인,5,24
202605,KIER,한국에너지기술연구원,23,일반인,0,2
202605,KIER,한국에너지기술연구원,14,어린이,1,0
202605,KIER,한국에너지기술연구원,08,청소년,0,1
202605,KIER,한국에너지기술연구원,10,청소년,1,0
202605,KIER,한국에너지기술연구원,12,청소년,0,3
202605,KIER,한국에너지기술연구원,13,청소년,1,0
202605,KIER,한국에너지기술연구원,14,청소년,1,0
202605,KIER,한국에너지기술연구원,15,청소년,0,3
202605,KIER,한국에너지기술연구원,17,청소년,0,1
202605,KIER,한국에너지기술연구원,18,청소년,0,1
202605,KIER,한국에너지기술연구원,19,청소년,3,0
202605,KIER,한국에너지기술연구원,20,청소년,1,0
202605,KIER,한국에너지기술연구원,21,청소년,1,0
202605,KIER,한국에너지기술연구원,22,청소년,1,1
202605,KIER,한국에너지기술연구원,23,청소년,1,0
202605,KIER,한국에너지기술연구원,05,경로,0,5
202605,KIER,한국에너지기술연구원,07,경로,1,3
202605,KIER,한국에너지기술연구원,08,경로,0,1
202605,KIER,한국에너지기술연구원,09,경로,1,1
202605,KIER,한국에너지기술연구원,10,경로,2,0
202605,KIER,한국에너지기술연구원,11,경로,4,0
202605,KIER,한국에너지기술연구원,12,경로,4,1
202605,KIER,한국에너지기술연구원,13,경로,3,3
202605,KIER,한국에너지기술연구원,14,경로,3,2
202605,KIER,한국에너지기술연구원,15,경로,2,0
202605,KIER,한국에너지기술연구원,16,경로,2,0
202605,KIER,한국에너지기술연구원,19,경로,1,0
202605,KIER,한국에너지기술연구원,21,경로,0,1
202605,KIER,한국에너지기술연구원,07,장애인,5,0
202605,KIER,한국에너지기술연구원,09,장애인,0,3
202605,KIER,한국에너지기술연구원,20,장애인,0,1
202605,KIER,한국에너지기술연구원,06,국가유공자,1,0
202605,KIER,한국에너지기술연구원,07,국가유공자,0,3
202605,KIER,한국에너지기술연구원,11,일반인,0,2
202605,KIER,한국에너지기술연구원,14,일반인,2,0
202605,KIER,한국에너지기술연구원,15,일반인,4,1
202605,KIER,한국에너지기술연구원,16,일반인,2,0
202605,KIER,한국에너지기술연구원,11,청소년,1,0
202605,KIER,한국에너지기술연구원,14,청소년,2,0
202605,KIER,한국에너지기술연구원,15,청소년,0,1
202605,ETRI,한국전자통신연구원,06,일반인,4,108
202605,ETRI,한국전자통신연구원,07,일반인,3,30
202605,ETRI,한국전자통신연구원,08,일반인,24,213
202605,ETRI,한국전자통신연구원,09,일반인,4,148
202605,ETRI,한국전자통신연구원,10,일반인,4,47
202605,ETRI,한국전자통신연구원,11,일반인,17,16
202605,ETRI,한국전자통신연구원,12,일반인,12,14
202605,ETRI,한국전자통신연구원,13,일반인,12,17
202605,ETRI,한국전자통신연구원,14,일반인,15,12
202605,ETRI,한국전자통신연구원,15,일반인,32,5
202605,ETRI,한국전자통신연구원,16,일반인,37,4
202605,ETRI,한국전자통신연구원,17,일반인,89,5
202605,ETRI,한국전자통신연구원,18,일반인,70,6
202605,ETRI,한국전자통신연구원,19,일반인,68,10
202605,ETRI,한국전자통신연구원,20,일반인,38,9
202605,ETRI,한국전자통신연구원,21,일반인,21,8
202605,ETRI,한국전자통신연구원,22,일반인,10,3
202605,ETRI,한국전자통신연구원,23,일반인,1,0
202605,ETRI,한국전자통신연구원,09,청소년,0,1
202605,ETRI,한국전자통신연구원,10,청소년,0,2
202605,ETRI,한국전자통신연구원,13,청소년,0,3
202605,ETRI,한국전자통신연구원,14,청소년,1,0
202605,ETRI,한국전자통신연구원,16,청소년,1,0
202605,ETRI,한국전자통신연구원,17,청소년,0,1
202605,ETRI,한국전자통신연구원,18,청소년,0,1
202605,ETRI,한국전자통신연구원,19,청소년,0,1
202605,ETRI,한국전자통신연구원,20,청소년,1,0
202605,ETRI,한국전자통신연구원,08,경로,0,1
202605,ETRI,한국전자통신연구원,11,경로,0,1
202605,ETRI,한국전자통신연구원,13,경로,0,1
202605,ETRI,한국전자통신연구원,14,경로,0,2
202605,ETRI,한국전자통신연구원,15,경로,3,0
202605,ETRI,한국전자통신연구원,16,경로,4,1
202605,ETRI,한국전자통신연구원,17,경로,2,1
202605,ETRI,한국전자통신연구원,21,경로,1,0
202605,ETRI,한국전자통신연구원,06,장애인,1,0
202605,ETRI,한국전자통신연구원,05,일반인,7,0
202605,ETRI,한국전자통신연구원,06,일반인,21,0
202605,ETRI,한국전자통신연구원,07,일반인,16,2
202605,ETRI,한국전자통신연구원,08,일반인,26,0
202605,ETRI,한국전자통신연구원,09,일반인,17,1
202605,ETRI,한국전자통신연구원,10,일반인,45,0
202605,ETRI,한국전자통신연구원,11,일반인,45,0
202605,ETRI,한국전자통신연구원,12,일반인,44,1
202605,ETRI,한국전자통신연구원,13,일반인,60,0
202605,ETRI,한국전자통신연구원,14,일반인,97,3
202605,ETRI,한국전자통신연구원,15,일반인,102,3
202605,ETRI,한국전자통신연구원,16,일반인,223,1
202605,ETRI,한국전자통신연구원,17,일반인,519,1
202605,ETRI,한국전자통신연구원,18,일반인,597,5
202605,ETRI,한국전자통신연구원,19,일반인,165,1
202605,ETRI,한국전자통신연구원,20,일반인,101,1
202605,ETRI,한국전자통신연구원,21,일반인,61,0
202605,ETRI,한국전자통신연구원,22,일반인,47,1
202605,ETRI,한국전자통신연구원,07,청소년,1,0
202605,ETRI,한국전자통신연구원,08,청소년,1,0
202605,ETRI,한국전자통신연구원,12,청소년,3,0
202605,ETRI,한국전자통신연구원,13,청소년,2,1
202605,ETRI,한국전자통신연구원,14,청소년,1,0
202605,ETRI,한국전자통신연구원,15,청소년,2,0
202605,ETRI,한국전자통신연구원,16,청소년,12,0
202605,ETRI,한국전자통신연구원,17,청소년,2,1
202605,ETRI,한국전자통신연구원,18,청소년,5,0
202605,ETRI,한국전자통신연구원,19,청소년,1,0
202605,ETRI,한국전자통신연구원,20,청소년,1,0
202605,ETRI,한국전자통신연구원,21,청소년,2,0
202605,ETRI,한국전자통신연구원,10,경로,1,0
202605,ETRI,한국전자통신연구원,12,경로,1,0
202605,ETRI,한국전자통신연구원,14,경로,2,0
202605,ETRI,한국전자통신연구원,16,경로,29,0
202605,ETRI,한국전자통신연구원,17,경로,8,0
202605,ETRI,한국전자통신연구원,18,경로,2,0
202605,ETRI,한국전자통신연구원,19,경로,1,0
202605,ETRI,한국전자통신연구원,20,경로,1,0
202605,ETRI,한국전자통신연구원,16,장애인,1,0
202605,ETRI,한국전자통신연구원,18,국가유공자,1,0
202605,ETRI,한국전자통신연구원,05,일반인,0,3
202605,ETRI,한국전자통신연구원,06,일반인,8,5
202605,ETRI,한국전자통신연구원,07,일반인,4,33
202605,ETRI,한국전자통신연구원,08,일반인,14,164
202605,ETRI,한국전자통신연구원,09,일반인,16,52
202605,ETRI,한국전자통신연구원,10,일반인,13,26
202605,ETRI,한국전자통신연구원,11,일반인,34,11
202605,ETRI,한국전자통신연구원,12,일반인,26,8
202605,ETRI,한국전자통신연구원,13,일반인,19,8
202605,ETRI,한국전자통신연구원,14,일반인,82,8
202605,ETRI,한국전자통신연구원,15,일반인,64,2
202605,ETRI,한국전자통신연구원,16,일반인,118,1
202605,ETRI,한국전자통신연구원,17,일반인,251,3
202605,ETRI,한국전자통신연구원,18,일반인,171,2
202605,ETRI,한국전자통신연구원,19,일반인,115,5
202605,ETRI,한국전자통신연구원,20,일반인,26,1
202605,ETRI,한국전자통신연구원,21,일반인,37,5
202605,ETRI,한국전자통신연구원,22,일반인,23,1
202605,ETRI,한국전자통신연구원,09,청소년,2,0
202605,ETRI,한국전자통신연구원,13,청소년,3,1
202605,ETRI,한국전자통신연구원,14,청소년,0,1
202605,ETRI,한국전자통신연구원,15,청소년,0,1
202605,ETRI,한국전자통신연구원,16,청소년,0,1
202605,ETRI,한국전자통신연구원,17,청소년,5,2
202605,ETRI,한국전자통신연구원,18,청소년,2,0
202605,ETRI,한국전자통신연구원,20,청소년,2,0
202605,ETRI,한국전자통신연구원,22,청소년,0,1
202605,ETRI,한국전자통신연구원,09,경로,2,3
202605,ETRI,한국전자통신연구원,11,경로,2,0
202605,ETRI,한국전자통신연구원,12,경로,1,1
202605,ETRI,한국전자통신연구원,13,경로,1,0
202605,ETRI,한국전자통신연구원,14,경로,1,0
202605,ETRI,한국전자통신연구원,15,경로,2,1
202605,ETRI,한국전자통신연구원,16,경로,27,2
202605,ETRI,한국전자통신연구원,17,경로,0,1
202605,ETRI,한국전자통신연구원,18,경로,1,0
202605,ETRI,한국전자통신연구원,19,경로,1,0
202605,ETRI,한국전자통신연구원,21,경로,1,0
202605,ETRI,한국전자통신연구원,12,장애인,0,1
202605,ETRI,한국전자통신연구원,14,장애인,1,0
202605,ETRI,한국전자통신연구원,06,일반인,1,1
202605,ETRI,한국전자통신연구원,07,일반인,1,0
202605,ETRI,한국전자통신연구원,08,일반인,3,4
202605,ETRI,한국전자통신연구원,09,일반인,2,3
202605,ETRI,한국전자통신연구원,10,일반인,3,4
202605,ETRI,한국전자통신연구원,11,일반인,23,1
202605,ETRI,한국전자통신연구원,12,일반인,4,2
202605,ETRI,한국전자통신연구원,13,일반인,11,1
202605,ETRI,한국전자통신연구원,14,일반인,2,0
202605,ETRI,한국전자통신연구원,15,일반인,6,0
202605,ETRI,한국전자통신연구원,16,일반인,15,4
202605,ETRI,한국전자통신연구원,17,일반인,42,1
202605,ETRI,한국전자통신연구원,18,일반인,135,5
202605,ETRI,한국전자통신연구원,19,일반인,9,1
202605,ETRI,한국전자통신연구원,20,일반인,4,1
202605,ETRI,한국전자통신연구원,21,일반인,3,0
202605,ETRI,한국전자통신연구원,22,일반인,8,0
202605,ETRI,한국전자통신연구원,11,청소년,10,0
202605,ETRI,한국전자통신연구원,15,청소년,2,0
202605,ETRI,한국전자통신연구원,16,청소년,1,0
202605,ETRI,한국전자통신연구원,18,청소년,1,0
202605,ETRI,한국전자통신연구원,10,경로,2,0
202605,ETRI,한국전자통신연구원,14,경로,1,0
202605,ETRI,한국전자통신연구원,16,경로,5,0
202605,ETRI,한국전자통신연구원,11,일반인,2,3
202605,ETRI,한국전자통신연구원,12,일반인,0,1
202605,ETRI,한국전자통신연구원,15,일반인,1,2
202605,ETRI,한국전자통신연구원,16,일반인,3,3
202605,ETRI,한국전자통신연구원,12,청소년,0,1
202605,KRISS,한국표준과학연구원,06,일반인,18,16
202605,KRISS,한국표준과학연구원,07,일반인,13,35
202605,KRISS,한국표준과학연구원,08,일반인,33,122
202605,KRISS,한국표준과학연구원,09,일반인,2,80
202605,KRISS,한국표준과학연구원,10,일반인,5,29
202605,KRISS,한국표준과학연구원,11,일반인,4,20
202605,KRISS,한국표준과학연구원,12,일반인,9,27
202605,KRISS,한국표준과학연구원,13,일반인,5,23
202605,KRISS,한국표준과학연구원,14,일반인,4,25
202605,KRISS,한국표준과학연구원,15,일반인,4,24
202605,KRISS,한국표준과학연구원,16,일반인,4,16
202605,KRISS,한국표준과학연구원,17,일반인,27,21
202605,KRISS,한국표준과학연구원,18,일반인,24,35
202605,KRISS,한국표준과학연구원,19,일반인,18,34
202605,KRISS,한국표준과학연구원,20,일반인,8,22
202605,KRISS,한국표준과학연구원,21,일반인,5,17
202605,KRISS,한국표준과학연구원,22,일반인,11,14
202605,KRISS,한국표준과학연구원,12,어린이,0,1
202605,KRISS,한국표준과학연구원,13,어린이,0,2
202605,KRISS,한국표준과학연구원,14,어린이,0,3
202605,KRISS,한국표준과학연구원,15,어린이,0,2
202605,KRISS,한국표준과학연구원,16,어린이,0,1
202605,KRISS,한국표준과학연구원,17,어린이,0,4
202605,KRISS,한국표준과학연구원,18,어린이,3,6
202605,KRISS,한국표준과학연구원,07,청소년,0,1
202605,KRISS,한국표준과학연구원,09,청소년,1,0
202605,KRISS,한국표준과학연구원,10,청소년,0,1
202605,KRISS,한국표준과학연구원,13,청소년,2,4
202605,KRISS,한국표준과학연구원,14,청소년,2,2
202605,KRISS,한국표준과학연구원,15,청소년,4,6
202605,KRISS,한국표준과학연구원,16,청소년,1,6
202605,KRISS,한국표준과학연구원,17,청소년,2,2
202605,KRISS,한국표준과학연구원,18,청소년,1,8
202605,KRISS,한국표준과학연구원,19,청소년,0,9
202605,KRISS,한국표준과학연구원,20,청소년,3,1
202605,KRISS,한국표준과학연구원,21,청소년,0,4
202605,KRISS,한국표준과학연구원,22,청소년,0,4
202605,KRISS,한국표준과학연구원,07,경로,0,1
202605,KRISS,한국표준과학연구원,08,경로,1,3
202605,KRISS,한국표준과학연구원,09,경로,3,3
202605,KRISS,한국표준과학연구원,10,경로,1,6
202605,KRISS,한국표준과학연구원,11,경로,0,5
202605,KRISS,한국표준과학연구원,12,경로,1,7
202605,KRISS,한국표준과학연구원,13,경로,2,7
202605,KRISS,한국표준과학연구원,14,경로,2,19
202605,KRISS,한국표준과학연구원,15,경로,2,19
202605,KRISS,한국표준과학연구원,16,경로,1,7
202605,KRISS,한국표준과학연구원,17,경로,14,4
202605,KRISS,한국표준과학연구원,18,경로,1,4
202605,KRISS,한국표준과학연구원,19,경로,0,2
202605,KRISS,한국표준과학연구원,20,경로,0,1
202605,KRISS,한국표준과학연구원,21,경로,0,1
202605,KRISS,한국표준과학연구원,06,일반인,3,4
202605,KRISS,한국표준과학연구원,07,일반인,4,5
202605,KRISS,한국표준과학연구원,08,일반인,8,14
202605,KRISS,한국표준과학연구원,09,일반인,12,31
202605,KRISS,한국표준과학연구원,10,일반인,13,13
202605,KRISS,한국표준과학연구원,11,일반인,21,10
202605,KRISS,한국표준과학연구원,12,일반인,24,7
202605,KRISS,한국표준과학연구원,13,일반인,12,14
202605,KRISS,한국표준과학연구원,14,일반인,7,6
202605,KRISS,한국표준과학연구원,15,일반인,17,4
202605,KRISS,한국표준과학연구원,16,일반인,29,6
202605,KRISS,한국표준과학연구원,17,일반인,48,5
202605,KRISS,한국표준과학연구원,18,일반인,96,10
202605,KRISS,한국표준과학연구원,19,일반인,43,2
202605,KRISS,한국표준과학연구원,20,일반인,38,6
202605,KRISS,한국표준과학연구원,21,일반인,15,4
202605,KRISS,한국표준과학연구원,22,일반인,21,5
202605,KRISS,한국표준과학연구원,09,어린이,1,0
202605,KRISS,한국표준과학연구원,10,어린이,1,0
202605,KRISS,한국표준과학연구원,12,어린이,2,0
202605,KRISS,한국표준과학연구원,14,어린이,1,0
202605,KRISS,한국표준과학연구원,17,어린이,1,0
202605,KRISS,한국표준과학연구원,08,청소년,1,0
202605,KRISS,한국표준과학연구원,09,청소년,4,0
202605,KRISS,한국표준과학연구원,10,청소년,2,0
202605,KRISS,한국표준과학연구원,11,청소년,7,0
202605,KRISS,한국표준과학연구원,12,청소년,3,1
202605,KRISS,한국표준과학연구원,13,청소년,3,0
202605,KRISS,한국표준과학연구원,14,청소년,7,0
202605,KRISS,한국표준과학연구원,15,청소년,2,1
202605,KRISS,한국표준과학연구원,16,청소년,5,0
202605,KRISS,한국표준과학연구원,17,청소년,1,2
202605,KRISS,한국표준과학연구원,18,청소년,4,0
202605,KRISS,한국표준과학연구원,20,청소년,4,1
202605,KRISS,한국표준과학연구원,21,청소년,1,0
202605,KRISS,한국표준과학연구원,07,경로,0,2
202605,KRISS,한국표준과학연구원,09,경로,1,0
202605,KRISS,한국표준과학연구원,10,경로,10,0
202605,KRISS,한국표준과학연구원,11,경로,10,2
202605,KRISS,한국표준과학연구원,12,경로,7,1
202605,KRISS,한국표준과학연구원,13,경로,2,0
202605,KRISS,한국표준과학연구원,14,경로,1,0
202605,KRISS,한국표준과학연구원,15,경로,3,0
202605,KRISS,한국표준과학연구원,16,경로,5,0
202605,KRISS,한국표준과학연구원,17,경로,0,1
202605,KRISS,한국표준과학연구원,18,경로,0,1
202605,KRISS,한국표준과학연구원,06,일반인,0,59
202605,KRISS,한국표준과학연구원,07,일반인,4,77
202605,KRISS,한국표준과학연구원,08,일반인,8,160
202605,KRISS,한국표준과학연구원,09,일반인,4,181
202605,KRISS,한국표준과학연구원,10,일반인,0,69
202605,KRISS,한국표준과학연구원,11,일반인,0,28
202605,KRISS,한국표준과학연구원,12,일반인,1,40
202605,KRISS,한국표준과학연구원,13,일반인,1,38
202605,KRISS,한국표준과학연구원,14,일반인,0,40
202605,KRISS,한국표준과학연구원,15,일반인,3,45
202605,KRISS,한국표준과학연구원,16,일반인,2,44
202605,KRISS,한국표준과학연구원,17,일반인,6,61
202605,KRISS,한국표준과학연구원,18,일반인,13,78
202605,KRISS,한국표준과학연구원,19,일반인,6,45
202605,KRISS,한국표준과학연구원,20,일반인,5,48
202605,KRISS,한국표준과학연구원,21,일반인,3,39
202605,KRISS,한국표준과학연구원,22,일반인,3,40
202605,KRISS,한국표준과학연구원,23,일반인,0,14
202605,KRISS,한국표준과학연구원,12,어린이,0,1
202605,KRISS,한국표준과학연구원,14,어린이,0,1
202605,KRISS,한국표준과학연구원,15,어린이,0,2
202605,KRISS,한국표준과학연구원,16,어린이,0,8
202605,KRISS,한국표준과학연구원,17,어린이,0,3
202605,KRISS,한국표준과학연구원,18,어린이,0,2
202605,KRISS,한국표준과학연구원,20,어린이,0,2
202605,KRISS,한국표준과학연구원,21,어린이,0,1
202605,KRISS,한국표준과학연구원,08,청소년,0,1
202605,KRISS,한국표준과학연구원,09,청소년,0,2
202605,KRISS,한국표준과학연구원,11,청소년,0,2
202605,KRISS,한국표준과학연구원,12,청소년,1,3
202605,KRISS,한국표준과학연구원,13,청소년,0,3
202605,KRISS,한국표준과학연구원,14,청소년,2,7
202605,KRISS,한국표준과학연구원,15,청소년,0,13
202605,KRISS,한국표준과학연구원,16,청소년,2,8
202605,KRISS,한국표준과학연구원,17,청소년,0,11
202605,KRISS,한국표준과학연구원,18,청소년,0,3
202605,KRISS,한국표준과학연구원,19,청소년,2,4
202605,KRISS,한국표준과학연구원,20,청소년,1,7
202605,KRISS,한국표준과학연구원,21,청소년,1,5
202605,KRISS,한국표준과학연구원,22,청소년,0,3
202605,KRISS,한국표준과학연구원,23,청소년,0,3
202605,KRISS,한국표준과학연구원,06,경로,0,4
202605,KRISS,한국표준과학연구원,07,경로,0,18
202605,KRISS,한국표준과학연구원,08,경로,0,1
202605,KRISS,한국표준과학연구원,09,경로,0,4
202605,KRISS,한국표준과학연구원,10,경로,0,11
202605,KRISS,한국표준과학연구원,11,경로,0,1
202605,KRISS,한국표준과학연구원,12,경로,0,4
202605,KRISS,한국표준과학연구원,13,경로,0,3
202605,KRISS,한국표준과학연구원,14,경로,1,5
202605,KRISS,한국표준과학연구원,15,경로,0,5
202605,KRISS,한국표준과학연구원,16,경로,0,2
202605,KRISS,한국표준과학연구원,17,경로,1,2
202605,KRISS,한국표준과학연구원,18,경로,0,1
202605,KRISS,한국표준과학연구원,19,경로,0,6
202605,KRISS,한국표준과학연구원,20,경로,0,5
202605,KRISS,한국표준과학연구원,21,경로,0,2
202605,KRISS,한국표준과학연구원,22,경로,1,5
202605,KRISS,한국표준과학연구원,05,일반인,7,0
202605,KRISS,한국표준과학연구원,06,일반인,46,0
202605,KRISS,한국표준과학연구원,07,일반인,86,3
202605,KRISS,한국표준과학연구원,08,일반인,90,6
202605,KRISS,한국표준과학연구원,09,일반인,47,0
202605,KRISS,한국표준과학연구원,10,일반인,56,2
202605,KRISS,한국표준과학연구원,11,일반인,40,2
202605,KRISS,한국표준과학연구원,12,일반인,45,3
202605,KRISS,한국표준과학연구원,13,일반인,44,4
202605,KRISS,한국표준과학연구원,14,일반인,36,0
202605,KRISS,한국표준과학연구원,15,일반인,194,1
202605,KRISS,한국표준과학연구원,16,일반인,84,3
202605,KRISS,한국표준과학연구원,17,일반인,205,10
202605,KRISS,한국표준과학연구원,18,일반인,167,8
202605,KRISS,한국표준과학연구원,19,일반인,68,0
202605,KRISS,한국표준과학연구원,20,일반인,36,4
202605,KRISS,한국표준과학연구원,21,일반인,15,0
202605,KRISS,한국표준과학연구원,22,일반인,18,3
202605,KRISS,한국표준과학연구원,09,어린이,1,0
202605,KRISS,한국표준과학연구원,12,어린이,5,0
202605,KRISS,한국표준과학연구원,13,어린이,1,0
202605,KRISS,한국표준과학연구원,14,어린이,4,0
202605,KRISS,한국표준과학연구원,15,어린이,2,0
202605,KRISS,한국표준과학연구원,17,어린이,7,0
202605,KRISS,한국표준과학연구원,19,어린이,1,0
202605,KRISS,한국표준과학연구원,07,청소년,31,1
202605,KRISS,한국표준과학연구원,08,청소년,6,0
202605,KRISS,한국표준과학연구원,09,청소년,8,0
202605,KRISS,한국표준과학연구원,10,청소년,5,0
202605,KRISS,한국표준과학연구원,11,청소년,3,0
202605,KRISS,한국표준과학연구원,12,청소년,7,0
202605,KRISS,한국표준과학연구원,13,청소년,3,1
202605,KRISS,한국표준과학연구원,14,청소년,4,0
202605,KRISS,한국표준과학연구원,15,청소년,7,0
202605,KRISS,한국표준과학연구원,16,청소년,6,1
202605,KRISS,한국표준과학연구원,17,청소년,2,0
202605,KRISS,한국표준과학연구원,18,청소년,9,5
202605,KRISS,한국표준과학연구원,19,청소년,5,0
202605,KRISS,한국표준과학연구원,21,청소년,2,1
202605,KRISS,한국표준과학연구원,07,경로,5,0
202605,KRISS,한국표준과학연구원,08,경로,15,0
202605,KRISS,한국표준과학연구원,09,경로,12,0
202605,KRISS,한국표준과학연구원,10,경로,7,0
202605,KRISS,한국표준과학연구원,11,경로,13,0
202605,KRISS,한국표준과학연구원,12,경로,8,0
202605,KRISS,한국표준과학연구원,13,경로,8,0
202605,KRISS,한국표준과학연구원,14,경로,4,0
202605,KRISS,한국표준과학연구원,15,경로,25,0
202605,KRISS,한국표준과학연구원,16,경로,3,1
202605,KRISS,한국표준과학연구원,17,경로,4,1
202605,KRISS,한국표준과학연구원,18,경로,1,0
202605,KRISS,한국표준과학연구원,19,경로,4,0
202605,KRISS,한국표준과학연구원,20,경로,1,0
202605,KRISS,한국표준과학연구원,21,경로,1,0
202605,KRISS,한국표준과학연구원,06,일반인,3,63
202605,KRISS,한국표준과학연구원,07,일반인,0,31
202605,KRISS,한국표준과학연구원,08,일반인,10,82
202605,KRISS,한국표준과학연구원,09,일반인,16,102
202605,KRISS,한국표준과학연구원,10,일반인,5,25
202605,KRISS,한국표준과학연구원,11,일반인,14,17
202605,KRISS,한국표준과학연구원,12,일반인,7,18
202605,KRISS,한국표준과학연구원,13,일반인,8,18
202605,KRISS,한국표준과학연구원,14,일반인,8,14
202605,KRISS,한국표준과학연구원,15,일반인,7,13
202605,KRISS,한국표준과학연구원,16,일반인,13,31
202605,KRISS,한국표준과학연구원,17,일반인,24,16
202605,KRISS,한국표준과학연구원,18,일반인,52,21
202605,KRISS,한국표준과학연구원,19,일반인,44,16
202605,KRISS,한국표준과학연구원,20,일반인,38,20
202605,KRISS,한국표준과학연구원,21,일반인,23,29
202605,KRISS,한국표준과학연구원,22,일반인,11,21
202605,KRISS,한국표준과학연구원,23,일반인,7,12
202605,KRISS,한국표준과학연구원,14,어린이,1,0
202605,KRISS,한국표준과학연구원,15,어린이,0,1
202605,KRISS,한국표준과학연구원,16,어린이,0,1
202605,KRISS,한국표준과학연구원,17,어린이,2,0
202605,KRISS,한국표준과학연구원,08,청소년,2,0
202605,KRISS,한국표준과학연구원,09,청소년,0,2
202605,KRISS,한국표준과학연구원,10,청소년,2,0
202605,KRISS,한국표준과학연구원,11,청소년,0,1
202605,KRISS,한국표준과학연구원,12,청소년,4,0
202605,KRISS,한국표준과학연구원,13,청소년,6,4
202605,KRISS,한국표준과학연구원,14,청소년,5,4
202605,KRISS,한국표준과학연구원,15,청소년,5,4
202605,KRISS,한국표준과학연구원,16,청소년,6,7
202605,KRISS,한국표준과학연구원,17,청소년,9,2
202605,KRISS,한국표준과학연구원,18,청소년,11,1
202605,KRISS,한국표준과학연구원,19,청소년,3,0
202605,KRISS,한국표준과학연구원,20,청소년,7,3
202605,KRISS,한국표준과학연구원,21,청소년,4,2
202605,KRISS,한국표준과학연구원,22,청소년,4,1
202605,KRISS,한국표준과학연구원,23,청소년,2,0
202605,KRISS,한국표준과학연구원,06,경로,0,14
202605,KRISS,한국표준과학연구원,07,경로,10,0
202605,KRISS,한국표준과학연구원,08,경로,10,0
202605,KRISS,한국표준과학연구원,09,경로,5,4
202605,KRISS,한국표준과학연구원,10,경로,9,5
202605,KRISS,한국표준과학연구원,11,경로,9,1
202605,KRISS,한국표준과학연구원,12,경로,7,7
202605,KRISS,한국표준과학연구원,13,경로,8,0
202605,KRISS,한국표준과학연구원,14,경로,1,1
202605,KRISS,한국표준과학연구원,15,경로,1,0
202605,KRISS,한국표준과학연구원,16,경로,1,4
202605,KRISS,한국표준과학연구원,17,경로,0,3
202605,KRISS,한국표준과학연구원,18,경로,0,2
202605,KRISS,한국표준과학연구원,19,경로,0,1
202605,KRISS,한국표준과학연구원,20,경로,7,6
202605,KRISS,한국표준과학연구원,21,경로,0,4
202605,KRISS,한국표준과학연구원,22,경로,0,1
202605,KRISS,한국표준과학연구원,05,일반인,1,1
202605,KRISS,한국표준과학연구원,06,일반인,15,2
202605,KRISS,한국표준과학연구원,07,일반인,49,25
202605,KRISS,한국표준과학연구원,08,일반인,34,55
202605,KRISS,한국표준과학연구원,09,일반인,38,20
202605,KRISS,한국표준과학연구원,10,일반인,28,11
202605,KRISS,한국표준과학연구원,11,일반인,16,4
202605,KRISS,한국표준과학연구원,12,일반인,24,12
202605,KRISS,한국표준과학연구원,13,일반인,20,6
202605,KRISS,한국표준과학연구원,14,일반인,44,17
202605,KRISS,한국표준과학연구원,15,일반인,34,10
202605,KRISS,한국표준과학연구원,16,일반인,71,13
202605,KRISS,한국표준과학연구원,17,일반인,48,13
202605,KRISS,한국표준과학연구원,18,일반인,59,16
202605,KRISS,한국표준과학연구원,19,일반인,59,12
202605,KRISS,한국표준과학연구원,20,일반인,19,6
202605,KRISS,한국표준과학연구원,21,일반인,20,6
202605,KRISS,한국표준과학연구원,22,일반인,9,4
202605,KRISS,한국표준과학연구원,08,어린이,1,0
202605,KRISS,한국표준과학연구원,09,어린이,2,3
202605,KRISS,한국표준과학연구원,13,어린이,1,1
202605,KRISS,한국표준과학연구원,14,어린이,0,1
202605,KRISS,한국표준과학연구원,15,어린이,2,1
202605,KRISS,한국표준과학연구원,16,어린이,3,3
202605,KRISS,한국표준과학연구원,17,어린이,0,3
202605,KRISS,한국표준과학연구원,18,어린이,0,1
202605,KRISS,한국표준과학연구원,21,어린이,0,1
202605,KRISS,한국표준과학연구원,07,청소년,1,2
202605,KRISS,한국표준과학연구원,08,청소년,9,0
202605,KRISS,한국표준과학연구원,09,청소년,2,1
202605,KRISS,한국표준과학연구원,10,청소년,0,1
202605,KRISS,한국표준과학연구원,11,청소년,1,0
202605,KRISS,한국표준과학연구원,12,청소년,2,1
202605,KRISS,한국표준과학연구원,13,청소년,1,3
202605,KRISS,한국표준과학연구원,14,청소년,0,2
202605,KRISS,한국표준과학연구원,15,청소년,1,1
202605,KRISS,한국표준과학연구원,17,청소년,3,4
202605,KRISS,한국표준과학연구원,18,청소년,13,5
202605,KRISS,한국표준과학연구원,19,청소년,2,5
202605,KRISS,한국표준과학연구원,20,청소년,0,6
202605,KRISS,한국표준과학연구원,21,청소년,3,7
202605,KRISS,한국표준과학연구원,22,청소년,0,3
202605,KRISS,한국표준과학연구원,05,경로,0,1
202605,KRISS,한국표준과학연구원,06,경로,0,1
202605,KRISS,한국표준과학연구원,07,경로,6,2
202605,KRISS,한국표준과학연구원,08,경로,22,0
202605,KRISS,한국표준과학연구원,09,경로,17,23
202605,KRISS,한국표준과학연구원,10,경로,1,3
202605,KRISS,한국표준과학연구원,11,경로,3,3
202605,KRISS,한국표준과학연구원,12,경로,4,7
202605,KRISS,한국표준과학연구원,13,경로,5,1
202605,KRISS,한국표준과학연구원,14,경로,5,10
202605,KRISS,한국표준과학연구원,15,경로,3,9
202605,KRISS,한국표준과학연구원,16,경로,1,8
202605,KRISS,한국표준과학연구원,17,경로,2,13
202605,KRISS,한국표준과학연구원,18,경로,0,10
202605,KRISS,한국표준과학연구원,19,경로,1,3
202605,KRISS,한국표준과학연구원,20,경로,1,0
202605,KRISS,한국표준과학연구원,18,장애인,1,0
202605,KRISS,한국표준과학연구원,07,일반인,8,0
202605,KRISS,한국표준과학연구원,08,일반인,12,2
202605,KRISS,한국표준과학연구원,09,일반인,3,2
202605,KRISS,한국표준과학연구원,10,일반인,4,5
202605,KRISS,한국표준과학연구원,11,일반인,12,12
202605,KRISS,한국표준과학연구원,12,일반인,2,0
202605,KRISS,한국표준과학연구원,13,일반인,13,10
202605,KRISS,한국표준과학연구원,14,일반인,5,4
202605,KRISS,한국표준과학연구원,15,일반인,4,6
202605,KRISS,한국표준과학연구원,16,일반인,22,5
202605,KRISS,한국표준과학연구원,17,일반인,25,2
202605,KRISS,한국표준과학연구원,18,일반인,51,7
202605,KRISS,한국표준과학연구원,19,일반인,7,3
202605,KRISS,한국표준과학연구원,20,일반인,11,8
202605,KRISS,한국표준과학연구원,21,일반인,4,1
202605,KRISS,한국표준과학연구원,22,일반인,5,2
202605,KRISS,한국표준과학연구원,13,어린이,2,0
202605,KRISS,한국표준과학연구원,18,어린이,1,0
202605,KRISS,한국표준과학연구원,07,청소년,1,0
202605,KRISS,한국표준과학연구원,08,청소년,15,0
202605,KRISS,한국표준과학연구원,10,청소년,0,1
202605,KRISS,한국표준과학연구원,13,청소년,1,0
202605,KRISS,한국표준과학연구원,18,청소년,0,1
202605,KRISS,한국표준과학연구원,19,청소년,1,0
202605,KRISS,한국표준과학연구원,08,경로,2,0
202605,KRISS,한국표준과학연구원,10,경로,2,1
202605,KRISS,한국표준과학연구원,11,경로,0,1
202605,KRISS,한국표준과학연구원,13,경로,1,0
202605,KRISS,한국표준과학연구원,18,경로,1,0
202605,KRISS,한국표준과학연구원,19,경로,1,0
202605,KIMM,한국기계연구원,06,일반인,7,4
202605,KIMM,한국기계연구원,07,일반인,8,16
202605,KIMM,한국기계연구원,08,일반인,18,21
202605,KIMM,한국기계연구원,09,일반인,2,50
202605,KIMM,한국기계연구원,10,일반인,5,4
202605,KIMM,한국기계연구원,11,일반인,3,3
202605,KIMM,한국기계연구원,12,일반인,5,5
202605,KIMM,한국기계연구원,13,일반인,8,6
202605,KIMM,한국기계연구원,14,일반인,16,9
202605,KIMM,한국기계연구원,15,일반인,3,17
202605,KIMM,한국기계연구원,16,일반인,6,9
202605,KIMM,한국기계연구원,17,일반인,16,6
202605,KIMM,한국기계연구원,18,일반인,35,3
202605,KIMM,한국기계연구원,19,일반인,9,1
202605,KIMM,한국기계연구원,20,일반인,5,2
202605,KIMM,한국기계연구원,21,일반인,4,6
202605,KIMM,한국기계연구원,22,일반인,2,1
202605,KIMM,한국기계연구원,17,어린이,1,0
202605,KIMM,한국기계연구원,09,청소년,0,1
202605,KIMM,한국기계연구원,13,청소년,0,1
202605,KIMM,한국기계연구원,17,청소년,0,1
202605,KIMM,한국기계연구원,09,경로,0,1
202605,KIMM,한국기계연구원,13,경로,6,1
202605,KIMM,한국기계연구원,14,경로,1,0
202605,KIMM,한국기계연구원,16,경로,1,0
202605,KIMM,한국기계연구원,18,경로,2,0
202605,KIMM,한국기계연구원,19,경로,0,1
202605,KIMM,한국기계연구원,20,경로,0,2
202605,KIMM,한국기계연구원,06,일반인,0,5
202605,KIMM,한국기계연구원,07,일반인,0,55
202605,KIMM,한국기계연구원,08,일반인,2,15
202605,KIMM,한국기계연구원,09,일반인,7,9
202605,KIMM,한국기계연구원,10,일반인,2,3
202605,KIMM,한국기계연구원,11,일반인,2,7
202605,KIMM,한국기계연구원,12,일반인,2,2
202605,KIMM,한국기계연구원,13,일반인,4,5
202605,KIMM,한국기계연구원,14,일반인,4,1
202605,KIMM,한국기계연구원,15,일반인,10,1
202605,KIMM,한국기계연구원,16,일반인,14,1
202605,KIMM,한국기계연구원,17,일반인,29,6
202605,KIMM,한국기계연구원,18,일반인,27,6
202605,KIMM,한국기계연구원,19,일반인,20,1
202605,KIMM,한국기계연구원,20,일반인,18,3
202605,KIMM,한국기계연구원,21,일반인,10,1
202605,KIMM,한국기계연구원,22,일반인,13,1
202605,KIMM,한국기계연구원,23,일반인,3,0
202605,KIMM,한국기계연구원,06,청소년,1,0
202605,KIMM,한국기계연구원,15,청소년,2,2
202605,KIMM,한국기계연구원,17,청소년,0,2
202605,KIMM,한국기계연구원,18,청소년,1,0
202605,KIMM,한국기계연구원,21,청소년,3,0
202605,KIMM,한국기계연구원,07,경로,0,1
202605,KIMM,한국기계연구원,08,경로,0,7
202605,KIMM,한국기계연구원,09,경로,2,3
202605,KIMM,한국기계연구원,11,경로,2,0
202605,KIMM,한국기계연구원,12,경로,1,0
202605,KIMM,한국기계연구원,14,경로,1,0
202605,KIMM,한국기계연구원,19,경로,4,1
202605,KIMM,한국기계연구원,22,경로,1,0
202605,KRICT,한국화학연구원,07,일반인,3,0
202605,KRICT,한국화학연구원,08,일반인,4,1
202605,KRICT,한국화학연구원,09,일반인,5,0
202605,KRICT,한국화학연구원,10,일반인,7,0
202605,KRICT,한국화학연구원,11,일반인,5,1
202605,KRICT,한국화학연구원,12,일반인,15,0
202605,KRICT,한국화학연구원,13,일반인,11,0
202605,KRICT,한국화학연구원,14,일반인,12,0
202605,KRICT,한국화학연구원,15,일반인,39,1
202605,KRICT,한국화학연구원,16,일반인,64,3
202605,KRICT,한국화학연구원,17,일반인,74,0
202605,KRICT,한국화학연구원,18,일반인,154,0
202605,KRICT,한국화학연구원,19,일반인,39,1
202605,KRICT,한국화학연구원,20,일반인,36,0
202605,KRICT,한국화학연구원,21,일반인,38,1
202605,KRICT,한국화학연구원,22,일반인,20,0
202605,KRICT,한국화학연구원,10,청소년,1,0
202605,KRICT,한국화학연구원,12,청소년,1,0
202605,KRICT,한국화학연구원,13,청소년,9,0
202605,KRICT,한국화학연구원,14,청소년,1,0
202605,KRICT,한국화학연구원,15,청소년,1,0
202605,KRICT,한국화학연구원,16,청소년,1,0
202605,KRICT,한국화학연구원,17,청소년,1,0
202605,KRICT,한국화학연구원,18,청소년,1,0
202605,KRICT,한국화학연구원,19,청소년,4,0
202605,KRICT,한국화학연구원,20,청소년,2,0
202605,KRICT,한국화학연구원,21,청소년,1,0
202605,KRICT,한국화학연구원,22,청소년,1,0
202605,KRICT,한국화학연구원,09,경로,2,0
202605,KRICT,한국화학연구원,10,경로,7,0
202605,KRICT,한국화학연구원,11,경로,1,0
202605,KRICT,한국화학연구원,12,경로,2,0
202605,KRICT,한국화학연구원,13,경로,3,0
202605,KRICT,한국화학연구원,14,경로,3,1
202605,KRICT,한국화학연구원,15,경로,2,1
202605,KRICT,한국화학연구원,18,경로,3,0
202605,KRICT,한국화학연구원,19,경로,1,0
202605,KRICT,한국화학연구원,20,경로,1,0
202605,KIMM,한국기계연구원,06,일반인,0,21
202605,KIMM,한국기계연구원,07,일반인,0,133
202605,KIMM,한국기계연구원,08,일반인,0,303
202605,KIMM,한국기계연구원,09,일반인,1,76
202605,KIMM,한국기계연구원,10,일반인,1,44
202605,KIMM,한국기계연구원,11,일반인,0,27
202605,KIMM,한국기계연구원,12,일반인,0,44
202605,KIMM,한국기계연구원,13,일반인,0,37
202605,KIMM,한국기계연구원,14,일반인,1,56
202605,KIMM,한국기계연구원,15,일반인,2,41
202605,KIMM,한국기계연구원,16,일반인,0,54
202605,KIMM,한국기계연구원,17,일반인,0,60
202605,KIMM,한국기계연구원,18,일반인,1,79
202605,KIMM,한국기계연구원,19,일반인,0,63
202605,KIMM,한국기계연구원,20,일반인,0,66
202605,KIMM,한국기계연구원,21,일반인,0,68
202605,KIMM,한국기계연구원,22,일반인,0,61
202605,KIMM,한국기계연구원,23,일반인,0,22
202605,KIMM,한국기계연구원,08,어린이,0,1
202605,KIMM,한국기계연구원,10,어린이,0,1
202605,KIMM,한국기계연구원,18,어린이,0,2
202605,KIMM,한국기계연구원,06,청소년,0,1
202605,KIMM,한국기계연구원,08,청소년,0,1
202605,KIMM,한국기계연구원,09,청소년,0,2
202605,KIMM,한국기계연구원,11,청소년,0,1
202605,KIMM,한국기계연구원,12,청소년,0,2
202605,KIMM,한국기계연구원,13,청소년,0,1
202605,KIMM,한국기계연구원,14,청소년,0,3
202605,KIMM,한국기계연구원,15,청소년,0,11
202605,KIMM,한국기계연구원,16,청소년,0,5
202605,KIMM,한국기계연구원,17,청소년,0,2
202605,KIMM,한국기계연구원,18,청소년,0,3
202605,KIMM,한국기계연구원,20,청소년,0,1
202605,KIMM,한국기계연구원,21,청소년,0,1
202605,KIMM,한국기계연구원,22,청소년,0,1
202605,KIMM,한국기계연구원,23,청소년,0,2
202605,KIMM,한국기계연구원,06,경로,0,1
202605,KIMM,한국기계연구원,08,경로,0,9
202605,KIMM,한국기계연구원,09,경로,0,2
202605,KIMM,한국기계연구원,10,경로,0,3
202605,KIMM,한국기계연구원,11,경로,0,3
202605,KIMM,한국기계연구원,12,경로,0,5
202605,KIMM,한국기계연구원,14,경로,0,4
202605,KIMM,한국기계연구원,15,경로,0,2
202605,KIMM,한국기계연구원,16,경로,0,3
202605,KIMM,한국기계연구원,17,경로,0,2
202605,KIMM,한국기계연구원,18,경로,0,2
202605,KIMM,한국기계연구원,19,경로,0,2
202605,KIMM,한국기계연구원,20,경로,0,1
202605,KIMM,한국기계연구원,22,경로,0,1
202605,KIMM,한국기계연구원,17,장애인,0,1
202605,KIMM,한국기계연구원,05,일반인,3,0
202605,KIMM,한국기계연구원,06,일반인,29,0
202605,KIMM,한국기계연구원,07,일반인,47,0
202605,KIMM,한국기계연구원,08,일반인,29,0
202605,KIMM,한국기계연구원,09,일반인,33,0
202605,KIMM,한국기계연구원,10,일반인,36,1
202605,KIMM,한국기계연구원,11,일반인,22,1
202605,KIMM,한국기계연구원,12,일반인,35,0
202605,KIMM,한국기계연구원,13,일반인,34,3
202605,KIMM,한국기계연구원,14,일반인,51,0
202605,KIMM,한국기계연구원,15,일반인,102,2
202605,KIMM,한국기계연구원,16,일반인,119,0
202605,KIMM,한국기계연구원,17,일반인,147,1
202605,KIMM,한국기계연구원,18,일반인,187,1
202605,KIMM,한국기계연구원,19,일반인,68,0
202605,KIMM,한국기계연구원,20,일반인,55,0
202605,KIMM,한국기계연구원,21,일반인,29,0
202605,KIMM,한국기계연구원,22,일반인,8,0
202605,KIMM,한국기계연구원,09,청소년,3,0
202605,KIMM,한국기계연구원,11,청소년,1,0
202605,KIMM,한국기계연구원,13,청소년,1,0
202605,KIMM,한국기계연구원,14,청소년,1,0
202605,KIMM,한국기계연구원,15,청소년,4,1
202605,KIMM,한국기계연구원,16,청소년,7,0
202605,KIMM,한국기계연구원,19,청소년,2,0
202605,KIMM,한국기계연구원,20,청소년,1,0
202605,KIMM,한국기계연구원,21,청소년,4,0
202605,KIMM,한국기계연구원,08,경로,1,0
202605,KIMM,한국기계연구원,09,경로,1,0
202605,KIMM,한국기계연구원,10,경로,2,1
202605,KIMM,한국기계연구원,12,경로,1,0
202605,KIMM,한국기계연구원,13,경로,0,1
202605,KIMM,한국기계연구원,14,경로,2,0
202605,KIMM,한국기계연구원,15,경로,9,0
202605,KIMM,한국기계연구원,16,경로,5,0
202605,KIMM,한국기계연구원,17,경로,9,0
202605,KIMM,한국기계연구원,18,경로,15,0
202605,KIMM,한국기계연구원,19,경로,6,0
202605,KIMM,한국기계연구원,15,장애인,2,0
202605,KIMM,한국기계연구원,16,장애인,2,0
202605,KIMM,한국기계연구원,18,장애인,1,0
202605,KIMM,한국기계연구원,17,국가유공자,1,0
202605,KRICT,한국화학연구원,05,일반인,2,0
202605,KRICT,한국화학연구원,06,일반인,44,0
202605,KRICT,한국화학연구원,07,일반인,27,1
202605,KRICT,한국화학연구원,08,일반인,38,5
202605,KRICT,한국화학연구원,09,일반인,30,12
202605,KRICT,한국화학연구원,10,일반인,41,0
202605,KRICT,한국화학연구원,11,일반인,46,2
202605,KRICT,한국화학연구원,12,일반인,75,14
202605,KRICT,한국화학연구원,13,일반인,56,0
202605,KRICT,한국화학연구원,14,일반인,91,1
202605,KRICT,한국화학연구원,15,일반인,97,0
202605,KRICT,한국화학연구원,16,일반인,154,1
202605,KRICT,한국화학연구원,17,일반인,355,2
202605,KRICT,한국화학연구원,18,일반인,381,3
202605,KRICT,한국화학연구원,19,일반인,109,1
202605,KRICT,한국화학연구원,20,일반인,78,1
202605,KRICT,한국화학연구원,21,일반인,42,1
202605,KRICT,한국화학연구원,22,일반인,24,0
202605,KRICT,한국화학연구원,08,어린이,1,0
202605,KRICT,한국화학연구원,08,청소년,1,0
202605,KRICT,한국화학연구원,12,청소년,0,1
202605,KRICT,한국화학연구원,13,청소년,0,1
202605,KRICT,한국화학연구원,14,청소년,1,1
202605,KRICT,한국화학연구원,16,청소년,1,1
202605,KRICT,한국화학연구원,17,청소년,3,2
202605,KRICT,한국화학연구원,18,청소년,2,0
202605,KRICT,한국화학연구원,07,경로,17,0
202605,KRICT,한국화학연구원,09,경로,2,0
202605,KRICT,한국화학연구원,10,경로,2,0
202605,KRICT,한국화학연구원,12,경로,1,0
202605,KRICT,한국화학연구원,13,경로,4,3
202605,KRICT,한국화학연구원,14,경로,2,0
202605,KRICT,한국화학연구원,15,경로,4,0
202605,KRICT,한국화학연구원,16,경로,3,0
202605,KRICT,한국화학연구원,17,경로,2,0
202605,KRICT,한국화학연구원,16,장애인,1,0
202605,KRICT,한국화학연구원,15,국가유공자,3,0
202605,KRICT,한국화학연구원,18,국가유공자,7,0
202605,KRICT,한국화학연구원,06,일반인,0,25
202605,KRICT,한국화학연구원,07,일반인,0,95
202605,KRICT,한국화학연구원,08,일반인,0,118
202605,KRICT,한국화학연구원,09,일반인,2,100
202605,KRICT,한국화학연구원,10,일반인,1,33
202605,KRICT,한국화학연구원,11,일반인,5,13
202605,KRICT,한국화학연구원,12,일반인,5,17
202605,KRICT,한국화학연구원,13,일반인,3,18
202605,KRICT,한국화학연구원,14,일반인,3,22
202605,KRICT,한국화학연구원,15,일반인,3,16
202605,KRICT,한국화학연구원,16,일반인,5,29
202605,KRICT,한국화학연구원,17,일반인,9,24
202605,KRICT,한국화학연구원,18,일반인,2,29
202605,KRICT,한국화학연구원,19,일반인,2,25
202605,KRICT,한국화학연구원,20,일반인,5,16
202605,KRICT,한국화학연구원,21,일반인,2,24
202605,KRICT,한국화학연구원,22,일반인,3,29
202605,KRICT,한국화학연구원,23,일반인,0,4
202605,KRICT,한국화학연구원,18,어린이,0,1
202605,KRICT,한국화학연구원,11,청소년,0,1
202605,KRICT,한국화학연구원,13,청소년,0,3
202605,KRICT,한국화학연구원,14,청소년,1,1
202605,KRICT,한국화학연구원,16,청소년,1,2
202605,KRICT,한국화학연구원,20,청소년,0,1
202605,KRICT,한국화학연구원,21,청소년,0,1
202605,KRICT,한국화학연구원,22,청소년,0,1
202605,KRICT,한국화학연구원,23,청소년,0,1
202605,KRICT,한국화학연구원,07,경로,0,2
202605,KRICT,한국화학연구원,08,경로,0,1
202605,KRICT,한국화학연구원,09,경로,0,1
202605,KRICT,한국화학연구원,10,경로,0,3
202605,KRICT,한국화학연구원,11,경로,1,2
202605,KRICT,한국화학연구원,12,경로,0,2
202605,KRICT,한국화학연구원,13,경로,0,5
202605,KRICT,한국화학연구원,14,경로,2,6
202605,KRICT,한국화학연구원,15,경로,0,8
202605,KRICT,한국화학연구원,16,경로,0,4
202605,KRICT,한국화학연구원,17,경로,0,2
202605,KRICT,한국화학연구원,18,경로,1,0
202605,KRICT,한국화학연구원,19,경로,1,0
202605,KRICT,한국화학연구원,20,경로,0,1
202605,KRICT,한국화학연구원,21,경로,0,2
202605,KIMM,한국기계연구원,06,일반인,17,21
202605,KIMM,한국기계연구원,07,일반인,19,40
202605,KIMM,한국기계연구원,08,일반인,11,92
202605,KIMM,한국기계연구원,09,일반인,6,43
202605,KIMM,한국기계연구원,10,일반인,3,6
202605,KIMM,한국기계연구원,11,일반인,7,7
202605,KIMM,한국기계연구원,12,일반인,9,8
202605,KIMM,한국기계연구원,13,일반인,5,6
202605,KIMM,한국기계연구원,14,일반인,6,1
202605,KIMM,한국기계연구원,15,일반인,5,7
202605,KIMM,한국기계연구원,16,일반인,8,5
202605,KIMM,한국기계연구원,17,일반인,21,5
202605,KIMM,한국기계연구원,18,일반인,17,6
202605,KIMM,한국기계연구원,19,일반인,14,13
202605,KIMM,한국기계연구원,20,일반인,11,2
202605,KIMM,한국기계연구원,21,일반인,14,13
202605,KIMM,한국기계연구원,22,일반인,15,3
202605,KIMM,한국기계연구원,10,어린이,2,0
202605,KIMM,한국기계연구원,12,어린이,1,0
202605,KIMM,한국기계연구원,18,어린이,2,0
202605,KIMM,한국기계연구원,07,청소년,1,0
202605,KIMM,한국기계연구원,09,청소년,1,0
202605,KIMM,한국기계연구원,10,청소년,2,0
202605,KIMM,한국기계연구원,11,청소년,2,0
202605,KIMM,한국기계연구원,13,청소년,6,0
202605,KIMM,한국기계연구원,15,청소년,7,4
202605,KIMM,한국기계연구원,16,청소년,4,0
202605,KIMM,한국기계연구원,17,청소년,1,0
202605,KIMM,한국기계연구원,18,청소년,8,0
202605,KIMM,한국기계연구원,19,청소년,8,0
202605,KIMM,한국기계연구원,20,청소년,3,0
202605,KIMM,한국기계연구원,21,청소년,2,0
202605,KIMM,한국기계연구원,22,청소년,1,0
202605,KIMM,한국기계연구원,06,경로,0,3
202605,KIMM,한국기계연구원,08,경로,0,2
202605,KIMM,한국기계연구원,09,경로,0,1
202605,KIMM,한국기계연구원,10,경로,2,0
202605,KIMM,한국기계연구원,11,경로,0,1
202605,KIMM,한국기계연구원,12,경로,1,0
202605,KIMM,한국기계연구원,13,경로,0,7
202605,KIMM,한국기계연구원,14,경로,2,4
202605,KIMM,한국기계연구원,15,경로,0,2
202605,KIMM,한국기계연구원,16,경로,3,0
202605,KIMM,한국기계연구원,17,경로,0,3
202605,KIMM,한국기계연구원,19,경로,1,0
202605,KIMM,한국기계연구원,22,경로,0,1
202605,KIMM,한국기계연구원,05,일반인,1,0
202605,KIMM,한국기계연구원,06,일반인,2,5
202605,KIMM,한국기계연구원,07,일반인,3,40
202605,KIMM,한국기계연구원,08,일반인,6,21
202605,KIMM,한국기계연구원,09,일반인,6,12
202605,KIMM,한국기계연구원,10,일반인,14,11
202605,KIMM,한국기계연구원,11,일반인,12,6
202605,KIMM,한국기계연구원,12,일반인,9,12
202605,KIMM,한국기계연구원,13,일반인,37,10
202605,KIMM,한국기계연구원,14,일반인,32,6
202605,KIMM,한국기계연구원,15,일반인,26,10
202605,KIMM,한국기계연구원,16,일반인,54,19
202605,KIMM,한국기계연구원,17,일반인,62,16
202605,KIMM,한국기계연구원,18,일반인,85,18
202605,KIMM,한국기계연구원,19,일반인,21,8
202605,KIMM,한국기계연구원,20,일반인,18,5
202605,KIMM,한국기계연구원,21,일반인,21,2
202605,KIMM,한국기계연구원,22,일반인,18,4
202605,KIMM,한국기계연구원,10,어린이,0,1
202605,KIMM,한국기계연구원,12,어린이,0,1
202605,KIMM,한국기계연구원,14,어린이,0,2
202605,KIMM,한국기계연구원,15,어린이,0,1
202605,KIMM,한국기계연구원,16,어린이,0,11
202605,KIMM,한국기계연구원,17,어린이,0,10
202605,KIMM,한국기계연구원,18,어린이,0,2
202605,KIMM,한국기계연구원,19,어린이,0,1
202605,KIMM,한국기계연구원,07,청소년,0,9
202605,KIMM,한국기계연구원,08,청소년,0,17
202605,KIMM,한국기계연구원,11,청소년,0,2
202605,KIMM,한국기계연구원,12,청소년,1,4
202605,KIMM,한국기계연구원,13,청소년,2,3
202605,KIMM,한국기계연구원,14,청소년,0,2
202605,KIMM,한국기계연구원,15,청소년,2,2
202605,KIMM,한국기계연구원,16,청소년,1,1
202605,KIMM,한국기계연구원,17,청소년,2,8
202605,KIMM,한국기계연구원,18,청소년,0,4
202605,KIMM,한국기계연구원,19,청소년,0,1
202605,KIMM,한국기계연구원,21,청소년,0,1
202605,KIMM,한국기계연구원,08,경로,0,1
202605,KIMM,한국기계연구원,09,경로,0,1
202605,KIMM,한국기계연구원,10,경로,0,1
202605,KIMM,한국기계연구원,11,경로,4,2
202605,KIMM,한국기계연구원,12,경로,1,0
202605,KIMM,한국기계연구원,13,경로,3,0
202605,KIMM,한국기계연구원,14,경로,8,2
202605,KIMM,한국기계연구원,15,경로,3,2
202605,KIMM,한국기계연구원,16,경로,2,4
202605,KIMM,한국기계연구원,17,경로,0,1
202605,KIMM,한국기계연구원,16,장애인,2,0
202605,KIMM,한국기계연구원,17,장애인,12,0
202605,KRICT,한국화학연구원,06,일반인,5,11
202605,KRICT,한국화학연구원,07,일반인,3,9
202605,KRICT,한국화학연구원,08,일반인,20,3
202605,KRICT,한국화학연구원,09,일반인,5,12
202605,KRICT,한국화학연구원,10,일반인,15,3
202605,KRICT,한국화학연구원,11,일반인,30,1
202605,KRICT,한국화학연구원,12,일반인,23,10
202605,KRICT,한국화학연구원,13,일반인,34,9
202605,KRICT,한국화학연구원,14,일반인,29,4
202605,KRICT,한국화학연구원,15,일반인,95,1
202605,KRICT,한국화학연구원,16,일반인,87,9
202605,KRICT,한국화학연구원,17,일반인,223,6
202605,KRICT,한국화학연구원,18,일반인,161,6
202605,KRICT,한국화학연구원,19,일반인,48,0
202605,KRICT,한국화학연구원,20,일반인,26,1
202605,KRICT,한국화학연구원,21,일반인,29,0
202605,KRICT,한국화학연구원,22,일반인,38,0
202605,KRICT,한국화학연구원,12,청소년,0,2
202605,KRICT,한국화학연구원,15,청소년,1,1
202605,KRICT,한국화학연구원,17,청소년,0,1
202605,KRICT,한국화학연구원,18,청소년,1,1
202605,KRICT,한국화학연구원,20,청소년,1,0
202605,KRICT,한국화학연구원,09,경로,1,0
202605,KRICT,한국화학연구원,10,경로,2,0
202605,KRICT,한국화학연구원,11,경로,2,2
202605,KRICT,한국화학연구원,12,경로,2,2
202605,KRICT,한국화학연구원,13,경로,1,1
202605,KRICT,한국화학연구원,16,경로,5,2
202605,KRICT,한국화학연구원,17,경로,2,0
202605,KRICT,한국화학연구원,18,경로,1,0
202605,KRICT,한국화학연구원,15,장애인,1,0
202605,KRICT,한국화학연구원,22,장애인,1,0
202605,KIMM,한국기계연구원,06,일반인,16,13
202605,KIMM,한국기계연구원,07,일반인,77,35
202605,KIMM,한국기계연구원,08,일반인,99,76
202605,KIMM,한국기계연구원,09,일반인,103,39
202605,KIMM,한국기계연구원,10,일반인,40,17
202605,KIMM,한국기계연구원,11,일반인,22,13
202605,KIMM,한국기계연구원,12,일반인,39,9
202605,KIMM,한국기계연구원,13,일반인,76,9
202605,KIMM,한국기계연구원,14,일반인,61,12
202605,KIMM,한국기계연구원,15,일반인,130,10
202605,KIMM,한국기계연구원,16,일반인,155,30
202605,KIMM,한국기계연구원,17,일반인,105,14
202605,KIMM,한국기계연구원,18,일반인,117,11
202605,KIMM,한국기계연구원,19,일반인,67,13
202605,KIMM,한국기계연구원,20,일반인,93,7
202605,KIMM,한국기계연구원,21,일반인,75,23
202605,KIMM,한국기계연구원,22,일반인,14,13
202605,KIMM,한국기계연구원,23,일반인,2,3
202605,KIMM,한국기계연구원,13,어린이,1,0
202605,KIMM,한국기계연구원,14,어린이,1,0
202605,KIMM,한국기계연구원,15,어린이,1,0
202605,KIMM,한국기계연구원,16,어린이,10,0
202605,KIMM,한국기계연구원,17,어린이,11,0
202605,KIMM,한국기계연구원,18,어린이,3,0
202605,KIMM,한국기계연구원,19,어린이,3,0
202605,KIMM,한국기계연구원,20,어린이,1,0
202605,KIMM,한국기계연구원,07,청소년,9,0
202605,KIMM,한국기계연구원,08,청소년,18,0
202605,KIMM,한국기계연구원,09,청소년,1,0
202605,KIMM,한국기계연구원,11,청소년,2,0
202605,KIMM,한국기계연구원,12,청소년,2,0
202605,KIMM,한국기계연구원,13,청소년,2,0
202605,KIMM,한국기계연구원,14,청소년,4,0
202605,KIMM,한국기계연구원,15,청소년,5,0
202605,KIMM,한국기계연구원,16,청소년,4,1
202605,KIMM,한국기계연구원,17,청소년,3,0
202605,KIMM,한국기계연구원,18,청소년,4,0
202605,KIMM,한국기계연구원,19,청소년,2,0
202605,KIMM,한국기계연구원,20,청소년,1,0
202605,KIMM,한국기계연구원,21,청소년,5,0
202605,KIMM,한국기계연구원,23,청소년,1,1
202605,KIMM,한국기계연구원,06,경로,1,0
202605,KIMM,한국기계연구원,07,경로,6,0
202605,KIMM,한국기계연구원,08,경로,7,6
202605,KIMM,한국기계연구원,09,경로,24,2
202605,KIMM,한국기계연구원,10,경로,3,2
202605,KIMM,한국기계연구원,11,경로,5,1
202605,KIMM,한국기계연구원,12,경로,0,1
202605,KIMM,한국기계연구원,13,경로,23,2
202605,KIMM,한국기계연구원,14,경로,7,1
202605,KIMM,한국기계연구원,15,경로,15,0
202605,KIMM,한국기계연구원,16,경로,10,10
202605,KIMM,한국기계연구원,17,경로,2,0
202605,KIMM,한국기계연구원,18,경로,3,0
202605,KIMM,한국기계연구원,19,경로,3,2
202605,KIMM,한국기계연구원,20,경로,2,0
202605,KIMM,한국기계연구원,21,경로,2,0
202605,KIMM,한국기계연구원,07,장애인,1,0
202605,KIMM,한국기계연구원,05,일반인,1,14
202605,KIMM,한국기계연구원,06,일반인,6,113
202605,KIMM,한국기계연구원,07,일반인,3,132
202605,KIMM,한국기계연구원,08,일반인,14,295
202605,KIMM,한국기계연구원,09,일반인,15,88
202605,KIMM,한국기계연구원,10,일반인,6,65
202605,KIMM,한국기계연구원,11,일반인,17,32
202605,KIMM,한국기계연구원,12,일반인,23,30
202605,KIMM,한국기계연구원,13,일반인,16,38
202605,KIMM,한국기계연구원,14,일반인,20,42
202605,KIMM,한국기계연구원,15,일반인,39,53
202605,KIMM,한국기계연구원,16,일반인,23,68
202605,KIMM,한국기계연구원,17,일반인,32,119
202605,KIMM,한국기계연구원,18,일반인,70,79
202605,KIMM,한국기계연구원,19,일반인,24,67
202605,KIMM,한국기계연구원,20,일반인,37,65
202605,KIMM,한국기계연구원,21,일반인,20,89
202605,KIMM,한국기계연구원,22,일반인,30,112
202605,KIMM,한국기계연구원,23,일반인,12,37
202605,KIMM,한국기계연구원,09,어린이,0,2
202605,KIMM,한국기계연구원,12,어린이,0,1
202605,KIMM,한국기계연구원,15,어린이,0,1
202605,KIMM,한국기계연구원,18,어린이,0,1
202605,KIMM,한국기계연구원,08,청소년,1,2
202605,KIMM,한국기계연구원,09,청소년,1,2
202605,KIMM,한국기계연구원,10,청소년,0,1
202605,KIMM,한국기계연구원,11,청소년,0,5
202605,KIMM,한국기계연구원,13,청소년,0,4
202605,KIMM,한국기계연구원,14,청소년,1,3
202605,KIMM,한국기계연구원,15,청소년,0,13
202605,KIMM,한국기계연구원,16,청소년,0,17
202605,KIMM,한국기계연구원,17,청소년,1,5
202605,KIMM,한국기계연구원,18,청소년,0,12
202605,KIMM,한국기계연구원,19,청소년,0,12
202605,KIMM,한국기계연구원,20,청소년,1,3
202605,KIMM,한국기계연구원,21,청소년,0,5
202605,KIMM,한국기계연구원,22,청소년,0,1
202605,KIMM,한국기계연구원,06,경로,0,16
202605,KIMM,한국기계연구원,07,경로,0,1
202605,KIMM,한국기계연구원,08,경로,1,3
202605,KIMM,한국기계연구원,09,경로,1,4
202605,KIMM,한국기계연구원,10,경로,3,11
202605,KIMM,한국기계연구원,11,경로,1,38
202605,KIMM,한국기계연구원,12,경로,0,3
202605,KIMM,한국기계연구원,13,경로,2,7
202605,KIMM,한국기계연구원,14,경로,1,3
202605,KIMM,한국기계연구원,15,경로,5,1
202605,KIMM,한국기계연구원,16,경로,1,5
202605,KIMM,한국기계연구원,17,경로,1,3
202605,KIMM,한국기계연구원,18,경로,0,6
202605,KIMM,한국기계연구원,19,경로,0,10
202605,KIMM,한국기계연구원,20,경로,1,11
202605,KIMM,한국기계연구원,22,경로,0,2
202605,KIMM,한국기계연구원,15,장애인,1,2
202605,KIMM,한국기계연구원,18,장애인,0,1
202605,KRICT,한국화학연구원,06,일반인,5,25
202605,KRICT,한국화학연구원,07,일반인,2,71
202605,KRICT,한국화학연구원,08,일반인,16,94
202605,KRICT,한국화학연구원,09,일반인,24,77
202605,KRICT,한국화학연구원,10,일반인,14,11
202605,KRICT,한국화학연구원,11,일반인,28,10
202605,KRICT,한국화학연구원,12,일반인,46,8
202605,KRICT,한국화학연구원,13,일반인,45,7
202605,KRICT,한국화학연구원,14,일반인,69,11
202605,KRICT,한국화학연구원,15,일반인,91,7
202605,KRICT,한국화학연구원,16,일반인,86,17
202605,KRICT,한국화학연구원,17,일반인,153,20
202605,KRICT,한국화학연구원,18,일반인,135,29
202605,KRICT,한국화학연구원,19,일반인,85,14
202605,KRICT,한국화학연구원,20,일반인,59,5
202605,KRICT,한국화학연구원,21,일반인,39,11
202605,KRICT,한국화학연구원,22,일반인,31,8
202605,KRICT,한국화학연구원,23,일반인,22,1
202605,KRICT,한국화학연구원,08,청소년,0,1
202605,KRICT,한국화학연구원,09,청소년,0,1
202605,KRICT,한국화학연구원,10,청소년,0,1
202605,KRICT,한국화학연구원,12,청소년,0,1
202605,KRICT,한국화학연구원,13,청소년,7,2
202605,KRICT,한국화학연구원,17,청소년,0,6
202605,KRICT,한국화학연구원,18,청소년,0,2
202605,KRICT,한국화학연구원,19,청소년,0,2
202605,KRICT,한국화학연구원,20,청소년,0,1
202605,KRICT,한국화학연구원,21,청소년,0,1
202605,KRICT,한국화학연구원,22,청소년,1,2
202605,KRICT,한국화학연구원,06,경로,0,1
202605,KRICT,한국화학연구원,07,경로,0,3
202605,KRICT,한국화학연구원,08,경로,0,1
202605,KRICT,한국화학연구원,09,경로,0,6
202605,KRICT,한국화학연구원,10,경로,2,6
202605,KRICT,한국화학연구원,11,경로,3,4
202605,KRICT,한국화학연구원,14,경로,1,3
202605,KRICT,한국화학연구원,15,경로,1,2
202605,KRICT,한국화학연구원,16,경로,2,0
202605,KRICT,한국화학연구원,17,경로,2,0
202605,KRICT,한국화학연구원,18,경로,0,2
202605,KRICT,한국화학연구원,20,경로,0,1
202605,KRICT,한국화학연구원,22,경로,0,2
202605,KRICT,한국화학연구원,14,장애인,1,0
202605,KRICT,한국화학연구원,21,장애인,1,0
202605,KRICT,한국화학연구원,11,국가유공자,0,1
202605,KRICT,한국화학연구원,13,국가유공자,0,1
202605,KRICT,한국화학연구원,17,국가유공자,1,0
202605,KRICT,한국화학연구원,10,일반인,2,0
202605,KRICT,한국화학연구원,14,일반인,4,1
202605,KRICT,한국화학연구원,15,일반인,1,0
202605,KASI,한국천문연구원,06,일반인,1,6
202605,KASI,한국천문연구원,07,일반인,1,31
202605,KASI,한국천문연구원,08,일반인,10,25
202605,KASI,한국천문연구원,09,일반인,4,23
202605,KASI,한국천문연구원,10,일반인,3,6
202605,KASI,한국천문연구원,11,일반인,9,2
202605,KASI,한국천문연구원,12,일반인,10,3
202605,KASI,한국천문연구원,13,일반인,6,4
202605,KASI,한국천문연구원,14,일반인,15,4
202605,KASI,한국천문연구원,15,일반인,19,1
202605,KASI,한국천문연구원,16,일반인,43,2
202605,KASI,한국천문연구원,17,일반인,92,1
202605,KASI,한국천문연구원,18,일반인,107,3
202605,KASI,한국천문연구원,19,일반인,56,2
202605,KASI,한국천문연구원,20,일반인,35,0
202605,KASI,한국천문연구원,21,일반인,31,1
202605,KASI,한국천문연구원,22,일반인,22,4
202605,KASI,한국천문연구원,16,청소년,1,0
202605,KASI,한국천문연구원,10,경로,1,0
202605,KASI,한국천문연구원,11,경로,2,0
202605,KASI,한국천문연구원,16,경로,0,1
202605,KASI,한국천문연구원,19,경로,0,1
202605,KASI,한국천문연구원,08,국가유공자,0,6
202605,KASI,한국천문연구원,12,국가유공자,0,2
202605,KASI,한국천문연구원,13,국가유공자,0,2
202605,KASI,한국천문연구원,06,일반인,0,3
202605,KASI,한국천문연구원,07,일반인,1,69
202605,KASI,한국천문연구원,08,일반인,4,29
202605,KASI,한국천문연구원,09,일반인,3,86
202605,KASI,한국천문연구원,10,일반인,0,49
202605,KASI,한국천문연구원,11,일반인,2,37
202605,KASI,한국천문연구원,12,일반인,3,31
202605,KASI,한국천문연구원,13,일반인,1,26
202605,KASI,한국천문연구원,14,일반인,1,13
202605,KASI,한국천문연구원,15,일반인,6,8
202605,KASI,한국천문연구원,16,일반인,19,9
202605,KASI,한국천문연구원,17,일반인,17,8
202605,KASI,한국천문연구원,18,일반인,44,2
202605,KASI,한국천문연구원,19,일반인,7,5
202605,KASI,한국천문연구원,20,일반인,10,7
202605,KASI,한국천문연구원,21,일반인,4,26
202605,KASI,한국천문연구원,22,일반인,9,10
202605,KASI,한국천문연구원,23,일반인,0,1
202605,KASI,한국천문연구원,14,청소년,0,1
202605,KASI,한국천문연구원,06,경로,6,0
202605,KASI,한국천문연구원,07,경로,0,1
202605,KASI,한국천문연구원,08,경로,0,1
202605,KASI,한국천문연구원,09,경로,0,1
202605,KASI,한국천문연구원,13,경로,0,1
202605,KASI,한국천문연구원,14,경로,0,1
202605,KASI,한국천문연구원,05,일반인,1,0
202605,KASI,한국천문연구원,06,일반인,4,34
202605,KASI,한국천문연구원,07,일반인,22,28
202605,KASI,한국천문연구원,08,일반인,21,127
202605,KASI,한국천문연구원,09,일반인,18,61
202605,KASI,한국천문연구원,10,일반인,26,47
202605,KASI,한국천문연구원,11,일반인,59,26
202605,KASI,한국천문연구원,12,일반인,49,35
202605,KASI,한국천문연구원,13,일반인,38,20
202605,KASI,한국천문연구원,14,일반인,42,16
202605,KASI,한국천문연구원,15,일반인,94,16
202605,KASI,한국천문연구원,16,일반인,144,3
202605,KASI,한국천문연구원,17,일반인,255,5
202605,KASI,한국천문연구원,18,일반인,433,11
202605,KASI,한국천문연구원,19,일반인,156,11
202605,KASI,한국천문연구원,20,일반인,84,8
202605,KASI,한국천문연구원,21,일반인,43,7
202605,KASI,한국천문연구원,22,일반인,75,2
202605,KASI,한국천문연구원,15,어린이,0,1
202605,KASI,한국천문연구원,09,청소년,1,0
202605,KASI,한국천문연구원,12,청소년,2,1
202605,KASI,한국천문연구원,16,청소년,3,0
202605,KASI,한국천문연구원,18,청소년,1,0
202605,KASI,한국천문연구원,06,경로,10,0
202605,KASI,한국천문연구원,07,경로,1,0
202605,KASI,한국천문연구원,10,경로,2,0
202605,KASI,한국천문연구원,11,경로,1,1
202605,KASI,한국천문연구원,14,경로,0,1
202605,KASI,한국천문연구원,15,경로,0,3
202605,KASI,한국천문연구원,16,경로,6,3
202605,KASI,한국천문연구원,17,경로,6,0
202605,KASI,한국천문연구원,18,경로,1,0
202605,KASI,한국천문연구원,19,경로,0,8
202605,KASI,한국천문연구원,20,경로,0,1
202605,KASI,한국천문연구원,08,국가유공자,0,2
202605,KASI,한국천문연구원,09,국가유공자,0,1
202605,KASI,한국천문연구원,12,국가유공자,0,2
202605,KASI,한국천문연구원,13,국가유공자,0,5
202605,KASI,한국천문연구원,06,일반인,4,84
202605,KASI,한국천문연구원,07,일반인,8,72
202605,KASI,한국천문연구원,08,일반인,25,126
202605,KASI,한국천문연구원,09,일반인,19,366
202605,KASI,한국천문연구원,10,일반인,5,195
202605,KASI,한국천문연구원,11,일반인,47,113
202605,KASI,한국천문연구원,12,일반인,16,93
202605,KASI,한국천문연구원,13,일반인,10,57
202605,KASI,한국천문연구원,14,일반인,28,40
202605,KASI,한국천문연구원,15,일반인,29,40
202605,KASI,한국천문연구원,16,일반인,30,31
202605,KASI,한국천문연구원,17,일반인,103,26
202605,KASI,한국천문연구원,18,일반인,218,28
202605,KASI,한국천문연구원,19,일반인,58,29
202605,KASI,한국천문연구원,20,일반인,54,30
202605,KASI,한국천문연구원,21,일반인,30,33
202605,KASI,한국천문연구원,22,일반인,15,34
202605,KASI,한국천문연구원,23,일반인,3,2
202605,KASI,한국천문연구원,13,어린이,0,1
202605,KASI,한국천문연구원,16,어린이,0,1
202605,KASI,한국천문연구원,18,어린이,0,1
202605,KASI,한국천문연구원,12,청소년,1,0
202605,KASI,한국천문연구원,14,청소년,0,3
202605,KASI,한국천문연구원,16,청소년,0,1
202605,KASI,한국천문연구원,17,청소년,1,2
202605,KASI,한국천문연구원,18,청소년,0,1
202605,KASI,한국천문연구원,20,청소년,0,1
202605,KASI,한국천문연구원,06,경로,3,16
202605,KASI,한국천문연구원,08,경로,2,0
202605,KASI,한국천문연구원,09,경로,3,2
202605,KASI,한국천문연구원,10,경로,1,0
202605,KASI,한국천문연구원,11,경로,2,2
202605,KASI,한국천문연구원,12,경로,2,0
202605,KASI,한국천문연구원,13,경로,1,7
202605,KASI,한국천문연구원,14,경로,2,4
202605,KASI,한국천문연구원,18,경로,0,3
202605,KASI,한국천문연구원,19,경로,0,3
202605,KASI,한국천문연구원,10,국가유공자,5,0
202605,KASI,한국천문연구원,11,국가유공자,5,0
202605,KASI,한국천문연구원,16,국가유공자,1,0
202605,KASI,한국천문연구원,17,국가유공자,3,0
202605,_유성구전체,,00,전체,705,1699
202605,_유성구전체,,01,전체,2,370
202605,_유성구전체,,04,전체,13,0
202605,_유성구전체,,05,전체,12866,4253
202605,_유성구전체,,06,전체,62861,57862
202605,_유성구전체,,07,전체,149895,129590
202605,_유성구전체,,08,전체,184668,213204
202605,_유성구전체,,09,전체,147827,173388
202605,_유성구전체,,10,전체,120282,127838
202605,_유성구전체,,11,전체,129824,128844
202605,_유성구전체,,12,전체,152227,141926
202605,_유성구전체,,13,전체,155375,147406
202605,_유성구전체,,14,전체,159002,140165
202605,_유성구전체,,15,전체,196412,162776
202605,_유성구전체,,16,전체,226140,184239
202605,_유성구전체,,17,전체,232085,190615
202605,_유성구전체,,18,전체,238222,209125
202605,_유성구전체,,19,전체,146018,138241
202605,_유성구전체,,20,전체,133598,108393
202605,_유성구전체,,21,전체,124556,104686
202605,_유성구전체,,22,전체,92440,88777
202605,_유성구전체,,23,전체,14899,25868
