운행연월,노드,정류장명,시간대,이용자유형,승차,하차
202607,CNU,충남대학교,06,일반인,18,8
202607,CNU,충남대학교,07,일반인,81,16
202607,CNU,충남대학교,08,일반인,100,153
202607,CNU,충남대학교,09,일반인,52,70
202607,CNU,충남대학교,10,일반인,42,56
202607,CNU,충남대학교,11,일반인,42,22
202607,CNU,충남대학교,12,일반인,28,12
202607,CNU,충남대학교,13,일반인,50,109
202607,CNU,충남대학교,14,일반인,43,42
202607,CNU,충남대학교,15,일반인,36,19
202607,CNU,충남대학교,16,일반인,69,28
202607,CNU,충남대학교,17,일반인,97,24
202607,CNU,충남대학교,18,일반인,86,6
202607,CNU,충남대학교,19,일반인,57,21
202607,CNU,충남대학교,20,일반인,55,11
202607,CNU,충남대학교,21,일반인,38,8
202607,CNU,충남대학교,22,일반인,64,14
202607,CNU,충남대학교,15,어린이,0,1
202607,CNU,충남대학교,17,어린이,1,0
202607,CNU,충남대학교,19,어린이,1,0
202607,CNU,충남대학교,06,청소년,1,0
202607,CNU,충남대학교,08,청소년,0,3
202607,CNU,충남대학교,09,청소년,0,2
202607,CNU,충남대학교,10,청소년,1,1
202607,CNU,충남대학교,11,청소년,6,1
202607,CNU,충남대학교,12,청소년,1,1
202607,CNU,충남대학교,13,청소년,0,2
202607,CNU,충남대학교,14,청소년,0,2
202607,CNU,충남대학교,15,청소년,3,0
202607,CNU,충남대학교,16,청소년,13,2
202607,CNU,충남대학교,17,청소년,13,1
202607,CNU,충남대학교,18,청소년,6,0
202607,CNU,충남대학교,19,청소년,8,1
202607,CNU,충남대학교,20,청소년,14,2
202607,CNU,충남대학교,21,청소년,19,0
202607,CNU,충남대학교,22,청소년,16,0
202607,CNU,충남대학교,06,경로,1,1
202607,CNU,충남대학교,07,경로,6,5
202607,CNU,충남대학교,08,경로,12,4
202607,CNU,충남대학교,09,경로,11,5
202607,CNU,충남대학교,10,경로,18,5
202607,CNU,충남대학교,11,경로,10,8
202607,CNU,충남대학교,12,경로,14,5
202607,CNU,충남대학교,13,경로,15,8
202607,CNU,충남대학교,14,경로,10,6
202607,CNU,충남대학교,15,경로,14,4
202607,CNU,충남대학교,16,경로,10,3
202607,CNU,충남대학교,17,경로,11,5
202607,CNU,충남대학교,18,경로,6,2
202607,CNU,충남대학교,19,경로,5,1
202607,CNU,충남대학교,20,경로,3,0
202607,CNU,충남대학교,22,경로,0,4
202607,CNU,충남대학교,08,국가유공자,0,1
202607,CNU,충남대학교,19,국가유공자,1,0
202607,CNU,충남대학교,06,일반인,0,1
202607,CNU,충남대학교,07,일반인,3,8
202607,CNU,충남대학교,08,일반인,10,21
202607,CNU,충남대학교,09,일반인,2,30
202607,CNU,충남대학교,10,일반인,2,21
202607,CNU,충남대학교,11,일반인,7,24
202607,CNU,충남대학교,12,일반인,2,27
202607,CNU,충남대학교,13,일반인,17,42
202607,CNU,충남대학교,14,일반인,5,17
202607,CNU,충남대학교,15,일반인,1,14
202607,CNU,충남대학교,16,일반인,7,21
202607,CNU,충남대학교,17,일반인,9,22
202607,CNU,충남대학교,18,일반인,9,39
202607,CNU,충남대학교,19,일반인,10,32
202607,CNU,충남대학교,20,일반인,5,16
202607,CNU,충남대학교,21,일반인,13,28
202607,CNU,충남대학교,22,일반인,3,12
202607,CNU,충남대학교,23,일반인,2,1
202607,CNU,충남대학교,12,어린이,0,1
202607,CNU,충남대학교,10,청소년,0,1
202607,CNU,충남대학교,11,청소년,0,1
202607,CNU,충남대학교,12,청소년,1,2
202607,CNU,충남대학교,13,청소년,0,2
202607,CNU,충남대학교,14,청소년,0,1
202607,CNU,충남대학교,15,청소년,0,1
202607,CNU,충남대학교,17,청소년,0,2
202607,CNU,충남대학교,18,청소년,0,1
202607,CNU,충남대학교,19,청소년,0,1
202607,CNU,충남대학교,21,청소년,1,0
202607,CNU,충남대학교,22,청소년,1,1
202607,CNU,충남대학교,23,청소년,0,1
202607,CNU,충남대학교,08,경로,0,1
202607,CNU,충남대학교,09,경로,0,4
202607,CNU,충남대학교,10,경로,1,0
202607,CNU,충남대학교,11,경로,1,5
202607,CNU,충남대학교,12,경로,1,8
202607,CNU,충남대학교,13,경로,3,4
202607,CNU,충남대학교,14,경로,0,3
202607,CNU,충남대학교,15,경로,0,1
202607,CNU,충남대학교,16,경로,0,1
202607,CNU,충남대학교,17,경로,0,2
202607,CNU,충남대학교,18,경로,0,1
202607,CNU,충남대학교,20,경로,1,0
202607,CNU,충남대학교,06,일반인,46,74
202607,CNU,충남대학교,07,일반인,55,176
202607,CNU,충남대학교,08,일반인,22,303
202607,CNU,충남대학교,09,일반인,29,277
202607,CNU,충남대학교,10,일반인,40,171
202607,CNU,충남대학교,11,일반인,24,100
202607,CNU,충남대학교,12,일반인,52,114
202607,CNU,충남대학교,13,일반인,85,177
202607,CNU,충남대학교,14,일반인,33,111
202607,CNU,충남대학교,15,일반인,50,122
202607,CNU,충남대학교,16,일반인,103,214
202607,CNU,충남대학교,17,일반인,97,239
202607,CNU,충남대학교,18,일반인,119,435
202607,CNU,충남대학교,19,일반인,67,223
202607,CNU,충남대학교,20,일반인,72,228
202607,CNU,충남대학교,21,일반인,84,141
202607,CNU,충남대학교,22,일반인,69,117
202607,CNU,충남대학교,23,일반인,9,20
202607,CNU,충남대학교,08,어린이,0,4
202607,CNU,충남대학교,09,어린이,0,5
202607,CNU,충남대학교,10,어린이,0,2
202607,CNU,충남대학교,11,어린이,0,1
202607,CNU,충남대학교,13,어린이,1,3
202607,CNU,충남대학교,15,어린이,0,2
202607,CNU,충남대학교,16,어린이,0,3
202607,CNU,충남대학교,17,어린이,0,4
202607,CNU,충남대학교,18,어린이,0,5
202607,CNU,충남대학교,19,어린이,0,1
202607,CNU,충남대학교,20,어린이,2,0
202607,CNU,충남대학교,07,청소년,33,12
202607,CNU,충남대학교,08,청소년,8,6
202607,CNU,충남대학교,09,청소년,4,30
202607,CNU,충남대학교,10,청소년,0,4
202607,CNU,충남대학교,11,청소년,1,3
202607,CNU,충남대학교,12,청소년,3,10
202607,CNU,충남대학교,13,청소년,7,26
202607,CNU,충남대학교,14,청소년,3,12
202607,CNU,충남대학교,15,청소년,7,12
202607,CNU,충남대학교,16,청소년,17,30
202607,CNU,충남대학교,17,청소년,14,17
202607,CNU,충남대학교,18,청소년,12,15
202607,CNU,충남대학교,19,청소년,4,6
202607,CNU,충남대학교,20,청소년,6,12
202607,CNU,충남대학교,21,청소년,5,3
202607,CNU,충남대학교,22,청소년,8,3
202607,CNU,충남대학교,23,청소년,4,1
202607,CNU,충남대학교,06,경로,2,22
202607,CNU,충남대학교,07,경로,1,30
202607,CNU,충남대학교,08,경로,8,10
202607,CNU,충남대학교,09,경로,17,37
202607,CNU,충남대학교,10,경로,15,51
202607,CNU,충남대학교,11,경로,9,21
202607,CNU,충남대학교,12,경로,20,11
202607,CNU,충남대학교,13,경로,24,34
202607,CNU,충남대학교,14,경로,12,46
202607,CNU,충남대학교,15,경로,11,25
202607,CNU,충남대학교,16,경로,28,25
202607,CNU,충남대학교,17,경로,12,11
202607,CNU,충남대학교,18,경로,10,4
202607,CNU,충남대학교,19,경로,6,6
202607,CNU,충남대학교,20,경로,0,11
202607,CNU,충남대학교,21,경로,1,4
202607,CNU,충남대학교,08,장애인,0,1
202607,CNU,충남대학교,10,장애인,0,1
202607,CNU,충남대학교,17,장애인,1,0
202607,CNU,충남대학교,09,국가유공자,0,1
202607,CNU,충남대학교,06,일반인,26,12
202607,CNU,충남대학교,07,일반인,115,17
202607,CNU,충남대학교,08,일반인,275,24
202607,CNU,충남대학교,09,일반인,151,13
202607,CNU,충남대학교,10,일반인,116,24
202607,CNU,충남대학교,11,일반인,101,7
202607,CNU,충남대학교,12,일반인,136,32
202607,CNU,충남대학교,13,일반인,147,44
202607,CNU,충남대학교,14,일반인,97,24
202607,CNU,충남대학교,15,일반인,114,28
202607,CNU,충남대학교,16,일반인,81,27
202607,CNU,충남대학교,17,일반인,107,25
202607,CNU,충남대학교,18,일반인,131,53
202607,CNU,충남대학교,19,일반인,56,16
202607,CNU,충남대학교,20,일반인,102,14
202607,CNU,충남대학교,21,일반인,71,11
202607,CNU,충남대학교,22,일반인,90,16
202607,CNU,충남대학교,11,어린이,1,0
202607,CNU,충남대학교,12,어린이,1,0
202607,CNU,충남대학교,13,어린이,0,2
202607,CNU,충남대학교,14,어린이,0,1
202607,CNU,충남대학교,15,어린이,3,0
202607,CNU,충남대학교,16,어린이,2,0
202607,CNU,충남대학교,17,어린이,1,0
202607,CNU,충남대학교,18,어린이,1,0
202607,CNU,충남대학교,19,어린이,2,2
202607,CNU,충남대학교,20,어린이,3,0
202607,CNU,충남대학교,07,청소년,8,1
202607,CNU,충남대학교,08,청소년,5,1
202607,CNU,충남대학교,09,청소년,2,3
202607,CNU,충남대학교,10,청소년,3,3
202607,CNU,충남대학교,11,청소년,8,0
202607,CNU,충남대학교,12,청소년,9,7
202607,CNU,충남대학교,13,청소년,5,3
202607,CNU,충남대학교,14,청소년,1,3
202607,CNU,충남대학교,15,청소년,8,7
202607,CNU,충남대학교,16,청소년,7,10
202607,CNU,충남대학교,17,청소년,8,5
202607,CNU,충남대학교,18,청소년,4,2
202607,CNU,충남대학교,19,청소년,5,4
202607,CNU,충남대학교,20,청소년,8,1
202607,CNU,충남대학교,21,청소년,6,4
202607,CNU,충남대학교,22,청소년,6,1
202607,CNU,충남대학교,06,경로,0,2
202607,CNU,충남대학교,07,경로,0,3
202607,CNU,충남대학교,08,경로,1,0
202607,CNU,충남대학교,09,경로,1,1
202607,CNU,충남대학교,10,경로,4,2
202607,CNU,충남대학교,11,경로,5,4
202607,CNU,충남대학교,12,경로,17,2
202607,CNU,충남대학교,13,경로,15,3
202607,CNU,충남대학교,14,경로,4,0
202607,CNU,충남대학교,15,경로,5,6
202607,CNU,충남대학교,16,경로,5,1
202607,CNU,충남대학교,17,경로,2,6
202607,CNU,충남대학교,18,경로,4,9
202607,CNU,충남대학교,19,경로,1,0
202607,CNU,충남대학교,20,경로,5,0
202607,CNU,충남대학교,21,경로,2,1
202607,CNU,충남대학교,22,경로,1,0
202607,CNU,충남대학교,06,일반인,85,32
202607,CNU,충남대학교,07,일반인,55,46
202607,CNU,충남대학교,08,일반인,129,161
202607,CNU,충남대학교,09,일반인,90,145
202607,CNU,충남대학교,10,일반인,119,98
202607,CNU,충남대학교,11,일반인,125,53
202607,CNU,충남대학교,12,일반인,153,142
202607,CNU,충남대학교,13,일반인,139,93
202607,CNU,충남대학교,14,일반인,160,82
202607,CNU,충남대학교,15,일반인,188,98
202607,CNU,충남대학교,16,일반인,202,93
202607,CNU,충남대학교,17,일반인,250,163
202607,CNU,충남대학교,18,일반인,281,216
202607,CNU,충남대학교,19,일반인,131,84
202607,CNU,충남대학교,20,일반인,146,148
202607,CNU,충남대학교,21,일반인,131,149
202607,CNU,충남대학교,22,일반인,145,117
202607,CNU,충남대학교,08,어린이,0,2
202607,CNU,충남대학교,09,어린이,1,0
202607,CNU,충남대학교,11,어린이,2,0
202607,CNU,충남대학교,13,어린이,0,1
202607,CNU,충남대학교,14,어린이,1,0
202607,CNU,충남대학교,15,어린이,4,6
202607,CNU,충남대학교,16,어린이,1,0
202607,CNU,충남대학교,19,어린이,1,0
202607,CNU,충남대학교,06,청소년,4,1
202607,CNU,충남대학교,07,청소년,2,12
202607,CNU,충남대학교,08,청소년,3,17
202607,CNU,충남대학교,09,청소년,1,1
202607,CNU,충남대학교,10,청소년,5,4
202607,CNU,충남대학교,11,청소년,8,10
202607,CNU,충남대학교,12,청소년,10,21
202607,CNU,충남대학교,13,청소년,6,9
202607,CNU,충남대학교,14,청소년,13,15
202607,CNU,충남대학교,15,청소년,16,26
202607,CNU,충남대학교,16,청소년,31,25
202607,CNU,충남대학교,17,청소년,10,25
202607,CNU,충남대학교,18,청소년,13,21
202607,CNU,충남대학교,19,청소년,3,8
202607,CNU,충남대학교,20,청소년,3,4
202607,CNU,충남대학교,21,청소년,7,21
202607,CNU,충남대학교,22,청소년,10,7
202607,CNU,충남대학교,06,경로,3,31
202607,CNU,충남대학교,07,경로,5,16
202607,CNU,충남대학교,08,경로,14,10
202607,CNU,충남대학교,09,경로,17,23
202607,CNU,충남대학교,10,경로,31,32
202607,CNU,충남대학교,11,경로,25,24
202607,CNU,충남대학교,12,경로,25,18
202607,CNU,충남대학교,13,경로,20,11
202607,CNU,충남대학교,14,경로,36,19
202607,CNU,충남대학교,15,경로,51,36
202607,CNU,충남대학교,16,경로,62,26
202607,CNU,충남대학교,17,경로,7,13
202607,CNU,충남대학교,18,경로,8,4
202607,CNU,충남대학교,19,경로,6,2
202607,CNU,충남대학교,20,경로,1,2
202607,CNU,충남대학교,21,경로,1,9
202607,CNU,충남대학교,22,경로,2,4
202607,CNU,충남대학교,08,장애인,1,0
202607,CNU,충남대학교,10,장애인,1,0
202607,CNU,충남대학교,12,장애인,1,0
202607,CNU,충남대학교,13,장애인,0,1
202607,CNU,충남대학교,16,장애인,1,0
202607,CNU,충남대학교,17,장애인,0,2
202607,CNU,충남대학교,18,장애인,0,1
202607,CNU,충남대학교,10,국가유공자,2,0
202607,CNU,충남대학교,14,국가유공자,1,0
202607,CNU,충남대학교,15,국가유공자,7,0
202607,CNU,충남대학교,16,국가유공자,3,0
202607,CNU,충남대학교,06,일반인,29,10
202607,CNU,충남대학교,07,일반인,59,48
202607,CNU,충남대학교,08,일반인,89,159
202607,CNU,충남대학교,09,일반인,76,97
202607,CNU,충남대학교,10,일반인,63,65
202607,CNU,충남대학교,11,일반인,64,48
202607,CNU,충남대학교,12,일반인,105,94
202607,CNU,충남대학교,13,일반인,90,66
202607,CNU,충남대학교,14,일반인,76,54
202607,CNU,충남대학교,15,일반인,83,76
202607,CNU,충남대학교,16,일반인,149,67
202607,CNU,충남대학교,17,일반인,176,92
202607,CNU,충남대학교,18,일반인,201,94
202607,CNU,충남대학교,19,일반인,140,109
202607,CNU,충남대학교,20,일반인,100,41
202607,CNU,충남대학교,21,일반인,108,68
202607,CNU,충남대학교,22,일반인,125,55
202607,CNU,충남대학교,23,일반인,28,16
202607,CNU,충남대학교,10,어린이,1,0
202607,CNU,충남대학교,12,어린이,3,0
202607,CNU,충남대학교,13,어린이,2,2
202607,CNU,충남대학교,14,어린이,1,1
202607,CNU,충남대학교,15,어린이,3,0
202607,CNU,충남대학교,18,어린이,1,2
202607,CNU,충남대학교,19,어린이,1,0
202607,CNU,충남대학교,20,어린이,4,0
202607,CNU,충남대학교,07,청소년,2,1
202607,CNU,충남대학교,08,청소년,0,4
202607,CNU,충남대학교,09,청소년,5,5
202607,CNU,충남대학교,10,청소년,1,1
202607,CNU,충남대학교,11,청소년,9,7
202607,CNU,충남대학교,12,청소년,13,0
202607,CNU,충남대학교,13,청소년,4,8
202607,CNU,충남대학교,14,청소년,7,6
202607,CNU,충남대학교,15,청소년,15,2
202607,CNU,충남대학교,16,청소년,25,9
202607,CNU,충남대학교,17,청소년,8,9
202607,CNU,충남대학교,18,청소년,12,5
202607,CNU,충남대학교,19,청소년,13,4
202607,CNU,충남대학교,20,청소년,17,4
202607,CNU,충남대학교,21,청소년,13,7
202607,CNU,충남대학교,22,청소년,15,3
202607,CNU,충남대학교,23,청소년,2,3
202607,CNU,충남대학교,06,경로,24,0
202607,CNU,충남대학교,07,경로,23,34
202607,CNU,충남대학교,08,경로,21,10
202607,CNU,충남대학교,09,경로,17,8
202607,CNU,충남대학교,10,경로,9,6
202607,CNU,충남대학교,11,경로,10,8
202607,CNU,충남대학교,12,경로,14,15
202607,CNU,충남대학교,13,경로,18,16
202607,CNU,충남대학교,14,경로,12,10
202607,CNU,충남대학교,15,경로,14,19
202607,CNU,충남대학교,16,경로,10,17
202607,CNU,충남대학교,17,경로,6,11
202607,CNU,충남대학교,18,경로,10,15
202607,CNU,충남대학교,19,경로,4,12
202607,CNU,충남대학교,20,경로,2,7
202607,CNU,충남대학교,21,경로,4,5
202607,CNU,충남대학교,22,경로,0,2
202607,CNU,충남대학교,09,장애인,1,0
202607,CNU,충남대학교,16,국가유공자,1,0
202607,CNU,충남대학교,05,일반인,14,20
202607,CNU,충남대학교,06,일반인,271,24
202607,CNU,충남대학교,07,일반인,679,86
202607,CNU,충남대학교,08,일반인,808,262
202607,CNU,충남대학교,09,일반인,376,277
202607,CNU,충남대학교,10,일반인,405,202
202607,CNU,충남대학교,11,일반인,461,160
202607,CNU,충남대학교,12,일반인,686,277
202607,CNU,충남대학교,13,일반인,589,204
202607,CNU,충남대학교,14,일반인,546,199
202607,CNU,충남대학교,15,일반인,596,197
202607,CNU,충남대학교,16,일반인,737,250
202607,CNU,충남대학교,17,일반인,967,269
202607,CNU,충남대학교,18,일반인,1168,381
202607,CNU,충남대학교,19,일반인,819,217
202607,CNU,충남대학교,20,일반인,721,198
202607,CNU,충남대학교,21,일반인,827,209
202607,CNU,충남대학교,22,일반인,551,123
202607,CNU,충남대학교,08,어린이,1,1
202607,CNU,충남대학교,10,어린이,2,0
202607,CNU,충남대학교,11,어린이,1,0
202607,CNU,충남대학교,12,어린이,3,0
202607,CNU,충남대학교,13,어린이,2,4
202607,CNU,충남대학교,14,어린이,2,1
202607,CNU,충남대학교,15,어린이,0,2
202607,CNU,충남대학교,16,어린이,1,1
202607,CNU,충남대학교,17,어린이,1,3
202607,CNU,충남대학교,18,어린이,2,0
202607,CNU,충남대학교,19,어린이,3,0
202607,CNU,충남대학교,20,어린이,1,2
202607,CNU,충남대학교,21,어린이,0,2
202607,CNU,충남대학교,22,어린이,1,0
202607,CNU,충남대학교,06,청소년,8,0
202607,CNU,충남대학교,07,청소년,28,1
202607,CNU,충남대학교,08,청소년,11,12
202607,CNU,충남대학교,09,청소년,20,18
202607,CNU,충남대학교,10,청소년,20,2
202607,CNU,충남대학교,11,청소년,34,6
202607,CNU,충남대학교,12,청소년,45,15
202607,CNU,충남대학교,13,청소년,47,12
202607,CNU,충남대학교,14,청소년,28,7
202607,CNU,충남대학교,15,청소년,38,13
202607,CNU,충남대학교,16,청소년,92,16
202607,CNU,충남대학교,17,청소년,68,12
202607,CNU,충남대학교,18,청소년,59,13
202607,CNU,충남대학교,19,청소년,40,15
202607,CNU,충남대학교,20,청소년,18,9
202607,CNU,충남대학교,21,청소년,39,9
202607,CNU,충남대학교,22,청소년,30,5
202607,CNU,충남대학교,05,경로,1,0
202607,CNU,충남대학교,06,경로,31,7
202607,CNU,충남대학교,07,경로,28,3
202607,CNU,충남대학교,08,경로,96,11
202607,CNU,충남대학교,09,경로,79,9
202607,CNU,충남대학교,10,경로,118,32
202607,CNU,충남대학교,11,경로,68,19
202607,CNU,충남대학교,12,경로,86,20
202607,CNU,충남대학교,13,경로,69,20
202607,CNU,충남대학교,14,경로,77,17
202607,CNU,충남대학교,15,경로,148,28
202607,CNU,충남대학교,16,경로,47,16
202607,CNU,충남대학교,17,경로,46,16
202607,CNU,충남대학교,18,경로,31,17
202607,CNU,충남대학교,19,경로,44,12
202607,CNU,충남대학교,20,경로,16,3
202607,CNU,충남대학교,21,경로,25,2
202607,CNU,충남대학교,22,경로,6,0
202607,CNU,충남대학교,05,장애인,1,0
202607,CNU,충남대학교,06,장애인,1,0
202607,CNU,충남대학교,07,장애인,0,4
202607,CNU,충남대학교,10,장애인,1,0
202607,CNU,충남대학교,11,장애인,1,0
202607,CNU,충남대학교,12,장애인,2,1
202607,CNU,충남대학교,13,장애인,1,0
202607,CNU,충남대학교,14,장애인,0,1
202607,CNU,충남대학교,15,장애인,1,0
202607,CNU,충남대학교,16,장애인,1,0
202607,CNU,충남대학교,17,장애인,1,0
202607,CNU,충남대학교,18,장애인,1,0
202607,CNU,충남대학교,20,장애인,2,0
202607,CNU,충남대학교,21,장애인,1,0
202607,CNU,충남대학교,22,장애인,1,0
202607,CNU,충남대학교,12,국가유공자,0,2
202607,CNU,충남대학교,13,국가유공자,0,3
202607,CNU,충남대학교,17,국가유공자,1,0
202607,CNU,충남대학교,19,국가유공자,0,1
202607,CNU,충남대학교,05,일반인,4,9
202607,CNU,충남대학교,06,일반인,60,304
202607,CNU,충남대학교,07,일반인,154,770
202607,CNU,충남대학교,08,일반인,429,1153
202607,CNU,충남대학교,09,일반인,251,698
202607,CNU,충남대학교,10,일반인,211,619
202607,CNU,충남대학교,11,일반인,280,474
202607,CNU,충남대학교,12,일반인,253,555
202607,CNU,충남대학교,13,일반인,222,480
202607,CNU,충남대학교,14,일반인,213,472
202607,CNU,충남대학교,15,일반인,236,515
202607,CNU,충남대학교,16,일반인,275,673
202607,CNU,충남대학교,17,일반인,262,833
202607,CNU,충남대학교,18,일반인,442,1213
202607,CNU,충남대학교,19,일반인,223,718
202607,CNU,충남대학교,20,일반인,170,452
202607,CNU,충남대학교,21,일반인,221,506
202607,CNU,충남대학교,22,일반인,161,393
202607,CNU,충남대학교,23,일반인,58,70
202607,CNU,충남대학교,07,어린이,0,4
202607,CNU,충남대학교,08,어린이,0,3
202607,CNU,충남대학교,09,어린이,0,2
202607,CNU,충남대학교,10,어린이,1,4
202607,CNU,충남대학교,11,어린이,0,1
202607,CNU,충남대학교,12,어린이,1,2
202607,CNU,충남대학교,14,어린이,5,2
202607,CNU,충남대학교,15,어린이,0,1
202607,CNU,충남대학교,16,어린이,0,2
202607,CNU,충남대학교,17,어린이,3,1
202607,CNU,충남대학교,18,어린이,3,0
202607,CNU,충남대학교,19,어린이,0,2
202607,CNU,충남대학교,20,어린이,0,2
202607,CNU,충남대학교,21,어린이,1,0
202607,CNU,충남대학교,22,어린이,2,0
202607,CNU,충남대학교,23,어린이,1,0
202607,CNU,충남대학교,06,청소년,0,2
202607,CNU,충남대학교,07,청소년,2,10
202607,CNU,충남대학교,08,청소년,11,49
202607,CNU,충남대학교,09,청소년,10,53
202607,CNU,충남대학교,10,청소년,12,21
202607,CNU,충남대학교,11,청소년,10,27
202607,CNU,충남대학교,12,청소년,14,39
202607,CNU,충남대학교,13,청소년,11,39
202607,CNU,충남대학교,14,청소년,14,23
202607,CNU,충남대학교,15,청소년,12,45
202607,CNU,충남대학교,16,청소년,14,40
202607,CNU,충남대학교,17,청소년,10,42
202607,CNU,충남대학교,18,청소년,8,50
202607,CNU,충남대학교,19,청소년,8,32
202607,CNU,충남대학교,20,청소년,7,23
202607,CNU,충남대학교,21,청소년,2,42
202607,CNU,충남대학교,22,청소년,6,19
202607,CNU,충남대학교,23,청소년,2,1
202607,CNU,충남대학교,05,경로,0,29
202607,CNU,충남대학교,06,경로,14,234
202607,CNU,충남대학교,07,경로,45,114
202607,CNU,충남대학교,08,경로,48,134
202607,CNU,충남대학교,09,경로,53,139
202607,CNU,충남대학교,10,경로,75,138
202607,CNU,충남대학교,11,경로,68,108
202607,CNU,충남대학교,12,경로,63,130
202607,CNU,충남대학교,13,경로,47,145
202607,CNU,충남대학교,14,경로,40,78
202607,CNU,충남대학교,15,경로,45,167
202607,CNU,충남대학교,16,경로,38,121
202607,CNU,충남대학교,17,경로,20,90
202607,CNU,충남대학교,18,경로,8,94
202607,CNU,충남대학교,19,경로,6,58
202607,CNU,충남대학교,20,경로,8,50
202607,CNU,충남대학교,21,경로,4,50
202607,CNU,충남대학교,22,경로,2,18
202607,CNU,충남대학교,23,경로,1,1
202607,CNU,충남대학교,06,장애인,0,1
202607,CNU,충남대학교,08,장애인,0,1
202607,CNU,충남대학교,10,장애인,1,0
202607,CNU,충남대학교,12,장애인,1,0
202607,CNU,충남대학교,13,장애인,0,1
202607,CNU,충남대학교,16,장애인,2,1
202607,CNU,충남대학교,17,장애인,1,3
202607,CNU,충남대학교,18,장애인,2,0
202607,CNU,충남대학교,19,장애인,6,1
202607,CNU,충남대학교,20,장애인,1,3
202607,CNU,충남대학교,21,장애인,0,6
202607,CNU,충남대학교,22,장애인,0,6
202607,CNU,충남대학교,23,장애인,0,3
202607,CNU,충남대학교,08,국가유공자,0,4
202607,CNU,충남대학교,09,국가유공자,0,2
202607,CNU,충남대학교,10,국가유공자,0,2
202607,CNU,충남대학교,12,국가유공자,1,0
202607,CNU,충남대학교,13,국가유공자,0,1
202607,CNU,충남대학교,14,국가유공자,0,1
202607,CNU,충남대학교,15,국가유공자,0,4
202607,CNU,충남대학교,16,국가유공자,0,9
202607,CNU,충남대학교,17,국가유공자,1,1
202607,CNU,충남대학교,18,국가유공자,1,1
202607,CNU,충남대학교,19,국가유공자,0,1
202607,CNU,충남대학교,21,국가유공자,1,0
202607,CNU,충남대학교,05,일반인,0,4
202607,CNU,충남대학교,06,일반인,39,24
202607,CNU,충남대학교,07,일반인,244,38
202607,CNU,충남대학교,08,일반인,400,94
202607,CNU,충남대학교,09,일반인,302,39
202607,CNU,충남대학교,10,일반인,130,39
202607,CNU,충남대학교,11,일반인,121,37
202607,CNU,충남대학교,12,일반인,206,63
202607,CNU,충남대학교,13,일반인,109,64
202607,CNU,충남대학교,14,일반인,200,79
202607,CNU,충남대학교,15,일반인,116,48
202607,CNU,충남대학교,16,일반인,162,62
202607,CNU,충남대학교,17,일반인,197,57
202607,CNU,충남대학교,18,일반인,177,124
202607,CNU,충남대학교,19,일반인,103,48
202607,CNU,충남대학교,20,일반인,107,28
202607,CNU,충남대학교,21,일반인,94,33
202607,CNU,충남대학교,22,일반인,123,22
202607,CNU,충남대학교,10,어린이,3,0
202607,CNU,충남대학교,12,어린이,3,1
202607,CNU,충남대학교,13,어린이,0,3
202607,CNU,충남대학교,14,어린이,0,1
202607,CNU,충남대학교,16,어린이,1,2
202607,CNU,충남대학교,17,어린이,2,3
202607,CNU,충남대학교,18,어린이,2,0
202607,CNU,충남대학교,20,어린이,1,0
202607,CNU,충남대학교,21,어린이,2,0
202607,CNU,충남대학교,07,청소년,1,0
202607,CNU,충남대학교,08,청소년,9,1
202607,CNU,충남대학교,09,청소년,12,2
202607,CNU,충남대학교,10,청소년,2,1
202607,CNU,충남대학교,11,청소년,6,7
202607,CNU,충남대학교,12,청소년,15,6
202607,CNU,충남대학교,13,청소년,12,2
202607,CNU,충남대학교,14,청소년,16,8
202607,CNU,충남대학교,15,청소년,5,6
202607,CNU,충남대학교,16,청소년,14,5
202607,CNU,충남대학교,17,청소년,9,7
202607,CNU,충남대학교,18,청소년,7,7
202607,CNU,충남대학교,19,청소년,13,4
202607,CNU,충남대학교,20,청소년,5,3
202607,CNU,충남대학교,21,청소년,5,1
202607,CNU,충남대학교,22,청소년,2,1
202607,CNU,충남대학교,05,경로,1,0
202607,CNU,충남대학교,06,경로,11,4
202607,CNU,충남대학교,07,경로,6,3
202607,CNU,충남대학교,08,경로,16,6
202607,CNU,충남대학교,09,경로,21,26
202607,CNU,충남대학교,10,경로,12,14
202607,CNU,충남대학교,11,경로,20,23
202607,CNU,충남대학교,12,경로,28,22
202607,CNU,충남대학교,13,경로,17,15
202607,CNU,충남대학교,14,경로,21,28
202607,CNU,충남대학교,15,경로,18,11
202607,CNU,충남대학교,16,경로,21,13
202607,CNU,충남대학교,17,경로,33,19
202607,CNU,충남대학교,18,경로,22,12
202607,CNU,충남대학교,19,경로,7,8
202607,CNU,충남대학교,20,경로,6,2
202607,CNU,충남대학교,21,경로,4,8
202607,CNU,충남대학교,22,경로,1,0
202607,CNU,충남대학교,08,장애인,1,0
202607,CNU,충남대학교,11,장애인,1,0
202607,CNU,충남대학교,12,국가유공자,1,0
202607,CNU,충남대학교,06,일반인,43,63
202607,CNU,충남대학교,07,일반인,56,52
202607,CNU,충남대학교,08,일반인,89,123
202607,CNU,충남대학교,09,일반인,65,167
202607,CNU,충남대학교,10,일반인,70,162
202607,CNU,충남대학교,11,일반인,44,95
202607,CNU,충남대학교,12,일반인,82,165
202607,CNU,충남대학교,13,일반인,52,138
202607,CNU,충남대학교,14,일반인,56,166
202607,CNU,충남대학교,15,일반인,53,238
202607,CNU,충남대학교,16,일반인,39,232
202607,CNU,충남대학교,17,일반인,66,355
202607,CNU,충남대학교,18,일반인,76,424
202607,CNU,충남대학교,19,일반인,97,370
202607,CNU,충남대학교,20,일반인,74,480
202607,CNU,충남대학교,21,일반인,57,290
202607,CNU,충남대학교,22,일반인,41,189
202607,CNU,충남대학교,23,일반인,16,22
202607,CNU,충남대학교,09,어린이,2,0
202607,CNU,충남대학교,11,어린이,1,0
202607,CNU,충남대학교,13,어린이,2,1
202607,CNU,충남대학교,14,어린이,1,1
202607,CNU,충남대학교,15,어린이,0,5
202607,CNU,충남대학교,16,어린이,9,0
202607,CNU,충남대학교,17,어린이,2,4
202607,CNU,충남대학교,18,어린이,2,0
202607,CNU,충남대학교,19,어린이,2,0
202607,CNU,충남대학교,20,어린이,1,1
202607,CNU,충남대학교,21,어린이,0,2
202607,CNU,충남대학교,22,어린이,0,1
202607,CNU,충남대학교,23,어린이,1,0
202607,CNU,충남대학교,06,청소년,0,1
202607,CNU,충남대학교,07,청소년,0,2
202607,CNU,충남대학교,08,청소년,5,7
202607,CNU,충남대학교,09,청소년,2,3
202607,CNU,충남대학교,10,청소년,2,5
202607,CNU,충남대학교,11,청소년,0,6
202607,CNU,충남대학교,12,청소년,3,14
202607,CNU,충남대학교,13,청소년,1,4
202607,CNU,충남대학교,14,청소년,2,14
202607,CNU,충남대학교,15,청소년,2,28
202607,CNU,충남대학교,16,청소년,5,18
202607,CNU,충남대학교,17,청소년,2,17
202607,CNU,충남대학교,18,청소년,7,24
202607,CNU,충남대학교,19,청소년,5,10
202607,CNU,충남대학교,20,청소년,2,19
202607,CNU,충남대학교,21,청소년,1,21
202607,CNU,충남대학교,22,청소년,1,14
202607,CNU,충남대학교,23,청소년,2,7
202607,CNU,충남대학교,06,경로,13,100
202607,CNU,충남대학교,07,경로,20,7
202607,CNU,충남대학교,08,경로,15,17
202607,CNU,충남대학교,09,경로,20,21
202607,CNU,충남대학교,10,경로,44,29
202607,CNU,충남대학교,11,경로,23,34
202607,CNU,충남대학교,12,경로,16,36
202607,CNU,충남대학교,13,경로,20,31
202607,CNU,충남대학교,14,경로,27,39
202607,CNU,충남대학교,15,경로,15,87
202607,CNU,충남대학교,16,경로,20,37
202607,CNU,충남대학교,17,경로,25,27
202607,CNU,충남대학교,18,경로,20,14
202607,CNU,충남대학교,19,경로,8,9
202607,CNU,충남대학교,20,경로,7,24
202607,CNU,충남대학교,21,경로,9,12
202607,CNU,충남대학교,22,경로,0,7
202607,CNU,충남대학교,08,장애인,0,1
202607,CNU,충남대학교,15,국가유공자,0,1
202607,CNU,충남대학교,05,일반인,18,3
202607,CNU,충남대학교,06,일반인,57,50
202607,CNU,충남대학교,07,일반인,140,90
202607,CNU,충남대학교,08,일반인,260,263
202607,CNU,충남대학교,09,일반인,162,250
202607,CNU,충남대학교,10,일반인,181,212
202607,CNU,충남대학교,11,일반인,222,74
202607,CNU,충남대학교,12,일반인,377,158
202607,CNU,충남대학교,13,일반인,236,204
202607,CNU,충남대학교,14,일반인,204,132
202607,CNU,충남대학교,15,일반인,301,173
202607,CNU,충남대학교,16,일반인,362,220
202607,CNU,충남대학교,17,일반인,542,144
202607,CNU,충남대학교,18,일반인,470,91
202607,CNU,충남대학교,19,일반인,277,40
202607,CNU,충남대학교,20,일반인,310,59
202607,CNU,충남대학교,21,일반인,229,62
202607,CNU,충남대학교,22,일반인,164,43
202607,CNU,충남대학교,08,어린이,0,1
202607,CNU,충남대학교,09,어린이,1,0
202607,CNU,충남대학교,10,어린이,1,2
202607,CNU,충남대학교,11,어린이,1,2
202607,CNU,충남대학교,12,어린이,5,0
202607,CNU,충남대학교,13,어린이,0,1
202607,CNU,충남대학교,15,어린이,1,7
202607,CNU,충남대학교,16,어린이,2,0
202607,CNU,충남대학교,17,어린이,1,0
202607,CNU,충남대학교,05,청소년,1,0
202607,CNU,충남대학교,06,청소년,2,0
202607,CNU,충남대학교,07,청소년,23,0
202607,CNU,충남대학교,08,청소년,3,5
202607,CNU,충남대학교,09,청소년,8,9
202607,CNU,충남대학교,10,청소년,3,4
202607,CNU,충남대학교,11,청소년,19,2
202607,CNU,충남대학교,12,청소년,10,5
202607,CNU,충남대학교,13,청소년,16,9
202607,CNU,충남대학교,14,청소년,8,4
202607,CNU,충남대학교,15,청소년,22,29
202607,CNU,충남대학교,16,청소년,38,4
202607,CNU,충남대학교,17,청소년,33,13
202607,CNU,충남대학교,18,청소년,24,2
202607,CNU,충남대학교,19,청소년,5,3
202607,CNU,충남대학교,20,청소년,15,2
202607,CNU,충남대학교,21,청소년,7,5
202607,CNU,충남대학교,22,청소년,8,1
202607,CNU,충남대학교,05,경로,1,1
202607,CNU,충남대학교,06,경로,26,8
202607,CNU,충남대학교,07,경로,23,16
202607,CNU,충남대학교,08,경로,27,19
202607,CNU,충남대학교,09,경로,43,25
202607,CNU,충남대학교,10,경로,53,28
202607,CNU,충남대학교,11,경로,42,27
202607,CNU,충남대학교,12,경로,55,40
202607,CNU,충남대학교,13,경로,39,37
202607,CNU,충남대학교,14,경로,62,20
202607,CNU,충남대학교,15,경로,84,24
202607,CNU,충남대학교,16,경로,58,21
202607,CNU,충남대학교,17,경로,24,19
202607,CNU,충남대학교,18,경로,12,3
202607,CNU,충남대학교,19,경로,9,5
202607,CNU,충남대학교,20,경로,3,2
202607,CNU,충남대학교,21,경로,19,1
202607,CNU,충남대학교,22,경로,4,8
202607,CNU,충남대학교,07,장애인,1,0
202607,CNU,충남대학교,08,장애인,3,0
202607,CNU,충남대학교,11,장애인,1,0
202607,CNU,충남대학교,12,장애인,3,1
202607,CNU,충남대학교,13,장애인,1,0
202607,CNU,충남대학교,14,장애인,1,1
202607,CNU,충남대학교,20,장애인,1,0
202607,CNU,충남대학교,07,국가유공자,0,2
202607,CNU,충남대학교,08,국가유공자,0,5
202607,CNU,충남대학교,15,국가유공자,2,0
202607,CNU,충남대학교,16,국가유공자,2,0
202607,CNU,충남대학교,21,국가유공자,0,1
202607,CNU,충남대학교,06,일반인,4,18
202607,CNU,충남대학교,07,일반인,19,55
202607,CNU,충남대학교,08,일반인,51,285
202607,CNU,충남대학교,09,일반인,24,192
202607,CNU,충남대학교,10,일반인,11,146
202607,CNU,충남대학교,11,일반인,18,141
202607,CNU,충남대학교,12,일반인,22,164
202607,CNU,충남대학교,13,일반인,31,166
202607,CNU,충남대학교,14,일반인,26,174
202607,CNU,충남대학교,15,일반인,23,157
202607,CNU,충남대학교,16,일반인,32,157
202607,CNU,충남대학교,17,일반인,36,157
202607,CNU,충남대학교,18,일반인,49,215
202607,CNU,충남대학교,19,일반인,38,172
202607,CNU,충남대학교,20,일반인,32,172
202607,CNU,충남대학교,21,일반인,38,142
202607,CNU,충남대학교,22,일반인,34,146
202607,CNU,충남대학교,23,일반인,24,43
202607,CNU,충남대학교,10,어린이,0,1
202607,CNU,충남대학교,12,어린이,0,2
202607,CNU,충남대학교,19,어린이,1,1
202607,CNU,충남대학교,06,청소년,0,1
202607,CNU,충남대학교,08,청소년,0,12
202607,CNU,충남대학교,09,청소년,1,15
202607,CNU,충남대학교,10,청소년,2,5
202607,CNU,충남대학교,11,청소년,1,13
202607,CNU,충남대학교,12,청소년,4,12
202607,CNU,충남대학교,13,청소년,2,7
202607,CNU,충남대학교,14,청소년,6,18
202607,CNU,충남대학교,15,청소년,2,9
202607,CNU,충남대학교,16,청소년,4,7
202607,CNU,충남대학교,17,청소년,4,16
202607,CNU,충남대학교,18,청소년,2,17
202607,CNU,충남대학교,19,청소년,1,6
202607,CNU,충남대학교,20,청소년,1,2
202607,CNU,충남대학교,21,청소년,0,16
202607,CNU,충남대학교,22,청소년,0,22
202607,CNU,충남대학교,06,경로,0,1
202607,CNU,충남대학교,07,경로,3,11
202607,CNU,충남대학교,08,경로,5,4
202607,CNU,충남대학교,09,경로,2,7
202607,CNU,충남대학교,10,경로,3,10
202607,CNU,충남대학교,11,경로,3,8
202607,CNU,충남대학교,12,경로,1,14
202607,CNU,충남대학교,13,경로,6,5
202607,CNU,충남대학교,14,경로,8,16
202607,CNU,충남대학교,15,경로,0,12
202607,CNU,충남대학교,16,경로,6,13
202607,CNU,충남대학교,17,경로,0,7
202607,CNU,충남대학교,18,경로,2,15
202607,CNU,충남대학교,19,경로,0,3
202607,CNU,충남대학교,20,경로,1,3
202607,CNU,충남대학교,21,경로,1,1
202607,CNU,충남대학교,07,장애인,0,3
202607,CNU,충남대학교,08,장애인,0,1
202607,CNU,충남대학교,11,장애인,0,1
202607,CNU,충남대학교,15,장애인,0,1
202607,CNU,충남대학교,16,장애인,0,1
202607,CNU,충남대학교,14,국가유공자,0,1
202607,CNU,충남대학교,05,일반인,15,19
202607,CNU,충남대학교,06,일반인,90,43
202607,CNU,충남대학교,07,일반인,200,72
202607,CNU,충남대학교,08,일반인,320,364
202607,CNU,충남대학교,09,일반인,272,239
202607,CNU,충남대학교,10,일반인,266,157
202607,CNU,충남대학교,11,일반인,354,114
202607,CNU,충남대학교,12,일반인,402,143
202607,CNU,충남대학교,13,일반인,482,142
202607,CNU,충남대학교,14,일반인,432,115
202607,CNU,충남대학교,15,일반인,507,149
202607,CNU,충남대학교,16,일반인,520,145
202607,CNU,충남대학교,17,일반인,659,172
202607,CNU,충남대학교,18,일반인,661,139
202607,CNU,충남대학교,19,일반인,391,114
202607,CNU,충남대학교,20,일반인,297,79
202607,CNU,충남대학교,21,일반인,381,51
202607,CNU,충남대학교,22,일반인,238,49
202607,CNU,충남대학교,10,어린이,1,1
202607,CNU,충남대학교,11,어린이,1,0
202607,CNU,충남대학교,13,어린이,2,0
202607,CNU,충남대학교,14,어린이,3,3
202607,CNU,충남대학교,15,어린이,1,2
202607,CNU,충남대학교,16,어린이,5,0
202607,CNU,충남대학교,17,어린이,3,1
202607,CNU,충남대학교,18,어린이,1,3
202607,CNU,충남대학교,21,어린이,1,0
202607,CNU,충남대학교,05,청소년,1,0
202607,CNU,충남대학교,07,청소년,36,2
202607,CNU,충남대학교,08,청소년,17,6
202607,CNU,충남대학교,09,청소년,8,14
202607,CNU,충남대학교,10,청소년,10,5
202607,CNU,충남대학교,11,청소년,35,8
202607,CNU,충남대학교,12,청소년,27,18
202607,CNU,충남대학교,13,청소년,34,17
202607,CNU,충남대학교,14,청소년,38,4
202607,CNU,충남대학교,15,청소년,49,10
202607,CNU,충남대학교,16,청소년,48,15
202607,CNU,충남대학교,17,청소년,35,17
202607,CNU,충남대학교,18,청소년,35,25
202607,CNU,충남대학교,19,청소년,24,13
202607,CNU,충남대학교,20,청소년,18,4
202607,CNU,충남대학교,21,청소년,17,4
202607,CNU,충남대학교,22,청소년,7,2
202607,CNU,충남대학교,05,경로,9,0
202607,CNU,충남대학교,06,경로,8,8
202607,CNU,충남대학교,07,경로,5,8
202607,CNU,충남대학교,08,경로,14,7
202607,CNU,충남대학교,09,경로,29,21
202607,CNU,충남대학교,10,경로,57,9
202607,CNU,충남대학교,11,경로,36,6
202607,CNU,충남대학교,12,경로,59,10
202607,CNU,충남대학교,13,경로,50,12
202607,CNU,충남대학교,14,경로,32,16
202607,CNU,충남대학교,15,경로,42,7
202607,CNU,충남대학교,16,경로,37,8
202607,CNU,충남대학교,17,경로,27,12
202607,CNU,충남대학교,18,경로,16,8
202607,CNU,충남대학교,19,경로,32,6
202607,CNU,충남대학교,20,경로,18,7
202607,CNU,충남대학교,21,경로,3,3
202607,CNU,충남대학교,11,장애인,1,0
202607,CNU,충남대학교,13,장애인,1,0
202607,CNU,충남대학교,14,장애인,3,0
202607,CNU,충남대학교,17,장애인,1,0
202607,CNU,충남대학교,19,장애인,0,1
202607,CNU,충남대학교,22,장애인,1,0
202607,CNU,충남대학교,09,국가유공자,0,1
202607,CNU,충남대학교,13,국가유공자,1,0
202607,CNU,충남대학교,14,국가유공자,1,0
202607,CNU,충남대학교,15,국가유공자,1,0
202607,CNU,충남대학교,16,국가유공자,4,0
202607,CNU,충남대학교,17,국가유공자,1,0
202607,CNU,충남대학교,18,국가유공자,1,0
202607,CNU,충남대학교,05,일반인,4,22
202607,CNU,충남대학교,06,일반인,62,51
202607,CNU,충남대학교,07,일반인,162,186
202607,CNU,충남대학교,08,일반인,571,341
202607,CNU,충남대학교,09,일반인,492,350
202607,CNU,충남대학교,10,일반인,347,200
202607,CNU,충남대학교,11,일반인,212,210
202607,CNU,충남대학교,12,일반인,431,276
202607,CNU,충남대학교,13,일반인,535,276
202607,CNU,충남대학교,14,일반인,330,291
202607,CNU,충남대학교,15,일반인,316,315
202607,CNU,충남대학교,16,일반인,427,417
202607,CNU,충남대학교,17,일반인,330,409
202607,CNU,충남대학교,18,일반인,538,485
202607,CNU,충남대학교,19,일반인,345,398
202607,CNU,충남대학교,20,일반인,298,426
202607,CNU,충남대학교,21,일반인,282,352
202607,CNU,충남대학교,22,일반인,285,408
202607,CNU,충남대학교,23,일반인,87,64
202607,CNU,충남대학교,07,어린이,3,0
202607,CNU,충남대학교,08,어린이,5,2
202607,CNU,충남대학교,09,어린이,4,0
202607,CNU,충남대학교,10,어린이,4,5
202607,CNU,충남대학교,11,어린이,0,1
202607,CNU,충남대학교,12,어린이,1,2
202607,CNU,충남대학교,13,어린이,8,3
202607,CNU,충남대학교,14,어린이,1,1
202607,CNU,충남대학교,15,어린이,1,4
202607,CNU,충남대학교,16,어린이,7,0
202607,CNU,충남대학교,17,어린이,1,4
202607,CNU,충남대학교,18,어린이,2,2
202607,CNU,충남대학교,19,어린이,0,1
202607,CNU,충남대학교,20,어린이,1,0
202607,CNU,충남대학교,21,어린이,2,0
202607,CNU,충남대학교,22,어린이,0,1
202607,CNU,충남대학교,06,청소년,1,0
202607,CNU,충남대학교,07,청소년,25,7
202607,CNU,충남대학교,08,청소년,33,5
202607,CNU,충남대학교,09,청소년,20,12
202607,CNU,충남대학교,10,청소년,11,4
202607,CNU,충남대학교,11,청소년,17,22
202607,CNU,충남대학교,12,청소년,6,18
202607,CNU,충남대학교,13,청소년,30,16
202607,CNU,충남대학교,14,청소년,16,22
202607,CNU,충남대학교,15,청소년,30,19
202607,CNU,충남대학교,16,청소년,45,43
202607,CNU,충남대학교,17,청소년,25,39
202607,CNU,충남대학교,18,청소년,24,42
202607,CNU,충남대학교,19,청소년,22,27
202607,CNU,충남대학교,20,청소년,35,44
202607,CNU,충남대학교,21,청소년,18,64
202607,CNU,충남대학교,22,청소년,10,29
202607,CNU,충남대학교,23,청소년,13,5
202607,CNU,충남대학교,05,경로,0,14
202607,CNU,충남대학교,06,경로,15,48
202607,CNU,충남대학교,07,경로,34,41
202607,CNU,충남대학교,08,경로,31,108
202607,CNU,충남대학교,09,경로,13,132
202607,CNU,충남대학교,10,경로,32,62
202607,CNU,충남대학교,11,경로,42,74
202607,CNU,충남대학교,12,경로,41,81
202607,CNU,충남대학교,13,경로,33,86
202607,CNU,충남대학교,14,경로,29,67
202607,CNU,충남대학교,15,경로,48,60
202607,CNU,충남대학교,16,경로,46,84
202607,CNU,충남대학교,17,경로,8,39
202607,CNU,충남대학교,18,경로,16,30
202607,CNU,충남대학교,19,경로,29,27
202607,CNU,충남대학교,20,경로,24,21
202607,CNU,충남대학교,21,경로,5,8
202607,CNU,충남대학교,22,경로,4,5
202607,CNU,충남대학교,23,경로,2,0
202607,CNU,충남대학교,08,장애인,1,1
202607,CNU,충남대학교,11,장애인,1,0
202607,CNU,충남대학교,12,장애인,1,0
202607,CNU,충남대학교,14,장애인,1,0
202607,CNU,충남대학교,15,장애인,0,1
202607,CNU,충남대학교,17,장애인,1,0
202607,CNU,충남대학교,08,국가유공자,0,3
202607,CNU,충남대학교,09,국가유공자,1,1
202607,CNU,충남대학교,12,국가유공자,1,0
202607,CNU,충남대학교,13,국가유공자,1,0
202607,CNU,충남대학교,16,국가유공자,3,0
202607,CNU,충남대학교,18,국가유공자,4,1
202607,CNU,충남대학교,19,국가유공자,3,1
202607,CNU,충남대학교,06,일반인,40,128
202607,CNU,충남대학교,07,일반인,39,123
202607,CNU,충남대학교,08,일반인,69,272
202607,CNU,충남대학교,09,일반인,52,128
202607,CNU,충남대학교,10,일반인,40,71
202607,CNU,충남대학교,11,일반인,86,50
202607,CNU,충남대학교,12,일반인,69,89
202607,CNU,충남대학교,13,일반인,72,83
202607,CNU,충남대학교,14,일반인,58,70
202607,CNU,충남대학교,15,일반인,57,84
202607,CNU,충남대학교,16,일반인,76,78
202607,CNU,충남대학교,17,일반인,124,106
202607,CNU,충남대학교,18,일반인,125,142
202607,CNU,충남대학교,19,일반인,89,87
202607,CNU,충남대학교,20,일반인,95,78
202607,CNU,충남대학교,21,일반인,137,50
202607,CNU,충남대학교,22,일반인,155,30
202607,CNU,충남대학교,23,일반인,27,4
202607,CNU,충남대학교,09,어린이,1,0
202607,CNU,충남대학교,11,어린이,0,3
202607,CNU,충남대학교,15,어린이,1,0
202607,CNU,충남대학교,16,어린이,1,0
202607,CNU,충남대학교,17,어린이,1,0
202607,CNU,충남대학교,18,어린이,0,2
202607,CNU,충남대학교,19,어린이,8,0
202607,CNU,충남대학교,22,어린이,1,0
202607,CNU,충남대학교,23,어린이,1,0
202607,CNU,충남대학교,07,청소년,1,1
202607,CNU,충남대학교,08,청소년,1,6
202607,CNU,충남대학교,09,청소년,2,2
202607,CNU,충남대학교,10,청소년,3,3
202607,CNU,충남대학교,11,청소년,2,16
202607,CNU,충남대학교,12,청소년,2,2
202607,CNU,충남대학교,13,청소년,5,2
202607,CNU,충남대학교,14,청소년,5,4
202607,CNU,충남대학교,15,청소년,3,6
202607,CNU,충남대학교,16,청소년,4,12
202607,CNU,충남대학교,17,청소년,13,3
202607,CNU,충남대학교,18,청소년,7,9
202607,CNU,충남대학교,19,청소년,2,1
202607,CNU,충남대학교,20,청소년,2,3
202607,CNU,충남대학교,21,청소년,5,3
202607,CNU,충남대학교,22,청소년,6,1
202607,CNU,충남대학교,23,청소년,1,0
202607,CNU,충남대학교,06,경로,4,48
202607,CNU,충남대학교,07,경로,5,82
202607,CNU,충남대학교,08,경로,2,51
202607,CNU,충남대학교,09,경로,5,62
202607,CNU,충남대학교,10,경로,17,16
202607,CNU,충남대학교,11,경로,1,24
202607,CNU,충남대학교,12,경로,13,17
202607,CNU,충남대학교,13,경로,14,37
202607,CNU,충남대학교,14,경로,2,18
202607,CNU,충남대학교,15,경로,4,11
202607,CNU,충남대학교,16,경로,8,22
202607,CNU,충남대학교,17,경로,5,16
202607,CNU,충남대학교,18,경로,0,7
202607,CNU,충남대학교,19,경로,2,10
202607,CNU,충남대학교,20,경로,8,7
202607,CNU,충남대학교,21,경로,6,0
202607,CNU,충남대학교,22,경로,8,0
202607,CNU,충남대학교,16,장애인,1,0
202607,CNU,충남대학교,19,장애인,1,0
202607,CNU,충남대학교,14,국가유공자,0,1
202607,CNU,충남대학교,06,일반인,30,10
202607,CNU,충남대학교,07,일반인,60,39
202607,CNU,충남대학교,08,일반인,56,74
202607,CNU,충남대학교,09,일반인,79,155
202607,CNU,충남대학교,10,일반인,41,69
202607,CNU,충남대학교,11,일반인,69,58
202607,CNU,충남대학교,12,일반인,83,61
202607,CNU,충남대학교,13,일반인,87,57
202607,CNU,충남대학교,14,일반인,73,42
202607,CNU,충남대학교,15,일반인,95,59
202607,CNU,충남대학교,16,일반인,108,62
202607,CNU,충남대학교,17,일반인,299,85
202607,CNU,충남대학교,18,일반인,256,91
202607,CNU,충남대학교,19,일반인,126,57
202607,CNU,충남대학교,20,일반인,144,43
202607,CNU,충남대학교,21,일반인,110,27
202607,CNU,충남대학교,22,일반인,154,30
202607,CNU,충남대학교,23,일반인,83,15
202607,CNU,충남대학교,14,어린이,1,0
202607,CNU,충남대학교,17,어린이,0,1
202607,CNU,충남대학교,06,청소년,1,0
202607,CNU,충남대학교,08,청소년,4,0
202607,CNU,충남대학교,09,청소년,3,12
202607,CNU,충남대학교,10,청소년,1,2
202607,CNU,충남대학교,11,청소년,3,8
202607,CNU,충남대학교,12,청소년,8,3
202607,CNU,충남대학교,13,청소년,4,3
202607,CNU,충남대학교,14,청소년,13,13
202607,CNU,충남대학교,15,청소년,15,4
202607,CNU,충남대학교,16,청소년,10,4
202607,CNU,충남대학교,17,청소년,16,5
202607,CNU,충남대학교,18,청소년,14,2
202607,CNU,충남대학교,19,청소년,8,0
202607,CNU,충남대학교,20,청소년,9,1
202607,CNU,충남대학교,21,청소년,8,1
202607,CNU,충남대학교,22,청소년,34,0
202607,CNU,충남대학교,23,청소년,2,2
202607,CNU,충남대학교,06,경로,12,3
202607,CNU,충남대학교,07,경로,3,2
202607,CNU,충남대학교,08,경로,16,3
202607,CNU,충남대학교,09,경로,9,7
202607,CNU,충남대학교,10,경로,6,3
202607,CNU,충남대학교,11,경로,14,3
202607,CNU,충남대학교,12,경로,11,2
202607,CNU,충남대학교,13,경로,16,3
202607,CNU,충남대학교,14,경로,17,2
202607,CNU,충남대학교,15,경로,12,1
202607,CNU,충남대학교,16,경로,5,5
202607,CNU,충남대학교,17,경로,4,2
202607,CNU,충남대학교,18,경로,1,2
202607,CNU,충남대학교,19,경로,5,1
202607,CNU,충남대학교,20,경로,2,2
202607,CNU,충남대학교,21,경로,3,0
202607,CNU,충남대학교,22,경로,1,0
202607,CNU,충남대학교,23,경로,1,0
202607,CNU,충남대학교,14,장애인,1,1
202607,CNU,충남대학교,21,장애인,1,0
202607,CNU,충남대학교,09,국가유공자,1,0
202607,CNU,충남대학교,10,국가유공자,1,0
202607,CNU,충남대학교,13,국가유공자,3,0
202607,CNU,충남대학교,14,국가유공자,2,0
202607,CNU,충남대학교,05,일반인,2,3
202607,CNU,충남대학교,06,일반인,20,62
202607,CNU,충남대학교,07,일반인,27,72
202607,CNU,충남대학교,08,일반인,130,413
202607,CNU,충남대학교,09,일반인,107,164
202607,CNU,충남대학교,10,일반인,94,140
202607,CNU,충남대학교,11,일반인,96,115
202607,CNU,충남대학교,12,일반인,116,201
202607,CNU,충남대학교,13,일반인,137,139
202607,CNU,충남대학교,14,일반인,128,120
202607,CNU,충남대학교,15,일반인,145,102
202607,CNU,충남대학교,16,일반인,201,112
202607,CNU,충남대학교,17,일반인,238,101
202607,CNU,충남대학교,18,일반인,276,140
202607,CNU,충남대학교,19,일반인,120,91
202607,CNU,충남대학교,20,일반인,193,60
202607,CNU,충남대학교,21,일반인,154,72
202607,CNU,충남대학교,22,일반인,143,58
202607,CNU,충남대학교,23,일반인,32,9
202607,CNU,충남대학교,08,어린이,0,2
202607,CNU,충남대학교,09,어린이,0,3
202607,CNU,충남대학교,11,어린이,3,0
202607,CNU,충남대학교,12,어린이,0,1
202607,CNU,충남대학교,14,어린이,0,5
202607,CNU,충남대학교,15,어린이,3,2
202607,CNU,충남대학교,16,어린이,1,1
202607,CNU,충남대학교,17,어린이,1,0
202607,CNU,충남대학교,18,어린이,1,0
202607,CNU,충남대학교,20,어린이,3,0
202607,CNU,충남대학교,07,청소년,1,0
202607,CNU,충남대학교,08,청소년,6,4
202607,CNU,충남대학교,09,청소년,9,37
202607,CNU,충남대학교,10,청소년,11,3
202607,CNU,충남대학교,11,청소년,10,9
202607,CNU,충남대학교,12,청소년,12,8
202607,CNU,충남대학교,13,청소년,6,5
202607,CNU,충남대학교,14,청소년,12,14
202607,CNU,충남대학교,15,청소년,18,22
202607,CNU,충남대학교,16,청소년,24,12
202607,CNU,충남대학교,17,청소년,26,12
202607,CNU,충남대학교,18,청소년,14,14
202607,CNU,충남대학교,19,청소년,15,4
202607,CNU,충남대학교,20,청소년,19,3
202607,CNU,충남대학교,21,청소년,25,15
202607,CNU,충남대학교,22,청소년,18,7
202607,CNU,충남대학교,23,청소년,5,0
202607,CNU,충남대학교,06,경로,25,1
202607,CNU,충남대학교,07,경로,26,7
202607,CNU,충남대학교,08,경로,35,9
202607,CNU,충남대학교,09,경로,34,21
202607,CNU,충남대학교,10,경로,34,11
202607,CNU,충남대학교,11,경로,26,10
202607,CNU,충남대학교,12,경로,29,8
202607,CNU,충남대학교,13,경로,38,16
202607,CNU,충남대학교,14,경로,34,10
202607,CNU,충남대학교,15,경로,27,9
202607,CNU,충남대학교,16,경로,31,6
202607,CNU,충남대학교,17,경로,15,7
202607,CNU,충남대학교,18,경로,11,14
202607,CNU,충남대학교,19,경로,13,3
202607,CNU,충남대학교,20,경로,9,9
202607,CNU,충남대학교,21,경로,6,2
202607,CNU,충남대학교,22,경로,0,3
202607,CNU,충남대학교,16,장애인,1,0
202607,CNU,충남대학교,20,장애인,1,0
202607,CNU,충남대학교,10,국가유공자,2,0
202607,CNU,충남대학교,12,국가유공자,0,1
202607,CNU,충남대학교,15,국가유공자,1,0
202607,CNU,충남대학교,17,국가유공자,1,0
202607,CNU,충남대학교,05,일반인,20,2
202607,CNU,충남대학교,06,일반인,68,61
202607,CNU,충남대학교,07,일반인,127,62
202607,CNU,충남대학교,08,일반인,256,128
202607,CNU,충남대학교,09,일반인,197,161
202607,CNU,충남대학교,10,일반인,163,141
202607,CNU,충남대학교,11,일반인,200,86
202607,CNU,충남대학교,12,일반인,312,144
202607,CNU,충남대학교,13,일반인,240,134
202607,CNU,충남대학교,14,일반인,290,100
202607,CNU,충남대학교,15,일반인,349,161
202607,CNU,충남대학교,16,일반인,455,150
202607,CNU,충남대학교,17,일반인,574,170
202607,CNU,충남대학교,18,일반인,581,206
202607,CNU,충남대학교,19,일반인,427,126
202607,CNU,충남대학교,20,일반인,255,146
202607,CNU,충남대학교,21,일반인,296,144
202607,CNU,충남대학교,22,일반인,247,69
202607,CNU,충남대학교,23,일반인,94,7
202607,CNU,충남대학교,07,어린이,1,0
202607,CNU,충남대학교,08,어린이,0,1
202607,CNU,충남대학교,11,어린이,2,1
202607,CNU,충남대학교,12,어린이,0,1
202607,CNU,충남대학교,13,어린이,3,1
202607,CNU,충남대학교,14,어린이,3,0
202607,CNU,충남대학교,15,어린이,2,6
202607,CNU,충남대학교,16,어린이,4,0
202607,CNU,충남대학교,18,어린이,2,4
202607,CNU,충남대학교,19,어린이,1,0
202607,CNU,충남대학교,06,청소년,1,1
202607,CNU,충남대학교,07,청소년,8,5
202607,CNU,충남대학교,08,청소년,5,7
202607,CNU,충남대학교,09,청소년,10,8
202607,CNU,충남대학교,10,청소년,9,10
202607,CNU,충남대학교,11,청소년,14,19
202607,CNU,충남대학교,12,청소년,20,33
202607,CNU,충남대학교,13,청소년,33,25
202607,CNU,충남대학교,14,청소년,12,22
202607,CNU,충남대학교,15,청소년,48,18
202607,CNU,충남대학교,16,청소년,36,37
202607,CNU,충남대학교,17,청소년,36,26
202607,CNU,충남대학교,18,청소년,24,20
202607,CNU,충남대학교,19,청소년,25,18
202607,CNU,충남대학교,20,청소년,20,11
202607,CNU,충남대학교,21,청소년,26,16
202607,CNU,충남대학교,22,청소년,24,5
202607,CNU,충남대학교,23,청소년,11,0
202607,CNU,충남대학교,05,경로,1,0
202607,CNU,충남대학교,06,경로,18,14
202607,CNU,충남대학교,07,경로,15,26
202607,CNU,충남대학교,08,경로,19,31
202607,CNU,충남대학교,09,경로,20,24
202607,CNU,충남대학교,10,경로,20,42
202607,CNU,충남대학교,11,경로,29,36
202607,CNU,충남대학교,12,경로,56,70
202607,CNU,충남대학교,13,경로,41,69
202607,CNU,충남대학교,14,경로,24,39
202607,CNU,충남대학교,15,경로,74,33
202607,CNU,충남대학교,16,경로,50,34
202607,CNU,충남대학교,17,경로,30,17
202607,CNU,충남대학교,18,경로,19,11
202607,CNU,충남대학교,19,경로,12,11
202607,CNU,충남대학교,20,경로,7,9
202607,CNU,충남대학교,21,경로,6,3
202607,CNU,충남대학교,22,경로,2,1
202607,CNU,충남대학교,06,장애인,0,1
202607,CNU,충남대학교,11,장애인,0,2
202607,CNU,충남대학교,15,장애인,8,0
202607,CNU,충남대학교,16,장애인,1,1
202607,CNU,충남대학교,17,장애인,0,1
202607,CNU,충남대학교,19,장애인,1,4
202607,CNU,충남대학교,20,장애인,0,2
202607,CNU,충남대학교,21,장애인,1,0
202607,CNU,충남대학교,06,국가유공자,0,1
202607,CNU,충남대학교,11,국가유공자,1,0
202607,CNU,충남대학교,12,국가유공자,1,1
202607,CNU,충남대학교,15,국가유공자,2,0
202607,CNU,충남대학교,16,국가유공자,1,0
202607,CNU,충남대학교,17,국가유공자,1,1
202607,CNU,충남대학교,06,일반인,12,15
202607,CNU,충남대학교,07,일반인,30,57
202607,CNU,충남대학교,08,일반인,31,238
202607,CNU,충남대학교,09,일반인,18,178
202607,CNU,충남대학교,10,일반인,11,180
202607,CNU,충남대학교,11,일반인,13,149
202607,CNU,충남대학교,12,일반인,19,140
202607,CNU,충남대학교,13,일반인,35,136
202607,CNU,충남대학교,14,일반인,22,114
202607,CNU,충남대학교,15,일반인,23,83
202607,CNU,충남대학교,16,일반인,24,104
202607,CNU,충남대학교,17,일반인,36,138
202607,CNU,충남대학교,18,일반인,32,175
202607,CNU,충남대학교,19,일반인,24,136
202607,CNU,충남대학교,20,일반인,20,109
202607,CNU,충남대학교,21,일반인,21,69
202607,CNU,충남대학교,22,일반인,44,73
202607,CNU,충남대학교,23,일반인,17,33
202607,CNU,충남대학교,10,어린이,0,2
202607,CNU,충남대학교,11,어린이,0,2
202607,CNU,충남대학교,12,어린이,1,0
202607,CNU,충남대학교,13,어린이,0,2
202607,CNU,충남대학교,14,어린이,0,1
202607,CNU,충남대학교,15,어린이,1,0
202607,CNU,충남대학교,18,어린이,0,2
202607,CNU,충남대학교,19,어린이,0,1
202607,CNU,충남대학교,20,어린이,2,0
202607,CNU,충남대학교,07,청소년,0,1
202607,CNU,충남대학교,08,청소년,1,3
202607,CNU,충남대학교,09,청소년,1,15
202607,CNU,충남대학교,10,청소년,0,6
202607,CNU,충남대학교,11,청소년,0,12
202607,CNU,충남대학교,12,청소년,0,19
202607,CNU,충남대학교,13,청소년,1,33
202607,CNU,충남대학교,14,청소년,2,12
202607,CNU,충남대학교,15,청소년,0,12
202607,CNU,충남대학교,16,청소년,2,14
202607,CNU,충남대학교,17,청소년,1,17
202607,CNU,충남대학교,18,청소년,2,23
202607,CNU,충남대학교,19,청소년,1,6
202607,CNU,충남대학교,20,청소년,0,20
202607,CNU,충남대학교,21,청소년,2,9
202607,CNU,충남대학교,22,청소년,1,0
202607,CNU,충남대학교,23,청소년,0,1
202607,CNU,충남대학교,06,경로,0,3
202607,CNU,충남대학교,07,경로,1,7
202607,CNU,충남대학교,08,경로,0,1
202607,CNU,충남대학교,09,경로,1,10
202607,CNU,충남대학교,10,경로,0,4
202607,CNU,충남대학교,11,경로,1,6
202607,CNU,충남대학교,12,경로,3,12
202607,CNU,충남대학교,13,경로,3,11
202607,CNU,충남대학교,14,경로,1,9
202607,CNU,충남대학교,15,경로,6,14
202607,CNU,충남대학교,16,경로,4,10
202607,CNU,충남대학교,17,경로,5,5
202607,CNU,충남대학교,18,경로,4,5
202607,CNU,충남대학교,19,경로,0,2
202607,CNU,충남대학교,20,경로,0,2
202607,CNU,충남대학교,21,경로,0,1
202607,CNU,충남대학교,09,장애인,0,1
202607,CNU,충남대학교,14,장애인,0,1
202607,CNU,충남대학교,05,일반인,38,1
202607,CNU,충남대학교,06,일반인,120,18
202607,CNU,충남대학교,07,일반인,268,83
202607,CNU,충남대학교,08,일반인,290,171
202607,CNU,충남대학교,09,일반인,182,194
202607,CNU,충남대학교,10,일반인,227,119
202607,CNU,충남대학교,11,일반인,344,62
202607,CNU,충남대학교,12,일반인,332,114
202607,CNU,충남대학교,13,일반인,373,107
202607,CNU,충남대학교,14,일반인,404,76
202607,CNU,충남대학교,15,일반인,407,92
202607,CNU,충남대학교,16,일반인,483,131
202607,CNU,충남대학교,17,일반인,654,76
202607,CNU,충남대학교,18,일반인,794,60
202607,CNU,충남대학교,19,일반인,381,24
202607,CNU,충남대학교,20,일반인,338,25
202607,CNU,충남대학교,21,일반인,363,35
202607,CNU,충남대학교,22,일반인,297,34
202607,CNU,충남대학교,07,어린이,11,0
202607,CNU,충남대학교,08,어린이,7,0
202607,CNU,충남대학교,09,어린이,4,1
202607,CNU,충남대학교,10,어린이,1,1
202607,CNU,충남대학교,11,어린이,2,0
202607,CNU,충남대학교,13,어린이,1,0
202607,CNU,충남대학교,14,어린이,1,0
202607,CNU,충남대학교,15,어린이,0,1
202607,CNU,충남대학교,16,어린이,2,0
202607,CNU,충남대학교,17,어린이,2,0
202607,CNU,충남대학교,18,어린이,6,2
202607,CNU,충남대학교,19,어린이,7,0
202607,CNU,충남대학교,06,청소년,2,0
202607,CNU,충남대학교,07,청소년,44,0
202607,CNU,충남대학교,08,청소년,24,3
202607,CNU,충남대학교,09,청소년,13,1
202607,CNU,충남대학교,10,청소년,10,1
202607,CNU,충남대학교,11,청소년,20,4
202607,CNU,충남대학교,12,청소년,24,1
202607,CNU,충남대학교,13,청소년,34,5
202607,CNU,충남대학교,14,청소년,25,5
202607,CNU,충남대학교,15,청소년,39,7
202607,CNU,충남대학교,16,청소년,72,1
202607,CNU,충남대학교,17,청소년,60,0
202607,CNU,충남대학교,18,청소년,41,1
202607,CNU,충남대학교,19,청소년,19,5
202607,CNU,충남대학교,20,청소년,18,2
202607,CNU,충남대학교,21,청소년,37,1
202607,CNU,충남대학교,22,청소년,21,3
202607,CNU,충남대학교,05,경로,0,1
202607,CNU,충남대학교,06,경로,10,7
202607,CNU,충남대학교,07,경로,48,6
202607,CNU,충남대학교,08,경로,28,18
202607,CNU,충남대학교,09,경로,32,21
202607,CNU,충남대학교,10,경로,55,28
202607,CNU,충남대학교,11,경로,56,16
202607,CNU,충남대학교,12,경로,56,9
202607,CNU,충남대학교,13,경로,36,28
202607,CNU,충남대학교,14,경로,51,9
202607,CNU,충남대학교,15,경로,67,15
202607,CNU,충남대학교,16,경로,57,8
202607,CNU,충남대학교,17,경로,48,12
202607,CNU,충남대학교,18,경로,32,12
202607,CNU,충남대학교,19,경로,18,6
202607,CNU,충남대학교,20,경로,18,0
202607,CNU,충남대학교,21,경로,4,1
202607,CNU,충남대학교,22,경로,2,2
202607,CNU,충남대학교,07,국가유공자,0,1
202607,CNU,충남대학교,08,국가유공자,8,0
202607,CNU,충남대학교,09,국가유공자,1,0
202607,CNU,충남대학교,11,국가유공자,2,0
202607,CNU,충남대학교,12,국가유공자,1,0
202607,CNU,충남대학교,13,국가유공자,2,1
202607,CNU,충남대학교,14,국가유공자,1,0
202607,CNU,충남대학교,17,국가유공자,1,0
202607,CNU,충남대학교,18,국가유공자,7,0
202607,CNU,충남대학교,21,국가유공자,2,0
202607,CNU,충남대학교,06,일반인,25,109
202607,CNU,충남대학교,07,일반인,77,222
202607,CNU,충남대학교,08,일반인,190,403
202607,CNU,충남대학교,09,일반인,87,285
202607,CNU,충남대학교,10,일반인,86,292
202607,CNU,충남대학교,11,일반인,103,270
202607,CNU,충남대학교,12,일반인,119,321
202607,CNU,충남대학교,13,일반인,163,247
202607,CNU,충남대학교,14,일반인,150,197
202607,CNU,충남대학교,15,일반인,215,243
202607,CNU,충남대학교,16,일반인,247,250
202607,CNU,충남대학교,17,일반인,299,336
202607,CNU,충남대학교,18,일반인,323,430
202607,CNU,충남대학교,19,일반인,177,187
202607,CNU,충남대학교,20,일반인,264,161
202607,CNU,충남대학교,21,일반인,277,184
202607,CNU,충남대학교,22,일반인,227,135
202607,CNU,충남대학교,07,어린이,0,1
202607,CNU,충남대학교,09,어린이,0,1
202607,CNU,충남대학교,10,어린이,1,3
202607,CNU,충남대학교,11,어린이,1,2
202607,CNU,충남대학교,12,어린이,1,5
202607,CNU,충남대학교,13,어린이,0,1
202607,CNU,충남대학교,14,어린이,3,3
202607,CNU,충남대학교,17,어린이,0,1
202607,CNU,충남대학교,18,어린이,0,1
202607,CNU,충남대학교,19,어린이,0,1
202607,CNU,충남대학교,22,어린이,2,0
202607,CNU,충남대학교,06,청소년,3,3
202607,CNU,충남대학교,07,청소년,15,7
202607,CNU,충남대학교,08,청소년,1,11
202607,CNU,충남대학교,09,청소년,8,10
202607,CNU,충남대학교,10,청소년,19,14
202607,CNU,충남대학교,11,청소년,8,15
202607,CNU,충남대학교,12,청소년,9,11
202607,CNU,충남대학교,13,청소년,3,21
202607,CNU,충남대학교,14,청소년,11,15
202607,CNU,충남대학교,15,청소년,27,13
202607,CNU,충남대학교,16,청소년,28,16
202607,CNU,충남대학교,17,청소년,15,21
202607,CNU,충남대학교,18,청소년,22,33
202607,CNU,충남대학교,19,청소년,13,10
202607,CNU,충남대학교,20,청소년,8,9
202607,CNU,충남대학교,21,청소년,20,3
202607,CNU,충남대학교,22,청소년,31,7
202607,CNU,충남대학교,06,경로,17,16
202607,CNU,충남대학교,07,경로,33,16
202607,CNU,충남대학교,08,경로,40,43
202607,CNU,충남대학교,09,경로,24,73
202607,CNU,충남대학교,10,경로,40,101
202607,CNU,충남대학교,11,경로,36,80
202607,CNU,충남대학교,12,경로,47,67
202607,CNU,충남대학교,13,경로,53,46
202607,CNU,충남대학교,14,경로,37,36
202607,CNU,충남대학교,15,경로,86,40
202607,CNU,충남대학교,16,경로,60,45
202607,CNU,충남대학교,17,경로,31,35
202607,CNU,충남대학교,18,경로,25,24
202607,CNU,충남대학교,19,경로,8,15
202607,CNU,충남대학교,20,경로,12,4
202607,CNU,충남대학교,21,경로,7,6
202607,CNU,충남대학교,22,경로,25,0
202607,CNU,충남대학교,08,장애인,0,2
202607,CNU,충남대학교,09,장애인,1,0
202607,CNU,충남대학교,16,장애인,0,1
202607,CNU,충남대학교,18,장애인,0,1
202607,CNU,충남대학교,19,장애인,0,2
202607,CNU,충남대학교,21,장애인,0,2
202607,CNU,충남대학교,22,장애인,0,1
202607,CNU,충남대학교,06,국가유공자,1,0
202607,CNU,충남대학교,10,국가유공자,2,0
202607,CNU,충남대학교,11,국가유공자,2,1
202607,CNU,충남대학교,12,국가유공자,3,0
202607,CNU,충남대학교,13,국가유공자,2,0
202607,CNU,충남대학교,15,국가유공자,3,1
202607,CNU,충남대학교,18,국가유공자,0,1
202607,CNU,충남대학교,06,일반인,72,42
202607,CNU,충남대학교,07,일반인,118,56
202607,CNU,충남대학교,08,일반인,194,164
202607,CNU,충남대학교,09,일반인,178,138
202607,CNU,충남대학교,10,일반인,134,111
202607,CNU,충남대학교,11,일반인,131,90
202607,CNU,충남대학교,12,일반인,160,136
202607,CNU,충남대학교,13,일반인,154,94
202607,CNU,충남대학교,14,일반인,156,82
202607,CNU,충남대학교,15,일반인,209,87
202607,CNU,충남대학교,16,일반인,332,89
202607,CNU,충남대학교,17,일반인,358,108
202607,CNU,충남대학교,18,일반인,277,133
202607,CNU,충남대학교,19,일반인,175,62
202607,CNU,충남대학교,20,일반인,195,50
202607,CNU,충남대학교,21,일반인,184,61
202607,CNU,충남대학교,22,일반인,203,54
202607,CNU,충남대학교,23,일반인,97,23
202607,CNU,충남대학교,08,어린이,0,1
202607,CNU,충남대학교,10,어린이,2,0
202607,CNU,충남대학교,11,어린이,0,2
202607,CNU,충남대학교,12,어린이,0,1
202607,CNU,충남대학교,13,어린이,2,0
202607,CNU,충남대학교,14,어린이,0,2
202607,CNU,충남대학교,15,어린이,0,1
202607,CNU,충남대학교,16,어린이,7,0
202607,CNU,충남대학교,17,어린이,2,0
202607,CNU,충남대학교,18,어린이,1,0
202607,CNU,충남대학교,07,청소년,7,5
202607,CNU,충남대학교,08,청소년,0,14
202607,CNU,충남대학교,09,청소년,3,8
202607,CNU,충남대학교,10,청소년,3,4
202607,CNU,충남대학교,11,청소년,6,6
202607,CNU,충남대학교,12,청소년,7,13
202607,CNU,충남대학교,13,청소년,7,17
202607,CNU,충남대학교,14,청소년,8,9
202607,CNU,충남대학교,15,청소년,17,12
202607,CNU,충남대학교,16,청소년,15,15
202607,CNU,충남대학교,17,청소년,27,11
202607,CNU,충남대학교,18,청소년,10,14
202607,CNU,충남대학교,19,청소년,10,7
202607,CNU,충남대학교,20,청소년,6,2
202607,CNU,충남대학교,21,청소년,13,6
202607,CNU,충남대학교,22,청소년,11,9
202607,CNU,충남대학교,23,청소년,7,3
202607,CNU,충남대학교,06,경로,13,9
202607,CNU,충남대학교,07,경로,15,38
202607,CNU,충남대학교,08,경로,38,19
202607,CNU,충남대학교,09,경로,67,21
202607,CNU,충남대학교,10,경로,34,19
202607,CNU,충남대학교,11,경로,30,38
202607,CNU,충남대학교,12,경로,30,23
202607,CNU,충남대학교,13,경로,36,21
202607,CNU,충남대학교,14,경로,34,27
202607,CNU,충남대학교,15,경로,30,23
202607,CNU,충남대학교,16,경로,34,23
202607,CNU,충남대학교,17,경로,13,24
202607,CNU,충남대학교,18,경로,11,8
202607,CNU,충남대학교,19,경로,10,8
202607,CNU,충남대학교,20,경로,6,12
202607,CNU,충남대학교,21,경로,5,7
202607,CNU,충남대학교,22,경로,1,1
202607,CNU,충남대학교,10,장애인,0,1
202607,CNU,충남대학교,11,장애인,0,1
202607,CNU,충남대학교,17,장애인,0,1
202607,CNU,충남대학교,20,장애인,2,0
202607,CNU,충남대학교,21,장애인,3,0
202607,CNU,충남대학교,22,장애인,6,0
202607,CNU,충남대학교,23,장애인,4,0
202607,CNU,충남대학교,10,국가유공자,0,2
202607,CNU,충남대학교,11,국가유공자,1,0
202607,CNU,충남대학교,14,국가유공자,1,1
202607,CNU,충남대학교,15,국가유공자,1,0
202607,CNU,충남대학교,16,국가유공자,1,0
202607,CNU,충남대학교,06,일반인,19,62
202607,CNU,충남대학교,07,일반인,10,124
202607,CNU,충남대학교,08,일반인,25,238
202607,CNU,충남대학교,09,일반인,24,223
202607,CNU,충남대학교,10,일반인,31,120
202607,CNU,충남대학교,11,일반인,50,145
202607,CNU,충남대학교,12,일반인,36,194
202607,CNU,충남대학교,13,일반인,36,224
202607,CNU,충남대학교,14,일반인,55,228
202607,CNU,충남대학교,15,일반인,48,299
202607,CNU,충남대학교,16,일반인,62,315
202607,CNU,충남대학교,17,일반인,58,551
202607,CNU,충남대학교,18,일반인,43,667
202607,CNU,충남대학교,19,일반인,49,532
202607,CNU,충남대학교,20,일반인,36,513
202607,CNU,충남대학교,21,일반인,50,359
202607,CNU,충남대학교,22,일반인,37,217
202607,CNU,충남대학교,23,일반인,5,15
202607,CNU,충남대학교,09,어린이,0,3
202607,CNU,충남대학교,10,어린이,0,2
202607,CNU,충남대학교,12,어린이,0,4
202607,CNU,충남대학교,13,어린이,0,1
202607,CNU,충남대학교,14,어린이,0,2
202607,CNU,충남대학교,15,어린이,0,1
202607,CNU,충남대학교,16,어린이,0,3
202607,CNU,충남대학교,17,어린이,0,6
202607,CNU,충남대학교,18,어린이,1,0
202607,CNU,충남대학교,19,어린이,0,2
202607,CNU,충남대학교,20,어린이,0,3
202607,CNU,충남대학교,21,어린이,0,1
202607,CNU,충남대학교,07,청소년,3,0
202607,CNU,충남대학교,08,청소년,1,12
202607,CNU,충남대학교,09,청소년,2,10
202607,CNU,충남대학교,10,청소년,1,2
202607,CNU,충남대학교,11,청소년,5,11
202607,CNU,충남대학교,12,청소년,1,15
202607,CNU,충남대학교,13,청소년,1,24
202607,CNU,충남대학교,14,청소년,3,18
202607,CNU,충남대학교,15,청소년,1,23
202607,CNU,충남대학교,16,청소년,7,31
202607,CNU,충남대학교,17,청소년,4,32
202607,CNU,충남대학교,18,청소년,2,28
202607,CNU,충남대학교,19,청소년,2,10
202607,CNU,충남대학교,20,청소년,4,37
202607,CNU,충남대학교,21,청소년,6,19
202607,CNU,충남대학교,22,청소년,6,20
202607,CNU,충남대학교,06,경로,4,24
202607,CNU,충남대학교,07,경로,3,9
202607,CNU,충남대학교,08,경로,5,15
202607,CNU,충남대학교,09,경로,10,36
202607,CNU,충남대학교,10,경로,6,17
202607,CNU,충남대학교,11,경로,3,27
202607,CNU,충남대학교,12,경로,9,30
202607,CNU,충남대학교,13,경로,11,15
202607,CNU,충남대학교,14,경로,4,22
202607,CNU,충남대학교,15,경로,11,46
202607,CNU,충남대학교,16,경로,8,38
202607,CNU,충남대학교,17,경로,2,19
202607,CNU,충남대학교,18,경로,4,14
202607,CNU,충남대학교,19,경로,0,7
202607,CNU,충남대학교,20,경로,2,15
202607,CNU,충남대학교,21,경로,6,3
202607,CNU,충남대학교,22,경로,0,1
202607,CNU,충남대학교,13,장애인,1,0
202607,CNU,충남대학교,11,국가유공자,0,1
202607,CNU,충남대학교,12,국가유공자,0,1
202607,CNU,충남대학교,13,국가유공자,0,2
202607,CNU,충남대학교,14,국가유공자,0,1
202607,CNU,충남대학교,17,국가유공자,0,1
202607,CNU,충남대학교,18,국가유공자,1,0
202607,CNU,충남대학교,21,국가유공자,0,1
202607,CNU,충남대학교,05,일반인,6,3
202607,CNU,충남대학교,06,일반인,28,2
202607,CNU,충남대학교,07,일반인,118,5
202607,CNU,충남대학교,08,일반인,309,38
202607,CNU,충남대학교,09,일반인,161,32
202607,CNU,충남대학교,10,일반인,254,26
202607,CNU,충남대학교,11,일반인,184,24
202607,CNU,충남대학교,12,일반인,293,21
202607,CNU,충남대학교,13,일반인,225,20
202607,CNU,충남대학교,14,일반인,155,19
202607,CNU,충남대학교,15,일반인,158,37
202607,CNU,충남대학교,16,일반인,144,30
202607,CNU,충남대학교,17,일반인,142,37
202607,CNU,충남대학교,18,일반인,203,42
202607,CNU,충남대학교,19,일반인,123,47
202607,CNU,충남대학교,20,일반인,102,40
202607,CNU,충남대학교,21,일반인,134,29
202607,CNU,충남대학교,22,일반인,109,19
202607,CNU,충남대학교,23,일반인,45,10
202607,CNU,충남대학교,08,어린이,1,0
202607,CNU,충남대학교,10,어린이,1,0
202607,CNU,충남대학교,12,어린이,4,0
202607,CNU,충남대학교,13,어린이,2,0
202607,CNU,충남대학교,15,어린이,3,0
202607,CNU,충남대학교,16,어린이,4,1
202607,CNU,충남대학교,20,어린이,2,0
202607,CNU,충남대학교,07,청소년,2,1
202607,CNU,충남대학교,08,청소년,8,1
202607,CNU,충남대학교,09,청소년,8,0
202607,CNU,충남대학교,10,청소년,6,0
202607,CNU,충남대학교,11,청소년,23,2
202607,CNU,충남대학교,12,청소년,19,7
202607,CNU,충남대학교,13,청소년,16,4
202607,CNU,충남대학교,14,청소년,9,4
202607,CNU,충남대학교,15,청소년,14,0
202607,CNU,충남대학교,16,청소년,15,7
202607,CNU,충남대학교,17,청소년,12,2
202607,CNU,충남대학교,18,청소년,4,3
202607,CNU,충남대학교,19,청소년,2,4
202607,CNU,충남대학교,20,청소년,11,0
202607,CNU,충남대학교,21,청소년,4,3
202607,CNU,충남대학교,22,청소년,4,0
202607,CNU,충남대학교,05,경로,0,2
202607,CNU,충남대학교,06,경로,3,0
202607,CNU,충남대학교,08,경로,0,12
202607,CNU,충남대학교,09,경로,3,0
202607,CNU,충남대학교,10,경로,4,4
202607,CNU,충남대학교,11,경로,1,4
202607,CNU,충남대학교,12,경로,9,2
202607,CNU,충남대학교,13,경로,4,2
202607,CNU,충남대학교,14,경로,9,6
202607,CNU,충남대학교,15,경로,3,3
202607,CNU,충남대학교,16,경로,5,8
202607,CNU,충남대학교,17,경로,2,2
202607,CNU,충남대학교,18,경로,10,2
202607,CNU,충남대학교,19,경로,2,5
202607,CNU,충남대학교,20,경로,2,2
202607,CNU,충남대학교,21,경로,1,0
202607,CNU,충남대학교,05,장애인,0,1
202607,CNU,충남대학교,13,장애인,1,0
202607,CNU,충남대학교,15,국가유공자,1,0
202607,CNU,충남대학교,06,일반인,68,75
202607,CNU,충남대학교,07,일반인,152,38
202607,CNU,충남대학교,08,일반인,297,110
202607,CNU,충남대학교,09,일반인,101,115
202607,CNU,충남대학교,10,일반인,58,59
202607,CNU,충남대학교,11,일반인,107,69
202607,CNU,충남대학교,12,일반인,124,67
202607,CNU,충남대학교,13,일반인,54,61
202607,CNU,충남대학교,14,일반인,56,59
202607,CNU,충남대학교,15,일반인,68,82
202607,CNU,충남대학교,16,일반인,80,49
202607,CNU,충남대학교,17,일반인,62,53
202607,CNU,충남대학교,18,일반인,110,90
202607,CNU,충남대학교,19,일반인,73,53
202607,CNU,충남대학교,20,일반인,67,46
202607,CNU,충남대학교,21,일반인,76,39
202607,CNU,충남대학교,22,일반인,87,36
202607,CNU,충남대학교,23,일반인,11,7
202607,CNU,충남대학교,08,어린이,1,0
202607,CNU,충남대학교,12,어린이,4,0
202607,CNU,충남대학교,13,어린이,1,0
202607,CNU,충남대학교,15,어린이,1,0
202607,CNU,충남대학교,18,어린이,1,0
202607,CNU,충남대학교,08,청소년,5,2
202607,CNU,충남대학교,09,청소년,0,3
202607,CNU,충남대학교,10,청소년,1,2
202607,CNU,충남대학교,11,청소년,2,2
202607,CNU,충남대학교,12,청소년,14,0
202607,CNU,충남대학교,13,청소년,7,6
202607,CNU,충남대학교,14,청소년,4,5
202607,CNU,충남대학교,15,청소년,9,5
202607,CNU,충남대학교,16,청소년,6,7
202607,CNU,충남대학교,17,청소년,4,4
202607,CNU,충남대학교,18,청소년,8,4
202607,CNU,충남대학교,19,청소년,4,4
202607,CNU,충남대학교,20,청소년,7,3
202607,CNU,충남대학교,21,청소년,4,6
202607,CNU,충남대학교,22,청소년,2,2
202607,CNU,충남대학교,23,청소년,0,1
202607,CNU,충남대학교,06,경로,7,1
202607,CNU,충남대학교,07,경로,2,1
202607,CNU,충남대학교,08,경로,3,20
202607,CNU,충남대학교,09,경로,7,15
202607,CNU,충남대학교,10,경로,8,8
202607,CNU,충남대학교,11,경로,17,16
202607,CNU,충남대학교,12,경로,18,17
202607,CNU,충남대학교,13,경로,6,19
202607,CNU,충남대학교,14,경로,10,13
202607,CNU,충남대학교,15,경로,9,12
202607,CNU,충남대학교,16,경로,9,18
202607,CNU,충남대학교,17,경로,7,18
202607,CNU,충남대학교,18,경로,7,20
202607,CNU,충남대학교,19,경로,2,5
202607,CNU,충남대학교,20,경로,0,4
202607,CNU,충남대학교,21,경로,3,0
202607,CNU,충남대학교,22,경로,1,2
202607,CNU,충남대학교,05,일반인,8,1
202607,CNU,충남대학교,06,일반인,91,17
202607,CNU,충남대학교,07,일반인,332,163
202607,CNU,충남대학교,08,일반인,412,167
202607,CNU,충남대학교,09,일반인,177,78
202607,CNU,충남대학교,10,일반인,108,62
202607,CNU,충남대학교,11,일반인,171,75
202607,CNU,충남대학교,12,일반인,187,122
202607,CNU,충남대학교,13,일반인,158,114
202607,CNU,충남대학교,14,일반인,151,101
202607,CNU,충남대학교,15,일반인,267,170
202607,CNU,충남대학교,16,일반인,256,174
202607,CNU,충남대학교,17,일반인,331,252
202607,CNU,충남대학교,18,일반인,338,349
202607,CNU,충남대학교,19,일반인,228,172
202607,CNU,충남대학교,20,일반인,247,158
202607,CNU,충남대학교,21,일반인,196,162
202607,CNU,충남대학교,22,일반인,129,74
202607,CNU,충남대학교,09,어린이,1,1
202607,CNU,충남대학교,12,어린이,0,2
202607,CNU,충남대학교,13,어린이,1,0
202607,CNU,충남대학교,15,어린이,1,4
202607,CNU,충남대학교,17,어린이,1,1
202607,CNU,충남대학교,18,어린이,0,3
202607,CNU,충남대학교,19,어린이,2,1
202607,CNU,충남대학교,20,어린이,0,1
202607,CNU,충남대학교,06,청소년,1,0
202607,CNU,충남대학교,07,청소년,11,10
202607,CNU,충남대학교,08,청소년,4,5
202607,CNU,충남대학교,09,청소년,4,3
202607,CNU,충남대학교,10,청소년,7,1
202607,CNU,충남대학교,11,청소년,4,6
202607,CNU,충남대학교,12,청소년,12,5
202607,CNU,충남대학교,13,청소년,19,7
202607,CNU,충남대학교,14,청소년,11,6
202607,CNU,충남대학교,15,청소년,21,3
202607,CNU,충남대학교,16,청소년,32,6
202607,CNU,충남대학교,17,청소년,24,10
202607,CNU,충남대학교,18,청소년,31,8
202607,CNU,충남대학교,19,청소년,13,10
202607,CNU,충남대학교,20,청소년,26,1
202607,CNU,충남대학교,21,청소년,23,0
202607,CNU,충남대학교,22,청소년,16,2
202607,CNU,충남대학교,05,경로,21,0
202607,CNU,충남대학교,06,경로,96,1
202607,CNU,충남대학교,07,경로,14,16
202607,CNU,충남대학교,08,경로,28,18
202607,CNU,충남대학교,09,경로,23,19
202607,CNU,충남대학교,10,경로,32,10
202607,CNU,충남대학교,11,경로,28,12
202607,CNU,충남대학교,12,경로,50,14
202607,CNU,충남대학교,13,경로,55,10
202607,CNU,충남대학교,14,경로,36,9
202607,CNU,충남대학교,15,경로,34,7
202607,CNU,충남대학교,16,경로,37,7
202607,CNU,충남대학교,17,경로,29,2
202607,CNU,충남대학교,18,경로,20,4
202607,CNU,충남대학교,19,경로,6,7
202607,CNU,충남대학교,20,경로,2,3
202607,CNU,충남대학교,21,경로,2,0
202607,CNU,충남대학교,22,경로,3,1
202607,CNU,충남대학교,08,장애인,1,0
202607,CNU,충남대학교,09,장애인,2,0
202607,CNU,충남대학교,11,장애인,1,0
202607,CNU,충남대학교,17,장애인,0,2
202607,CNU,충남대학교,20,장애인,1,0
202607,CNU,충남대학교,07,국가유공자,1,0
202607,CNU,충남대학교,08,국가유공자,20,0
202607,CNU,충남대학교,09,국가유공자,4,1
202607,CNU,충남대학교,10,국가유공자,1,0
202607,CNU,충남대학교,11,국가유공자,1,0
202607,CNU,충남대학교,12,국가유공자,2,0
202607,CNU,충남대학교,13,국가유공자,1,0
202607,CNU,충남대학교,14,국가유공자,1,0
202607,CNU,충남대학교,16,국가유공자,1,0
202607,CNU,충남대학교,21,국가유공자,2,0
202607,CNU,충남대학교,06,일반인,107,34
202607,CNU,충남대학교,07,일반인,143,139
202607,CNU,충남대학교,08,일반인,292,180
202607,CNU,충남대학교,09,일반인,356,133
202607,CNU,충남대학교,10,일반인,237,112
202607,CNU,충남대학교,11,일반인,204,119
202607,CNU,충남대학교,12,일반인,236,138
202607,CNU,충남대학교,13,일반인,368,126
202607,CNU,충남대학교,14,일반인,146,136
202607,CNU,충남대학교,15,일반인,166,168
202607,CNU,충남대학교,16,일반인,219,184
202607,CNU,충남대학교,17,일반인,339,212
202607,CNU,충남대학교,18,일반인,355,336
202607,CNU,충남대학교,19,일반인,161,188
202607,CNU,충남대학교,20,일반인,126,138
202607,CNU,충남대학교,21,일반인,153,106
202607,CNU,충남대학교,22,일반인,133,132
202607,CNU,충남대학교,23,일반인,32,15
202607,CNU,충남대학교,10,어린이,0,1
202607,CNU,충남대학교,12,어린이,0,2
202607,CNU,충남대학교,15,어린이,0,4
202607,CNU,충남대학교,16,어린이,2,2
202607,CNU,충남대학교,17,어린이,5,1
202607,CNU,충남대학교,18,어린이,0,5
202607,CNU,충남대학교,19,어린이,0,5
202607,CNU,충남대학교,20,어린이,1,1
202607,CNU,충남대학교,06,청소년,3,0
202607,CNU,충남대학교,07,청소년,2,2
202607,CNU,충남대학교,08,청소년,10,1
202607,CNU,충남대학교,09,청소년,14,6
202607,CNU,충남대학교,10,청소년,7,4
202607,CNU,충남대학교,11,청소년,4,4
202607,CNU,충남대학교,12,청소년,4,15
202607,CNU,충남대학교,13,청소년,17,14
202607,CNU,충남대학교,14,청소년,14,6
202607,CNU,충남대학교,15,청소년,23,11
202607,CNU,충남대학교,16,청소년,29,23
202607,CNU,충남대학교,17,청소년,21,19
202607,CNU,충남대학교,18,청소년,17,18
202607,CNU,충남대학교,19,청소년,7,10
202607,CNU,충남대학교,20,청소년,22,10
202607,CNU,충남대학교,21,청소년,10,14
202607,CNU,충남대학교,22,청소년,11,22
202607,CNU,충남대학교,23,청소년,1,5
202607,CNU,충남대학교,06,경로,24,5
202607,CNU,충남대학교,07,경로,23,15
202607,CNU,충남대학교,08,경로,16,32
202607,CNU,충남대학교,09,경로,10,38
202607,CNU,충남대학교,10,경로,17,41
202607,CNU,충남대학교,11,경로,17,32
202607,CNU,충남대학교,12,경로,17,58
202607,CNU,충남대학교,13,경로,16,37
202607,CNU,충남대학교,14,경로,9,24
202607,CNU,충남대학교,15,경로,22,29
202607,CNU,충남대학교,16,경로,17,35
202607,CNU,충남대학교,17,경로,23,29
202607,CNU,충남대학교,18,경로,3,14
202607,CNU,충남대학교,19,경로,9,11
202607,CNU,충남대학교,20,경로,7,5
202607,CNU,충남대학교,21,경로,2,3
202607,CNU,충남대학교,22,경로,1,1
202607,CNU,충남대학교,07,장애인,1,0
202607,CNU,충남대학교,14,장애인,1,0
202607,CNU,충남대학교,17,장애인,1,0
202607,CNU,충남대학교,18,장애인,0,1
202607,CNU,충남대학교,06,국가유공자,0,1
202607,CNU,충남대학교,08,국가유공자,0,1
202607,CNU,충남대학교,11,국가유공자,0,1
202607,CNU,충남대학교,13,국가유공자,1,1
202607,CNU,충남대학교,16,국가유공자,0,2
202607,CNU,충남대학교,19,국가유공자,1,1
202607,CNU,충남대학교,05,일반인,35,0
202607,CNU,충남대학교,06,일반인,21,28
202607,CNU,충남대학교,07,일반인,111,58
202607,CNU,충남대학교,08,일반인,189,195
202607,CNU,충남대학교,09,일반인,183,142
202607,CNU,충남대학교,10,일반인,162,76
202607,CNU,충남대학교,11,일반인,153,82
202607,CNU,충남대학교,12,일반인,183,74
202607,CNU,충남대학교,13,일반인,228,71
202607,CNU,충남대학교,14,일반인,173,57
202607,CNU,충남대학교,15,일반인,200,77
202607,CNU,충남대학교,16,일반인,179,53
202607,CNU,충남대학교,17,일반인,212,78
202607,CNU,충남대학교,18,일반인,332,127
202607,CNU,충남대학교,19,일반인,173,60
202607,CNU,충남대학교,20,일반인,132,45
202607,CNU,충남대학교,21,일반인,90,49
202607,CNU,충남대학교,22,일반인,129,31
202607,CNU,충남대학교,09,어린이,1,0
202607,CNU,충남대학교,10,어린이,0,1
202607,CNU,충남대학교,11,어린이,1,8
202607,CNU,충남대학교,13,어린이,0,1
202607,CNU,충남대학교,15,어린이,1,0
202607,CNU,충남대학교,17,어린이,5,1
202607,CNU,충남대학교,18,어린이,1,0
202607,CNU,충남대학교,06,청소년,1,0
202607,CNU,충남대학교,07,청소년,18,2
202607,CNU,충남대학교,08,청소년,4,7
202607,CNU,충남대학교,09,청소년,5,14
202607,CNU,충남대학교,10,청소년,4,6
202607,CNU,충남대학교,11,청소년,4,5
202607,CNU,충남대학교,12,청소년,9,6
202607,CNU,충남대학교,13,청소년,15,3
202607,CNU,충남대학교,14,청소년,5,6
202607,CNU,충남대학교,15,청소년,10,11
202607,CNU,충남대학교,16,청소년,7,5
202607,CNU,충남대학교,17,청소년,9,12
202607,CNU,충남대학교,18,청소년,17,11
202607,CNU,충남대학교,19,청소년,9,8
202607,CNU,충남대학교,20,청소년,5,2
202607,CNU,충남대학교,21,청소년,3,3
202607,CNU,충남대학교,22,청소년,6,1
202607,CNU,충남대학교,06,경로,0,9
202607,CNU,충남대학교,07,경로,5,3
202607,CNU,충남대학교,08,경로,8,2
202607,CNU,충남대학교,09,경로,33,15
202607,CNU,충남대학교,10,경로,36,10
202607,CNU,충남대학교,11,경로,14,7
202607,CNU,충남대학교,12,경로,22,7
202607,CNU,충남대학교,13,경로,23,3
202607,CNU,충남대학교,14,경로,23,3
202607,CNU,충남대학교,15,경로,19,3
202607,CNU,충남대학교,16,경로,21,2
202607,CNU,충남대학교,17,경로,6,1
202607,CNU,충남대학교,18,경로,10,2
202607,CNU,충남대학교,19,경로,19,1
202607,CNU,충남대학교,20,경로,5,1
202607,CNU,충남대학교,21,경로,4,0
202607,CNU,충남대학교,10,장애인,0,1
202607,CNU,충남대학교,18,장애인,1,0
202607,CNU,충남대학교,09,국가유공자,0,5
202607,CNU,충남대학교,14,국가유공자,3,0
202607,CNU,충남대학교,15,국가유공자,1,0
202607,CNU,충남대학교,17,국가유공자,1,0
202607,CNU,충남대학교,20,국가유공자,1,0
202607,CNU,충남대학교,05,일반인,1,0
202607,CNU,충남대학교,06,일반인,12,4
202607,CNU,충남대학교,07,일반인,18,11
202607,CNU,충남대학교,08,일반인,15,117
202607,CNU,충남대학교,09,일반인,8,94
202607,CNU,충남대학교,10,일반인,15,35
202607,CNU,충남대학교,11,일반인,8,27
202607,CNU,충남대학교,12,일반인,33,58
202607,CNU,충남대학교,13,일반인,30,49
202607,CNU,충남대학교,14,일반인,20,38
202607,CNU,충남대학교,15,일반인,24,37
202607,CNU,충남대학교,16,일반인,23,43
202607,CNU,충남대학교,17,일반인,32,36
202607,CNU,충남대학교,18,일반인,41,29
202607,CNU,충남대학교,19,일반인,20,23
202607,CNU,충남대학교,20,일반인,9,38
202607,CNU,충남대학교,21,일반인,22,12
202607,CNU,충남대학교,22,일반인,9,10
202607,CNU,충남대학교,15,어린이,1,1
202607,CNU,충남대학교,17,어린이,3,0
202607,CNU,충남대학교,19,어린이,1,0
202607,CNU,충남대학교,06,청소년,1,0
202607,CNU,충남대학교,08,청소년,0,1
202607,CNU,충남대학교,09,청소년,1,0
202607,CNU,충남대학교,10,청소년,1,0
202607,CNU,충남대학교,11,청소년,1,0
202607,CNU,충남대학교,12,청소년,1,3
202607,CNU,충남대학교,13,청소년,6,1
202607,CNU,충남대학교,15,청소년,2,3
202607,CNU,충남대학교,16,청소년,1,0
202607,CNU,충남대학교,17,청소년,2,1
202607,CNU,충남대학교,18,청소년,0,2
202607,CNU,충남대학교,19,청소년,0,1
202607,CNU,충남대학교,20,청소년,2,2
202607,CNU,충남대학교,21,청소년,3,0
202607,CNU,충남대학교,05,경로,0,2
202607,CNU,충남대학교,06,경로,2,2
202607,CNU,충남대학교,07,경로,2,3
202607,CNU,충남대학교,08,경로,5,5
202607,CNU,충남대학교,09,경로,2,13
202607,CNU,충남대학교,10,경로,2,9
202607,CNU,충남대학교,11,경로,5,9
202607,CNU,충남대학교,12,경로,8,9
202607,CNU,충남대학교,13,경로,4,10
202607,CNU,충남대학교,14,경로,3,2
202607,CNU,충남대학교,15,경로,4,6
202607,CNU,충남대학교,16,경로,9,5
202607,CNU,충남대학교,17,경로,4,4
202607,CNU,충남대학교,18,경로,1,2
202607,CNU,충남대학교,19,경로,0,2
202607,CNU,충남대학교,20,경로,0,1
202607,CNU,충남대학교,21,경로,4,2
202607,CNU,충남대학교,22,경로,0,4
202607,CNU,충남대학교,12,국가유공자,0,1
202607,CNU,충남대학교,21,국가유공자,0,2
202607,CNU,충남대학교,06,일반인,2,0
202607,CNU,충남대학교,07,일반인,1,4
202607,CNU,충남대학교,08,일반인,15,14
202607,CNU,충남대학교,09,일반인,7,11
202607,CNU,충남대학교,10,일반인,7,11
202607,CNU,충남대학교,11,일반인,6,13
202607,CNU,충남대학교,12,일반인,10,19
202607,CNU,충남대학교,13,일반인,6,19
202607,CNU,충남대학교,14,일반인,7,21
202607,CNU,충남대학교,15,일반인,1,17
202607,CNU,충남대학교,16,일반인,13,23
202607,CNU,충남대학교,17,일반인,6,27
202607,CNU,충남대학교,18,일반인,13,33
202607,CNU,충남대학교,19,일반인,8,20
202607,CNU,충남대학교,20,일반인,5,7
202607,CNU,충남대학교,21,일반인,10,23
202607,CNU,충남대학교,22,일반인,20,10
202607,CNU,충남대학교,23,일반인,11,5
202607,CNU,충남대학교,11,어린이,0,1
202607,CNU,충남대학교,09,청소년,0,1
202607,CNU,충남대학교,12,청소년,2,7
202607,CNU,충남대학교,13,청소년,1,2
202607,CNU,충남대학교,15,청소년,0,4
202607,CNU,충남대학교,16,청소년,0,2
202607,CNU,충남대학교,17,청소년,1,5
202607,CNU,충남대학교,18,청소년,1,0
202607,CNU,충남대학교,19,청소년,0,2
202607,CNU,충남대학교,20,청소년,0,2
202607,CNU,충남대학교,21,청소년,0,3
202607,CNU,충남대학교,22,청소년,0,1
202607,CNU,충남대학교,23,청소년,0,1
202607,CNU,충남대학교,07,경로,0,4
202607,CNU,충남대학교,09,경로,0,2
202607,CNU,충남대학교,10,경로,1,1
202607,CNU,충남대학교,11,경로,1,1
202607,CNU,충남대학교,12,경로,5,1
202607,CNU,충남대학교,13,경로,2,0
202607,CNU,충남대학교,14,경로,0,1
202607,CNU,충남대학교,15,경로,0,4
202607,CNU,충남대학교,16,경로,0,2
202607,CNU,충남대학교,17,경로,0,2
202607,CNU,충남대학교,18,경로,0,6
202607,CNU,충남대학교,09,국가유공자,0,2
202607,CNU,충남대학교,13,국가유공자,0,1
202607,CNU,충남대학교,14,국가유공자,0,1
202607,CNU,충남대학교,05,일반인,3,0
202607,CNU,충남대학교,06,일반인,12,24
202607,CNU,충남대학교,07,일반인,40,28
202607,CNU,충남대학교,08,일반인,50,111
202607,CNU,충남대학교,09,일반인,37,128
202607,CNU,충남대학교,10,일반인,43,54
202607,CNU,충남대학교,11,일반인,32,11
202607,CNU,충남대학교,12,일반인,62,56
202607,CNU,충남대학교,13,일반인,57,50
202607,CNU,충남대학교,14,일반인,19,23
202607,CNU,충남대학교,15,일반인,48,49
202607,CNU,충남대학교,16,일반인,84,58
202607,CNU,충남대학교,17,일반인,65,31
202607,CNU,충남대학교,18,일반인,73,43
202607,CNU,충남대학교,19,일반인,47,14
202607,CNU,충남대학교,20,일반인,42,26
202607,CNU,충남대학교,21,일반인,53,7
202607,CNU,충남대학교,22,일반인,54,10
202607,CNU,충남대학교,12,어린이,2,0
202607,CNU,충남대학교,13,어린이,1,0
202607,CNU,충남대학교,15,어린이,0,2
202607,CNU,충남대학교,20,어린이,1,0
202607,CNU,충남대학교,08,청소년,0,5
202607,CNU,충남대학교,09,청소년,1,3
202607,CNU,충남대학교,10,청소년,1,2
202607,CNU,충남대학교,12,청소년,12,2
202607,CNU,충남대학교,13,청소년,9,0
202607,CNU,충남대학교,14,청소년,1,2
202607,CNU,충남대학교,15,청소년,7,5
202607,CNU,충남대학교,16,청소년,9,2
202607,CNU,충남대학교,17,청소년,6,0
202607,CNU,충남대학교,18,청소년,9,1
202607,CNU,충남대학교,19,청소년,9,0
202607,CNU,충남대학교,20,청소년,4,1
202607,CNU,충남대학교,21,청소년,7,0
202607,CNU,충남대학교,22,청소년,5,1
202607,CNU,충남대학교,05,경로,0,1
202607,CNU,충남대학교,06,경로,0,2
202607,CNU,충남대학교,07,경로,13,3
202607,CNU,충남대학교,08,경로,24,7
202607,CNU,충남대학교,09,경로,20,10
202607,CNU,충남대학교,10,경로,10,5
202607,CNU,충남대학교,11,경로,7,3
202607,CNU,충남대학교,12,경로,11,17
202607,CNU,충남대학교,13,경로,31,11
202607,CNU,충남대학교,14,경로,9,17
202607,CNU,충남대학교,15,경로,16,62
202607,CNU,충남대학교,16,경로,46,7
202607,CNU,충남대학교,17,경로,22,3
202607,CNU,충남대학교,18,경로,14,1
202607,CNU,충남대학교,19,경로,8,0
202607,CNU,충남대학교,20,경로,3,7
202607,CNU,충남대학교,21,경로,1,0
202607,CNU,충남대학교,22,경로,2,2
202607,CNU,충남대학교,14,장애인,0,1
202607,CNU,충남대학교,21,장애인,1,0
202607,CNU,충남대학교,08,국가유공자,0,2
202607,CNU,충남대학교,16,국가유공자,1,0
202607,CNU,충남대학교,06,일반인,0,1
202607,CNU,충남대학교,07,일반인,10,3
202607,CNU,충남대학교,08,일반인,29,26
202607,CNU,충남대학교,09,일반인,11,21
202607,CNU,충남대학교,10,일반인,3,23
202607,CNU,충남대학교,11,일반인,7,12
202607,CNU,충남대학교,12,일반인,10,20
202607,CNU,충남대학교,13,일반인,16,46
202607,CNU,충남대학교,14,일반인,12,31
202607,CNU,충남대학교,15,일반인,9,38
202607,CNU,충남대학교,16,일반인,5,21
202607,CNU,충남대학교,17,일반인,13,33
202607,CNU,충남대학교,18,일반인,14,44
202607,CNU,충남대학교,19,일반인,11,24
202607,CNU,충남대학교,20,일반인,7,21
202607,CNU,충남대학교,21,일반인,18,21
202607,CNU,충남대학교,22,일반인,7,10
202607,CNU,충남대학교,23,일반인,2,9
202607,CNU,충남대학교,15,어린이,0,1
202607,CNU,충남대학교,18,어린이,3,0
202607,CNU,충남대학교,07,청소년,0,2
202607,CNU,충남대학교,08,청소년,0,6
202607,CNU,충남대학교,09,청소년,1,4
202607,CNU,충남대학교,10,청소년,0,1
202607,CNU,충남대학교,11,청소년,0,2
202607,CNU,충남대학교,12,청소년,2,6
202607,CNU,충남대학교,13,청소년,1,7
202607,CNU,충남대학교,14,청소년,0,3
202607,CNU,충남대학교,15,청소년,7,4
202607,CNU,충남대학교,16,청소년,4,8
202607,CNU,충남대학교,17,청소년,2,10
202607,CNU,충남대학교,18,청소년,0,5
202607,CNU,충남대학교,19,청소년,0,6
202607,CNU,충남대학교,20,청소년,0,2
202607,CNU,충남대학교,22,청소년,1,2
202607,CNU,충남대학교,06,경로,0,12
202607,CNU,충남대학교,07,경로,0,2
202607,CNU,충남대학교,08,경로,0,3
202607,CNU,충남대학교,09,경로,1,2
202607,CNU,충남대학교,10,경로,0,4
202607,CNU,충남대학교,11,경로,2,5
202607,CNU,충남대학교,12,경로,2,1
202607,CNU,충남대학교,13,경로,1,4
202607,CNU,충남대학교,14,경로,0,3
202607,CNU,충남대학교,15,경로,0,4
202607,CNU,충남대학교,16,경로,1,2
202607,CNU,충남대학교,17,경로,1,3
202607,CNU,충남대학교,18,경로,3,0
202607,CNU,충남대학교,19,경로,0,1
202607,CNU,충남대학교,20,경로,2,1
202607,CNU,충남대학교,22,경로,0,1
202607,CNU,충남대학교,05,일반인,2,1
202607,CNU,충남대학교,06,일반인,81,29
202607,CNU,충남대학교,07,일반인,132,59
202607,CNU,충남대학교,08,일반인,106,64
202607,CNU,충남대학교,09,일반인,100,134
202607,CNU,충남대학교,10,일반인,81,28
202607,CNU,충남대학교,11,일반인,106,8
202607,CNU,충남대학교,12,일반인,159,26
202607,CNU,충남대학교,13,일반인,173,31
202607,CNU,충남대학교,14,일반인,143,24
202607,CNU,충남대학교,15,일반인,181,101
202607,CNU,충남대학교,16,일반인,184,83
202607,CNU,충남대학교,17,일반인,293,72
202607,CNU,충남대학교,18,일반인,306,22
202607,CNU,충남대학교,19,일반인,192,14
202607,CNU,충남대학교,20,일반인,200,10
202607,CNU,충남대학교,21,일반인,259,8
202607,CNU,충남대학교,22,일반인,247,13
202607,CNU,충남대학교,11,어린이,3,0
202607,CNU,충남대학교,12,어린이,1,0
202607,CNU,충남대학교,13,어린이,7,2
202607,CNU,충남대학교,14,어린이,1,0
202607,CNU,충남대학교,15,어린이,0,6
202607,CNU,충남대학교,16,어린이,1,0
202607,CNU,충남대학교,18,어린이,4,0
202607,CNU,충남대학교,19,어린이,1,0
202607,CNU,충남대학교,20,어린이,1,0
202607,CNU,충남대학교,06,청소년,1,0
202607,CNU,충남대학교,07,청소년,1,1
202607,CNU,충남대학교,08,청소년,0,4
202607,CNU,충남대학교,09,청소년,0,1
202607,CNU,충남대학교,10,청소년,1,0
202607,CNU,충남대학교,11,청소년,7,0
202607,CNU,충남대학교,12,청소년,7,0
202607,CNU,충남대학교,13,청소년,13,3
202607,CNU,충남대학교,14,청소년,18,0
202607,CNU,충남대학교,15,청소년,14,3
202607,CNU,충남대학교,16,청소년,28,6
202607,CNU,충남대학교,17,청소년,28,6
202607,CNU,충남대학교,18,청소년,28,1
202607,CNU,충남대학교,19,청소년,11,0
202607,CNU,충남대학교,20,청소년,16,0
202607,CNU,충남대학교,21,청소년,16,0
202607,CNU,충남대학교,22,청소년,7,0
202607,CNU,충남대학교,05,경로,0,3
202607,CNU,충남대학교,06,경로,16,0
202607,CNU,충남대학교,07,경로,48,2
202607,CNU,충남대학교,08,경로,5,2
202607,CNU,충남대학교,09,경로,21,23
202607,CNU,충남대학교,10,경로,26,8
202607,CNU,충남대학교,11,경로,41,12
202607,CNU,충남대학교,12,경로,37,11
202607,CNU,충남대학교,13,경로,54,8
202607,CNU,충남대학교,14,경로,37,3
202607,CNU,충남대학교,15,경로,51,11
202607,CNU,충남대학교,16,경로,55,1
202607,CNU,충남대학교,17,경로,38,2
202607,CNU,충남대학교,18,경로,33,0
202607,CNU,충남대학교,19,경로,35,1
202607,CNU,충남대학교,20,경로,35,1
202607,CNU,충남대학교,21,경로,22,1
202607,CNU,충남대학교,22,경로,6,0
202607,CNU,충남대학교,06,장애인,1,0
202607,CNU,충남대학교,11,장애인,1,0
202607,CNU,충남대학교,13,장애인,1,0
202607,CNU,충남대학교,17,장애인,1,0
202607,CNU,충남대학교,21,장애인,1,0
202607,CNU,충남대학교,12,국가유공자,1,0
202607,CNU,충남대학교,13,국가유공자,2,0
202607,CNU,충남대학교,14,국가유공자,1,0
202607,CNU,충남대학교,15,국가유공자,1,0
202607,CNU,충남대학교,17,국가유공자,1,0
202607,CNU,충남대학교,19,국가유공자,1,0
202607,CNU,충남대학교,21,국가유공자,1,0
202607,CNU,충남대학교,06,일반인,5,68
202607,CNU,충남대학교,07,일반인,3,266
202607,CNU,충남대학교,08,일반인,3,515
202607,CNU,충남대학교,09,일반인,1,330
202607,CNU,충남대학교,10,일반인,3,193
202607,CNU,충남대학교,11,일반인,3,148
202607,CNU,충남대학교,12,일반인,2,197
202607,CNU,충남대학교,13,일반인,3,170
202607,CNU,충남대학교,14,일반인,3,144
202607,CNU,충남대학교,15,일반인,7,159
202607,CNU,충남대학교,16,일반인,5,225
202607,CNU,충남대학교,17,일반인,8,261
202607,CNU,충남대학교,18,일반인,7,253
202607,CNU,충남대학교,19,일반인,8,172
202607,CNU,충남대학교,20,일반인,1,125
202607,CNU,충남대학교,21,일반인,5,81
202607,CNU,충남대학교,22,일반인,27,130
202607,CNU,충남대학교,23,일반인,14,79
202607,CNU,충남대학교,08,어린이,0,1
202607,CNU,충남대학교,10,어린이,0,1
202607,CNU,충남대학교,11,어린이,0,2
202607,CNU,충남대학교,12,어린이,0,2
202607,CNU,충남대학교,13,어린이,0,2
202607,CNU,충남대학교,14,어린이,0,1
202607,CNU,충남대학교,15,어린이,0,3
202607,CNU,충남대학교,16,어린이,0,4
202607,CNU,충남대학교,17,어린이,0,1
202607,CNU,충남대학교,18,어린이,6,3
202607,CNU,충남대학교,06,청소년,0,4
202607,CNU,충남대학교,07,청소년,0,25
202607,CNU,충남대학교,08,청소년,0,11
202607,CNU,충남대학교,09,청소년,0,15
202607,CNU,충남대학교,10,청소년,0,5
202607,CNU,충남대학교,11,청소년,1,12
202607,CNU,충남대학교,12,청소년,0,14
202607,CNU,충남대학교,13,청소년,5,33
202607,CNU,충남대학교,14,청소년,2,24
202607,CNU,충남대학교,15,청소년,0,21
202607,CNU,충남대학교,16,청소년,0,17
202607,CNU,충남대학교,17,청소년,0,19
202607,CNU,충남대학교,18,청소년,0,11
202607,CNU,충남대학교,19,청소년,0,5
202607,CNU,충남대학교,20,청소년,1,8
202607,CNU,충남대학교,21,청소년,0,2
202607,CNU,충남대학교,22,청소년,0,4
202607,CNU,충남대학교,23,청소년,0,3
202607,CNU,충남대학교,06,경로,0,17
202607,CNU,충남대학교,07,경로,0,65
202607,CNU,충남대학교,08,경로,0,42
202607,CNU,충남대학교,09,경로,1,45
202607,CNU,충남대학교,10,경로,0,39
202607,CNU,충남대학교,11,경로,0,50
202607,CNU,충남대학교,12,경로,1,48
202607,CNU,충남대학교,13,경로,1,36
202607,CNU,충남대학교,14,경로,1,20
202607,CNU,충남대학교,15,경로,1,54
202607,CNU,충남대학교,16,경로,0,30
202607,CNU,충남대학교,17,경로,0,37
202607,CNU,충남대학교,18,경로,0,25
202607,CNU,충남대학교,19,경로,0,32
202607,CNU,충남대학교,20,경로,0,5
202607,CNU,충남대학교,21,경로,0,1
202607,CNU,충남대학교,22,경로,0,7
202607,CNU,충남대학교,23,경로,0,3
202607,CNU,충남대학교,07,장애인,0,1
202607,CNU,충남대학교,08,장애인,0,2
202607,CNU,충남대학교,09,장애인,0,1
202607,CNU,충남대학교,12,장애인,0,1
202607,CNU,충남대학교,13,장애인,0,1
202607,CNU,충남대학교,14,장애인,0,1
202607,CNU,충남대학교,19,장애인,0,1
202607,CNU,충남대학교,09,국가유공자,0,1
202607,CNU,충남대학교,11,국가유공자,0,2
202607,CNU,충남대학교,12,국가유공자,0,2
202607,CNU,충남대학교,15,국가유공자,0,1
202607,CNU,충남대학교,05,일반인,5,6
202607,CNU,충남대학교,06,일반인,55,9
202607,CNU,충남대학교,07,일반인,120,55
202607,CNU,충남대학교,08,일반인,92,122
202607,CNU,충남대학교,09,일반인,56,128
202607,CNU,충남대학교,10,일반인,66,94
202607,CNU,충남대학교,11,일반인,44,33
202607,CNU,충남대학교,12,일반인,64,149
202607,CNU,충남대학교,13,일반인,59,64
202607,CNU,충남대학교,14,일반인,65,54
202607,CNU,충남대학교,15,일반인,61,44
202607,CNU,충남대학교,16,일반인,86,124
202607,CNU,충남대학교,17,일반인,97,37
202607,CNU,충남대학교,18,일반인,125,38
202607,CNU,충남대학교,19,일반인,94,27
202607,CNU,충남대학교,20,일반인,45,21
202607,CNU,충남대학교,21,일반인,54,17
202607,CNU,충남대학교,22,일반인,34,16
202607,CNU,충남대학교,08,어린이,1,0
202607,CNU,충남대학교,10,어린이,0,2
202607,CNU,충남대학교,13,어린이,0,2
202607,CNU,충남대학교,15,어린이,0,8
202607,CNU,충남대학교,16,어린이,1,1
202607,CNU,충남대학교,18,어린이,3,0
202607,CNU,충남대학교,20,어린이,1,0
202607,CNU,충남대학교,05,청소년,1,0
202607,CNU,충남대학교,06,청소년,1,0
202607,CNU,충남대학교,07,청소년,1,1
202607,CNU,충남대학교,08,청소년,4,4
202607,CNU,충남대학교,09,청소년,3,0
202607,CNU,충남대학교,10,청소년,3,3
202607,CNU,충남대학교,11,청소년,5,1
202607,CNU,충남대학교,12,청소년,10,1
202607,CNU,충남대학교,13,청소년,7,3
202607,CNU,충남대학교,14,청소년,4,0
202607,CNU,충남대학교,15,청소년,6,8
202607,CNU,충남대학교,16,청소년,9,4
202607,CNU,충남대학교,17,청소년,6,3
202607,CNU,충남대학교,18,청소년,19,3
202607,CNU,충남대학교,19,청소년,5,1
202607,CNU,충남대학교,20,청소년,22,3
202607,CNU,충남대학교,21,청소년,6,2
202607,CNU,충남대학교,22,청소년,4,3
202607,CNU,충남대학교,05,경로,0,1
202607,CNU,충남대학교,06,경로,7,3
202607,CNU,충남대학교,07,경로,43,12
202607,CNU,충남대학교,08,경로,51,8
202607,CNU,충남대학교,09,경로,22,20
202607,CNU,충남대학교,10,경로,26,17
202607,CNU,충남대학교,11,경로,23,13
202607,CNU,충남대학교,12,경로,19,16
202607,CNU,충남대학교,13,경로,30,20
202607,CNU,충남대학교,14,경로,20,8
202607,CNU,충남대학교,15,경로,24,15
202607,CNU,충남대학교,16,경로,23,13
202607,CNU,충남대학교,17,경로,6,2
202607,CNU,충남대학교,18,경로,15,2
202607,CNU,충남대학교,19,경로,11,3
202607,CNU,충남대학교,20,경로,6,2
202607,CNU,충남대학교,21,경로,0,1
202607,CNU,충남대학교,22,경로,0,4
202607,CNU,충남대학교,12,장애인,0,1
202607,CNU,충남대학교,07,국가유공자,0,1
202607,CNU,충남대학교,08,국가유공자,0,1
202607,CNU,충남대학교,15,국가유공자,0,1
202607,CNU,충남대학교,21,국가유공자,1,0
202607,CNU,충남대학교,06,일반인,1,1
202607,CNU,충남대학교,07,일반인,11,13
202607,CNU,충남대학교,08,일반인,20,65
202607,CNU,충남대학교,09,일반인,13,59
202607,CNU,충남대학교,10,일반인,4,44
202607,CNU,충남대학교,11,일반인,11,24
202607,CNU,충남대학교,12,일반인,18,43
202607,CNU,충남대학교,13,일반인,8,42
202607,CNU,충남대학교,14,일반인,8,31
202607,CNU,충남대학교,15,일반인,9,43
202607,CNU,충남대학교,16,일반인,16,26
202607,CNU,충남대학교,17,일반인,18,30
202607,CNU,충남대학교,18,일반인,17,76
202607,CNU,충남대학교,19,일반인,17,44
202607,CNU,충남대학교,20,일반인,10,30
202607,CNU,충남대학교,21,일반인,20,31
202607,CNU,충남대학교,22,일반인,18,33
202607,CNU,충남대학교,23,일반인,4,9
202607,CNU,충남대학교,07,어린이,1,1
202607,CNU,충남대학교,12,어린이,0,3
202607,CNU,충남대학교,13,어린이,0,2
202607,CNU,충남대학교,19,어린이,1,0
202607,CNU,충남대학교,07,청소년,0,1
202607,CNU,충남대학교,09,청소년,1,0
202607,CNU,충남대학교,11,청소년,1,4
202607,CNU,충남대학교,12,청소년,5,8
202607,CNU,충남대학교,13,청소년,1,6
202607,CNU,충남대학교,14,청소년,3,6
202607,CNU,충남대학교,15,청소년,1,4
202607,CNU,충남대학교,16,청소년,0,7
202607,CNU,충남대학교,17,청소년,1,4
202607,CNU,충남대학교,18,청소년,0,4
202607,CNU,충남대학교,19,청소년,0,1
202607,CNU,충남대학교,20,청소년,0,4
202607,CNU,충남대학교,21,청소년,0,5
202607,CNU,충남대학교,22,청소년,0,3
202607,CNU,충남대학교,06,경로,0,3
202607,CNU,충남대학교,07,경로,0,1
202607,CNU,충남대학교,08,경로,1,5
202607,CNU,충남대학교,09,경로,0,5
202607,CNU,충남대학교,10,경로,2,3
202607,CNU,충남대학교,11,경로,1,10
202607,CNU,충남대학교,12,경로,2,4
202607,CNU,충남대학교,13,경로,3,2
202607,CNU,충남대학교,14,경로,2,7
202607,CNU,충남대학교,15,경로,2,13
202607,CNU,충남대학교,16,경로,1,12
202607,CNU,충남대학교,17,경로,3,3
202607,CNU,충남대학교,18,경로,3,2
202607,CNU,충남대학교,19,경로,1,5
202607,CNU,충남대학교,20,경로,0,2
202607,CNU,충남대학교,21,경로,1,1
202607,CNU,충남대학교,22,경로,1,0
202607,CNU,충남대학교,06,일반인,3,0
202607,CNU,충남대학교,07,일반인,3,1
202607,CNU,충남대학교,08,일반인,3,12
202607,CNU,충남대학교,09,일반인,1,3
202607,CNU,충남대학교,10,일반인,1,7
202607,CNU,충남대학교,11,일반인,4,4
202607,CNU,충남대학교,12,일반인,2,5
202607,CNU,충남대학교,13,일반인,5,18
202607,CNU,충남대학교,14,일반인,2,14
202607,CNU,충남대학교,15,일반인,2,25
202607,CNU,충남대학교,16,일반인,5,27
202607,CNU,충남대학교,17,일반인,8,14
202607,CNU,충남대학교,18,일반인,5,64
202607,CNU,충남대학교,19,일반인,4,40
202607,CNU,충남대학교,20,일반인,5,43
202607,CNU,충남대학교,21,일반인,6,31
202607,CNU,충남대학교,22,일반인,3,16
202607,CNU,충남대학교,18,어린이,2,1
202607,CNU,충남대학교,08,청소년,0,1
202607,CNU,충남대학교,11,청소년,1,0
202607,CNU,충남대학교,13,청소년,1,0
202607,CNU,충남대학교,14,청소년,0,3
202607,CNU,충남대학교,15,청소년,0,1
202607,CNU,충남대학교,17,청소년,0,2
202607,CNU,충남대학교,18,청소년,0,4
202607,CNU,충남대학교,19,청소년,0,2
202607,CNU,충남대학교,20,청소년,0,3
202607,CNU,충남대학교,21,청소년,0,2
202607,CNU,충남대학교,22,청소년,0,2
202607,CNU,충남대학교,06,경로,1,0
202607,CNU,충남대학교,08,경로,0,1
202607,CNU,충남대학교,09,경로,1,0
202607,CNU,충남대학교,10,경로,0,3
202607,CNU,충남대학교,11,경로,1,0
202607,CNU,충남대학교,13,경로,3,0
202607,CNU,충남대학교,15,경로,2,1
202607,CNU,충남대학교,16,경로,0,1
202607,CNU,충남대학교,17,경로,1,1
202607,CNU,충남대학교,06,일반인,4,0
202607,CNU,충남대학교,07,일반인,16,0
202607,CNU,충남대학교,08,일반인,55,3
202607,CNU,충남대학교,09,일반인,43,1
202607,CNU,충남대학교,10,일반인,28,2
202607,CNU,충남대학교,11,일반인,21,1
202607,CNU,충남대학교,12,일반인,12,3
202607,CNU,충남대학교,13,일반인,21,1
202607,CNU,충남대학교,14,일반인,7,0
202607,CNU,충남대학교,15,일반인,10,4
202607,CNU,충남대학교,16,일반인,4,2
202607,CNU,충남대학교,17,일반인,5,1
202607,CNU,충남대학교,18,일반인,1,9
202607,CNU,충남대학교,19,일반인,3,2
202607,CNU,충남대학교,20,일반인,8,5
202607,CNU,충남대학교,21,일반인,4,1
202607,CNU,충남대학교,22,일반인,8,5
202607,CNU,충남대학교,20,어린이,1,0
202607,CNU,충남대학교,11,청소년,1,0
202607,CNU,충남대학교,13,청소년,1,0
202607,CNU,충남대학교,20,청소년,1,0
202607,CNU,충남대학교,21,청소년,1,0
202607,CNU,충남대학교,22,청소년,0,1
202607,CNU,충남대학교,19,장애인,1,0
202607,CNU,충남대학교,15,경로,0,1
202607,CNU,충남대학교,06,일반인,4,193
202607,CNU,충남대학교,08,일반인,13,340
202607,CNU,충남대학교,09,일반인,32,1165
202607,CNU,충남대학교,10,일반인,25,483
202607,CNU,충남대학교,13,일반인,45,542
202607,CNU,충남대학교,14,일반인,50,595
202607,CNU,충남대학교,15,일반인,22,163
202607,CNU,충남대학교,17,일반인,5,189
202607,CNU,충남대학교,18,일반인,75,1338
202607,CNU,충남대학교,19,일반인,24,827
202607,CNU,충남대학교,22,일반인,14,735
202607,CNU,충남대학교,23,일반인,33,248
202607,CNU,충남대학교,09,어린이,0,8
202607,CNU,충남대학교,10,어린이,1,4
202607,CNU,충남대학교,13,어린이,0,3
202607,CNU,충남대학교,14,어린이,0,3
202607,CNU,충남대학교,15,어린이,0,1
202607,CNU,충남대학교,18,어린이,2,3
202607,CNU,충남대학교,19,어린이,1,2
202607,CNU,충남대학교,22,어린이,0,2
202607,CNU,충남대학교,23,어린이,0,5
202607,CNU,충남대학교,06,청소년,0,1
202607,CNU,충남대학교,08,청소년,0,5
202607,CNU,충남대학교,09,청소년,4,55
202607,CNU,충남대학교,10,청소년,3,37
202607,CNU,충남대학교,13,청소년,3,81
202607,CNU,충남대학교,14,청소년,6,57
202607,CNU,충남대학교,15,청소년,3,36
202607,CNU,충남대학교,17,청소년,1,13
202607,CNU,충남대학교,18,청소년,5,70
202607,CNU,충남대학교,19,청소년,4,35
202607,CNU,충남대학교,22,청소년,0,56
202607,CNU,충남대학교,23,청소년,2,11
202607,CNU,충남대학교,06,경로,0,1
202607,CNU,충남대학교,08,경로,2,0
202607,CNU,충남대학교,09,경로,1,5
202607,CNU,충남대학교,10,경로,1,3
202607,CNU,충남대학교,13,경로,0,1
202607,CNU,충남대학교,14,경로,1,6
202607,CNU,충남대학교,15,경로,0,3
202607,CNU,충남대학교,17,경로,0,1
202607,CNU,충남대학교,18,경로,0,3
202607,CNU,충남대학교,19,경로,0,11
202607,CNU,충남대학교,22,경로,0,1
202607,CNU,충남대학교,23,경로,0,1
202607,CNU,충남대학교,09,국가유공자,0,1
202607,CNU,충남대학교,05,일반인,74,2
202607,CNU,충남대학교,06,일반인,191,7
202607,CNU,충남대학교,07,일반인,312,2
202607,CNU,충남대학교,09,일반인,13,1
202607,CNU,충남대학교,10,일반인,388,13
202607,CNU,충남대학교,11,일반인,411,14
202607,CNU,충남대학교,14,일반인,460,9
202607,CNU,충남대학교,15,일반인,765,28
202607,CNU,충남대학교,16,일반인,262,35
202607,CNU,충남대학교,19,일반인,603,34
202607,CNU,충남대학교,20,일반인,508,24
202607,CNU,충남대학교,14,어린이,5,0
202607,CNU,충남대학교,15,어린이,2,0
202607,CNU,충남대학교,19,어린이,5,0
202607,CNU,충남대학교,20,어린이,3,0
202607,CNU,충남대학교,05,청소년,2,0
202607,CNU,충남대학교,06,청소년,3,1
202607,CNU,충남대학교,07,청소년,2,0
202607,CNU,충남대학교,10,청소년,18,0
202607,CNU,충남대학교,11,청소년,17,0
202607,CNU,충남대학교,14,청소년,27,0
202607,CNU,충남대학교,15,청소년,50,4
202607,CNU,충남대학교,16,청소년,22,7
202607,CNU,충남대학교,19,청소년,50,6
202607,CNU,충남대학교,20,청소년,47,3
202607,CNU,충남대학교,05,경로,1,0
202607,CNU,충남대학교,06,경로,6,0
202607,CNU,충남대학교,07,경로,3,1
202607,CNU,충남대학교,10,경로,4,7
202607,CNU,충남대학교,11,경로,0,5
202607,CNU,충남대학교,14,경로,1,1
202607,CNU,충남대학교,15,경로,8,0
202607,CNU,충남대학교,16,경로,2,0
202607,CNU,충남대학교,14,국가유공자,1,0
202607,CNU,충남대학교,05,일반인,46,2
202607,CNU,충남대학교,06,일반인,152,10
202607,CNU,충남대학교,07,일반인,382,19
202607,CNU,충남대학교,08,일반인,623,92
202607,CNU,충남대학교,09,일반인,375,50
202607,CNU,충남대학교,10,일반인,219,12
202607,CNU,충남대학교,11,일반인,247,23
202607,CNU,충남대학교,12,일반인,167,32
202607,CNU,충남대학교,13,일반인,197,23
202607,CNU,충남대학교,14,일반인,181,34
202607,CNU,충남대학교,15,일반인,238,35
202607,CNU,충남대학교,16,일반인,334,21
202607,CNU,충남대학교,17,일반인,282,47
202607,CNU,충남대학교,18,일반인,330,41
202607,CNU,충남대학교,19,일반인,178,25
202607,CNU,충남대학교,20,일반인,217,27
202607,CNU,충남대학교,21,일반인,242,31
202607,CNU,충남대학교,22,일반인,305,21
202607,CNU,충남대학교,08,어린이,1,0
202607,CNU,충남대학교,09,어린이,2,0
202607,CNU,충남대학교,13,어린이,16,0
202607,CNU,충남대학교,14,어린이,2,0
202607,CNU,충남대학교,16,어린이,5,0
202607,CNU,충남대학교,17,어린이,2,0
202607,CNU,충남대학교,18,어린이,1,0
202607,CNU,충남대학교,19,어린이,5,0
202607,CNU,충남대학교,20,어린이,3,0
202607,CNU,충남대학교,21,어린이,1,0
202607,CNU,충남대학교,07,청소년,2,1
202607,CNU,충남대학교,08,청소년,6,0
202607,CNU,충남대학교,09,청소년,16,0
202607,CNU,충남대학교,10,청소년,3,0
202607,CNU,충남대학교,11,청소년,16,1
202607,CNU,충남대학교,12,청소년,13,3
202607,CNU,충남대학교,13,청소년,32,0
202607,CNU,충남대학교,14,청소년,27,2
202607,CNU,충남대학교,15,청소년,20,2
202607,CNU,충남대학교,16,청소년,33,1
202607,CNU,충남대학교,17,청소년,32,3
202607,CNU,충남대학교,18,청소년,29,4
202607,CNU,충남대학교,19,청소년,18,2
202607,CNU,충남대학교,20,청소년,20,4
202607,CNU,충남대학교,21,청소년,14,0
202607,CNU,충남대학교,22,청소년,13,0
202607,CNU,충남대학교,05,경로,3,0
202607,CNU,충남대학교,06,경로,31,0
202607,CNU,충남대학교,07,경로,18,1
202607,CNU,충남대학교,08,경로,18,3
202607,CNU,충남대학교,09,경로,35,9
202607,CNU,충남대학교,10,경로,25,5
202607,CNU,충남대학교,11,경로,22,4
202607,CNU,충남대학교,12,경로,34,11
202607,CNU,충남대학교,13,경로,24,2
202607,CNU,충남대학교,14,경로,39,10
202607,CNU,충남대학교,15,경로,17,16
202607,CNU,충남대학교,16,경로,24,18
202607,CNU,충남대학교,17,경로,10,8
202607,CNU,충남대학교,18,경로,12,5
202607,CNU,충남대학교,19,경로,4,1
202607,CNU,충남대학교,20,경로,5,6
202607,CNU,충남대학교,21,경로,3,3
202607,CNU,충남대학교,06,장애인,3,1
202607,CNU,충남대학교,07,장애인,17,0
202607,CNU,충남대학교,10,장애인,1,0
202607,CNU,충남대학교,13,장애인,1,0
202607,CNU,충남대학교,06,국가유공자,4,0
202607,CNU,충남대학교,09,국가유공자,2,0
202607,CNU,충남대학교,12,국가유공자,6,0
202607,CNU,충남대학교,13,국가유공자,1,0
202607,CNU,충남대학교,06,일반인,38,153
202607,CNU,충남대학교,07,일반인,31,304
202607,CNU,충남대학교,08,일반인,59,507
202607,CNU,충남대학교,09,일반인,63,452
202607,CNU,충남대학교,10,일반인,77,344
202607,CNU,충남대학교,11,일반인,54,313
202607,CNU,충남대학교,12,일반인,49,335
202607,CNU,충남대학교,13,일반인,59,399
202607,CNU,충남대학교,14,일반인,53,336
202607,CNU,충남대학교,15,일반인,87,469
202607,CNU,충남대학교,16,일반인,96,541
202607,CNU,충남대학교,17,일반인,70,607
202607,CNU,충남대학교,18,일반인,104,1219
202607,CNU,충남대학교,19,일반인,66,803
202607,CNU,충남대학교,20,일반인,64,549
202607,CNU,충남대학교,21,일반인,28,356
202607,CNU,충남대학교,22,일반인,35,303
202607,CNU,충남대학교,23,일반인,11,116
202607,CNU,충남대학교,08,어린이,0,2
202607,CNU,충남대학교,10,어린이,1,2
202607,CNU,충남대학교,11,어린이,0,2
202607,CNU,충남대학교,12,어린이,0,2
202607,CNU,충남대학교,13,어린이,0,1
202607,CNU,충남대학교,14,어린이,0,1
202607,CNU,충남대학교,15,어린이,0,4
202607,CNU,충남대학교,16,어린이,0,1
202607,CNU,충남대학교,18,어린이,0,4
202607,CNU,충남대학교,19,어린이,0,1
202607,CNU,충남대학교,06,청소년,2,3
202607,CNU,충남대학교,07,청소년,1,29
202607,CNU,충남대학교,08,청소년,2,28
202607,CNU,충남대학교,09,청소년,0,26
202607,CNU,충남대학교,10,청소년,1,32
202607,CNU,충남대학교,11,청소년,1,37
202607,CNU,충남대학교,12,청소년,3,25
202607,CNU,충남대학교,13,청소년,2,55
202607,CNU,충남대학교,14,청소년,3,28
202607,CNU,충남대학교,15,청소년,2,51
202607,CNU,충남대학교,16,청소년,4,52
202607,CNU,충남대학교,17,청소년,1,22
202607,CNU,충남대학교,18,청소년,5,33
202607,CNU,충남대학교,19,청소년,5,18
202607,CNU,충남대학교,20,청소년,2,24
202607,CNU,충남대학교,21,청소년,2,20
202607,CNU,충남대학교,22,청소년,2,9
202607,CNU,충남대학교,23,청소년,0,2
202607,CNU,충남대학교,06,경로,2,38
202607,CNU,충남대학교,07,경로,13,32
202607,CNU,충남대학교,08,경로,4,59
202607,CNU,충남대학교,09,경로,10,62
202607,CNU,충남대학교,10,경로,8,132
202607,CNU,충남대학교,11,경로,9,92
202607,CNU,충남대학교,12,경로,9,108
202607,CNU,충남대학교,13,경로,12,82
202607,CNU,충남대학교,14,경로,9,70
202607,CNU,충남대학교,15,경로,7,103
202607,CNU,충남대학교,16,경로,7,94
202607,CNU,충남대학교,17,경로,9,27
202607,CNU,충남대학교,18,경로,6,32
202607,CNU,충남대학교,19,경로,1,23
202607,CNU,충남대학교,20,경로,1,14
202607,CNU,충남대학교,21,경로,0,7
202607,CNU,충남대학교,22,경로,0,12
202607,CNU,충남대학교,23,경로,1,2
202607,CNU,충남대학교,07,장애인,0,1
202607,CNU,충남대학교,09,장애인,0,1
202607,CNU,충남대학교,17,장애인,0,1
202607,CNU,충남대학교,09,국가유공자,0,1
202607,CNU,충남대학교,10,국가유공자,0,3
202607,CNU,충남대학교,11,국가유공자,1,2
202607,CNU,충남대학교,12,국가유공자,1,1
202607,CNU,충남대학교,13,국가유공자,0,3
202607,CNU,충남대학교,14,국가유공자,0,4
202607,CNU,충남대학교,15,국가유공자,0,14
202607,CNU,충남대학교,16,국가유공자,0,6
202607,CNU,충남대학교,17,국가유공자,0,2
202607,CNU,충남대학교,18,국가유공자,0,13
202607,CNU,충남대학교,19,국가유공자,1,0
202607,CNU,충남대학교,06,일반인,18,0
202607,CNU,충남대학교,07,일반인,16,0
202607,CNU,충남대학교,08,일반인,25,0
202607,CNU,충남대학교,09,일반인,21,0
202607,CNU,충남대학교,10,일반인,20,0
202607,CNU,충남대학교,11,일반인,35,0
202607,CNU,충남대학교,12,일반인,9,0
202607,CNU,충남대학교,13,일반인,25,0
202607,CNU,충남대학교,14,일반인,23,0
202607,CNU,충남대학교,15,일반인,19,0
202607,CNU,충남대학교,16,일반인,39,0
202607,CNU,충남대학교,17,일반인,43,0
202607,CNU,충남대학교,18,일반인,26,0
202607,CNU,충남대학교,19,일반인,24,0
202607,CNU,충남대학교,20,일반인,14,0
202607,CNU,충남대학교,21,일반인,5,0
202607,CNU,충남대학교,22,일반인,11,0
202607,CNU,충남대학교,23,일반인,4,0
202607,CNU,충남대학교,07,청소년,1,0
202607,CNU,충남대학교,11,청소년,2,0
202607,CNU,충남대학교,13,청소년,1,0
202607,CNU,충남대학교,15,청소년,1,0
202607,CNU,충남대학교,16,청소년,3,0
202607,CNU,충남대학교,17,청소년,1,0
202607,CNU,충남대학교,18,청소년,1,0
202607,CNU,충남대학교,19,청소년,3,0
202607,CNU,충남대학교,06,경로,10,0
202607,CNU,충남대학교,07,경로,9,0
202607,CNU,충남대학교,08,경로,4,0
202607,CNU,충남대학교,09,경로,1,0
202607,CNU,충남대학교,10,경로,4,0
202607,CNU,충남대학교,11,경로,1,0
202607,CNU,충남대학교,12,경로,1,0
202607,CNU,충남대학교,13,경로,5,0
202607,CNU,충남대학교,14,경로,1,0
202607,CNU,충남대학교,16,경로,2,0
202607,CNU,충남대학교,17,경로,2,0
202607,CNU,충남대학교,18,경로,3,0
202607,CNU,충남대학교,21,경로,1,0
202607,CNU,충남대학교,22,경로,2,0
202607,CNU,충남대학교,07,일반인,1,1
202607,CNU,충남대학교,08,일반인,0,7
202607,CNU,충남대학교,09,일반인,0,3
202607,CNU,충남대학교,10,일반인,0,6
202607,CNU,충남대학교,11,일반인,0,3
202607,CNU,충남대학교,12,일반인,0,2
202607,CNU,충남대학교,13,일반인,0,3
202607,CNU,충남대학교,14,일반인,0,3
202607,CNU,충남대학교,15,일반인,0,4
202607,CNU,충남대학교,16,일반인,0,2
202607,CNU,충남대학교,17,일반인,0,2
202607,CNU,충남대학교,18,일반인,0,2
202607,CNU,충남대학교,19,일반인,0,4
202607,CNU,충남대학교,20,일반인,0,6
202607,CNU,충남대학교,21,일반인,0,1
202607,CNU,충남대학교,23,일반인,0,6
202607,CNU,충남대학교,15,어린이,0,2
202607,CNU,충남대학교,09,청소년,0,1
202607,CNU,충남대학교,10,청소년,0,1
202607,CNU,충남대학교,16,청소년,0,1
202607,CNU,충남대학교,17,청소년,0,1
202607,CNU,충남대학교,18,청소년,0,1
202607,CNU,충남대학교,07,경로,1,0
202607,CNU,충남대학교,13,경로,0,1
202607,CNU,충남대학교,15,경로,1,0
202607,CNU,충남대학교,16,경로,0,1
202607,CNU,충남대학교,18,일반인,0,1
202607,CNU,충남대학교,06,일반인,0,132
202607,CNU,충남대학교,07,일반인,19,811
202607,CNU,충남대학교,08,일반인,63,1417
202607,CNU,충남대학교,09,일반인,0,22
202607,CNU,충남대학교,10,일반인,10,290
202607,CNU,충남대학교,11,일반인,44,746
202607,CNU,충남대학교,12,일반인,49,862
202607,CNU,충남대학교,13,일반인,9,202
202607,CNU,충남대학교,15,일반인,36,492
202607,CNU,충남대학교,16,일반인,61,740
202607,CNU,충남대학교,17,일반인,29,793
202607,CNU,충남대학교,19,일반인,10,196
202607,CNU,충남대학교,20,일반인,20,513
202607,CNU,충남대학교,21,일반인,12,606
202607,CNU,충남대학교,22,일반인,0,58
202607,CNU,충남대학교,08,어린이,0,4
202607,CNU,충남대학교,10,어린이,0,3
202607,CNU,충남대학교,11,어린이,0,3
202607,CNU,충남대학교,12,어린이,0,11
202607,CNU,충남대학교,13,어린이,0,2
202607,CNU,충남대학교,15,어린이,1,4
202607,CNU,충남대학교,16,어린이,0,3
202607,CNU,충남대학교,17,어린이,0,3
202607,CNU,충남대학교,19,어린이,0,1
202607,CNU,충남대학교,21,어린이,3,2
202607,CNU,충남대학교,07,청소년,3,30
202607,CNU,충남대학교,08,청소년,1,55
202607,CNU,충남대학교,09,청소년,0,1
202607,CNU,충남대학교,10,청소년,0,23
202607,CNU,충남대학교,11,청소년,0,117
202607,CNU,충남대학교,12,청소년,2,148
202607,CNU,충남대학교,13,청소년,0,33
202607,CNU,충남대학교,15,청소년,1,49
202607,CNU,충남대학교,16,청소년,3,58
202607,CNU,충남대학교,17,청소년,4,54
202607,CNU,충남대학교,19,청소년,0,6
202607,CNU,충남대학교,20,청소년,0,53
202607,CNU,충남대학교,21,청소년,1,17
202607,CNU,충남대학교,22,청소년,0,4
202607,CNU,충남대학교,06,경로,0,1
202607,CNU,충남대학교,07,경로,0,1
202607,CNU,충남대학교,08,경로,1,0
202607,CNU,충남대학교,11,경로,1,1
202607,CNU,충남대학교,12,경로,0,1
202607,CNU,충남대학교,15,경로,1,22
202607,CNU,충남대학교,16,경로,1,5
202607,CNU,충남대학교,17,경로,1,2
202607,CNU,충남대학교,19,경로,0,9
202607,CNU,충남대학교,20,경로,0,2
202607,CNU,충남대학교,21,장애인,0,1
202607,CNU,충남대학교,12,국가유공자,0,1
202607,CNU,충남대학교,08,일반인,0,2
202607,CNU,충남대학교,16,일반인,0,1
202607,CNU,충남대학교,07,일반인,227,1
202607,CNU,충남대학교,08,일반인,698,15
202607,CNU,충남대학교,09,일반인,545,29
202607,CNU,충남대학교,11,일반인,128,3
202607,CNU,충남대학교,12,일반인,479,28
202607,CNU,충남대학교,13,일반인,607,14
202607,CNU,충남대학교,14,일반인,160,6
202607,CNU,충남대학교,16,일반인,598,20
202607,CNU,충남대학교,17,일반인,1008,27
202607,CNU,충남대학교,18,일반인,902,34
202607,CNU,충남대학교,19,일반인,37,1
202607,CNU,충남대학교,20,일반인,226,6
202607,CNU,충남대학교,21,일반인,754,35
202607,CNU,충남대학교,22,일반인,1011,54
202607,CNU,충남대학교,09,어린이,1,0
202607,CNU,충남대학교,13,어린이,1,0
202607,CNU,충남대학교,16,어린이,1,0
202607,CNU,충남대학교,17,어린이,6,0
202607,CNU,충남대학교,18,어린이,8,1
202607,CNU,충남대학교,21,어린이,4,0
202607,CNU,충남대학교,08,청소년,19,1
202607,CNU,충남대학교,09,청소년,4,0
202607,CNU,충남대학교,11,청소년,12,0
202607,CNU,충남대학교,12,청소년,19,1
202607,CNU,충남대학교,13,청소년,67,0
202607,CNU,충남대학교,14,청소년,11,0
202607,CNU,충남대학교,16,청소년,61,8
202607,CNU,충남대학교,17,청소년,121,4
202607,CNU,충남대학교,18,청소년,51,4
202607,CNU,충남대학교,20,청소년,17,1
202607,CNU,충남대학교,21,청소년,56,3
202607,CNU,충남대학교,22,청소년,78,2
202607,CNU,충남대학교,07,경로,0,1
202607,CNU,충남대학교,08,경로,3,1
202607,CNU,충남대학교,09,경로,2,1
202607,CNU,충남대학교,12,경로,1,1
202607,CNU,충남대학교,13,경로,2,2
202607,CNU,충남대학교,14,경로,1,0
202607,CNU,충남대학교,16,경로,4,2
202607,CNU,충남대학교,17,경로,2,0
202607,CNU,충남대학교,18,경로,1,0
202607,CNU,충남대학교,06,일반인,31,0
202607,CNU,충남대학교,07,일반인,76,2
202607,CNU,충남대학교,08,일반인,33,14
202607,CNU,충남대학교,09,일반인,79,11
202607,CNU,충남대학교,10,일반인,33,2
202607,CNU,충남대학교,11,일반인,74,15
202607,CNU,충남대학교,12,일반인,68,20
202607,CNU,충남대학교,13,일반인,52,5
202607,CNU,충남대학교,14,일반인,59,18
202607,CNU,충남대학교,15,일반인,94,41
202607,CNU,충남대학교,16,일반인,71,13
202607,CNU,충남대학교,17,일반인,139,83
202607,CNU,충남대학교,18,일반인,141,44
202607,CNU,충남대학교,19,일반인,112,6
202607,CNU,충남대학교,20,일반인,160,24
202607,CNU,충남대학교,21,일반인,89,19
202607,CNU,충남대학교,22,일반인,132,18
202607,CNU,충남대학교,13,어린이,1,0
202607,CNU,충남대학교,17,어린이,3,0
202607,CNU,충남대학교,21,어린이,2,0
202607,CNU,충남대학교,07,청소년,7,0
202607,CNU,충남대학교,08,청소년,0,1
202607,CNU,충남대학교,11,청소년,1,0
202607,CNU,충남대학교,12,청소년,3,0
202607,CNU,충남대학교,13,청소년,6,1
202607,CNU,충남대학교,14,청소년,15,1
202607,CNU,충남대학교,15,청소년,26,0
202607,CNU,충남대학교,16,청소년,21,1
202607,CNU,충남대학교,17,청소년,21,4
202607,CNU,충남대학교,18,청소년,25,0
202607,CNU,충남대학교,19,청소년,9,0
202607,CNU,충남대학교,20,청소년,20,1
202607,CNU,충남대학교,21,청소년,18,1
202607,CNU,충남대학교,22,청소년,14,0
202607,CNU,충남대학교,06,경로,53,0
202607,CNU,충남대학교,07,경로,21,0
202607,CNU,충남대학교,08,경로,5,0
202607,CNU,충남대학교,09,경로,14,1
202607,CNU,충남대학교,10,경로,4,0
202607,CNU,충남대학교,12,경로,9,0
202607,CNU,충남대학교,13,경로,6,0
202607,CNU,충남대학교,14,경로,2,0
202607,CNU,충남대학교,15,경로,15,0
202607,CNU,충남대학교,16,경로,2,0
202607,CNU,충남대학교,17,경로,9,3
202607,CNU,충남대학교,18,경로,8,0
202607,CNU,충남대학교,19,경로,2,1
202607,CNU,충남대학교,20,경로,2,0
202607,CNU,충남대학교,21,경로,1,0
202607,CNU,충남대학교,10,장애인,1,0
202607,CNU,충남대학교,11,장애인,1,0
202607,CNU,충남대학교,17,장애인,1,0
202607,CNU,충남대학교,06,국가유공자,1,0
202607,CNU,충남대학교,07,국가유공자,2,0
202607,CNU,충남대학교,12,국가유공자,3,0
202607,CNU,충남대학교,14,국가유공자,1,0
202607,CNU,충남대학교,15,국가유공자,2,0
202607,CNU,충남대학교,16,국가유공자,1,0
202607,CNU,충남대학교,06,일반인,0,12
202607,CNU,충남대학교,07,일반인,12,78
202607,CNU,충남대학교,08,일반인,75,59
202607,CNU,충남대학교,09,일반인,25,83
202607,CNU,충남대학교,10,일반인,17,51
202607,CNU,충남대학교,11,일반인,14,48
202607,CNU,충남대학교,12,일반인,30,36
202607,CNU,충남대학교,13,일반인,22,41
202607,CNU,충남대학교,14,일반인,4,33
202607,CNU,충남대학교,15,일반인,8,22
202607,CNU,충남대학교,16,일반인,7,38
202607,CNU,충남대학교,17,일반인,7,29
202607,CNU,충남대학교,18,일반인,4,20
202607,CNU,충남대학교,19,일반인,6,21
202607,CNU,충남대학교,20,일반인,3,10
202607,CNU,충남대학교,21,일반인,4,12
202607,CNU,충남대학교,22,일반인,2,14
202607,CNU,충남대학교,23,일반인,2,25
202607,CNU,충남대학교,10,어린이,0,1
202607,CNU,충남대학교,16,어린이,0,1
202607,CNU,충남대학교,21,어린이,0,2
202607,CNU,충남대학교,07,청소년,0,1
202607,CNU,충남대학교,08,청소년,0,3
202607,CNU,충남대학교,09,청소년,2,10
202607,CNU,충남대학교,11,청소년,0,12
202607,CNU,충남대학교,12,청소년,0,12
202607,CNU,충남대학교,13,청소년,0,4
202607,CNU,충남대학교,14,청소년,0,3
202607,CNU,충남대학교,15,청소년,0,2
202607,CNU,충남대학교,16,청소년,0,5
202607,CNU,충남대학교,17,청소년,0,5
202607,CNU,충남대학교,18,청소년,0,4
202607,CNU,충남대학교,19,청소년,0,6
202607,CNU,충남대학교,20,청소년,0,1
202607,CNU,충남대학교,09,경로,0,2
202607,CNU,충남대학교,10,경로,0,1
202607,CNU,충남대학교,11,경로,0,1
202607,CNU,충남대학교,12,경로,0,1
202607,CNU,충남대학교,15,경로,0,1
202607,CNU,충남대학교,20,경로,0,1
202607,CNU,충남대학교,21,경로,0,1
202607,CNU,충남대학교,23,경로,0,1
202607,KIGAM,한국지질자원연구원,06,일반인,0,61
202607,KIGAM,한국지질자원연구원,07,일반인,1,136
202607,KIGAM,한국지질자원연구원,08,일반인,0,437
202607,KIGAM,한국지질자원연구원,09,일반인,1,539
202607,KIGAM,한국지질자원연구원,10,일반인,1,133
202607,KIGAM,한국지질자원연구원,11,일반인,16,56
202607,KIGAM,한국지질자원연구원,12,일반인,8,104
202607,KIGAM,한국지질자원연구원,13,일반인,7,94
202607,KIGAM,한국지질자원연구원,14,일반인,4,76
202607,KIGAM,한국지질자원연구원,15,일반인,15,64
202607,KIGAM,한국지질자원연구원,16,일반인,46,73
202607,KIGAM,한국지질자원연구원,17,일반인,42,74
202607,KIGAM,한국지질자원연구원,18,일반인,108,60
202607,KIGAM,한국지질자원연구원,19,일반인,30,73
202607,KIGAM,한국지질자원연구원,20,일반인,24,94
202607,KIGAM,한국지질자원연구원,21,일반인,11,89
202607,KIGAM,한국지질자원연구원,22,일반인,8,79
202607,KIGAM,한국지질자원연구원,23,일반인,1,39
202607,KIGAM,한국지질자원연구원,09,어린이,0,1
202607,KIGAM,한국지질자원연구원,12,어린이,0,1
202607,KIGAM,한국지질자원연구원,13,어린이,0,2
202607,KIGAM,한국지질자원연구원,14,어린이,0,4
202607,KIGAM,한국지질자원연구원,08,청소년,0,1
202607,KIGAM,한국지질자원연구원,09,청소년,1,5
202607,KIGAM,한국지질자원연구원,10,청소년,0,1
202607,KIGAM,한국지질자원연구원,11,청소년,0,1
202607,KIGAM,한국지질자원연구원,12,청소년,0,1
202607,KIGAM,한국지질자원연구원,13,청소년,1,9
202607,KIGAM,한국지질자원연구원,14,청소년,1,3
202607,KIGAM,한국지질자원연구원,15,청소년,1,5
202607,KIGAM,한국지질자원연구원,16,청소년,0,7
202607,KIGAM,한국지질자원연구원,17,청소년,1,7
202607,KIGAM,한국지질자원연구원,18,청소년,2,6
202607,KIGAM,한국지질자원연구원,19,청소년,1,4
202607,KIGAM,한국지질자원연구원,20,청소년,0,8
202607,KIGAM,한국지질자원연구원,21,청소년,0,1
202607,KIGAM,한국지질자원연구원,22,청소년,0,6
202607,KIGAM,한국지질자원연구원,23,청소년,0,5
202607,KIGAM,한국지질자원연구원,07,경로,0,1
202607,KIGAM,한국지질자원연구원,09,경로,0,1
202607,KIGAM,한국지질자원연구원,10,경로,2,11
202607,KIGAM,한국지질자원연구원,11,경로,1,0
202607,KIGAM,한국지질자원연구원,12,경로,2,5
202607,KIGAM,한국지질자원연구원,13,경로,0,1
202607,KIGAM,한국지질자원연구원,14,경로,17,0
202607,KIGAM,한국지질자원연구원,15,경로,6,1
202607,KIGAM,한국지질자원연구원,16,경로,0,2
202607,KIGAM,한국지질자원연구원,17,경로,0,1
202607,KIGAM,한국지질자원연구원,18,경로,0,2
202607,KIGAM,한국지질자원연구원,15,장애인,0,1
202607,KIGAM,한국지질자원연구원,09,국가유공자,0,5
202607,KIGAM,한국지질자원연구원,10,국가유공자,0,1
202607,KRIBB,한국생명공학연구원,06,일반인,16,16
202607,KRIBB,한국생명공학연구원,07,일반인,5,38
202607,KRIBB,한국생명공학연구원,08,일반인,41,131
202607,KRIBB,한국생명공학연구원,09,일반인,41,138
202607,KRIBB,한국생명공학연구원,10,일반인,38,32
202607,KRIBB,한국생명공학연구원,11,일반인,66,9
202607,KRIBB,한국생명공학연구원,12,일반인,55,13
202607,KRIBB,한국생명공학연구원,13,일반인,72,19
202607,KRIBB,한국생명공학연구원,14,일반인,127,9
202607,KRIBB,한국생명공학연구원,15,일반인,145,6
202607,KRIBB,한국생명공학연구원,16,일반인,274,4
202607,KRIBB,한국생명공학연구원,17,일반인,496,10
202607,KRIBB,한국생명공학연구원,18,일반인,450,22
202607,KRIBB,한국생명공학연구원,19,일반인,205,6
202607,KRIBB,한국생명공학연구원,20,일반인,150,3
202607,KRIBB,한국생명공학연구원,21,일반인,105,1
202607,KRIBB,한국생명공학연구원,22,일반인,60,2
202607,KRIBB,한국생명공학연구원,12,어린이,1,0
202607,KRIBB,한국생명공학연구원,16,어린이,4,0
202607,KRIBB,한국생명공학연구원,17,어린이,3,0
202607,KRIBB,한국생명공학연구원,06,청소년,1,0
202607,KRIBB,한국생명공학연구원,07,청소년,2,1
202607,KRIBB,한국생명공학연구원,08,청소년,1,6
202607,KRIBB,한국생명공학연구원,09,청소년,4,1
202607,KRIBB,한국생명공학연구원,10,청소년,2,0
202607,KRIBB,한국생명공학연구원,11,청소년,1,1
202607,KRIBB,한국생명공학연구원,12,청소년,4,1
202607,KRIBB,한국생명공학연구원,13,청소년,4,0
202607,KRIBB,한국생명공학연구원,14,청소년,1,0
202607,KRIBB,한국생명공학연구원,15,청소년,9,0
202607,KRIBB,한국생명공학연구원,16,청소년,3,0
202607,KRIBB,한국생명공학연구원,17,청소년,8,0
202607,KRIBB,한국생명공학연구원,18,청소년,0,2
202607,KRIBB,한국생명공학연구원,19,청소년,3,1
202607,KRIBB,한국생명공학연구원,20,청소년,1,0
202607,KRIBB,한국생명공학연구원,21,청소년,0,1
202607,KRIBB,한국생명공학연구원,22,청소년,1,0
202607,KRIBB,한국생명공학연구원,06,경로,0,3
202607,KRIBB,한국생명공학연구원,07,경로,1,1
202607,KRIBB,한국생명공학연구원,08,경로,4,0
202607,KRIBB,한국생명공학연구원,12,경로,1,0
202607,KRIBB,한국생명공학연구원,14,경로,6,0
202607,KRIBB,한국생명공학연구원,15,경로,5,0
202607,KRIBB,한국생명공학연구원,16,경로,4,0
202607,KRIBB,한국생명공학연구원,18,경로,1,0
202607,KRIBB,한국생명공학연구원,16,장애인,1,0
202607,KRIBB,한국생명공학연구원,13,국가유공자,1,0
202607,KRIBB,한국생명공학연구원,18,국가유공자,1,0
202607,KIGAM,한국지질자원연구원,08,일반인,2,0
202607,KIGAM,한국지질자원연구원,10,일반인,4,0
202607,KIGAM,한국지질자원연구원,11,일반인,9,0
202607,KIGAM,한국지질자원연구원,12,일반인,1,0
202607,KIGAM,한국지질자원연구원,13,일반인,1,0
202607,KIGAM,한국지질자원연구원,16,일반인,12,0
202607,KIGAM,한국지질자원연구원,17,일반인,5,0
202607,KIGAM,한국지질자원연구원,18,일반인,24,0
202607,KIGAM,한국지질자원연구원,19,일반인,11,0
202607,KIGAM,한국지질자원연구원,20,일반인,8,0
202607,KIGAM,한국지질자원연구원,21,일반인,5,0
202607,KIGAM,한국지질자원연구원,22,일반인,2,0
202607,KIGAM,한국지질자원연구원,16,경로,4,0
202607,KINS,원자력안전기술원,06,일반인,2,261
202607,KINS,원자력안전기술원,07,일반인,4,396
202607,KINS,원자력안전기술원,08,일반인,13,751
202607,KINS,원자력안전기술원,09,일반인,11,572
202607,KINS,원자력안전기술원,10,일반인,10,305
202607,KINS,원자력안전기술원,11,일반인,10,204
202607,KINS,원자력안전기술원,12,일반인,11,257
202607,KINS,원자력안전기술원,13,일반인,25,249
202607,KINS,원자력안전기술원,14,일반인,20,137
202607,KINS,원자력안전기술원,15,일반인,22,202
202607,KINS,원자력안전기술원,16,일반인,54,191
202607,KINS,원자력안전기술원,17,일반인,165,140
202607,KINS,원자력안전기술원,18,일반인,155,141
202607,KINS,원자력안전기술원,19,일반인,49,111
202607,KINS,원자력안전기술원,20,일반인,53,116
202607,KINS,원자력안전기술원,21,일반인,41,126
202607,KINS,원자력안전기술원,22,일반인,45,130
202607,KINS,원자력안전기술원,23,일반인,36,41
202607,KINS,원자력안전기술원,08,어린이,0,1
202607,KINS,원자력안전기술원,09,어린이,0,1
202607,KINS,원자력안전기술원,10,어린이,0,1
202607,KINS,원자력안전기술원,11,어린이,0,1
202607,KINS,원자력안전기술원,12,어린이,0,1
202607,KINS,원자력안전기술원,13,어린이,0,1
202607,KINS,원자력안전기술원,14,어린이,0,1
202607,KINS,원자력안전기술원,16,어린이,0,1
202607,KINS,원자력안전기술원,17,어린이,0,1
202607,KINS,원자력안전기술원,07,청소년,0,2
202607,KINS,원자력안전기술원,08,청소년,0,2
202607,KINS,원자력안전기술원,09,청소년,0,12
202607,KINS,원자력안전기술원,10,청소년,0,7
202607,KINS,원자력안전기술원,11,청소년,0,8
202607,KINS,원자력안전기술원,12,청소년,0,15
202607,KINS,원자력안전기술원,13,청소년,0,8
202607,KINS,원자력안전기술원,14,청소년,1,7
202607,KINS,원자력안전기술원,15,청소년,1,9
202607,KINS,원자력안전기술원,16,청소년,4,9
202607,KINS,원자력안전기술원,17,청소년,2,15
202607,KINS,원자력안전기술원,18,청소년,0,7
202607,KINS,원자력안전기술원,19,청소년,0,10
202607,KINS,원자력안전기술원,20,청소년,0,7
202607,KINS,원자력안전기술원,21,청소년,1,13
202607,KINS,원자력안전기술원,22,청소년,1,7
202607,KINS,원자력안전기술원,23,청소년,1,4
202607,KINS,원자력안전기술원,06,경로,0,10
202607,KINS,원자력안전기술원,08,경로,0,2
202607,KINS,원자력안전기술원,09,경로,0,1
202607,KINS,원자력안전기술원,10,경로,0,11
202607,KINS,원자력안전기술원,11,경로,0,3
202607,KINS,원자력안전기술원,12,경로,0,9
202607,KINS,원자력안전기술원,13,경로,0,1
202607,KINS,원자력안전기술원,14,경로,1,1
202607,KINS,원자력안전기술원,15,경로,1,3
202607,KINS,원자력안전기술원,17,경로,1,0
202607,KINS,원자력안전기술원,18,경로,0,2
202607,KINS,원자력안전기술원,07,장애인,0,3
202607,KINS,원자력안전기술원,08,장애인,0,8
202607,KINS,원자력안전기술원,10,장애인,1,2
202607,KINS,원자력안전기술원,21,장애인,0,1
202607,KINS,원자력안전기술원,06,국가유공자,0,7
202607,KINS,원자력안전기술원,14,국가유공자,0,1
202607,KINS,원자력안전기술원,17,국가유공자,0,2
202607,KINS,원자력안전기술원,09,일반인,1,0
202607,KINS,원자력안전기술원,11,일반인,3,0
202607,KINS,원자력안전기술원,12,일반인,2,0
202607,KINS,원자력안전기술원,14,일반인,5,0
202607,KINS,원자력안전기술원,15,일반인,1,0
202607,KINS,원자력안전기술원,16,일반인,1,0
202607,KINS,원자력안전기술원,17,일반인,7,0
202607,KINS,원자력안전기술원,18,일반인,12,0
202607,KINS,원자력안전기술원,19,일반인,1,0
202607,KINS,원자력안전기술원,20,일반인,1,0
202607,KINS,원자력안전기술원,22,일반인,2,0
202607,KINS,원자력안전기술원,17,청소년,1,0
202607,KINS,원자력안전기술원,18,청소년,1,0
202607,KAIST,한국과학기술원본관,06,일반인,2,0
202607,KAIST,한국과학기술원본관,07,일반인,3,2
202607,KAIST,한국과학기술원본관,08,일반인,2,6
202607,KAIST,한국과학기술원본관,09,일반인,19,4
202607,KAIST,한국과학기술원본관,10,일반인,8,2
202607,KAIST,한국과학기술원본관,11,일반인,10,1
202607,KAIST,한국과학기술원본관,12,일반인,34,6
202607,KAIST,한국과학기술원본관,13,일반인,9,6
202607,KAIST,한국과학기술원본관,14,일반인,27,2
202607,KAIST,한국과학기술원본관,15,일반인,34,3
202607,KAIST,한국과학기술원본관,16,일반인,30,3
202607,KAIST,한국과학기술원본관,17,일반인,49,5
202607,KAIST,한국과학기술원본관,18,일반인,115,12
202607,KAIST,한국과학기술원본관,19,일반인,73,7
202607,KAIST,한국과학기술원본관,20,일반인,30,2
202607,KAIST,한국과학기술원본관,21,일반인,49,7
202607,KAIST,한국과학기술원본관,22,일반인,45,9
202607,KAIST,한국과학기술원본관,09,청소년,1,0
202607,KAIST,한국과학기술원본관,12,청소년,1,0
202607,KAIST,한국과학기술원본관,14,청소년,3,0
202607,KAIST,한국과학기술원본관,17,청소년,6,0
202607,KAIST,한국과학기술원본관,07,경로,2,0
202607,KAIST,한국과학기술원본관,09,경로,0,1
202607,KAIST,한국과학기술원본관,14,경로,0,1
202607,KAIST,한국과학기술원본관,06,일반인,0,3
202607,KAIST,한국과학기술원본관,07,일반인,0,9
202607,KAIST,한국과학기술원본관,08,일반인,0,31
202607,KAIST,한국과학기술원본관,09,일반인,0,61
202607,KAIST,한국과학기술원본관,10,일반인,0,21
202607,KAIST,한국과학기술원본관,11,일반인,0,19
202607,KAIST,한국과학기술원본관,12,일반인,0,26
202607,KAIST,한국과학기술원본관,13,일반인,1,19
202607,KAIST,한국과학기술원본관,14,일반인,0,21
202607,KAIST,한국과학기술원본관,15,일반인,0,6
202607,KAIST,한국과학기술원본관,16,일반인,0,3
202607,KAIST,한국과학기술원본관,17,일반인,0,7
202607,KAIST,한국과학기술원본관,18,일반인,0,10
202607,KAIST,한국과학기술원본관,19,일반인,0,23
202607,KAIST,한국과학기술원본관,20,일반인,0,7
202607,KAIST,한국과학기술원본관,21,일반인,0,11
202607,KAIST,한국과학기술원본관,22,일반인,0,18
202607,KAIST,한국과학기술원본관,11,청소년,0,3
202607,KAIST,한국과학기술원본관,13,청소년,0,1
202607,KAIST,한국과학기술원본관,18,청소년,0,2
202607,KAIST,한국과학기술원본관,19,청소년,0,1
202607,KAIST,한국과학기술원본관,21,청소년,0,4
202607,KAIST,한국과학기술원본관,12,경로,0,1
202607,KAIST,한국과학기술원본관,14,경로,0,1
202607,KINS,원자력안전기술원,11,일반인,0,7
202607,KINS,원자력안전기술원,12,일반인,0,4
202607,KINS,원자력안전기술원,16,일반인,0,10
202607,KINS,원자력안전기술원,11,어린이,0,1
202607,KIER,한국에너지기술연구원,06,일반인,0,7
202607,KIER,한국에너지기술연구원,07,일반인,0,106
202607,KIER,한국에너지기술연구원,08,일반인,0,242
202607,KIER,한국에너지기술연구원,09,일반인,1,159
202607,KIER,한국에너지기술연구원,10,일반인,2,40
202607,KIER,한국에너지기술연구원,11,일반인,1,16
202607,KIER,한국에너지기술연구원,12,일반인,0,24
202607,KIER,한국에너지기술연구원,13,일반인,0,18
202607,KIER,한국에너지기술연구원,14,일반인,0,10
202607,KIER,한국에너지기술연구원,15,일반인,0,11
202607,KIER,한국에너지기술연구원,16,일반인,0,10
202607,KIER,한국에너지기술연구원,17,일반인,1,14
202607,KIER,한국에너지기술연구원,18,일반인,0,10
202607,KIER,한국에너지기술연구원,19,일반인,0,8
202607,KIER,한국에너지기술연구원,20,일반인,0,5
202607,KIER,한국에너지기술연구원,21,일반인,0,7
202607,KIER,한국에너지기술연구원,22,일반인,0,6
202607,KIER,한국에너지기술연구원,23,일반인,0,1
202607,KIER,한국에너지기술연구원,08,청소년,0,1
202607,KIER,한국에너지기술연구원,09,청소년,0,1
202607,KIER,한국에너지기술연구원,13,청소년,0,3
202607,KIER,한국에너지기술연구원,14,청소년,0,7
202607,KIER,한국에너지기술연구원,15,청소년,1,4
202607,KIER,한국에너지기술연구원,19,청소년,0,4
202607,KIER,한국에너지기술연구원,20,청소년,0,1
202607,KIER,한국에너지기술연구원,21,청소년,0,2
202607,KIER,한국에너지기술연구원,12,경로,0,1
202607,KIER,한국에너지기술연구원,13,경로,0,1
202607,KIER,한국에너지기술연구원,14,경로,0,1
202607,KIER,한국에너지기술연구원,19,경로,0,1
202607,KARI,한국항공우주연구원,06,일반인,0,77
202607,KARI,한국항공우주연구원,07,일반인,4,222
202607,KARI,한국항공우주연구원,08,일반인,7,195
202607,KARI,한국항공우주연구원,09,일반인,12,271
202607,KARI,한국항공우주연구원,10,일반인,3,80
202607,KARI,한국항공우주연구원,11,일반인,7,59
202607,KARI,한국항공우주연구원,12,일반인,10,81
202607,KARI,한국항공우주연구원,13,일반인,11,100
202607,KARI,한국항공우주연구원,14,일반인,10,75
202607,KARI,한국항공우주연구원,15,일반인,16,90
202607,KARI,한국항공우주연구원,16,일반인,32,109
202607,KARI,한국항공우주연구원,17,일반인,31,122
202607,KARI,한국항공우주연구원,18,일반인,80,172
202607,KARI,한국항공우주연구원,19,일반인,36,135
202607,KARI,한국항공우주연구원,20,일반인,22,174
202607,KARI,한국항공우주연구원,21,일반인,24,146
202607,KARI,한국항공우주연구원,22,일반인,9,154
202607,KARI,한국항공우주연구원,23,일반인,6,60
202607,KARI,한국항공우주연구원,08,어린이,0,1
202607,KARI,한국항공우주연구원,09,어린이,0,1
202607,KARI,한국항공우주연구원,15,어린이,0,1
202607,KARI,한국항공우주연구원,16,어린이,0,1
202607,KARI,한국항공우주연구원,17,어린이,0,2
202607,KARI,한국항공우주연구원,09,청소년,0,6
202607,KARI,한국항공우주연구원,10,청소년,0,2
202607,KARI,한국항공우주연구원,12,청소년,0,8
202607,KARI,한국항공우주연구원,13,청소년,0,2
202607,KARI,한국항공우주연구원,14,청소년,0,3
202607,KARI,한국항공우주연구원,15,청소년,0,7
202607,KARI,한국항공우주연구원,16,청소년,0,10
202607,KARI,한국항공우주연구원,17,청소년,0,5
202607,KARI,한국항공우주연구원,18,청소년,0,9
202607,KARI,한국항공우주연구원,19,청소년,0,11
202607,KARI,한국항공우주연구원,20,청소년,1,7
202607,KARI,한국항공우주연구원,21,청소년,0,12
202607,KARI,한국항공우주연구원,22,청소년,0,5
202607,KARI,한국항공우주연구원,23,청소년,0,2
202607,KARI,한국항공우주연구원,06,경로,0,3
202607,KARI,한국항공우주연구원,07,경로,0,7
202607,KARI,한국항공우주연구원,08,경로,0,7
202607,KARI,한국항공우주연구원,09,경로,0,2
202607,KARI,한국항공우주연구원,10,경로,0,6
202607,KARI,한국항공우주연구원,11,경로,0,11
202607,KARI,한국항공우주연구원,12,경로,0,13
202607,KARI,한국항공우주연구원,13,경로,0,3
202607,KARI,한국항공우주연구원,14,경로,0,4
202607,KARI,한국항공우주연구원,15,경로,0,8
202607,KARI,한국항공우주연구원,16,경로,1,19
202607,KARI,한국항공우주연구원,17,경로,0,4
202607,KARI,한국항공우주연구원,18,경로,0,6
202607,KARI,한국항공우주연구원,19,경로,0,5
202607,KARI,한국항공우주연구원,20,경로,0,2
202607,KARI,한국항공우주연구원,21,경로,0,3
202607,KARI,한국항공우주연구원,09,장애인,0,1
202607,KARI,한국항공우주연구원,20,장애인,0,1
202607,KARI,한국항공우주연구원,22,장애인,0,1
202607,KARI,한국항공우주연구원,12,국가유공자,1,0
202607,KIER,한국에너지기술연구원,06,일반인,1,48
202607,KIER,한국에너지기술연구원,07,일반인,5,112
202607,KIER,한국에너지기술연구원,08,일반인,3,316
202607,KIER,한국에너지기술연구원,09,일반인,3,163
202607,KIER,한국에너지기술연구원,10,일반인,3,39
202607,KIER,한국에너지기술연구원,11,일반인,4,26
202607,KIER,한국에너지기술연구원,12,일반인,5,38
202607,KIER,한국에너지기술연구원,13,일반인,1,47
202607,KIER,한국에너지기술연구원,14,일반인,1,31
202607,KIER,한국에너지기술연구원,15,일반인,4,56
202607,KIER,한국에너지기술연구원,16,일반인,5,64
202607,KIER,한국에너지기술연구원,17,일반인,6,64
202607,KIER,한국에너지기술연구원,18,일반인,14,91
202607,KIER,한국에너지기술연구원,19,일반인,0,42
202607,KIER,한국에너지기술연구원,20,일반인,0,56
202607,KIER,한국에너지기술연구원,21,일반인,0,62
202607,KIER,한국에너지기술연구원,22,일반인,0,35
202607,KIER,한국에너지기술연구원,23,일반인,0,8
202607,KIER,한국에너지기술연구원,12,어린이,0,1
202607,KIER,한국에너지기술연구원,19,어린이,0,1
202607,KIER,한국에너지기술연구원,07,청소년,0,1
202607,KIER,한국에너지기술연구원,08,청소년,0,2
202607,KIER,한국에너지기술연구원,11,청소년,0,2
202607,KIER,한국에너지기술연구원,12,청소년,0,10
202607,KIER,한국에너지기술연구원,13,청소년,3,10
202607,KIER,한국에너지기술연구원,14,청소년,0,3
202607,KIER,한국에너지기술연구원,15,청소년,0,9
202607,KIER,한국에너지기술연구원,16,청소년,0,5
202607,KIER,한국에너지기술연구원,17,청소년,0,10
202607,KIER,한국에너지기술연구원,18,청소년,0,7
202607,KIER,한국에너지기술연구원,19,청소년,0,7
202607,KIER,한국에너지기술연구원,20,청소년,0,10
202607,KIER,한국에너지기술연구원,21,청소년,0,13
202607,KIER,한국에너지기술연구원,22,청소년,0,8
202607,KIER,한국에너지기술연구원,08,경로,0,2
202607,KIER,한국에너지기술연구원,09,경로,0,3
202607,KIER,한국에너지기술연구원,10,경로,0,4
202607,KIER,한국에너지기술연구원,11,경로,1,6
202607,KIER,한국에너지기술연구원,12,경로,0,4
202607,KIER,한국에너지기술연구원,13,경로,1,3
202607,KIER,한국에너지기술연구원,14,경로,0,1
202607,KIER,한국에너지기술연구원,15,경로,1,3
202607,KIER,한국에너지기술연구원,16,경로,0,2
202607,KIER,한국에너지기술연구원,17,경로,0,1
202607,KIER,한국에너지기술연구원,18,경로,1,0
202607,KIER,한국에너지기술연구원,19,경로,1,2
202607,KIER,한국에너지기술연구원,20,경로,0,1
202607,KIER,한국에너지기술연구원,12,국가유공자,0,1
202607,KIER,한국에너지기술연구원,19,국가유공자,0,1
202607,KARI,한국항공우주연구원,05,일반인,1,2
202607,KARI,한국항공우주연구원,06,일반인,20,40
202607,KARI,한국항공우주연구원,07,일반인,22,15
202607,KARI,한국항공우주연구원,08,일반인,50,138
202607,KARI,한국항공우주연구원,09,일반인,50,160
202607,KARI,한국항공우주연구원,10,일반인,75,21
202607,KARI,한국항공우주연구원,11,일반인,79,10
202607,KARI,한국항공우주연구원,12,일반인,99,17
202607,KARI,한국항공우주연구원,13,일반인,83,5
202607,KARI,한국항공우주연구원,14,일반인,105,16
202607,KARI,한국항공우주연구원,15,일반인,227,17
202607,KARI,한국항공우주연구원,16,일반인,274,6
202607,KARI,한국항공우주연구원,17,일반인,529,13
202607,KARI,한국항공우주연구원,18,일반인,449,12
202607,KARI,한국항공우주연구원,19,일반인,292,8
202607,KARI,한국항공우주연구원,20,일반인,143,16
202607,KARI,한국항공우주연구원,21,일반인,82,9
202607,KARI,한국항공우주연구원,22,일반인,49,10
202607,KARI,한국항공우주연구원,12,어린이,1,0
202607,KARI,한국항공우주연구원,07,청소년,1,1
202607,KARI,한국항공우주연구원,08,청소년,1,2
202607,KARI,한국항공우주연구원,09,청소년,1,0
202607,KARI,한국항공우주연구원,10,청소년,5,0
202607,KARI,한국항공우주연구원,11,청소년,3,0
202607,KARI,한국항공우주연구원,12,청소년,5,1
202607,KARI,한국항공우주연구원,13,청소년,2,0
202607,KARI,한국항공우주연구원,14,청소년,1,0
202607,KARI,한국항공우주연구원,15,청소년,3,0
202607,KARI,한국항공우주연구원,16,청소년,7,0
202607,KARI,한국항공우주연구원,17,청소년,11,0
202607,KARI,한국항공우주연구원,18,청소년,5,1
202607,KARI,한국항공우주연구원,19,청소년,0,1
202607,KARI,한국항공우주연구원,20,청소년,2,0
202607,KARI,한국항공우주연구원,22,청소년,1,1
202607,KARI,한국항공우주연구원,06,경로,0,1
202607,KARI,한국항공우주연구원,07,경로,0,1
202607,KARI,한국항공우주연구원,09,경로,1,0
202607,KARI,한국항공우주연구원,11,경로,1,0
202607,KARI,한국항공우주연구원,12,경로,1,0
202607,KARI,한국항공우주연구원,13,경로,2,0
202607,KARI,한국항공우주연구원,15,경로,1,0
202607,KARI,한국항공우주연구원,16,경로,6,0
202607,KARI,한국항공우주연구원,17,경로,1,0
202607,KARI,한국항공우주연구원,11,국가유공자,0,1
202607,KARI,한국항공우주연구원,16,국가유공자,1,0
202607,KARI,한국항공우주연구원,17,국가유공자,1,0
202607,KARI,한국항공우주연구원,18,국가유공자,2,0
202607,KIER,한국에너지기술연구원,05,일반인,1,0
202607,KIER,한국에너지기술연구원,06,일반인,5,2
202607,KIER,한국에너지기술연구원,07,일반인,14,5
202607,KIER,한국에너지기술연구원,08,일반인,27,21
202607,KIER,한국에너지기술연구원,09,일반인,27,7
202607,KIER,한국에너지기술연구원,10,일반인,12,0
202607,KIER,한국에너지기술연구원,11,일반인,27,1
202607,KIER,한국에너지기술연구원,12,일반인,45,4
202607,KIER,한국에너지기술연구원,13,일반인,20,4
202607,KIER,한국에너지기술연구원,14,일반인,27,2
202607,KIER,한국에너지기술연구원,15,일반인,48,0
202607,KIER,한국에너지기술연구원,16,일반인,108,1
202607,KIER,한국에너지기술연구원,17,일반인,146,1
202607,KIER,한국에너지기술연구원,18,일반인,143,0
202607,KIER,한국에너지기술연구원,19,일반인,51,1
202607,KIER,한국에너지기술연구원,20,일반인,17,0
202607,KIER,한국에너지기술연구원,21,일반인,44,1
202607,KIER,한국에너지기술연구원,22,일반인,7,0
202607,KIER,한국에너지기술연구원,09,어린이,1,0
202607,KIER,한국에너지기술연구원,07,청소년,1,0
202607,KIER,한국에너지기술연구원,09,청소년,4,0
202607,KIER,한국에너지기술연구원,12,청소년,1,0
202607,KIER,한국에너지기술연구원,13,청소년,1,0
202607,KIER,한국에너지기술연구원,14,청소년,1,0
202607,KIER,한국에너지기술연구원,15,청소년,2,0
202607,KIER,한국에너지기술연구원,17,청소년,0,1
202607,KIER,한국에너지기술연구원,19,청소년,3,0
202607,KIER,한국에너지기술연구원,21,청소년,3,0
202607,KIER,한국에너지기술연구원,07,경로,6,0
202607,KIER,한국에너지기술연구원,08,경로,2,0
202607,KIER,한국에너지기술연구원,10,경로,2,0
202607,KIER,한국에너지기술연구원,11,경로,3,0
202607,KIER,한국에너지기술연구원,12,경로,1,0
202607,KIER,한국에너지기술연구원,14,경로,2,1
202607,KIER,한국에너지기술연구원,15,경로,4,0
202607,KIER,한국에너지기술연구원,16,경로,3,0
202607,KIER,한국에너지기술연구원,17,경로,11,0
202607,KIER,한국에너지기술연구원,18,경로,2,0
202607,KIER,한국에너지기술연구원,20,경로,2,0
202607,KIER,한국에너지기술연구원,05,일반인,0,2
202607,KIER,한국에너지기술연구원,06,일반인,1,31
202607,KIER,한국에너지기술연구원,07,일반인,24,46
202607,KIER,한국에너지기술연구원,08,일반인,7,336
202607,KIER,한국에너지기술연구원,09,일반인,4,144
202607,KIER,한국에너지기술연구원,10,일반인,3,50
202607,KIER,한국에너지기술연구원,11,일반인,7,10
202607,KIER,한국에너지기술연구원,12,일반인,7,21
202607,KIER,한국에너지기술연구원,13,일반인,7,11
202607,KIER,한국에너지기술연구원,14,일반인,9,5
202607,KIER,한국에너지기술연구원,15,일반인,8,6
202607,KIER,한국에너지기술연구원,16,일반인,11,19
202607,KIER,한국에너지기술연구원,17,일반인,14,4
202607,KIER,한국에너지기술연구원,18,일반인,25,7
202607,KIER,한국에너지기술연구원,19,일반인,17,8
202607,KIER,한국에너지기술연구원,20,일반인,32,13
202607,KIER,한국에너지기술연구원,21,일반인,17,20
202607,KIER,한국에너지기술연구원,22,일반인,16,26
202607,KIER,한국에너지기술연구원,08,어린이,0,1
202607,KIER,한국에너지기술연구원,09,어린이,0,1
202607,KIER,한국에너지기술연구원,12,어린이,1,0
202607,KIER,한국에너지기술연구원,19,어린이,1,0
202607,KIER,한국에너지기술연구원,07,청소년,0,1
202607,KIER,한국에너지기술연구원,08,청소년,0,1
202607,KIER,한국에너지기술연구원,09,청소년,0,3
202607,KIER,한국에너지기술연구원,11,청소년,2,0
202607,KIER,한국에너지기술연구원,12,청소년,8,1
202607,KIER,한국에너지기술연구원,13,청소년,3,0
202607,KIER,한국에너지기술연구원,14,청소년,12,1
202607,KIER,한국에너지기술연구원,15,청소년,11,0
202607,KIER,한국에너지기술연구원,16,청소년,5,0
202607,KIER,한국에너지기술연구원,17,청소년,7,1
202607,KIER,한국에너지기술연구원,18,청소년,6,0
202607,KIER,한국에너지기술연구원,19,청소년,12,0
202607,KIER,한국에너지기술연구원,20,청소년,6,2
202607,KIER,한국에너지기술연구원,21,청소년,11,0
202607,KIER,한국에너지기술연구원,22,청소년,18,0
202607,KIER,한국에너지기술연구원,06,경로,0,5
202607,KIER,한국에너지기술연구원,07,경로,0,6
202607,KIER,한국에너지기술연구원,10,경로,0,3
202607,KIER,한국에너지기술연구원,11,경로,1,0
202607,KIER,한국에너지기술연구원,13,경로,0,3
202607,KIER,한국에너지기술연구원,16,경로,0,1
202607,KIER,한국에너지기술연구원,18,경로,6,0
202607,KIER,한국에너지기술연구원,20,경로,2,0
202607,KIER,한국에너지기술연구원,21,경로,0,2
202607,KARI,한국항공우주연구원,06,일반인,3,0
202607,KARI,한국항공우주연구원,07,일반인,1,0
202607,KARI,한국항공우주연구원,09,일반인,4,0
202607,KARI,한국항공우주연구원,10,일반인,1,0
202607,KARI,한국항공우주연구원,11,일반인,2,0
202607,KARI,한국항공우주연구원,12,일반인,2,0
202607,KARI,한국항공우주연구원,13,일반인,6,0
202607,KARI,한국항공우주연구원,14,일반인,0,1
202607,KARI,한국항공우주연구원,15,일반인,1,0
202607,KARI,한국항공우주연구원,16,일반인,9,0
202607,KARI,한국항공우주연구원,17,일반인,2,0
202607,KARI,한국항공우주연구원,18,일반인,20,1
202607,KARI,한국항공우주연구원,19,일반인,5,0
202607,KARI,한국항공우주연구원,20,일반인,3,0
202607,KARI,한국항공우주연구원,16,국가유공자,1,0
202607,KIER,한국에너지기술연구원,07,일반인,1,0
202607,KIER,한국에너지기술연구원,08,일반인,16,0
202607,KIER,한국에너지기술연구원,09,일반인,11,0
202607,KIER,한국에너지기술연구원,10,일반인,8,0
202607,KIER,한국에너지기술연구원,11,일반인,5,1
202607,KIER,한국에너지기술연구원,12,일반인,6,0
202607,KIER,한국에너지기술연구원,13,일반인,2,0
202607,KIER,한국에너지기술연구원,14,일반인,0,1
202607,KIER,한국에너지기술연구원,15,일반인,3,0
202607,KIER,한국에너지기술연구원,16,일반인,13,8
202607,KIER,한국에너지기술연구원,17,일반인,9,4
202607,KIER,한국에너지기술연구원,18,일반인,34,2
202607,KIER,한국에너지기술연구원,19,일반인,6,1
202607,KIER,한국에너지기술연구원,20,일반인,5,2
202607,KIER,한국에너지기술연구원,22,일반인,4,0
202607,KIER,한국에너지기술연구원,13,청소년,2,0
202607,KIER,한국에너지기술연구원,15,청소년,1,0
202607,KIER,한국에너지기술연구원,17,청소년,0,1
202607,KIER,한국에너지기술연구원,16,국가유공자,0,1
202607,KIER,한국에너지기술연구원,05,일반인,1,22
202607,KIER,한국에너지기술연구원,06,일반인,5,37
202607,KIER,한국에너지기술연구원,07,일반인,3,80
202607,KIER,한국에너지기술연구원,08,일반인,48,277
202607,KIER,한국에너지기술연구원,09,일반인,21,244
202607,KIER,한국에너지기술연구원,10,일반인,8,34
202607,KIER,한국에너지기술연구원,11,일반인,11,14
202607,KIER,한국에너지기술연구원,12,일반인,11,33
202607,KIER,한국에너지기술연구원,13,일반인,18,28
202607,KIER,한국에너지기술연구원,14,일반인,17,15
202607,KIER,한국에너지기술연구원,15,일반인,38,13
202607,KIER,한국에너지기술연구원,16,일반인,100,11
202607,KIER,한국에너지기술연구원,17,일반인,85,17
202607,KIER,한국에너지기술연구원,18,일반인,125,19
202607,KIER,한국에너지기술연구원,19,일반인,27,15
202607,KIER,한국에너지기술연구원,20,일반인,14,20
202607,KIER,한국에너지기술연구원,21,일반인,27,25
202607,KIER,한국에너지기술연구원,22,일반인,13,21
202607,KIER,한국에너지기술연구원,08,어린이,0,2
202607,KIER,한국에너지기술연구원,08,청소년,0,1
202607,KIER,한국에너지기술연구원,09,청소년,0,1
202607,KIER,한국에너지기술연구원,11,청소년,1,0
202607,KIER,한국에너지기술연구원,13,청소년,1,3
202607,KIER,한국에너지기술연구원,14,청소년,3,0
202607,KIER,한국에너지기술연구원,15,청소년,1,0
202607,KIER,한국에너지기술연구원,17,청소년,3,0
202607,KIER,한국에너지기술연구원,18,청소년,1,1
202607,KIER,한국에너지기술연구원,19,청소년,1,0
202607,KIER,한국에너지기술연구원,21,청소년,2,0
202607,KIER,한국에너지기술연구원,22,청소년,2,0
202607,KIER,한국에너지기술연구원,05,경로,0,1
202607,KIER,한국에너지기술연구원,07,경로,0,1
202607,KIER,한국에너지기술연구원,08,경로,0,1
202607,KIER,한국에너지기술연구원,09,경로,0,2
202607,KIER,한국에너지기술연구원,10,경로,1,1
202607,KIER,한국에너지기술연구원,11,경로,2,0
202607,KIER,한국에너지기술연구원,12,경로,1,0
202607,KIER,한국에너지기술연구원,13,경로,2,3
202607,KIER,한국에너지기술연구원,14,경로,2,1
202607,KIER,한국에너지기술연구원,15,경로,1,0
202607,KIER,한국에너지기술연구원,16,경로,2,0
202607,KIER,한국에너지기술연구원,17,경로,0,1
202607,KIER,한국에너지기술연구원,09,장애인,0,1
202607,KIER,한국에너지기술연구원,06,국가유공자,0,2
202607,KIER,한국에너지기술연구원,07,국가유공자,0,7
202607,KIER,한국에너지기술연구원,08,국가유공자,0,6
202607,KIER,한국에너지기술연구원,19,국가유공자,1,0
202607,KIER,한국에너지기술연구원,09,일반인,1,0
202607,KIER,한국에너지기술연구원,10,일반인,1,0
202607,KIER,한국에너지기술연구원,11,일반인,2,2
202607,KIER,한국에너지기술연구원,14,일반인,3,0
202607,KIER,한국에너지기술연구원,15,일반인,1,0
202607,KIER,한국에너지기술연구원,16,일반인,4,2
202607,KIER,한국에너지기술연구원,10,어린이,1,0
202607,KIER,한국에너지기술연구원,11,청소년,0,1
202607,ETRI,한국전자통신연구원,06,일반인,0,61
202607,ETRI,한국전자통신연구원,07,일반인,2,34
202607,ETRI,한국전자통신연구원,08,일반인,11,552
202607,ETRI,한국전자통신연구원,09,일반인,2,164
202607,ETRI,한국전자통신연구원,10,일반인,8,68
202607,ETRI,한국전자통신연구원,11,일반인,11,28
202607,ETRI,한국전자통신연구원,12,일반인,15,14
202607,ETRI,한국전자통신연구원,13,일반인,3,23
202607,ETRI,한국전자통신연구원,14,일반인,13,14
202607,ETRI,한국전자통신연구원,15,일반인,32,6
202607,ETRI,한국전자통신연구원,16,일반인,61,4
202607,ETRI,한국전자통신연구원,17,일반인,138,10
202607,ETRI,한국전자통신연구원,18,일반인,104,13
202607,ETRI,한국전자통신연구원,19,일반인,64,4
202607,ETRI,한국전자통신연구원,20,일반인,40,11
202607,ETRI,한국전자통신연구원,21,일반인,39,15
202607,ETRI,한국전자통신연구원,22,일반인,3,4
202607,ETRI,한국전자통신연구원,23,일반인,1,0
202607,ETRI,한국전자통신연구원,14,청소년,0,1
202607,ETRI,한국전자통신연구원,15,청소년,1,1
202607,ETRI,한국전자통신연구원,17,청소년,1,2
202607,ETRI,한국전자통신연구원,18,청소년,0,11
202607,ETRI,한국전자통신연구원,19,청소년,0,1
202607,ETRI,한국전자통신연구원,07,경로,0,2
202607,ETRI,한국전자통신연구원,09,경로,0,3
202607,ETRI,한국전자통신연구원,10,경로,0,1
202607,ETRI,한국전자통신연구원,12,경로,0,1
202607,ETRI,한국전자통신연구원,14,경로,0,4
202607,ETRI,한국전자통신연구원,15,경로,1,1
202607,ETRI,한국전자통신연구원,16,경로,1,0
202607,ETRI,한국전자통신연구원,17,경로,3,0
202607,ETRI,한국전자통신연구원,18,경로,0,1
202607,ETRI,한국전자통신연구원,19,경로,1,0
202607,ETRI,한국전자통신연구원,21,경로,0,1
202607,ETRI,한국전자통신연구원,22,경로,0,1
202607,ETRI,한국전자통신연구원,19,국가유공자,1,0
202607,ETRI,한국전자통신연구원,22,국가유공자,1,0
202607,ETRI,한국전자통신연구원,05,일반인,5,0
202607,ETRI,한국전자통신연구원,06,일반인,21,1
202607,ETRI,한국전자통신연구원,07,일반인,15,2
202607,ETRI,한국전자통신연구원,08,일반인,20,2
202607,ETRI,한국전자통신연구원,09,일반인,21,0
202607,ETRI,한국전자통신연구원,10,일반인,31,0
202607,ETRI,한국전자통신연구원,11,일반인,61,1
202607,ETRI,한국전자통신연구원,12,일반인,45,0
202607,ETRI,한국전자통신연구원,13,일반인,56,1
202607,ETRI,한국전자통신연구원,14,일반인,137,1
202607,ETRI,한국전자통신연구원,15,일반인,140,0
202607,ETRI,한국전자통신연구원,16,일반인,377,0
202607,ETRI,한국전자통신연구원,17,일반인,618,2
202607,ETRI,한국전자통신연구원,18,일반인,671,2
202607,ETRI,한국전자통신연구원,19,일반인,171,0
202607,ETRI,한국전자통신연구원,20,일반인,137,0
202607,ETRI,한국전자통신연구원,21,일반인,55,0
202607,ETRI,한국전자통신연구원,22,일반인,58,1
202607,ETRI,한국전자통신연구원,09,어린이,3,0
202607,ETRI,한국전자통신연구원,09,청소년,1,0
202607,ETRI,한국전자통신연구원,10,청소년,2,0
202607,ETRI,한국전자통신연구원,13,청소년,1,0
202607,ETRI,한국전자통신연구원,14,청소년,5,0
202607,ETRI,한국전자통신연구원,16,청소년,4,0
202607,ETRI,한국전자통신연구원,17,청소년,3,0
202607,ETRI,한국전자통신연구원,18,청소년,12,0
202607,ETRI,한국전자통신연구원,20,청소년,1,0
202607,ETRI,한국전자통신연구원,22,청소년,2,0
202607,ETRI,한국전자통신연구원,10,경로,1,0
202607,ETRI,한국전자통신연구원,11,경로,1,0
202607,ETRI,한국전자통신연구원,12,경로,1,0
202607,ETRI,한국전자통신연구원,14,경로,2,0
202607,ETRI,한국전자통신연구원,15,경로,2,0
202607,ETRI,한국전자통신연구원,16,경로,2,0
202607,ETRI,한국전자통신연구원,17,경로,7,0
202607,ETRI,한국전자통신연구원,18,경로,1,0
202607,ETRI,한국전자통신연구원,22,경로,1,0
202607,ETRI,한국전자통신연구원,12,장애인,1,0
202607,ETRI,한국전자통신연구원,20,국가유공자,1,0
202607,ETRI,한국전자통신연구원,05,일반인,5,0
202607,ETRI,한국전자통신연구원,06,일반인,2,2
202607,ETRI,한국전자통신연구원,07,일반인,5,21
202607,ETRI,한국전자통신연구원,08,일반인,8,308
202607,ETRI,한국전자통신연구원,09,일반인,10,39
202607,ETRI,한국전자통신연구원,10,일반인,19,27
202607,ETRI,한국전자통신연구원,11,일반인,54,8
202607,ETRI,한국전자통신연구원,12,일반인,30,4
202607,ETRI,한국전자통신연구원,13,일반인,40,5
202607,ETRI,한국전자통신연구원,14,일반인,133,10
202607,ETRI,한국전자통신연구원,15,일반인,69,21
202607,ETRI,한국전자통신연구원,16,일반인,149,3
202607,ETRI,한국전자통신연구원,17,일반인,294,5
202607,ETRI,한국전자통신연구원,18,일반인,247,7
202607,ETRI,한국전자통신연구원,19,일반인,121,3
202607,ETRI,한국전자통신연구원,20,일반인,43,3
202607,ETRI,한국전자통신연구원,21,일반인,54,4
202607,ETRI,한국전자통신연구원,22,일반인,41,0
202607,ETRI,한국전자통신연구원,08,어린이,1,0
202607,ETRI,한국전자통신연구원,15,어린이,2,0
202607,ETRI,한국전자통신연구원,08,청소년,2,1
202607,ETRI,한국전자통신연구원,09,청소년,1,0
202607,ETRI,한국전자통신연구원,10,청소년,0,1
202607,ETRI,한국전자통신연구원,14,청소년,4,0
202607,ETRI,한국전자통신연구원,15,청소년,1,0
202607,ETRI,한국전자통신연구원,16,청소년,2,0
202607,ETRI,한국전자통신연구원,20,청소년,0,1
202607,ETRI,한국전자통신연구원,21,청소년,0,1
202607,ETRI,한국전자통신연구원,22,청소년,0,2
202607,ETRI,한국전자통신연구원,07,경로,2,0
202607,ETRI,한국전자통신연구원,09,경로,0,1
202607,ETRI,한국전자통신연구원,10,경로,1,0
202607,ETRI,한국전자통신연구원,11,경로,1,2
202607,ETRI,한국전자통신연구원,13,경로,10,0
202607,ETRI,한국전자통신연구원,14,경로,2,4
202607,ETRI,한국전자통신연구원,15,경로,1,0
202607,ETRI,한국전자통신연구원,16,경로,4,4
202607,ETRI,한국전자통신연구원,17,경로,3,1
202607,ETRI,한국전자통신연구원,19,경로,0,1
202607,ETRI,한국전자통신연구원,21,경로,1,1
202607,ETRI,한국전자통신연구원,16,국가유공자,0,1
202607,ETRI,한국전자통신연구원,07,일반인,0,1
202607,ETRI,한국전자통신연구원,08,일반인,2,7
202607,ETRI,한국전자통신연구원,09,일반인,2,4
202607,ETRI,한국전자통신연구원,10,일반인,2,0
202607,ETRI,한국전자통신연구원,11,일반인,4,0
202607,ETRI,한국전자통신연구원,12,일반인,5,0
202607,ETRI,한국전자통신연구원,13,일반인,1,0
202607,ETRI,한국전자통신연구원,14,일반인,3,0
202607,ETRI,한국전자통신연구원,15,일반인,7,1
202607,ETRI,한국전자통신연구원,16,일반인,8,0
202607,ETRI,한국전자통신연구원,17,일반인,13,0
202607,ETRI,한국전자통신연구원,18,일반인,63,2
202607,ETRI,한국전자통신연구원,19,일반인,4,2
202607,ETRI,한국전자통신연구원,20,일반인,4,0
202607,ETRI,한국전자통신연구원,21,일반인,1,0
202607,ETRI,한국전자통신연구원,17,경로,1,0
202607,ETRI,한국전자통신연구원,11,일반인,3,4
202607,ETRI,한국전자통신연구원,15,일반인,3,1
202607,ETRI,한국전자통신연구원,16,일반인,6,2
202607,KRISS,한국표준과학연구원,06,일반인,27,16
202607,KRISS,한국표준과학연구원,07,일반인,3,14
202607,KRISS,한국표준과학연구원,08,일반인,33,135
202607,KRISS,한국표준과학연구원,09,일반인,6,77
202607,KRISS,한국표준과학연구원,10,일반인,2,28
202607,KRISS,한국표준과학연구원,11,일반인,1,18
202607,KRISS,한국표준과학연구원,12,일반인,6,17
202607,KRISS,한국표준과학연구원,13,일반인,3,13
202607,KRISS,한국표준과학연구원,14,일반인,2,15
202607,KRISS,한국표준과학연구원,15,일반인,8,18
202607,KRISS,한국표준과학연구원,16,일반인,7,11
202607,KRISS,한국표준과학연구원,17,일반인,14,21
202607,KRISS,한국표준과학연구원,18,일반인,15,26
202607,KRISS,한국표준과학연구원,19,일반인,15,30
202607,KRISS,한국표준과학연구원,20,일반인,5,12
202607,KRISS,한국표준과학연구원,21,일반인,5,16
202607,KRISS,한국표준과학연구원,22,일반인,5,13
202607,KRISS,한국표준과학연구원,23,일반인,0,1
202607,KRISS,한국표준과학연구원,13,어린이,0,1
202607,KRISS,한국표준과학연구원,14,어린이,0,6
202607,KRISS,한국표준과학연구원,17,어린이,1,2
202607,KRISS,한국표준과학연구원,18,어린이,0,8
202607,KRISS,한국표준과학연구원,07,청소년,4,0
202607,KRISS,한국표준과학연구원,08,청소년,1,0
202607,KRISS,한국표준과학연구원,09,청소년,0,2
202607,KRISS,한국표준과학연구원,10,청소년,1,0
202607,KRISS,한국표준과학연구원,11,청소년,0,1
202607,KRISS,한국표준과학연구원,12,청소년,3,3
202607,KRISS,한국표준과학연구원,13,청소년,1,4
202607,KRISS,한국표준과학연구원,14,청소년,0,1
202607,KRISS,한국표준과학연구원,15,청소년,2,7
202607,KRISS,한국표준과학연구원,16,청소년,0,8
202607,KRISS,한국표준과학연구원,17,청소년,1,3
202607,KRISS,한국표준과학연구원,18,청소년,2,1
202607,KRISS,한국표준과학연구원,19,청소년,0,8
202607,KRISS,한국표준과학연구원,20,청소년,0,6
202607,KRISS,한국표준과학연구원,21,청소년,0,1
202607,KRISS,한국표준과학연구원,22,청소년,0,1
202607,KRISS,한국표준과학연구원,23,청소년,0,1
202607,KRISS,한국표준과학연구원,08,경로,0,6
202607,KRISS,한국표준과학연구원,09,경로,0,1
202607,KRISS,한국표준과학연구원,10,경로,0,3
202607,KRISS,한국표준과학연구원,11,경로,1,5
202607,KRISS,한국표준과학연구원,12,경로,1,5
202607,KRISS,한국표준과학연구원,13,경로,0,8
202607,KRISS,한국표준과학연구원,14,경로,1,14
202607,KRISS,한국표준과학연구원,15,경로,4,16
202607,KRISS,한국표준과학연구원,16,경로,0,8
202607,KRISS,한국표준과학연구원,17,경로,18,7
202607,KRISS,한국표준과학연구원,18,경로,0,5
202607,KRISS,한국표준과학연구원,20,경로,0,1
202607,KRISS,한국표준과학연구원,21,경로,0,1
202607,KRISS,한국표준과학연구원,19,국가유공자,0,1
202607,KRISS,한국표준과학연구원,06,일반인,5,3
202607,KRISS,한국표준과학연구원,07,일반인,7,11
202607,KRISS,한국표준과학연구원,08,일반인,6,10
202607,KRISS,한국표준과학연구원,09,일반인,17,13
202607,KRISS,한국표준과학연구원,10,일반인,14,11
202607,KRISS,한국표준과학연구원,11,일반인,15,4
202607,KRISS,한국표준과학연구원,12,일반인,11,7
202607,KRISS,한국표준과학연구원,13,일반인,12,4
202607,KRISS,한국표준과학연구원,14,일반인,9,3
202607,KRISS,한국표준과학연구원,15,일반인,25,1
202607,KRISS,한국표준과학연구원,16,일반인,29,2
202607,KRISS,한국표준과학연구원,17,일반인,74,5
202607,KRISS,한국표준과학연구원,18,일반인,89,6
202607,KRISS,한국표준과학연구원,19,일반인,52,0
202607,KRISS,한국표준과학연구원,20,일반인,39,9
202607,KRISS,한국표준과학연구원,21,일반인,15,4
202607,KRISS,한국표준과학연구원,22,일반인,17,3
202607,KRISS,한국표준과학연구원,08,어린이,3,0
202607,KRISS,한국표준과학연구원,09,어린이,1,0
202607,KRISS,한국표준과학연구원,10,어린이,1,0
202607,KRISS,한국표준과학연구원,12,어린이,3,0
202607,KRISS,한국표준과학연구원,13,어린이,1,0
202607,KRISS,한국표준과학연구원,15,어린이,4,0
202607,KRISS,한국표준과학연구원,16,어린이,1,0
202607,KRISS,한국표준과학연구원,11,청소년,1,0
202607,KRISS,한국표준과학연구원,12,청소년,5,0
202607,KRISS,한국표준과학연구원,13,청소년,4,0
202607,KRISS,한국표준과학연구원,15,청소년,6,1
202607,KRISS,한국표준과학연구원,16,청소년,1,0
202607,KRISS,한국표준과학연구원,17,청소년,5,2
202607,KRISS,한국표준과학연구원,18,청소년,0,2
202607,KRISS,한국표준과학연구원,19,청소년,0,1
202607,KRISS,한국표준과학연구원,20,청소년,1,0
202607,KRISS,한국표준과학연구원,21,청소년,0,2
202607,KRISS,한국표준과학연구원,22,청소년,3,3
202607,KRISS,한국표준과학연구원,23,청소년,1,0
202607,KRISS,한국표준과학연구원,09,경로,3,0
202607,KRISS,한국표준과학연구원,10,경로,6,1
202607,KRISS,한국표준과학연구원,11,경로,14,0
202607,KRISS,한국표준과학연구원,12,경로,9,0
202607,KRISS,한국표준과학연구원,13,경로,3,0
202607,KRISS,한국표준과학연구원,14,경로,2,0
202607,KRISS,한국표준과학연구원,15,경로,1,0
202607,KRISS,한국표준과학연구원,16,경로,0,1
202607,KRISS,한국표준과학연구원,17,경로,4,1
202607,KRISS,한국표준과학연구원,18,경로,0,1
202607,KRISS,한국표준과학연구원,20,경로,1,0
202607,KRISS,한국표준과학연구원,06,일반인,1,72
202607,KRISS,한국표준과학연구원,07,일반인,10,101
202607,KRISS,한국표준과학연구원,08,일반인,4,224
202607,KRISS,한국표준과학연구원,09,일반인,8,215
202607,KRISS,한국표준과학연구원,10,일반인,1,57
202607,KRISS,한국표준과학연구원,11,일반인,1,29
202607,KRISS,한국표준과학연구원,12,일반인,4,52
202607,KRISS,한국표준과학연구원,13,일반인,0,42
202607,KRISS,한국표준과학연구원,14,일반인,1,24
202607,KRISS,한국표준과학연구원,15,일반인,2,43
202607,KRISS,한국표준과학연구원,16,일반인,2,33
202607,KRISS,한국표준과학연구원,17,일반인,15,45
202607,KRISS,한국표준과학연구원,18,일반인,5,40
202607,KRISS,한국표준과학연구원,19,일반인,2,34
202607,KRISS,한국표준과학연구원,20,일반인,2,59
202607,KRISS,한국표준과학연구원,21,일반인,3,52
202607,KRISS,한국표준과학연구원,22,일반인,0,41
202607,KRISS,한국표준과학연구원,23,일반인,0,14
202607,KRISS,한국표준과학연구원,11,어린이,0,2
202607,KRISS,한국표준과학연구원,12,어린이,0,6
202607,KRISS,한국표준과학연구원,15,어린이,0,1
202607,KRISS,한국표준과학연구원,16,어린이,0,3
202607,KRISS,한국표준과학연구원,17,어린이,0,1
202607,KRISS,한국표준과학연구원,18,어린이,0,2
202607,KRISS,한국표준과학연구원,19,어린이,0,1
202607,KRISS,한국표준과학연구원,20,어린이,0,3
202607,KRISS,한국표준과학연구원,22,어린이,0,2
202607,KRISS,한국표준과학연구원,07,청소년,0,1
202607,KRISS,한국표준과학연구원,08,청소년,0,2
202607,KRISS,한국표준과학연구원,09,청소년,0,3
202607,KRISS,한국표준과학연구원,10,청소년,0,1
202607,KRISS,한국표준과학연구원,11,청소년,1,4
202607,KRISS,한국표준과학연구원,12,청소년,0,6
202607,KRISS,한국표준과학연구원,13,청소년,0,7
202607,KRISS,한국표준과학연구원,14,청소년,0,4
202607,KRISS,한국표준과학연구원,15,청소년,0,15
202607,KRISS,한국표준과학연구원,16,청소년,0,10
202607,KRISS,한국표준과학연구원,17,청소년,5,7
202607,KRISS,한국표준과학연구원,18,청소년,0,11
202607,KRISS,한국표준과학연구원,19,청소년,0,8
202607,KRISS,한국표준과학연구원,20,청소년,0,6
202607,KRISS,한국표준과학연구원,21,청소년,0,6
202607,KRISS,한국표준과학연구원,22,청소년,0,9
202607,KRISS,한국표준과학연구원,23,청소년,0,1
202607,KRISS,한국표준과학연구원,06,경로,1,2
202607,KRISS,한국표준과학연구원,07,경로,0,20
202607,KRISS,한국표준과학연구원,08,경로,0,2
202607,KRISS,한국표준과학연구원,09,경로,0,11
202607,KRISS,한국표준과학연구원,10,경로,0,6
202607,KRISS,한국표준과학연구원,11,경로,0,4
202607,KRISS,한국표준과학연구원,12,경로,1,2
202607,KRISS,한국표준과학연구원,13,경로,0,16
202607,KRISS,한국표준과학연구원,14,경로,0,4
202607,KRISS,한국표준과학연구원,15,경로,0,4
202607,KRISS,한국표준과학연구원,16,경로,0,3
202607,KRISS,한국표준과학연구원,17,경로,0,4
202607,KRISS,한국표준과학연구원,18,경로,0,1
202607,KRISS,한국표준과학연구원,19,경로,0,3
202607,KRISS,한국표준과학연구원,20,경로,0,8
202607,KRISS,한국표준과학연구원,22,경로,0,3
202607,KRISS,한국표준과학연구원,09,장애인,0,1
202607,KRISS,한국표준과학연구원,21,국가유공자,0,1
202607,KRISS,한국표준과학연구원,05,일반인,14,0
202607,KRISS,한국표준과학연구원,06,일반인,32,1
202607,KRISS,한국표준과학연구원,07,일반인,74,1
202607,KRISS,한국표준과학연구원,08,일반인,93,0
202607,KRISS,한국표준과학연구원,09,일반인,41,3
202607,KRISS,한국표준과학연구원,10,일반인,54,4
202607,KRISS,한국표준과학연구원,11,일반인,43,0
202607,KRISS,한국표준과학연구원,12,일반인,56,0
202607,KRISS,한국표준과학연구원,13,일반인,62,2
202607,KRISS,한국표준과학연구원,14,일반인,36,0
202607,KRISS,한국표준과학연구원,15,일반인,233,0
202607,KRISS,한국표준과학연구원,16,일반인,87,3
202607,KRISS,한국표준과학연구원,17,일반인,254,1
202607,KRISS,한국표준과학연구원,18,일반인,201,11
202607,KRISS,한국표준과학연구원,19,일반인,112,6
202607,KRISS,한국표준과학연구원,20,일반인,64,14
202607,KRISS,한국표준과학연구원,21,일반인,29,2
202607,KRISS,한국표준과학연구원,22,일반인,20,1
202607,KRISS,한국표준과학연구원,07,어린이,2,0
202607,KRISS,한국표준과학연구원,08,어린이,2,0
202607,KRISS,한국표준과학연구원,11,어린이,1,0
202607,KRISS,한국표준과학연구원,12,어린이,2,0
202607,KRISS,한국표준과학연구원,13,어린이,2,0
202607,KRISS,한국표준과학연구원,14,어린이,1,0
202607,KRISS,한국표준과학연구원,16,어린이,2,0
202607,KRISS,한국표준과학연구원,18,어린이,3,0
202607,KRISS,한국표준과학연구원,19,어린이,1,0
202607,KRISS,한국표준과학연구원,07,청소년,20,0
202607,KRISS,한국표준과학연구원,08,청소년,2,0
202607,KRISS,한국표준과학연구원,09,청소년,5,0
202607,KRISS,한국표준과학연구원,10,청소년,2,0
202607,KRISS,한국표준과학연구원,11,청소년,4,0
202607,KRISS,한국표준과학연구원,12,청소년,9,0
202607,KRISS,한국표준과학연구원,13,청소년,7,0
202607,KRISS,한국표준과학연구원,14,청소년,2,0
202607,KRISS,한국표준과학연구원,15,청소년,10,1
202607,KRISS,한국표준과학연구원,16,청소년,1,0
202607,KRISS,한국표준과학연구원,17,청소년,9,0
202607,KRISS,한국표준과학연구원,18,청소년,9,2
202607,KRISS,한국표준과학연구원,19,청소년,5,3
202607,KRISS,한국표준과학연구원,20,청소년,1,1
202607,KRISS,한국표준과학연구원,07,경로,14,0
202607,KRISS,한국표준과학연구원,08,경로,22,0
202607,KRISS,한국표준과학연구원,09,경로,15,0
202607,KRISS,한국표준과학연구원,10,경로,13,0
202607,KRISS,한국표준과학연구원,11,경로,12,0
202607,KRISS,한국표준과학연구원,12,경로,6,0
202607,KRISS,한국표준과학연구원,13,경로,13,0
202607,KRISS,한국표준과학연구원,14,경로,2,0
202607,KRISS,한국표준과학연구원,15,경로,33,0
202607,KRISS,한국표준과학연구원,16,경로,3,4
202607,KRISS,한국표준과학연구원,17,경로,6,3
202607,KRISS,한국표준과학연구원,18,경로,3,2
202607,KRISS,한국표준과학연구원,20,경로,1,1
202607,KRISS,한국표준과학연구원,15,장애인,1,0
202607,KRISS,한국표준과학연구원,19,국가유공자,1,0
202607,KRISS,한국표준과학연구원,20,국가유공자,0,1
202607,KRISS,한국표준과학연구원,06,일반인,2,38
202607,KRISS,한국표준과학연구원,07,일반인,4,42
202607,KRISS,한국표준과학연구원,08,일반인,11,111
202607,KRISS,한국표준과학연구원,09,일반인,7,114
202607,KRISS,한국표준과학연구원,10,일반인,3,38
202607,KRISS,한국표준과학연구원,11,일반인,11,10
202607,KRISS,한국표준과학연구원,12,일반인,5,15
202607,KRISS,한국표준과학연구원,13,일반인,7,26
202607,KRISS,한국표준과학연구원,14,일반인,8,15
202607,KRISS,한국표준과학연구원,15,일반인,9,16
202607,KRISS,한국표준과학연구원,16,일반인,12,13
202607,KRISS,한국표준과학연구원,17,일반인,40,24
202607,KRISS,한국표준과학연구원,18,일반인,47,23
202607,KRISS,한국표준과학연구원,19,일반인,58,26
202607,KRISS,한국표준과학연구원,20,일반인,44,29
202607,KRISS,한국표준과학연구원,21,일반인,18,28
202607,KRISS,한국표준과학연구원,22,일반인,19,14
202607,KRISS,한국표준과학연구원,23,일반인,3,8
202607,KRISS,한국표준과학연구원,09,어린이,0,1
202607,KRISS,한국표준과학연구원,10,어린이,1,0
202607,KRISS,한국표준과학연구원,11,어린이,1,0
202607,KRISS,한국표준과학연구원,12,어린이,0,2
202607,KRISS,한국표준과학연구원,16,어린이,2,0
202607,KRISS,한국표준과학연구원,19,어린이,1,0
202607,KRISS,한국표준과학연구원,09,청소년,4,2
202607,KRISS,한국표준과학연구원,10,청소년,5,0
202607,KRISS,한국표준과학연구원,12,청소년,2,3
202607,KRISS,한국표준과학연구원,13,청소년,1,4
202607,KRISS,한국표준과학연구원,14,청소년,5,0
202607,KRISS,한국표준과학연구원,15,청소년,11,18
202607,KRISS,한국표준과학연구원,16,청소년,4,15
202607,KRISS,한국표준과학연구원,18,청소년,7,0
202607,KRISS,한국표준과학연구원,19,청소년,6,1
202607,KRISS,한국표준과학연구원,20,청소년,6,0
202607,KRISS,한국표준과학연구원,21,청소년,2,3
202607,KRISS,한국표준과학연구원,22,청소년,5,1
202607,KRISS,한국표준과학연구원,23,청소년,1,0
202607,KRISS,한국표준과학연구원,06,경로,0,1
202607,KRISS,한국표준과학연구원,08,경로,0,1
202607,KRISS,한국표준과학연구원,09,경로,4,0
202607,KRISS,한국표준과학연구원,10,경로,5,4
202607,KRISS,한국표준과학연구원,11,경로,3,1
202607,KRISS,한국표준과학연구원,12,경로,4,5
202607,KRISS,한국표준과학연구원,13,경로,2,0
202607,KRISS,한국표준과학연구원,14,경로,5,2
202607,KRISS,한국표준과학연구원,15,경로,5,5
202607,KRISS,한국표준과학연구원,16,경로,1,3
202607,KRISS,한국표준과학연구원,17,경로,2,2
202607,KRISS,한국표준과학연구원,18,경로,2,1
202607,KRISS,한국표준과학연구원,19,경로,2,2
202607,KRISS,한국표준과학연구원,20,경로,3,3
202607,KRISS,한국표준과학연구원,08,국가유공자,0,1
202607,KRISS,한국표준과학연구원,14,국가유공자,1,0
202607,KRISS,한국표준과학연구원,05,일반인,2,9
202607,KRISS,한국표준과학연구원,06,일반인,10,0
202607,KRISS,한국표준과학연구원,07,일반인,14,53
202607,KRISS,한국표준과학연구원,08,일반인,30,71
202607,KRISS,한국표준과학연구원,09,일반인,23,30
202607,KRISS,한국표준과학연구원,10,일반인,18,11
202607,KRISS,한국표준과학연구원,11,일반인,35,7
202607,KRISS,한국표준과학연구원,12,일반인,25,7
202607,KRISS,한국표준과학연구원,13,일반인,34,17
202607,KRISS,한국표준과학연구원,14,일반인,32,18
202607,KRISS,한국표준과학연구원,15,일반인,54,17
202607,KRISS,한국표준과학연구원,16,일반인,51,11
202607,KRISS,한국표준과학연구원,17,일반인,75,10
202607,KRISS,한국표준과학연구원,18,일반인,120,15
202607,KRISS,한국표준과학연구원,19,일반인,68,25
202607,KRISS,한국표준과학연구원,20,일반인,29,2
202607,KRISS,한국표준과학연구원,21,일반인,18,15
202607,KRISS,한국표준과학연구원,22,일반인,5,10
202607,KRISS,한국표준과학연구원,08,어린이,3,0
202607,KRISS,한국표준과학연구원,10,어린이,3,0
202607,KRISS,한국표준과학연구원,14,어린이,0,1
202607,KRISS,한국표준과학연구원,15,어린이,2,0
202607,KRISS,한국표준과학연구원,19,어린이,1,0
202607,KRISS,한국표준과학연구원,05,청소년,1,0
202607,KRISS,한국표준과학연구원,06,청소년,0,2
202607,KRISS,한국표준과학연구원,07,청소년,0,1
202607,KRISS,한국표준과학연구원,08,청소년,2,0
202607,KRISS,한국표준과학연구원,09,청소년,0,1
202607,KRISS,한국표준과학연구원,10,청소년,0,1
202607,KRISS,한국표준과학연구원,11,청소년,2,1
202607,KRISS,한국표준과학연구원,12,청소년,0,1
202607,KRISS,한국표준과학연구원,13,청소년,1,4
202607,KRISS,한국표준과학연구원,14,청소년,1,1
202607,KRISS,한국표준과학연구원,15,청소년,2,1
202607,KRISS,한국표준과학연구원,16,청소년,2,9
202607,KRISS,한국표준과학연구원,17,청소년,5,5
202607,KRISS,한국표준과학연구원,18,청소년,4,0
202607,KRISS,한국표준과학연구원,19,청소년,2,1
202607,KRISS,한국표준과학연구원,20,청소년,0,5
202607,KRISS,한국표준과학연구원,21,청소년,1,3
202607,KRISS,한국표준과학연구원,22,청소년,0,7
202607,KRISS,한국표준과학연구원,05,경로,2,1
202607,KRISS,한국표준과학연구원,06,경로,1,1
202607,KRISS,한국표준과학연구원,07,경로,0,1
202607,KRISS,한국표준과학연구원,08,경로,11,9
202607,KRISS,한국표준과학연구원,09,경로,7,23
202607,KRISS,한국표준과학연구원,10,경로,5,1
202607,KRISS,한국표준과학연구원,11,경로,1,2
202607,KRISS,한국표준과학연구원,12,경로,4,5
202607,KRISS,한국표준과학연구원,13,경로,5,4
202607,KRISS,한국표준과학연구원,14,경로,4,10
202607,KRISS,한국표준과학연구원,15,경로,2,0
202607,KRISS,한국표준과학연구원,16,경로,3,10
202607,KRISS,한국표준과학연구원,17,경로,1,3
202607,KRISS,한국표준과학연구원,18,경로,2,4
202607,KRISS,한국표준과학연구원,19,경로,3,7
202607,KRISS,한국표준과학연구원,20,경로,0,3
202607,KRISS,한국표준과학연구원,21,경로,1,1
202607,KRISS,한국표준과학연구원,20,국가유공자,1,0
202607,KRISS,한국표준과학연구원,08,일반인,3,3
202607,KRISS,한국표준과학연구원,09,일반인,5,5
202607,KRISS,한국표준과학연구원,11,일반인,6,6
202607,KRISS,한국표준과학연구원,12,일반인,5,0
202607,KRISS,한국표준과학연구원,13,일반인,3,2
202607,KRISS,한국표준과학연구원,14,일반인,2,0
202607,KRISS,한국표준과학연구원,15,일반인,3,0
202607,KRISS,한국표준과학연구원,16,일반인,14,2
202607,KRISS,한국표준과학연구원,17,일반인,9,0
202607,KRISS,한국표준과학연구원,18,일반인,25,2
202607,KRISS,한국표준과학연구원,19,일반인,6,3
202607,KRISS,한국표준과학연구원,20,일반인,10,5
202607,KRISS,한국표준과학연구원,21,일반인,1,0
202607,KRISS,한국표준과학연구원,22,일반인,3,3
202607,KRISS,한국표준과학연구원,08,어린이,1,0
202607,KRISS,한국표준과학연구원,19,어린이,1,0
202607,KRISS,한국표준과학연구원,08,청소년,1,0
202607,KRISS,한국표준과학연구원,19,청소년,0,1
202607,KRISS,한국표준과학연구원,22,청소년,3,0
202607,KRISS,한국표준과학연구원,10,경로,2,0
202607,KRISS,한국표준과학연구원,13,경로,1,0
202607,KRISS,한국표준과학연구원,17,경로,1,0
202607,KIMM,한국기계연구원,06,일반인,6,8
202607,KIMM,한국기계연구원,07,일반인,2,23
202607,KIMM,한국기계연구원,08,일반인,3,43
202607,KIMM,한국기계연구원,09,일반인,1,63
202607,KIMM,한국기계연구원,10,일반인,3,10
202607,KIMM,한국기계연구원,11,일반인,1,5
202607,KIMM,한국기계연구원,12,일반인,11,16
202607,KIMM,한국기계연구원,13,일반인,2,11
202607,KIMM,한국기계연구원,14,일반인,16,8
202607,KIMM,한국기계연구원,15,일반인,15,17
202607,KIMM,한국기계연구원,16,일반인,7,11
202607,KIMM,한국기계연구원,17,일반인,10,10
202607,KIMM,한국기계연구원,18,일반인,29,9
202607,KIMM,한국기계연구원,19,일반인,9,1
202607,KIMM,한국기계연구원,20,일반인,1,3
202607,KIMM,한국기계연구원,21,일반인,2,4
202607,KIMM,한국기계연구원,22,일반인,1,4
202607,KIMM,한국기계연구원,17,어린이,4,0
202607,KIMM,한국기계연구원,18,어린이,5,0
202607,KIMM,한국기계연구원,19,어린이,1,0
202607,KIMM,한국기계연구원,11,청소년,1,0
202607,KIMM,한국기계연구원,14,청소년,0,1
202607,KIMM,한국기계연구원,15,청소년,1,0
202607,KIMM,한국기계연구원,17,청소년,1,0
202607,KIMM,한국기계연구원,07,경로,0,6
202607,KIMM,한국기계연구원,09,경로,0,1
202607,KIMM,한국기계연구원,10,경로,1,0
202607,KIMM,한국기계연구원,11,경로,0,1
202607,KIMM,한국기계연구원,13,경로,0,2
202607,KIMM,한국기계연구원,16,경로,3,0
202607,KIMM,한국기계연구원,06,일반인,0,3
202607,KIMM,한국기계연구원,07,일반인,2,28
202607,KIMM,한국기계연구원,08,일반인,1,12
202607,KIMM,한국기계연구원,09,일반인,1,10
202607,KIMM,한국기계연구원,10,일반인,2,19
202607,KIMM,한국기계연구원,11,일반인,6,6
202607,KIMM,한국기계연구원,12,일반인,4,2
202607,KIMM,한국기계연구원,13,일반인,1,8
202607,KIMM,한국기계연구원,14,일반인,5,1
202607,KIMM,한국기계연구원,15,일반인,7,3
202607,KIMM,한국기계연구원,16,일반인,17,2
202607,KIMM,한국기계연구원,17,일반인,21,4
202607,KIMM,한국기계연구원,18,일반인,44,4
202607,KIMM,한국기계연구원,19,일반인,32,3
202607,KIMM,한국기계연구원,20,일반인,23,3
202607,KIMM,한국기계연구원,21,일반인,15,0
202607,KIMM,한국기계연구원,22,일반인,19,1
202607,KIMM,한국기계연구원,23,일반인,3,0
202607,KIMM,한국기계연구원,15,어린이,0,1
202607,KIMM,한국기계연구원,17,청소년,0,1
202607,KIMM,한국기계연구원,18,청소년,0,1
202607,KIMM,한국기계연구원,22,청소년,1,0
202607,KIMM,한국기계연구원,08,경로,1,7
202607,KIMM,한국기계연구원,09,경로,0,4
202607,KIMM,한국기계연구원,10,경로,0,3
202607,KIMM,한국기계연구원,11,경로,0,9
202607,KIMM,한국기계연구원,13,경로,1,0
202607,KIMM,한국기계연구원,15,경로,0,1
202607,KIMM,한국기계연구원,16,경로,1,0
202607,KIMM,한국기계연구원,17,경로,1,0
202607,KIMM,한국기계연구원,18,경로,2,3
202607,KIMM,한국기계연구원,19,경로,1,0
202607,KRICT,한국화학연구원,06,일반인,1,0
202607,KRICT,한국화학연구원,07,일반인,1,3
202607,KRICT,한국화학연구원,08,일반인,0,1
202607,KRICT,한국화학연구원,09,일반인,12,0
202607,KRICT,한국화학연구원,10,일반인,7,0
202607,KRICT,한국화학연구원,11,일반인,16,0
202607,KRICT,한국화학연구원,12,일반인,16,1
202607,KRICT,한국화학연구원,13,일반인,9,1
202607,KRICT,한국화학연구원,14,일반인,12,2
202607,KRICT,한국화학연구원,15,일반인,51,0
202607,KRICT,한국화학연구원,16,일반인,84,1
202607,KRICT,한국화학연구원,17,일반인,140,1
202607,KRICT,한국화학연구원,18,일반인,153,1
202607,KRICT,한국화학연구원,19,일반인,57,0
202607,KRICT,한국화학연구원,20,일반인,26,0
202607,KRICT,한국화학연구원,21,일반인,37,0
202607,KRICT,한국화학연구원,22,일반인,21,0
202607,KRICT,한국화학연구원,07,청소년,1,0
202607,KRICT,한국화학연구원,11,청소년,1,0
202607,KRICT,한국화학연구원,15,청소년,0,1
202607,KRICT,한국화학연구원,16,청소년,0,1
202607,KRICT,한국화학연구원,08,경로,2,0
202607,KRICT,한국화학연구원,09,경로,1,0
202607,KRICT,한국화학연구원,10,경로,7,0
202607,KRICT,한국화학연구원,11,경로,3,1
202607,KRICT,한국화학연구원,14,경로,15,0
202607,KRICT,한국화학연구원,15,경로,3,0
202607,KRICT,한국화학연구원,16,경로,2,1
202607,KRICT,한국화학연구원,18,경로,2,0
202607,KIMM,한국기계연구원,06,일반인,0,10
202607,KIMM,한국기계연구원,07,일반인,1,161
202607,KIMM,한국기계연구원,08,일반인,1,373
202607,KIMM,한국기계연구원,09,일반인,0,110
202607,KIMM,한국기계연구원,10,일반인,0,38
202607,KIMM,한국기계연구원,11,일반인,0,22
202607,KIMM,한국기계연구원,12,일반인,0,33
202607,KIMM,한국기계연구원,13,일반인,0,39
202607,KIMM,한국기계연구원,14,일반인,1,30
202607,KIMM,한국기계연구원,15,일반인,0,34
202607,KIMM,한국기계연구원,16,일반인,1,38
202607,KIMM,한국기계연구원,17,일반인,1,35
202607,KIMM,한국기계연구원,18,일반인,2,91
202607,KIMM,한국기계연구원,19,일반인,0,53
202607,KIMM,한국기계연구원,20,일반인,0,61
202607,KIMM,한국기계연구원,21,일반인,0,53
202607,KIMM,한국기계연구원,22,일반인,0,39
202607,KIMM,한국기계연구원,23,일반인,0,27
202607,KIMM,한국기계연구원,15,어린이,1,1
202607,KIMM,한국기계연구원,18,어린이,0,1
202607,KIMM,한국기계연구원,23,어린이,0,1
202607,KIMM,한국기계연구원,12,청소년,0,2
202607,KIMM,한국기계연구원,14,청소년,0,1
202607,KIMM,한국기계연구원,15,청소년,0,3
202607,KIMM,한국기계연구원,16,청소년,0,1
202607,KIMM,한국기계연구원,17,청소년,0,3
202607,KIMM,한국기계연구원,18,청소년,0,1
202607,KIMM,한국기계연구원,19,청소년,0,1
202607,KIMM,한국기계연구원,20,청소년,0,1
202607,KIMM,한국기계연구원,21,청소년,0,1
202607,KIMM,한국기계연구원,07,경로,0,7
202607,KIMM,한국기계연구원,08,경로,0,1
202607,KIMM,한국기계연구원,09,경로,0,1
202607,KIMM,한국기계연구원,11,경로,0,6
202607,KIMM,한국기계연구원,12,경로,0,2
202607,KIMM,한국기계연구원,14,경로,0,2
202607,KIMM,한국기계연구원,15,경로,0,1
202607,KIMM,한국기계연구원,16,경로,0,4
202607,KIMM,한국기계연구원,18,경로,0,3
202607,KIMM,한국기계연구원,20,경로,0,3
202607,KIMM,한국기계연구원,21,경로,0,1
202607,KIMM,한국기계연구원,07,장애인,0,1
202607,KIMM,한국기계연구원,05,일반인,3,0
202607,KIMM,한국기계연구원,06,일반인,39,0
202607,KIMM,한국기계연구원,07,일반인,35,0
202607,KIMM,한국기계연구원,08,일반인,33,0
202607,KIMM,한국기계연구원,09,일반인,26,0
202607,KIMM,한국기계연구원,10,일반인,29,0
202607,KIMM,한국기계연구원,11,일반인,16,1
202607,KIMM,한국기계연구원,12,일반인,33,1
202607,KIMM,한국기계연구원,13,일반인,33,1
202607,KIMM,한국기계연구원,14,일반인,60,1
202607,KIMM,한국기계연구원,15,일반인,142,1
202607,KIMM,한국기계연구원,16,일반인,166,1
202607,KIMM,한국기계연구원,17,일반인,186,0
202607,KIMM,한국기계연구원,18,일반인,231,3
202607,KIMM,한국기계연구원,19,일반인,81,0
202607,KIMM,한국기계연구원,20,일반인,64,3
202607,KIMM,한국기계연구원,21,일반인,28,0
202607,KIMM,한국기계연구원,22,일반인,17,1
202607,KIMM,한국기계연구원,09,어린이,1,0
202607,KIMM,한국기계연구원,09,청소년,2,0
202607,KIMM,한국기계연구원,10,청소년,1,0
202607,KIMM,한국기계연구원,12,청소년,1,0
202607,KIMM,한국기계연구원,13,청소년,4,0
202607,KIMM,한국기계연구원,15,청소년,4,0
202607,KIMM,한국기계연구원,16,청소년,2,0
202607,KIMM,한국기계연구원,17,청소년,4,0
202607,KIMM,한국기계연구원,18,청소년,4,0
202607,KIMM,한국기계연구원,09,경로,1,0
202607,KIMM,한국기계연구원,12,경로,2,0
202607,KIMM,한국기계연구원,13,경로,3,0
202607,KIMM,한국기계연구원,14,경로,3,0
202607,KIMM,한국기계연구원,15,경로,3,0
202607,KIMM,한국기계연구원,16,경로,17,0
202607,KIMM,한국기계연구원,17,경로,12,0
202607,KIMM,한국기계연구원,18,경로,8,0
202607,KIMM,한국기계연구원,19,경로,1,0
202607,KIMM,한국기계연구원,20,경로,1,0
202607,KIMM,한국기계연구원,17,장애인,2,0
202607,KIMM,한국기계연구원,17,국가유공자,1,0
202607,KIMM,한국기계연구원,18,국가유공자,1,0
202607,KRICT,한국화학연구원,06,일반인,35,0
202607,KRICT,한국화학연구원,07,일반인,25,7
202607,KRICT,한국화학연구원,08,일반인,67,5
202607,KRICT,한국화학연구원,09,일반인,29,9
202607,KRICT,한국화학연구원,10,일반인,40,1
202607,KRICT,한국화학연구원,11,일반인,53,1
202607,KRICT,한국화학연구원,12,일반인,62,15
202607,KRICT,한국화학연구원,13,일반인,49,0
202607,KRICT,한국화학연구원,14,일반인,72,1
202607,KRICT,한국화학연구원,15,일반인,132,2
202607,KRICT,한국화학연구원,16,일반인,212,3
202607,KRICT,한국화학연구원,17,일반인,469,2
202607,KRICT,한국화학연구원,18,일반인,405,8
202607,KRICT,한국화학연구원,19,일반인,113,2
202607,KRICT,한국화학연구원,20,일반인,47,0
202607,KRICT,한국화학연구원,21,일반인,52,0
202607,KRICT,한국화학연구원,22,일반인,34,0
202607,KRICT,한국화학연구원,08,어린이,1,0
202607,KRICT,한국화학연구원,10,어린이,1,0
202607,KRICT,한국화학연구원,15,어린이,2,0
202607,KRICT,한국화학연구원,16,어린이,0,1
202607,KRICT,한국화학연구원,08,청소년,2,0
202607,KRICT,한국화학연구원,11,청소년,1,0
202607,KRICT,한국화학연구원,12,청소년,3,0
202607,KRICT,한국화학연구원,13,청소년,1,0
202607,KRICT,한국화학연구원,14,청소년,1,0
202607,KRICT,한국화학연구원,15,청소년,9,0
202607,KRICT,한국화학연구원,16,청소년,6,0
202607,KRICT,한국화학연구원,18,청소년,1,0
202607,KRICT,한국화학연구원,19,청소년,2,0
202607,KRICT,한국화학연구원,21,청소년,1,0
202607,KRICT,한국화학연구원,07,경로,15,4
202607,KRICT,한국화학연구원,08,경로,0,1
202607,KRICT,한국화학연구원,10,경로,2,1
202607,KRICT,한국화학연구원,11,경로,3,1
202607,KRICT,한국화학연구원,12,경로,1,0
202607,KRICT,한국화학연구원,14,경로,3,1
202607,KRICT,한국화학연구원,15,경로,4,1
202607,KRICT,한국화학연구원,16,경로,2,1
202607,KRICT,한국화학연구원,17,경로,3,0
202607,KRICT,한국화학연구원,20,경로,2,0
202607,KRICT,한국화학연구원,17,장애인,1,0
202607,KRICT,한국화학연구원,11,국가유공자,1,0
202607,KRICT,한국화학연구원,17,국가유공자,1,0
202607,KRICT,한국화학연구원,06,일반인,0,24
202607,KRICT,한국화학연구원,07,일반인,0,91
202607,KRICT,한국화학연구원,08,일반인,0,167
202607,KRICT,한국화학연구원,09,일반인,1,130
202607,KRICT,한국화학연구원,10,일반인,2,46
202607,KRICT,한국화학연구원,11,일반인,5,29
202607,KRICT,한국화학연구원,12,일반인,8,18
202607,KRICT,한국화학연구원,13,일반인,4,33
202607,KRICT,한국화학연구원,14,일반인,0,27
202607,KRICT,한국화학연구원,15,일반인,2,28
202607,KRICT,한국화학연구원,16,일반인,3,22
202607,KRICT,한국화학연구원,17,일반인,27,29
202607,KRICT,한국화학연구원,18,일반인,14,45
202607,KRICT,한국화학연구원,19,일반인,10,24
202607,KRICT,한국화학연구원,20,일반인,12,27
202607,KRICT,한국화학연구원,21,일반인,8,25
202607,KRICT,한국화학연구원,22,일반인,1,24
202607,KRICT,한국화학연구원,23,일반인,0,5
202607,KRICT,한국화학연구원,09,어린이,0,1
202607,KRICT,한국화학연구원,10,어린이,0,1
202607,KRICT,한국화학연구원,12,어린이,0,1
202607,KRICT,한국화학연구원,16,어린이,0,1
202607,KRICT,한국화학연구원,17,어린이,0,1
202607,KRICT,한국화학연구원,06,청소년,0,3
202607,KRICT,한국화학연구원,12,청소년,1,6
202607,KRICT,한국화학연구원,13,청소년,0,1
202607,KRICT,한국화학연구원,14,청소년,0,2
202607,KRICT,한국화학연구원,16,청소년,0,2
202607,KRICT,한국화학연구원,17,청소년,0,2
202607,KRICT,한국화학연구원,18,청소년,0,2
202607,KRICT,한국화학연구원,19,청소년,0,1
202607,KRICT,한국화학연구원,20,청소년,0,2
202607,KRICT,한국화학연구원,21,청소년,0,3
202607,KRICT,한국화학연구원,06,경로,0,1
202607,KRICT,한국화학연구원,07,경로,0,16
202607,KRICT,한국화학연구원,08,경로,0,5
202607,KRICT,한국화학연구원,09,경로,0,6
202607,KRICT,한국화학연구원,10,경로,0,2
202607,KRICT,한국화학연구원,11,경로,0,7
202607,KRICT,한국화학연구원,12,경로,0,3
202607,KRICT,한국화학연구원,13,경로,0,6
202607,KRICT,한국화학연구원,14,경로,1,7
202607,KRICT,한국화학연구원,15,경로,0,4
202607,KRICT,한국화학연구원,16,경로,0,10
202607,KRICT,한국화학연구원,17,경로,1,3
202607,KRICT,한국화학연구원,19,경로,1,1
202607,KRICT,한국화학연구원,20,경로,2,2
202607,KRICT,한국화학연구원,18,장애인,0,1
202607,KRICT,한국화학연구원,22,장애인,0,1
202607,KRICT,한국화학연구원,23,장애인,0,1
202607,KIMM,한국기계연구원,05,일반인,0,1
202607,KIMM,한국기계연구원,06,일반인,20,18
202607,KIMM,한국기계연구원,07,일반인,11,51
202607,KIMM,한국기계연구원,08,일반인,23,86
202607,KIMM,한국기계연구원,09,일반인,9,52
202607,KIMM,한국기계연구원,10,일반인,5,8
202607,KIMM,한국기계연구원,11,일반인,2,8
202607,KIMM,한국기계연구원,12,일반인,6,9
202607,KIMM,한국기계연구원,13,일반인,6,5
202607,KIMM,한국기계연구원,14,일반인,2,2
202607,KIMM,한국기계연구원,15,일반인,5,4
202607,KIMM,한국기계연구원,16,일반인,8,8
202607,KIMM,한국기계연구원,17,일반인,27,9
202607,KIMM,한국기계연구원,18,일반인,8,7
202607,KIMM,한국기계연구원,19,일반인,8,3
202607,KIMM,한국기계연구원,20,일반인,5,4
202607,KIMM,한국기계연구원,21,일반인,10,5
202607,KIMM,한국기계연구원,22,일반인,7,5
202607,KIMM,한국기계연구원,10,어린이,1,0
202607,KIMM,한국기계연구원,14,어린이,3,0
202607,KIMM,한국기계연구원,15,어린이,5,0
202607,KIMM,한국기계연구원,16,어린이,1,0
202607,KIMM,한국기계연구원,19,어린이,1,0
202607,KIMM,한국기계연구원,07,청소년,1,0
202607,KIMM,한국기계연구원,09,청소년,1,0
202607,KIMM,한국기계연구원,10,청소년,3,0
202607,KIMM,한국기계연구원,11,청소년,0,1
202607,KIMM,한국기계연구원,12,청소년,3,0
202607,KIMM,한국기계연구원,13,청소년,7,0
202607,KIMM,한국기계연구원,14,청소년,2,0
202607,KIMM,한국기계연구원,15,청소년,6,0
202607,KIMM,한국기계연구원,16,청소년,4,0
202607,KIMM,한국기계연구원,17,청소년,2,0
202607,KIMM,한국기계연구원,18,청소년,1,1
202607,KIMM,한국기계연구원,19,청소년,2,0
202607,KIMM,한국기계연구원,20,청소년,4,0
202607,KIMM,한국기계연구원,21,청소년,3,0
202607,KIMM,한국기계연구원,22,청소년,1,0
202607,KIMM,한국기계연구원,05,경로,0,1
202607,KIMM,한국기계연구원,06,경로,0,29
202607,KIMM,한국기계연구원,07,경로,0,3
202607,KIMM,한국기계연구원,08,경로,2,0
202607,KIMM,한국기계연구원,09,경로,1,2
202607,KIMM,한국기계연구원,10,경로,1,0
202607,KIMM,한국기계연구원,11,경로,1,0
202607,KIMM,한국기계연구원,13,경로,1,9
202607,KIMM,한국기계연구원,14,경로,1,7
202607,KIMM,한국기계연구원,15,경로,0,3
202607,KIMM,한국기계연구원,16,경로,1,1
202607,KIMM,한국기계연구원,17,경로,0,1
202607,KIMM,한국기계연구원,20,경로,0,1
202607,KIMM,한국기계연구원,16,장애인,1,0
202607,KIMM,한국기계연구원,11,국가유공자,1,0
202607,KIMM,한국기계연구원,07,일반인,5,25
202607,KIMM,한국기계연구원,08,일반인,20,16
202607,KIMM,한국기계연구원,09,일반인,3,3
202607,KIMM,한국기계연구원,10,일반인,11,3
202607,KIMM,한국기계연구원,11,일반인,9,10
202607,KIMM,한국기계연구원,12,일반인,11,13
202607,KIMM,한국기계연구원,13,일반인,41,7
202607,KIMM,한국기계연구원,14,일반인,17,7
202607,KIMM,한국기계연구원,15,일반인,33,15
202607,KIMM,한국기계연구원,16,일반인,58,20
202607,KIMM,한국기계연구원,17,일반인,45,17
202607,KIMM,한국기계연구원,18,일반인,141,7
202607,KIMM,한국기계연구원,19,일반인,24,1
202607,KIMM,한국기계연구원,20,일반인,11,5
202607,KIMM,한국기계연구원,21,일반인,19,5
202607,KIMM,한국기계연구원,22,일반인,11,2
202607,KIMM,한국기계연구원,09,어린이,1,1
202607,KIMM,한국기계연구원,11,어린이,0,1
202607,KIMM,한국기계연구원,12,어린이,0,2
202607,KIMM,한국기계연구원,13,어린이,0,1
202607,KIMM,한국기계연구원,14,어린이,0,2
202607,KIMM,한국기계연구원,15,어린이,0,4
202607,KIMM,한국기계연구원,16,어린이,0,3
202607,KIMM,한국기계연구원,17,어린이,0,18
202607,KIMM,한국기계연구원,18,어린이,0,3
202607,KIMM,한국기계연구원,06,청소년,0,1
202607,KIMM,한국기계연구원,07,청소년,0,9
202607,KIMM,한국기계연구원,08,청소년,0,16
202607,KIMM,한국기계연구원,09,청소년,1,4
202607,KIMM,한국기계연구원,10,청소년,0,3
202607,KIMM,한국기계연구원,11,청소년,0,3
202607,KIMM,한국기계연구원,13,청소년,0,3
202607,KIMM,한국기계연구원,14,청소년,0,1
202607,KIMM,한국기계연구원,15,청소년,1,1
202607,KIMM,한국기계연구원,16,청소년,0,2
202607,KIMM,한국기계연구원,17,청소년,1,1
202607,KIMM,한국기계연구원,18,청소년,0,2
202607,KIMM,한국기계연구원,06,경로,1,0
202607,KIMM,한국기계연구원,07,경로,1,0
202607,KIMM,한국기계연구원,09,경로,0,1
202607,KIMM,한국기계연구원,11,경로,9,1
202607,KIMM,한국기계연구원,12,경로,1,2
202607,KIMM,한국기계연구원,13,경로,0,3
202607,KIMM,한국기계연구원,15,경로,1,0
202607,KIMM,한국기계연구원,16,경로,4,1
202607,KIMM,한국기계연구원,17,경로,10,0
202607,KIMM,한국기계연구원,18,경로,8,0
202607,KRICT,한국화학연구원,05,일반인,1,0
202607,KRICT,한국화학연구원,06,일반인,0,7
202607,KRICT,한국화학연구원,07,일반인,4,3
202607,KRICT,한국화학연구원,08,일반인,14,1
202607,KRICT,한국화학연구원,09,일반인,3,3
202607,KRICT,한국화학연구원,10,일반인,11,5
202607,KRICT,한국화학연구원,11,일반인,21,2
202607,KRICT,한국화학연구원,12,일반인,24,8
202607,KRICT,한국화학연구원,13,일반인,26,8
202607,KRICT,한국화학연구원,14,일반인,30,6
202607,KRICT,한국화학연구원,15,일반인,54,6
202607,KRICT,한국화학연구원,16,일반인,103,3
202607,KRICT,한국화학연구원,17,일반인,360,17
202607,KRICT,한국화학연구원,18,일반인,232,4
202607,KRICT,한국화학연구원,19,일반인,60,3
202607,KRICT,한국화학연구원,20,일반인,26,2
202607,KRICT,한국화학연구원,21,일반인,49,5
202607,KRICT,한국화학연구원,22,일반인,29,15
202607,KRICT,한국화학연구원,11,청소년,0,2
202607,KRICT,한국화학연구원,12,청소년,1,1
202607,KRICT,한국화학연구원,13,청소년,0,1
202607,KRICT,한국화학연구원,14,청소년,1,0
202607,KRICT,한국화학연구원,15,청소년,0,1
202607,KRICT,한국화학연구원,16,청소년,1,0
202607,KRICT,한국화학연구원,17,청소년,1,1
202607,KRICT,한국화학연구원,10,경로,0,1
202607,KRICT,한국화학연구원,11,경로,0,2
202607,KRICT,한국화학연구원,12,경로,1,0
202607,KRICT,한국화학연구원,13,경로,2,0
202607,KRICT,한국화학연구원,14,경로,1,0
202607,KRICT,한국화학연구원,15,경로,2,1
202607,KRICT,한국화학연구원,16,경로,6,0
202607,KRICT,한국화학연구원,17,경로,1,0
202607,KRICT,한국화학연구원,20,경로,0,2
202607,KRICT,한국화학연구원,21,경로,2,0
202607,KRICT,한국화학연구원,17,장애인,1,0
202607,KRICT,한국화학연구원,22,장애인,2,0
202607,KIMM,한국기계연구원,05,일반인,2,0
202607,KIMM,한국기계연구원,06,일반인,31,13
202607,KIMM,한국기계연구원,07,일반인,105,42
202607,KIMM,한국기계연구원,08,일반인,84,125
202607,KIMM,한국기계연구원,09,일반인,155,56
202607,KIMM,한국기계연구원,10,일반인,62,18
202607,KIMM,한국기계연구원,11,일반인,17,13
202607,KIMM,한국기계연구원,12,일반인,52,13
202607,KIMM,한국기계연구원,13,일반인,53,9
202607,KIMM,한국기계연구원,14,일반인,62,14
202607,KIMM,한국기계연구원,15,일반인,131,11
202607,KIMM,한국기계연구원,16,일반인,172,13
202607,KIMM,한국기계연구원,17,일반인,101,18
202607,KIMM,한국기계연구원,18,일반인,161,7
202607,KIMM,한국기계연구원,19,일반인,60,5
202607,KIMM,한국기계연구원,20,일반인,50,8
202607,KIMM,한국기계연구원,21,일반인,66,9
202607,KIMM,한국기계연구원,22,일반인,19,7
202607,KIMM,한국기계연구원,23,일반인,3,4
202607,KIMM,한국기계연구원,09,어린이,1,0
202607,KIMM,한국기계연구원,11,어린이,1,0
202607,KIMM,한국기계연구원,12,어린이,1,0
202607,KIMM,한국기계연구원,13,어린이,1,0
202607,KIMM,한국기계연구원,14,어린이,3,0
202607,KIMM,한국기계연구원,15,어린이,3,0
202607,KIMM,한국기계연구원,16,어린이,4,0
202607,KIMM,한국기계연구원,17,어린이,10,0
202607,KIMM,한국기계연구원,18,어린이,1,0
202607,KIMM,한국기계연구원,19,어린이,1,0
202607,KIMM,한국기계연구원,06,청소년,1,0
202607,KIMM,한국기계연구원,07,청소년,8,0
202607,KIMM,한국기계연구원,08,청소년,14,0
202607,KIMM,한국기계연구원,09,청소년,2,0
202607,KIMM,한국기계연구원,10,청소년,5,1
202607,KIMM,한국기계연구원,11,청소년,1,1
202607,KIMM,한국기계연구원,13,청소년,1,0
202607,KIMM,한국기계연구원,14,청소년,7,1
202607,KIMM,한국기계연구원,15,청소년,4,0
202607,KIMM,한국기계연구원,16,청소년,5,1
202607,KIMM,한국기계연구원,17,청소년,2,0
202607,KIMM,한국기계연구원,18,청소년,4,0
202607,KIMM,한국기계연구원,19,청소년,4,0
202607,KIMM,한국기계연구원,21,청소년,5,1
202607,KIMM,한국기계연구원,07,경로,10,0
202607,KIMM,한국기계연구원,08,경로,13,2
202607,KIMM,한국기계연구원,09,경로,24,2
202607,KIMM,한국기계연구원,10,경로,4,1
202607,KIMM,한국기계연구원,11,경로,3,0
202607,KIMM,한국기계연구원,12,경로,3,0
202607,KIMM,한국기계연구원,13,경로,17,0
202607,KIMM,한국기계연구원,14,경로,2,0
202607,KIMM,한국기계연구원,15,경로,27,1
202607,KIMM,한국기계연구원,16,경로,5,1
202607,KIMM,한국기계연구원,18,경로,1,0
202607,KIMM,한국기계연구원,19,경로,2,0
202607,KIMM,한국기계연구원,20,경로,1,3
202607,KIMM,한국기계연구원,21,경로,1,0
202607,KIMM,한국기계연구원,09,국가유공자,0,1
202607,KIMM,한국기계연구원,12,국가유공자,1,0
202607,KIMM,한국기계연구원,05,일반인,0,17
202607,KIMM,한국기계연구원,06,일반인,2,94
202607,KIMM,한국기계연구원,07,일반인,13,119
202607,KIMM,한국기계연구원,08,일반인,15,362
202607,KIMM,한국기계연구원,09,일반인,9,103
202607,KIMM,한국기계연구원,10,일반인,11,47
202607,KIMM,한국기계연구원,11,일반인,9,30
202607,KIMM,한국기계연구원,12,일반인,14,34
202607,KIMM,한국기계연구원,13,일반인,12,23
202607,KIMM,한국기계연구원,14,일반인,32,45
202607,KIMM,한국기계연구원,15,일반인,38,37
202607,KIMM,한국기계연구원,16,일반인,56,54
202607,KIMM,한국기계연구원,17,일반인,50,109
202607,KIMM,한국기계연구원,18,일반인,84,91
202607,KIMM,한국기계연구원,19,일반인,41,58
202607,KIMM,한국기계연구원,20,일반인,35,39
202607,KIMM,한국기계연구원,21,일반인,12,81
202607,KIMM,한국기계연구원,22,일반인,21,153
202607,KIMM,한국기계연구원,23,일반인,12,23
202607,KIMM,한국기계연구원,09,어린이,0,4
202607,KIMM,한국기계연구원,14,어린이,0,6
202607,KIMM,한국기계연구원,15,어린이,0,2
202607,KIMM,한국기계연구원,19,어린이,0,2
202607,KIMM,한국기계연구원,06,청소년,0,1
202607,KIMM,한국기계연구원,08,청소년,0,1
202607,KIMM,한국기계연구원,09,청소년,0,6
202607,KIMM,한국기계연구원,10,청소년,0,2
202607,KIMM,한국기계연구원,11,청소년,0,1
202607,KIMM,한국기계연구원,12,청소년,0,8
202607,KIMM,한국기계연구원,13,청소년,2,0
202607,KIMM,한국기계연구원,14,청소년,0,3
202607,KIMM,한국기계연구원,15,청소년,0,7
202607,KIMM,한국기계연구원,16,청소년,0,10
202607,KIMM,한국기계연구원,17,청소년,0,1
202607,KIMM,한국기계연구원,18,청소년,0,3
202607,KIMM,한국기계연구원,19,청소년,0,8
202607,KIMM,한국기계연구원,20,청소년,0,6
202607,KIMM,한국기계연구원,21,청소년,0,4
202607,KIMM,한국기계연구원,22,청소년,0,6
202607,KIMM,한국기계연구원,05,경로,0,1
202607,KIMM,한국기계연구원,06,경로,0,19
202607,KIMM,한국기계연구원,08,경로,0,3
202607,KIMM,한국기계연구원,09,경로,0,6
202607,KIMM,한국기계연구원,10,경로,1,8
202607,KIMM,한국기계연구원,11,경로,0,16
202607,KIMM,한국기계연구원,12,경로,2,13
202607,KIMM,한국기계연구원,13,경로,1,5
202607,KIMM,한국기계연구원,14,경로,0,5
202607,KIMM,한국기계연구원,15,경로,2,0
202607,KIMM,한국기계연구원,16,경로,1,3
202607,KIMM,한국기계연구원,17,경로,2,4
202607,KIMM,한국기계연구원,18,경로,1,1
202607,KIMM,한국기계연구원,19,경로,0,8
202607,KIMM,한국기계연구원,21,경로,0,1
202607,KIMM,한국기계연구원,16,장애인,0,1
202607,KIMM,한국기계연구원,17,장애인,0,2
202607,KIMM,한국기계연구원,11,국가유공자,0,1
202607,KIMM,한국기계연구원,14,국가유공자,0,1
202607,KIMM,한국기계연구원,21,국가유공자,2,0
202607,KRICT,한국화학연구원,06,일반인,0,22
202607,KRICT,한국화학연구원,07,일반인,1,58
202607,KRICT,한국화학연구원,08,일반인,14,110
202607,KRICT,한국화학연구원,09,일반인,19,66
202607,KRICT,한국화학연구원,10,일반인,15,9
202607,KRICT,한국화학연구원,11,일반인,22,13
202607,KRICT,한국화학연구원,12,일반인,31,14
202607,KRICT,한국화학연구원,13,일반인,29,16
202607,KRICT,한국화학연구원,14,일반인,44,4
202607,KRICT,한국화학연구원,15,일반인,47,9
202607,KRICT,한국화학연구원,16,일반인,113,14
202607,KRICT,한국화학연구원,17,일반인,265,21
202607,KRICT,한국화학연구원,18,일반인,209,34
202607,KRICT,한국화학연구원,19,일반인,87,23
202607,KRICT,한국화학연구원,20,일반인,49,8
202607,KRICT,한국화학연구원,21,일반인,32,24
202607,KRICT,한국화학연구원,22,일반인,36,8
202607,KRICT,한국화학연구원,23,일반인,20,1
202607,KRICT,한국화학연구원,12,어린이,1,0
202607,KRICT,한국화학연구원,10,청소년,1,0
202607,KRICT,한국화학연구원,12,청소년,1,0
202607,KRICT,한국화학연구원,15,청소년,0,1
202607,KRICT,한국화학연구원,16,청소년,2,2
202607,KRICT,한국화학연구원,17,청소년,0,2
202607,KRICT,한국화학연구원,18,청소년,1,4
202607,KRICT,한국화학연구원,19,청소년,0,1
202607,KRICT,한국화학연구원,06,경로,0,1
202607,KRICT,한국화학연구원,07,경로,1,15
202607,KRICT,한국화학연구원,08,경로,0,2
202607,KRICT,한국화학연구원,09,경로,1,9
202607,KRICT,한국화학연구원,10,경로,1,2
202607,KRICT,한국화학연구원,11,경로,0,3
202607,KRICT,한국화학연구원,13,경로,3,0
202607,KRICT,한국화학연구원,14,경로,2,8
202607,KRICT,한국화학연구원,15,경로,1,1
202607,KRICT,한국화학연구원,16,경로,1,3
202607,KRICT,한국화학연구원,17,경로,0,2
202607,KRICT,한국화학연구원,18,경로,0,2
202607,KRICT,한국화학연구원,20,경로,2,0
202607,KRICT,한국화학연구원,21,장애인,1,0
202607,KRICT,한국화학연구원,22,장애인,1,0
202607,KRICT,한국화학연구원,06,국가유공자,0,1
202607,KRICT,한국화학연구원,10,국가유공자,0,1
202607,KRICT,한국화학연구원,11,국가유공자,0,1
202607,KRICT,한국화학연구원,13,국가유공자,2,0
202607,KRICT,한국화학연구원,16,국가유공자,1,0
202607,KRICT,한국화학연구원,17,국가유공자,5,0
202607,KRICT,한국화학연구원,18,국가유공자,6,0
202607,KRICT,한국화학연구원,10,일반인,2,1
202607,KRICT,한국화학연구원,14,일반인,7,2
202607,KRICT,한국화학연구원,15,일반인,1,0
202607,KRICT,한국화학연구원,10,청소년,1,0
202607,KASI,한국천문연구원,06,일반인,0,3
202607,KASI,한국천문연구원,07,일반인,1,36
202607,KASI,한국천문연구원,08,일반인,5,45
202607,KASI,한국천문연구원,09,일반인,2,17
202607,KASI,한국천문연구원,10,일반인,0,5
202607,KASI,한국천문연구원,11,일반인,14,4
202607,KASI,한국천문연구원,12,일반인,13,6
202607,KASI,한국천문연구원,13,일반인,9,3
202607,KASI,한국천문연구원,14,일반인,8,4
202607,KASI,한국천문연구원,15,일반인,15,2
202607,KASI,한국천문연구원,16,일반인,38,2
202607,KASI,한국천문연구원,17,일반인,149,2
202607,KASI,한국천문연구원,18,일반인,179,1
202607,KASI,한국천문연구원,19,일반인,66,6
202607,KASI,한국천문연구원,20,일반인,42,0
202607,KASI,한국천문연구원,21,일반인,27,0
202607,KASI,한국천문연구원,22,일반인,18,1
202607,KASI,한국천문연구원,10,청소년,1,0
202607,KASI,한국천문연구원,12,청소년,1,0
202607,KASI,한국천문연구원,15,청소년,1,0
202607,KASI,한국천문연구원,17,청소년,1,0
202607,KASI,한국천문연구원,16,경로,1,1
202607,KASI,한국천문연구원,18,경로,0,2
202607,KASI,한국천문연구원,19,경로,0,4
202607,KASI,한국천문연구원,08,국가유공자,0,4
202607,KASI,한국천문연구원,13,국가유공자,0,3
202607,KASI,한국천문연구원,14,국가유공자,0,1
202607,KASI,한국천문연구원,06,일반인,0,16
202607,KASI,한국천문연구원,07,일반인,1,30
202607,KASI,한국천문연구원,08,일반인,5,100
202607,KASI,한국천문연구원,09,일반인,2,121
202607,KASI,한국천문연구원,10,일반인,0,57
202607,KASI,한국천문연구원,11,일반인,6,38
202607,KASI,한국천문연구원,12,일반인,9,37
202607,KASI,한국천문연구원,13,일반인,0,29
202607,KASI,한국천문연구원,14,일반인,5,22
202607,KASI,한국천문연구원,15,일반인,4,13
202607,KASI,한국천문연구원,16,일반인,30,8
202607,KASI,한국천문연구원,17,일반인,34,1
202607,KASI,한국천문연구원,18,일반인,28,2
202607,KASI,한국천문연구원,19,일반인,10,4
202607,KASI,한국천문연구원,20,일반인,3,5
202607,KASI,한국천문연구원,21,일반인,7,6
202607,KASI,한국천문연구원,22,일반인,11,3
202607,KASI,한국천문연구원,12,어린이,1,0
202607,KASI,한국천문연구원,17,청소년,0,1
202607,KASI,한국천문연구원,06,경로,1,0
202607,KASI,한국천문연구원,11,경로,0,1
202607,KASI,한국천문연구원,13,경로,1,0
202607,KASI,한국천문연구원,06,국가유공자,1,0
202607,KASI,한국천문연구원,06,일반인,11,35
202607,KASI,한국천문연구원,07,일반인,28,27
202607,KASI,한국천문연구원,08,일반인,22,118
202607,KASI,한국천문연구원,09,일반인,18,40
202607,KASI,한국천문연구원,10,일반인,18,19
202607,KASI,한국천문연구원,11,일반인,44,30
202607,KASI,한국천문연구원,12,일반인,57,38
202607,KASI,한국천문연구원,13,일반인,52,13
202607,KASI,한국천문연구원,14,일반인,59,4
202607,KASI,한국천문연구원,15,일반인,95,9
202607,KASI,한국천문연구원,16,일반인,123,3
202607,KASI,한국천문연구원,17,일반인,362,15
202607,KASI,한국천문연구원,18,일반인,417,14
202607,KASI,한국천문연구원,19,일반인,133,16
202607,KASI,한국천문연구원,20,일반인,103,22
202607,KASI,한국천문연구원,21,일반인,78,8
202607,KASI,한국천문연구원,22,일반인,50,14
202607,KASI,한국천문연구원,09,청소년,1,0
202607,KASI,한국천문연구원,10,청소년,3,0
202607,KASI,한국천문연구원,13,청소년,1,0
202607,KASI,한국천문연구원,16,청소년,2,0
202607,KASI,한국천문연구원,17,청소년,13,0
202607,KASI,한국천문연구원,18,청소년,5,0
202607,KASI,한국천문연구원,19,청소년,4,0
202607,KASI,한국천문연구원,06,경로,4,0
202607,KASI,한국천문연구원,07,경로,2,0
202607,KASI,한국천문연구원,10,경로,2,0
202607,KASI,한국천문연구원,11,경로,1,0
202607,KASI,한국천문연구원,12,경로,1,0
202607,KASI,한국천문연구원,14,경로,1,0
202607,KASI,한국천문연구원,16,경로,10,5
202607,KASI,한국천문연구원,17,경로,0,1
202607,KASI,한국천문연구원,18,경로,0,1
202607,KASI,한국천문연구원,19,경로,0,2
202607,KASI,한국천문연구원,22,경로,1,0
202607,KASI,한국천문연구원,06,국가유공자,0,1
202607,KASI,한국천문연구원,08,국가유공자,0,1
202607,KASI,한국천문연구원,12,국가유공자,0,1
202607,KASI,한국천문연구원,13,국가유공자,0,4
202607,KASI,한국천문연구원,16,국가유공자,1,0
202607,KASI,한국천문연구원,17,국가유공자,1,0
202607,KASI,한국천문연구원,21,국가유공자,0,1
202607,KASI,한국천문연구원,06,일반인,6,42
202607,KASI,한국천문연구원,07,일반인,7,80
202607,KASI,한국천문연구원,08,일반인,22,110
202607,KASI,한국천문연구원,09,일반인,22,328
202607,KASI,한국천문연구원,10,일반인,5,191
202607,KASI,한국천문연구원,11,일반인,34,110
202607,KASI,한국천문연구원,12,일반인,23,98
202607,KASI,한국천문연구원,13,일반인,9,72
202607,KASI,한국천문연구원,14,일반인,19,40
202607,KASI,한국천문연구원,15,일반인,37,27
202607,KASI,한국천문연구원,16,일반인,26,18
202607,KASI,한국천문연구원,17,일반인,107,16
202607,KASI,한국천문연구원,18,일반인,197,17
202607,KASI,한국천문연구원,19,일반인,57,36
202607,KASI,한국천문연구원,20,일반인,36,37
202607,KASI,한국천문연구원,21,일반인,19,27
202607,KASI,한국천문연구원,22,일반인,15,46
202607,KASI,한국천문연구원,23,일반인,1,9
202607,KASI,한국천문연구원,12,어린이,0,1
202607,KASI,한국천문연구원,09,청소년,0,1
202607,KASI,한국천문연구원,10,청소년,0,1
202607,KASI,한국천문연구원,15,청소년,2,1
202607,KASI,한국천문연구원,19,청소년,1,1
202607,KASI,한국천문연구원,21,청소년,0,1
202607,KASI,한국천문연구원,06,경로,3,4
202607,KASI,한국천문연구원,08,경로,3,1
202607,KASI,한국천문연구원,09,경로,3,1
202607,KASI,한국천문연구원,10,경로,0,2
202607,KASI,한국천문연구원,11,경로,1,0
202607,KASI,한국천문연구원,12,경로,1,3
202607,KASI,한국천문연구원,13,경로,1,5
202607,KASI,한국천문연구원,14,경로,1,3
202607,KASI,한국천문연구원,15,경로,1,1
202607,KASI,한국천문연구원,18,경로,0,1
202607,KASI,한국천문연구원,19,경로,0,3
202607,KASI,한국천문연구원,10,국가유공자,7,0
202607,KASI,한국천문연구원,11,국가유공자,2,0
202607,KASI,한국천문연구원,12,국가유공자,1,0
202607,KASI,한국천문연구원,13,국가유공자,0,1
202607,KASI,한국천문연구원,16,국가유공자,7,0
202607,KASI,한국천문연구원,17,국가유공자,2,0
202607,_유성구전체,,00,전체,709,1746
202607,_유성구전체,,01,전체,6,425
202607,_유성구전체,,04,전체,10,0
202607,_유성구전체,,05,전체,13315,4468
202607,_유성구전체,,06,전체,65153,59865
202607,_유성구전체,,07,전체,153874,133420
202607,_유성구전체,,08,전체,188321,220156
202607,_유성구전체,,09,전체,132210,155563
202607,_유성구전체,,10,전체,111729,115848
202607,_유성구전체,,11,전체,116363,116218
202607,_유성구전체,,12,전체,140943,129828
202607,_유성구전체,,13,전체,138685,129693
202607,_유성구전체,,14,전체,138732,122258
202607,_유성구전체,,15,전체,169641,140589
202607,_유성구전체,,16,전체,191152,157708
202607,_유성구전체,,17,전체,218331,174355
202607,_유성구전체,,18,전체,239795,203879
202607,_유성구전체,,19,전체,138470,132718
202607,_유성구전체,,20,전체,128327,102499
202607,_유성구전체,,21,전체,114605,96248
202607,_유성구전체,,22,전체,82128,81142
202607,_유성구전체,,23,전체,13504,23997
