운행연월,노드,정류장명,시간대,이용자유형,승차,하차
202606,CNU,충남대학교,06,일반인,13,5
202606,CNU,충남대학교,07,일반인,58,10
202606,CNU,충남대학교,08,일반인,97,164
202606,CNU,충남대학교,09,일반인,65,86
202606,CNU,충남대학교,10,일반인,38,35
202606,CNU,충남대학교,11,일반인,38,28
202606,CNU,충남대학교,12,일반인,33,16
202606,CNU,충남대학교,13,일반인,64,94
202606,CNU,충남대학교,14,일반인,31,28
202606,CNU,충남대학교,15,일반인,48,20
202606,CNU,충남대학교,16,일반인,52,21
202606,CNU,충남대학교,17,일반인,108,22
202606,CNU,충남대학교,18,일반인,79,7
202606,CNU,충남대학교,19,일반인,64,16
202606,CNU,충남대학교,20,일반인,33,9
202606,CNU,충남대학교,21,일반인,49,6
202606,CNU,충남대학교,22,일반인,68,8
202606,CNU,충남대학교,15,어린이,0,4
202606,CNU,충남대학교,17,어린이,1,0
202606,CNU,충남대학교,18,어린이,3,0
202606,CNU,충남대학교,19,어린이,2,0
202606,CNU,충남대학교,06,청소년,1,0
202606,CNU,충남대학교,08,청소년,0,7
202606,CNU,충남대학교,11,청소년,1,2
202606,CNU,충남대학교,12,청소년,3,0
202606,CNU,충남대학교,13,청소년,3,3
202606,CNU,충남대학교,14,청소년,2,1
202606,CNU,충남대학교,15,청소년,2,1
202606,CNU,충남대학교,16,청소년,5,0
202606,CNU,충남대학교,17,청소년,6,0
202606,CNU,충남대학교,18,청소년,5,1
202606,CNU,충남대학교,19,청소년,4,1
202606,CNU,충남대학교,20,청소년,13,0
202606,CNU,충남대학교,21,청소년,14,0
202606,CNU,충남대학교,22,청소년,8,0
202606,CNU,충남대학교,06,경로,2,3
202606,CNU,충남대학교,07,경로,4,5
202606,CNU,충남대학교,08,경로,13,10
202606,CNU,충남대학교,09,경로,13,7
202606,CNU,충남대학교,10,경로,20,7
202606,CNU,충남대학교,11,경로,12,12
202606,CNU,충남대학교,12,경로,13,12
202606,CNU,충남대학교,13,경로,14,14
202606,CNU,충남대학교,14,경로,10,12
202606,CNU,충남대학교,15,경로,7,5
202606,CNU,충남대학교,16,경로,8,0
202606,CNU,충남대학교,17,경로,5,2
202606,CNU,충남대학교,18,경로,14,0
202606,CNU,충남대학교,19,경로,1,5
202606,CNU,충남대학교,20,경로,3,1
202606,CNU,충남대학교,21,경로,2,0
202606,CNU,충남대학교,22,경로,1,5
202606,CNU,충남대학교,08,국가유공자,0,1
202606,CNU,충남대학교,09,국가유공자,0,1
202606,CNU,충남대학교,12,국가유공자,1,0
202606,CNU,충남대학교,13,국가유공자,0,1
202606,CNU,충남대학교,14,국가유공자,0,1
202606,CNU,충남대학교,06,일반인,0,1
202606,CNU,충남대학교,07,일반인,3,13
202606,CNU,충남대학교,08,일반인,2,10
202606,CNU,충남대학교,09,일반인,4,34
202606,CNU,충남대학교,10,일반인,2,23
202606,CNU,충남대학교,11,일반인,7,13
202606,CNU,충남대학교,12,일반인,7,18
202606,CNU,충남대학교,13,일반인,7,19
202606,CNU,충남대학교,14,일반인,3,26
202606,CNU,충남대학교,15,일반인,3,25
202606,CNU,충남대학교,16,일반인,4,15
202606,CNU,충남대학교,17,일반인,6,20
202606,CNU,충남대학교,18,일반인,7,24
202606,CNU,충남대학교,19,일반인,9,24
202606,CNU,충남대학교,20,일반인,6,12
202606,CNU,충남대학교,21,일반인,8,19
202606,CNU,충남대학교,22,일반인,14,6
202606,CNU,충남대학교,23,일반인,1,4
202606,CNU,충남대학교,11,어린이,0,1
202606,CNU,충남대학교,13,어린이,0,1
202606,CNU,충남대학교,08,청소년,1,1
202606,CNU,충남대학교,09,청소년,2,1
202606,CNU,충남대학교,10,청소년,0,1
202606,CNU,충남대학교,11,청소년,0,1
202606,CNU,충남대학교,12,청소년,1,0
202606,CNU,충남대학교,13,청소년,0,5
202606,CNU,충남대학교,16,청소년,1,0
202606,CNU,충남대학교,17,청소년,0,2
202606,CNU,충남대학교,19,청소년,0,4
202606,CNU,충남대학교,20,청소년,0,1
202606,CNU,충남대학교,21,청소년,1,0
202606,CNU,충남대학교,22,청소년,0,1
202606,CNU,충남대학교,08,경로,0,1
202606,CNU,충남대학교,09,경로,0,4
202606,CNU,충남대학교,10,경로,0,1
202606,CNU,충남대학교,11,경로,0,1
202606,CNU,충남대학교,12,경로,0,7
202606,CNU,충남대학교,13,경로,2,2
202606,CNU,충남대학교,14,경로,0,1
202606,CNU,충남대학교,15,경로,2,3
202606,CNU,충남대학교,16,경로,0,2
202606,CNU,충남대학교,17,경로,2,1
202606,CNU,충남대학교,18,경로,1,0
202606,CNU,충남대학교,19,경로,0,1
202606,CNU,충남대학교,20,경로,1,0
202606,CNU,충남대학교,06,일반인,34,66
202606,CNU,충남대학교,07,일반인,51,149
202606,CNU,충남대학교,08,일반인,20,333
202606,CNU,충남대학교,09,일반인,30,385
202606,CNU,충남대학교,10,일반인,26,221
202606,CNU,충남대학교,11,일반인,26,155
202606,CNU,충남대학교,12,일반인,47,178
202606,CNU,충남대학교,13,일반인,76,324
202606,CNU,충남대학교,14,일반인,50,128
202606,CNU,충남대학교,15,일반인,57,130
202606,CNU,충남대학교,16,일반인,103,227
202606,CNU,충남대학교,17,일반인,116,264
202606,CNU,충남대학교,18,일반인,138,397
202606,CNU,충남대학교,19,일반인,61,186
202606,CNU,충남대학교,20,일반인,75,165
202606,CNU,충남대학교,21,일반인,80,147
202606,CNU,충남대학교,22,일반인,75,85
202606,CNU,충남대학교,23,일반인,28,11
202606,CNU,충남대학교,06,어린이,0,1
202606,CNU,충남대학교,08,어린이,0,2
202606,CNU,충남대학교,09,어린이,0,1
202606,CNU,충남대학교,10,어린이,0,2
202606,CNU,충남대학교,13,어린이,0,5
202606,CNU,충남대학교,15,어린이,0,2
202606,CNU,충남대학교,16,어린이,0,1
202606,CNU,충남대학교,17,어린이,0,3
202606,CNU,충남대학교,06,청소년,1,2
202606,CNU,충남대학교,07,청소년,66,18
202606,CNU,충남대학교,08,청소년,15,18
202606,CNU,충남대학교,09,청소년,1,7
202606,CNU,충남대학교,10,청소년,1,18
202606,CNU,충남대학교,11,청소년,0,20
202606,CNU,충남대학교,12,청소년,3,11
202606,CNU,충남대학교,13,청소년,7,25
202606,CNU,충남대학교,14,청소년,2,10
202606,CNU,충남대학교,15,청소년,10,13
202606,CNU,충남대학교,16,청소년,19,64
202606,CNU,충남대학교,17,청소년,7,17
202606,CNU,충남대학교,18,청소년,8,19
202606,CNU,충남대학교,19,청소년,3,7
202606,CNU,충남대학교,20,청소년,6,10
202606,CNU,충남대학교,21,청소년,9,3
202606,CNU,충남대학교,22,청소년,13,3
202606,CNU,충남대학교,23,청소년,4,0
202606,CNU,충남대학교,06,경로,2,10
202606,CNU,충남대학교,07,경로,0,26
202606,CNU,충남대학교,08,경로,2,20
202606,CNU,충남대학교,09,경로,10,41
202606,CNU,충남대학교,10,경로,14,48
202606,CNU,충남대학교,11,경로,18,16
202606,CNU,충남대학교,12,경로,13,14
202606,CNU,충남대학교,13,경로,18,25
202606,CNU,충남대학교,14,경로,3,54
202606,CNU,충남대학교,15,경로,25,29
202606,CNU,충남대학교,16,경로,22,28
202606,CNU,충남대학교,17,경로,13,21
202606,CNU,충남대학교,18,경로,4,5
202606,CNU,충남대학교,19,경로,8,3
202606,CNU,충남대학교,20,경로,5,9
202606,CNU,충남대학교,21,경로,3,5
202606,CNU,충남대학교,13,장애인,0,1
202606,CNU,충남대학교,14,장애인,0,1
202606,CNU,충남대학교,17,장애인,0,1
202606,CNU,충남대학교,09,국가유공자,0,1
202606,CNU,충남대학교,16,국가유공자,0,1
202606,CNU,충남대학교,17,국가유공자,0,1
202606,CNU,충남대학교,06,일반인,34,2
202606,CNU,충남대학교,07,일반인,113,33
202606,CNU,충남대학교,08,일반인,214,19
202606,CNU,충남대학교,09,일반인,118,56
202606,CNU,충남대학교,10,일반인,138,26
202606,CNU,충남대학교,11,일반인,97,26
202606,CNU,충남대학교,12,일반인,120,36
202606,CNU,충남대학교,13,일반인,103,49
202606,CNU,충남대학교,14,일반인,58,16
202606,CNU,충남대학교,15,일반인,129,33
202606,CNU,충남대학교,16,일반인,92,26
202606,CNU,충남대학교,17,일반인,165,26
202606,CNU,충남대학교,18,일반인,174,23
202606,CNU,충남대학교,19,일반인,69,9
202606,CNU,충남대학교,20,일반인,125,15
202606,CNU,충남대학교,21,일반인,79,5
202606,CNU,충남대학교,22,일반인,105,11
202606,CNU,충남대학교,10,어린이,1,0
202606,CNU,충남대학교,13,어린이,2,0
202606,CNU,충남대학교,07,청소년,1,0
202606,CNU,충남대학교,10,청소년,3,4
202606,CNU,충남대학교,11,청소년,3,0
202606,CNU,충남대학교,12,청소년,6,1
202606,CNU,충남대학교,13,청소년,7,2
202606,CNU,충남대학교,14,청소년,1,3
202606,CNU,충남대학교,15,청소년,11,5
202606,CNU,충남대학교,16,청소년,5,8
202606,CNU,충남대학교,17,청소년,8,5
202606,CNU,충남대학교,18,청소년,10,2
202606,CNU,충남대학교,19,청소년,6,4
202606,CNU,충남대학교,20,청소년,4,1
202606,CNU,충남대학교,21,청소년,5,10
202606,CNU,충남대학교,22,청소년,5,0
202606,CNU,충남대학교,06,경로,0,2
202606,CNU,충남대학교,08,경로,2,0
202606,CNU,충남대학교,09,경로,1,1
202606,CNU,충남대학교,10,경로,6,2
202606,CNU,충남대학교,11,경로,3,1
202606,CNU,충남대학교,12,경로,10,1
202606,CNU,충남대학교,13,경로,12,3
202606,CNU,충남대학교,14,경로,4,4
202606,CNU,충남대학교,15,경로,5,2
202606,CNU,충남대학교,16,경로,1,3
202606,CNU,충남대학교,17,경로,5,4
202606,CNU,충남대학교,18,경로,3,0
202606,CNU,충남대학교,19,경로,6,1
202606,CNU,충남대학교,20,경로,1,0
202606,CNU,충남대학교,21,경로,2,0
202606,CNU,충남대학교,22,경로,4,0
202606,CNU,충남대학교,07,국가유공자,1,0
202606,CNU,충남대학교,13,국가유공자,1,0
202606,CNU,충남대학교,06,일반인,54,25
202606,CNU,충남대학교,07,일반인,38,50
202606,CNU,충남대학교,08,일반인,67,192
202606,CNU,충남대학교,09,일반인,89,172
202606,CNU,충남대학교,10,일반인,136,84
202606,CNU,충남대학교,11,일반인,132,78
202606,CNU,충남대학교,12,일반인,165,159
202606,CNU,충남대학교,13,일반인,155,111
202606,CNU,충남대학교,14,일반인,195,97
202606,CNU,충남대학교,15,일반인,228,85
202606,CNU,충남대학교,16,일반인,296,109
202606,CNU,충남대학교,17,일반인,307,149
202606,CNU,충남대학교,18,일반인,301,173
202606,CNU,충남대학교,19,일반인,163,80
202606,CNU,충남대학교,20,일반인,175,119
202606,CNU,충남대학교,21,일반인,186,143
202606,CNU,충남대학교,22,일반인,167,116
202606,CNU,충남대학교,23,일반인,3,0
202606,CNU,충남대학교,09,어린이,1,0
202606,CNU,충남대학교,11,어린이,1,0
202606,CNU,충남대학교,12,어린이,0,1
202606,CNU,충남대학교,13,어린이,0,1
202606,CNU,충남대학교,15,어린이,1,0
202606,CNU,충남대학교,16,어린이,1,0
202606,CNU,충남대학교,18,어린이,1,0
202606,CNU,충남대학교,06,청소년,2,0
202606,CNU,충남대학교,07,청소년,6,16
202606,CNU,충남대학교,08,청소년,2,15
202606,CNU,충남대학교,09,청소년,2,12
202606,CNU,충남대학교,10,청소년,12,6
202606,CNU,충남대학교,11,청소년,7,5
202606,CNU,충남대학교,12,청소년,17,13
202606,CNU,충남대학교,13,청소년,10,4
202606,CNU,충남대학교,14,청소년,15,8
202606,CNU,충남대학교,15,청소년,14,20
202606,CNU,충남대학교,16,청소년,25,58
202606,CNU,충남대학교,17,청소년,13,17
202606,CNU,충남대학교,18,청소년,17,12
202606,CNU,충남대학교,19,청소년,10,9
202606,CNU,충남대학교,20,청소년,11,2
202606,CNU,충남대학교,21,청소년,9,11
202606,CNU,충남대학교,22,청소년,20,8
202606,CNU,충남대학교,06,경로,1,38
202606,CNU,충남대학교,07,경로,3,13
202606,CNU,충남대학교,08,경로,17,10
202606,CNU,충남대학교,09,경로,32,28
202606,CNU,충남대학교,10,경로,35,27
202606,CNU,충남대학교,11,경로,22,19
202606,CNU,충남대학교,12,경로,30,23
202606,CNU,충남대학교,13,경로,18,13
202606,CNU,충남대학교,14,경로,43,18
202606,CNU,충남대학교,15,경로,45,26
202606,CNU,충남대학교,16,경로,45,27
202606,CNU,충남대학교,17,경로,16,15
202606,CNU,충남대학교,18,경로,4,7
202606,CNU,충남대학교,19,경로,3,2
202606,CNU,충남대학교,20,경로,5,15
202606,CNU,충남대학교,21,경로,7,8
202606,CNU,충남대학교,22,경로,0,7
202606,CNU,충남대학교,09,장애인,1,0
202606,CNU,충남대학교,12,장애인,2,0
202606,CNU,충남대학교,14,장애인,2,0
202606,CNU,충남대학교,15,장애인,3,1
202606,CNU,충남대학교,17,장애인,1,0
202606,CNU,충남대학교,18,장애인,2,1
202606,CNU,충남대학교,19,장애인,0,1
202606,CNU,충남대학교,21,장애인,0,2
202606,CNU,충남대학교,22,장애인,0,3
202606,CNU,충남대학교,07,국가유공자,1,2
202606,CNU,충남대학교,08,국가유공자,0,1
202606,CNU,충남대학교,13,국가유공자,0,1
202606,CNU,충남대학교,14,국가유공자,1,0
202606,CNU,충남대학교,15,국가유공자,1,0
202606,CNU,충남대학교,16,국가유공자,1,0
202606,CNU,충남대학교,17,국가유공자,0,1
202606,CNU,충남대학교,18,국가유공자,0,1
202606,CNU,충남대학교,20,국가유공자,1,0
202606,CNU,충남대학교,06,일반인,38,14
202606,CNU,충남대학교,07,일반인,50,45
202606,CNU,충남대학교,08,일반인,82,144
202606,CNU,충남대학교,09,일반인,53,135
202606,CNU,충남대학교,10,일반인,79,107
202606,CNU,충남대학교,11,일반인,75,79
202606,CNU,충남대학교,12,일반인,116,140
202606,CNU,충남대학교,13,일반인,102,136
202606,CNU,충남대학교,14,일반인,114,104
202606,CNU,충남대학교,15,일반인,144,83
202606,CNU,충남대학교,16,일반인,278,82
202606,CNU,충남대학교,17,일반인,232,86
202606,CNU,충남대학교,18,일반인,276,88
202606,CNU,충남대학교,19,일반인,134,85
202606,CNU,충남대학교,20,일반인,131,46
202606,CNU,충남대학교,21,일반인,106,62
202606,CNU,충남대학교,22,일반인,108,62
202606,CNU,충남대학교,23,일반인,59,23
202606,CNU,충남대학교,13,어린이,0,1
202606,CNU,충남대학교,14,어린이,0,1
202606,CNU,충남대학교,15,어린이,3,1
202606,CNU,충남대학교,16,어린이,4,0
202606,CNU,충남대학교,18,어린이,6,1
202606,CNU,충남대학교,19,어린이,3,1
202606,CNU,충남대학교,06,청소년,1,0
202606,CNU,충남대학교,07,청소년,5,0
202606,CNU,충남대학교,08,청소년,2,13
202606,CNU,충남대학교,09,청소년,1,7
202606,CNU,충남대학교,10,청소년,6,10
202606,CNU,충남대학교,11,청소년,3,6
202606,CNU,충남대학교,12,청소년,11,11
202606,CNU,충남대학교,13,청소년,7,4
202606,CNU,충남대학교,14,청소년,10,10
202606,CNU,충남대학교,15,청소년,6,7
202606,CNU,충남대학교,16,청소년,19,9
202606,CNU,충남대학교,17,청소년,17,6
202606,CNU,충남대학교,18,청소년,6,7
202606,CNU,충남대학교,19,청소년,8,3
202606,CNU,충남대학교,20,청소년,9,1
202606,CNU,충남대학교,21,청소년,9,5
202606,CNU,충남대학교,22,청소년,14,3
202606,CNU,충남대학교,23,청소년,3,1
202606,CNU,충남대학교,06,경로,25,1
202606,CNU,충남대학교,07,경로,32,23
202606,CNU,충남대학교,08,경로,21,4
202606,CNU,충남대학교,09,경로,16,8
202606,CNU,충남대학교,10,경로,15,16
202606,CNU,충남대학교,11,경로,10,18
202606,CNU,충남대학교,12,경로,13,11
202606,CNU,충남대학교,13,경로,30,18
202606,CNU,충남대학교,14,경로,20,15
202606,CNU,충남대학교,15,경로,6,18
202606,CNU,충남대학교,16,경로,11,16
202606,CNU,충남대학교,17,경로,12,13
202606,CNU,충남대학교,18,경로,6,6
202606,CNU,충남대학교,19,경로,5,5
202606,CNU,충남대학교,20,경로,4,6
202606,CNU,충남대학교,21,경로,15,5
202606,CNU,충남대학교,22,경로,0,1
202606,CNU,충남대학교,07,장애인,0,1
202606,CNU,충남대학교,13,장애인,1,0
202606,CNU,충남대학교,18,장애인,2,0
202606,CNU,충남대학교,20,장애인,1,0
202606,CNU,충남대학교,21,장애인,1,0
202606,CNU,충남대학교,05,일반인,29,19
202606,CNU,충남대학교,06,일반인,222,25
202606,CNU,충남대학교,07,일반인,602,132
202606,CNU,충남대학교,08,일반인,721,317
202606,CNU,충남대학교,09,일반인,546,267
202606,CNU,충남대학교,10,일반인,465,195
202606,CNU,충남대학교,11,일반인,522,257
202606,CNU,충남대학교,12,일반인,708,302
202606,CNU,충남대학교,13,일반인,613,261
202606,CNU,충남대학교,14,일반인,728,207
202606,CNU,충남대학교,15,일반인,892,284
202606,CNU,충남대학교,16,일반인,1024,285
202606,CNU,충남대학교,17,일반인,1149,259
202606,CNU,충남대학교,18,일반인,1217,352
202606,CNU,충남대학교,19,일반인,803,218
202606,CNU,충남대학교,20,일반인,800,204
202606,CNU,충남대학교,21,일반인,797,196
202606,CNU,충남대학교,22,일반인,688,113
202606,CNU,충남대학교,11,어린이,1,0
202606,CNU,충남대학교,12,어린이,1,2
202606,CNU,충남대학교,13,어린이,0,1
202606,CNU,충남대학교,14,어린이,1,0
202606,CNU,충남대학교,15,어린이,3,0
202606,CNU,충남대학교,16,어린이,3,1
202606,CNU,충남대학교,17,어린이,1,0
202606,CNU,충남대학교,19,어린이,2,0
202606,CNU,충남대학교,20,어린이,1,0
202606,CNU,충남대학교,05,청소년,3,0
202606,CNU,충남대학교,06,청소년,15,1
202606,CNU,충남대학교,07,청소년,51,3
202606,CNU,충남대학교,08,청소년,37,14
202606,CNU,충남대학교,09,청소년,39,10
202606,CNU,충남대학교,10,청소년,34,9
202606,CNU,충남대학교,11,청소년,44,10
202606,CNU,충남대학교,12,청소년,69,22
202606,CNU,충남대학교,13,청소년,60,12
202606,CNU,충남대학교,14,청소년,66,10
202606,CNU,충남대학교,15,청소년,90,20
202606,CNU,충남대학교,16,청소년,104,12
202606,CNU,충남대학교,17,청소년,76,15
202606,CNU,충남대학교,18,청소년,73,25
202606,CNU,충남대학교,19,청소년,49,17
202606,CNU,충남대학교,20,청소년,57,9
202606,CNU,충남대학교,21,청소년,50,11
202606,CNU,충남대학교,22,청소년,64,5
202606,CNU,충남대학교,05,경로,4,5
202606,CNU,충남대학교,06,경로,35,7
202606,CNU,충남대학교,07,경로,38,4
202606,CNU,충남대학교,08,경로,64,12
202606,CNU,충남대학교,09,경로,102,20
202606,CNU,충남대학교,10,경로,137,15
202606,CNU,충남대학교,11,경로,91,30
202606,CNU,충남대학교,12,경로,99,28
202606,CNU,충남대학교,13,경로,83,27
202606,CNU,충남대학교,14,경로,82,19
202606,CNU,충남대학교,15,경로,166,11
202606,CNU,충남대학교,16,경로,62,21
202606,CNU,충남대학교,17,경로,67,13
202606,CNU,충남대학교,18,경로,25,9
202606,CNU,충남대학교,19,경로,37,8
202606,CNU,충남대학교,20,경로,37,2
202606,CNU,충남대학교,21,경로,22,1
202606,CNU,충남대학교,22,경로,9,1
202606,CNU,충남대학교,07,장애인,0,1
202606,CNU,충남대학교,12,장애인,0,1
202606,CNU,충남대학교,14,장애인,2,1
202606,CNU,충남대학교,20,장애인,1,0
202606,CNU,충남대학교,22,장애인,2,0
202606,CNU,충남대학교,08,국가유공자,1,0
202606,CNU,충남대학교,11,국가유공자,1,0
202606,CNU,충남대학교,12,국가유공자,1,1
202606,CNU,충남대학교,13,국가유공자,1,0
202606,CNU,충남대학교,14,국가유공자,1,0
202606,CNU,충남대학교,15,국가유공자,0,1
202606,CNU,충남대학교,16,국가유공자,1,1
202606,CNU,충남대학교,17,국가유공자,1,0
202606,CNU,충남대학교,22,국가유공자,1,0
202606,CNU,충남대학교,05,일반인,12,8
202606,CNU,충남대학교,06,일반인,54,328
202606,CNU,충남대학교,07,일반인,160,711
202606,CNU,충남대학교,08,일반인,490,1259
202606,CNU,충남대학교,09,일반인,390,855
202606,CNU,충남대학교,10,일반인,230,678
202606,CNU,충남대학교,11,일반인,219,490
202606,CNU,충남대학교,12,일반인,273,683
202606,CNU,충남대학교,13,일반인,317,581
202606,CNU,충남대학교,14,일반인,216,566
202606,CNU,충남대학교,15,일반인,272,606
202606,CNU,충남대학교,16,일반인,325,701
202606,CNU,충남대학교,17,일반인,363,843
202606,CNU,충남대학교,18,일반인,447,1030
202606,CNU,충남대학교,19,일반인,221,561
202606,CNU,충남대학교,20,일반인,199,473
202606,CNU,충남대학교,21,일반인,227,519
202606,CNU,충남대학교,22,일반인,187,420
202606,CNU,충남대학교,23,일반인,62,57
202606,CNU,충남대학교,09,어린이,0,4
202606,CNU,충남대학교,11,어린이,1,1
202606,CNU,충남대학교,12,어린이,0,2
202606,CNU,충남대학교,14,어린이,0,1
202606,CNU,충남대학교,15,어린이,2,2
202606,CNU,충남대학교,16,어린이,1,0
202606,CNU,충남대학교,17,어린이,4,2
202606,CNU,충남대학교,18,어린이,2,0
202606,CNU,충남대학교,19,어린이,0,2
202606,CNU,충남대학교,20,어린이,2,2
202606,CNU,충남대학교,22,어린이,4,0
202606,CNU,충남대학교,23,어린이,1,0
202606,CNU,충남대학교,06,청소년,4,6
202606,CNU,충남대학교,07,청소년,10,31
202606,CNU,충남대학교,08,청소년,38,62
202606,CNU,충남대학교,09,청소년,22,58
202606,CNU,충남대학교,10,청소년,16,53
202606,CNU,충남대학교,11,청소년,16,40
202606,CNU,충남대학교,12,청소년,28,56
202606,CNU,충남대학교,13,청소년,23,43
202606,CNU,충남대학교,14,청소년,9,43
202606,CNU,충남대학교,15,청소년,25,51
202606,CNU,충남대학교,16,청소년,35,68
202606,CNU,충남대학교,17,청소년,23,49
202606,CNU,충남대학교,18,청소년,25,57
202606,CNU,충남대학교,19,청소년,14,26
202606,CNU,충남대학교,20,청소년,18,16
202606,CNU,충남대학교,21,청소년,14,35
202606,CNU,충남대학교,22,청소년,15,18
202606,CNU,충남대학교,23,청소년,2,1
202606,CNU,충남대학교,05,경로,0,33
202606,CNU,충남대학교,06,경로,13,221
202606,CNU,충남대학교,07,경로,37,118
202606,CNU,충남대학교,08,경로,45,140
202606,CNU,충남대학교,09,경로,63,125
202606,CNU,충남대학교,10,경로,82,131
202606,CNU,충남대학교,11,경로,70,115
202606,CNU,충남대학교,12,경로,53,121
202606,CNU,충남대학교,13,경로,61,129
202606,CNU,충남대학교,14,경로,54,119
202606,CNU,충남대학교,15,경로,40,143
202606,CNU,충남대학교,16,경로,28,127
202606,CNU,충남대학교,17,경로,29,102
202606,CNU,충남대학교,18,경로,11,74
202606,CNU,충남대학교,19,경로,12,70
202606,CNU,충남대학교,20,경로,5,53
202606,CNU,충남대학교,21,경로,3,42
202606,CNU,충남대학교,22,경로,2,10
202606,CNU,충남대학교,12,장애인,0,1
202606,CNU,충남대학교,13,장애인,1,1
202606,CNU,충남대학교,15,장애인,1,2
202606,CNU,충남대학교,17,장애인,0,3
202606,CNU,충남대학교,18,장애인,0,1
202606,CNU,충남대학교,19,장애인,1,0
202606,CNU,충남대학교,20,장애인,0,3
202606,CNU,충남대학교,21,장애인,0,4
202606,CNU,충남대학교,22,장애인,0,5
202606,CNU,충남대학교,23,장애인,0,9
202606,CNU,충남대학교,08,국가유공자,0,3
202606,CNU,충남대학교,09,국가유공자,1,2
202606,CNU,충남대학교,10,국가유공자,1,1
202606,CNU,충남대학교,11,국가유공자,0,1
202606,CNU,충남대학교,12,국가유공자,0,4
202606,CNU,충남대학교,13,국가유공자,1,2
202606,CNU,충남대학교,14,국가유공자,0,1
202606,CNU,충남대학교,15,국가유공자,2,5
202606,CNU,충남대학교,16,국가유공자,0,5
202606,CNU,충남대학교,17,국가유공자,0,2
202606,CNU,충남대학교,21,국가유공자,1,0
202606,CNU,충남대학교,22,국가유공자,1,2
202606,CNU,충남대학교,05,일반인,2,1
202606,CNU,충남대학교,06,일반인,44,29
202606,CNU,충남대학교,07,일반인,207,30
202606,CNU,충남대학교,08,일반인,281,60
202606,CNU,충남대학교,09,일반인,237,58
202606,CNU,충남대학교,10,일반인,113,40
202606,CNU,충남대학교,11,일반인,117,47
202606,CNU,충남대학교,12,일반인,184,87
202606,CNU,충남대학교,13,일반인,129,57
202606,CNU,충남대학교,14,일반인,170,70
202606,CNU,충남대학교,15,일반인,131,65
202606,CNU,충남대학교,16,일반인,209,89
202606,CNU,충남대학교,17,일반인,191,88
202606,CNU,충남대학교,18,일반인,194,92
202606,CNU,충남대학교,19,일반인,87,45
202606,CNU,충남대학교,20,일반인,64,33
202606,CNU,충남대학교,21,일반인,109,42
202606,CNU,충남대학교,22,일반인,93,21
202606,CNU,충남대학교,10,어린이,4,3
202606,CNU,충남대학교,12,어린이,0,1
202606,CNU,충남대학교,14,어린이,2,1
202606,CNU,충남대학교,15,어린이,0,2
202606,CNU,충남대학교,16,어린이,1,1
202606,CNU,충남대학교,17,어린이,0,1
202606,CNU,충남대학교,19,어린이,1,0
202606,CNU,충남대학교,20,어린이,3,0
202606,CNU,충남대학교,05,청소년,2,0
202606,CNU,충남대학교,08,청소년,1,1
202606,CNU,충남대학교,09,청소년,4,1
202606,CNU,충남대학교,10,청소년,8,2
202606,CNU,충남대학교,11,청소년,2,3
202606,CNU,충남대학교,12,청소년,5,9
202606,CNU,충남대학교,13,청소년,8,1
202606,CNU,충남대학교,14,청소년,13,7
202606,CNU,충남대학교,15,청소년,9,11
202606,CNU,충남대학교,16,청소년,11,8
202606,CNU,충남대학교,17,청소년,16,9
202606,CNU,충남대학교,18,청소년,18,5
202606,CNU,충남대학교,19,청소년,5,5
202606,CNU,충남대학교,20,청소년,3,9
202606,CNU,충남대학교,21,청소년,5,9
202606,CNU,충남대학교,22,청소년,5,7
202606,CNU,충남대학교,05,경로,1,0
202606,CNU,충남대학교,06,경로,17,1
202606,CNU,충남대학교,07,경로,8,0
202606,CNU,충남대학교,08,경로,7,2
202606,CNU,충남대학교,09,경로,30,22
202606,CNU,충남대학교,10,경로,19,17
202606,CNU,충남대학교,11,경로,30,18
202606,CNU,충남대학교,12,경로,39,31
202606,CNU,충남대학교,13,경로,19,17
202606,CNU,충남대학교,14,경로,17,22
202606,CNU,충남대학교,15,경로,9,14
202606,CNU,충남대학교,16,경로,21,14
202606,CNU,충남대학교,17,경로,36,17
202606,CNU,충남대학교,18,경로,25,5
202606,CNU,충남대학교,19,경로,9,2
202606,CNU,충남대학교,20,경로,8,1
202606,CNU,충남대학교,21,경로,3,8
202606,CNU,충남대학교,12,장애인,1,0
202606,CNU,충남대학교,19,장애인,1,1
202606,CNU,충남대학교,07,국가유공자,1,0
202606,CNU,충남대학교,14,국가유공자,0,1
202606,CNU,충남대학교,15,국가유공자,0,1
202606,CNU,충남대학교,16,국가유공자,0,2
202606,CNU,충남대학교,17,국가유공자,0,1
202606,CNU,충남대학교,18,국가유공자,0,1
202606,CNU,충남대학교,06,일반인,52,45
202606,CNU,충남대학교,07,일반인,70,65
202606,CNU,충남대학교,08,일반인,99,127
202606,CNU,충남대학교,09,일반인,136,206
202606,CNU,충남대학교,10,일반인,55,135
202606,CNU,충남대학교,11,일반인,52,91
202606,CNU,충남대학교,12,일반인,94,163
202606,CNU,충남대학교,13,일반인,54,124
202606,CNU,충남대학교,14,일반인,64,170
202606,CNU,충남대학교,15,일반인,77,231
202606,CNU,충남대학교,16,일반인,49,191
202606,CNU,충남대학교,17,일반인,89,342
202606,CNU,충남대학교,18,일반인,84,428
202606,CNU,충남대학교,19,일반인,56,356
202606,CNU,충남대학교,20,일반인,48,376
202606,CNU,충남대학교,21,일반인,56,206
202606,CNU,충남대학교,22,일반인,37,157
202606,CNU,충남대학교,23,일반인,10,28
202606,CNU,충남대학교,12,어린이,0,2
202606,CNU,충남대학교,13,어린이,1,0
202606,CNU,충남대학교,14,어린이,3,0
202606,CNU,충남대학교,15,어린이,2,0
202606,CNU,충남대학교,16,어린이,6,0
202606,CNU,충남대학교,17,어린이,0,4
202606,CNU,충남대학교,18,어린이,1,2
202606,CNU,충남대학교,19,어린이,0,1
202606,CNU,충남대학교,20,어린이,1,1
202606,CNU,충남대학교,07,청소년,0,1
202606,CNU,충남대학교,08,청소년,6,4
202606,CNU,충남대학교,09,청소년,6,1
202606,CNU,충남대학교,10,청소년,5,4
202606,CNU,충남대학교,11,청소년,2,4
202606,CNU,충남대학교,12,청소년,2,8
202606,CNU,충남대학교,13,청소년,10,6
202606,CNU,충남대학교,14,청소년,3,8
202606,CNU,충남대학교,15,청소년,6,19
202606,CNU,충남대학교,16,청소년,5,8
202606,CNU,충남대학교,17,청소년,2,26
202606,CNU,충남대학교,18,청소년,6,15
202606,CNU,충남대학교,19,청소년,0,8
202606,CNU,충남대학교,20,청소년,2,10
202606,CNU,충남대학교,21,청소년,4,17
202606,CNU,충남대학교,22,청소년,2,6
202606,CNU,충남대학교,23,청소년,1,5
202606,CNU,충남대학교,06,경로,5,88
202606,CNU,충남대학교,07,경로,22,17
202606,CNU,충남대학교,08,경로,18,15
202606,CNU,충남대학교,09,경로,27,19
202606,CNU,충남대학교,10,경로,29,33
202606,CNU,충남대학교,11,경로,21,53
202606,CNU,충남대학교,12,경로,24,51
202606,CNU,충남대학교,13,경로,18,16
202606,CNU,충남대학교,14,경로,20,55
202606,CNU,충남대학교,15,경로,19,71
202606,CNU,충남대학교,16,경로,30,41
202606,CNU,충남대학교,17,경로,23,16
202606,CNU,충남대학교,18,경로,15,16
202606,CNU,충남대학교,19,경로,8,5
202606,CNU,충남대학교,20,경로,7,13
202606,CNU,충남대학교,21,경로,5,25
202606,CNU,충남대학교,22,경로,2,9
202606,CNU,충남대학교,23,경로,2,0
202606,CNU,충남대학교,17,장애인,0,1
202606,CNU,충남대학교,19,장애인,0,1
202606,CNU,충남대학교,10,국가유공자,0,1
202606,CNU,충남대학교,14,국가유공자,1,0
202606,CNU,충남대학교,17,국가유공자,0,1
202606,CNU,충남대학교,05,일반인,23,6
202606,CNU,충남대학교,06,일반인,52,34
202606,CNU,충남대학교,07,일반인,175,88
202606,CNU,충남대학교,08,일반인,284,271
202606,CNU,충남대학교,09,일반인,199,324
202606,CNU,충남대학교,10,일반인,176,190
202606,CNU,충남대학교,11,일반인,242,109
202606,CNU,충남대학교,12,일반인,369,139
202606,CNU,충남대학교,13,일반인,268,182
202606,CNU,충남대학교,14,일반인,332,126
202606,CNU,충남대학교,15,일반인,446,126
202606,CNU,충남대학교,16,일반인,534,207
202606,CNU,충남대학교,17,일반인,597,135
202606,CNU,충남대학교,18,일반인,531,74
202606,CNU,충남대학교,19,일반인,277,25
202606,CNU,충남대학교,20,일반인,305,57
202606,CNU,충남대학교,21,일반인,380,53
202606,CNU,충남대학교,22,일반인,227,37
202606,CNU,충남대학교,10,어린이,2,0
202606,CNU,충남대학교,11,어린이,2,0
202606,CNU,충남대학교,12,어린이,1,0
202606,CNU,충남대학교,14,어린이,0,1
202606,CNU,충남대학교,15,어린이,2,2
202606,CNU,충남대학교,16,어린이,1,1
202606,CNU,충남대학교,17,어린이,2,0
202606,CNU,충남대학교,18,어린이,1,0
202606,CNU,충남대학교,19,어린이,1,0
202606,CNU,충남대학교,05,청소년,1,1
202606,CNU,충남대학교,06,청소년,1,1
202606,CNU,충남대학교,07,청소년,23,2
202606,CNU,충남대학교,08,청소년,10,15
202606,CNU,충남대학교,09,청소년,4,2
202606,CNU,충남대학교,10,청소년,11,3
202606,CNU,충남대학교,11,청소년,16,8
202606,CNU,충남대학교,12,청소년,15,3
202606,CNU,충남대학교,13,청소년,29,3
202606,CNU,충남대학교,14,청소년,17,3
202606,CNU,충남대학교,15,청소년,22,10
202606,CNU,충남대학교,16,청소년,58,11
202606,CNU,충남대학교,17,청소년,33,11
202606,CNU,충남대학교,18,청소년,25,1
202606,CNU,충남대학교,19,청소년,8,1
202606,CNU,충남대학교,20,청소년,14,2
202606,CNU,충남대학교,21,청소년,14,2
202606,CNU,충남대학교,22,청소년,6,1
202606,CNU,충남대학교,05,경로,1,6
202606,CNU,충남대학교,06,경로,22,20
202606,CNU,충남대학교,07,경로,17,15
202606,CNU,충남대학교,08,경로,31,13
202606,CNU,충남대학교,09,경로,50,15
202606,CNU,충남대학교,10,경로,41,37
202606,CNU,충남대학교,11,경로,48,32
202606,CNU,충남대학교,12,경로,40,17
202606,CNU,충남대학교,13,경로,42,37
202606,CNU,충남대학교,14,경로,58,33
202606,CNU,충남대학교,15,경로,76,21
202606,CNU,충남대학교,16,경로,56,21
202606,CNU,충남대학교,17,경로,29,24
202606,CNU,충남대학교,18,경로,18,5
202606,CNU,충남대학교,19,경로,11,9
202606,CNU,충남대학교,20,경로,12,7
202606,CNU,충남대학교,21,경로,17,5
202606,CNU,충남대학교,22,경로,6,4
202606,CNU,충남대학교,07,장애인,2,0
202606,CNU,충남대학교,08,장애인,1,0
202606,CNU,충남대학교,12,장애인,1,0
202606,CNU,충남대학교,15,장애인,0,1
202606,CNU,충남대학교,07,국가유공자,0,1
202606,CNU,충남대학교,08,국가유공자,0,2
202606,CNU,충남대학교,10,국가유공자,2,0
202606,CNU,충남대학교,11,국가유공자,1,1
202606,CNU,충남대학교,12,국가유공자,1,0
202606,CNU,충남대학교,15,국가유공자,2,0
202606,CNU,충남대학교,16,국가유공자,3,0
202606,CNU,충남대학교,17,국가유공자,2,0
202606,CNU,충남대학교,21,국가유공자,0,2
202606,CNU,충남대학교,06,일반인,1,20
202606,CNU,충남대학교,07,일반인,29,82
202606,CNU,충남대학교,08,일반인,48,374
202606,CNU,충남대학교,09,일반인,41,270
202606,CNU,충남대학교,10,일반인,22,152
202606,CNU,충남대학교,11,일반인,24,121
202606,CNU,충남대학교,12,일반인,31,188
202606,CNU,충남대학교,13,일반인,39,207
202606,CNU,충남대학교,14,일반인,32,181
202606,CNU,충남대학교,15,일반인,20,150
202606,CNU,충남대학교,16,일반인,36,180
202606,CNU,충남대학교,17,일반인,25,135
202606,CNU,충남대학교,18,일반인,40,167
202606,CNU,충남대학교,19,일반인,30,152
202606,CNU,충남대학교,20,일반인,18,99
202606,CNU,충남대학교,21,일반인,30,116
202606,CNU,충남대학교,22,일반인,43,132
202606,CNU,충남대학교,23,일반인,22,29
202606,CNU,충남대학교,09,어린이,0,1
202606,CNU,충남대학교,18,어린이,1,0
202606,CNU,충남대학교,20,어린이,6,0
202606,CNU,충남대학교,21,어린이,0,1
202606,CNU,충남대학교,06,청소년,0,1
202606,CNU,충남대학교,07,청소년,0,4
202606,CNU,충남대학교,08,청소년,5,21
202606,CNU,충남대학교,09,청소년,2,8
202606,CNU,충남대학교,10,청소년,0,8
202606,CNU,충남대학교,11,청소년,0,5
202606,CNU,충남대학교,12,청소년,3,11
202606,CNU,충남대학교,13,청소년,2,10
202606,CNU,충남대학교,14,청소년,2,12
202606,CNU,충남대학교,15,청소년,3,12
202606,CNU,충남대학교,16,청소년,6,10
202606,CNU,충남대학교,17,청소년,0,11
202606,CNU,충남대학교,18,청소년,0,9
202606,CNU,충남대학교,19,청소년,3,12
202606,CNU,충남대학교,20,청소년,4,6
202606,CNU,충남대학교,21,청소년,0,4
202606,CNU,충남대학교,22,청소년,2,4
202606,CNU,충남대학교,23,청소년,0,1
202606,CNU,충남대학교,06,경로,0,2
202606,CNU,충남대학교,07,경로,1,17
202606,CNU,충남대학교,08,경로,0,2
202606,CNU,충남대학교,09,경로,1,5
202606,CNU,충남대학교,10,경로,4,7
202606,CNU,충남대학교,11,경로,5,9
202606,CNU,충남대학교,12,경로,3,14
202606,CNU,충남대학교,13,경로,5,5
202606,CNU,충남대학교,14,경로,4,9
202606,CNU,충남대학교,15,경로,4,8
202606,CNU,충남대학교,16,경로,1,11
202606,CNU,충남대학교,17,경로,1,14
202606,CNU,충남대학교,18,경로,6,9
202606,CNU,충남대학교,19,경로,2,5
202606,CNU,충남대학교,20,경로,1,1
202606,CNU,충남대학교,21,경로,1,1
202606,CNU,충남대학교,22,경로,1,1
202606,CNU,충남대학교,07,장애인,0,3
202606,CNU,충남대학교,15,장애인,0,1
202606,CNU,충남대학교,05,일반인,19,17
202606,CNU,충남대학교,06,일반인,86,49
202606,CNU,충남대학교,07,일반인,176,86
202606,CNU,충남대학교,08,일반인,265,380
202606,CNU,충남대학교,09,일반인,251,287
202606,CNU,충남대학교,10,일반인,329,168
202606,CNU,충남대학교,11,일반인,371,126
202606,CNU,충남대학교,12,일반인,482,186
202606,CNU,충남대학교,13,일반인,453,203
202606,CNU,충남대학교,14,일반인,456,193
202606,CNU,충남대학교,15,일반인,579,178
202606,CNU,충남대학교,16,일반인,644,176
202606,CNU,충남대학교,17,일반인,837,222
202606,CNU,충남대학교,18,일반인,734,195
202606,CNU,충남대학교,19,일반인,415,138
202606,CNU,충남대학교,20,일반인,348,83
202606,CNU,충남대학교,21,일반인,340,57
202606,CNU,충남대학교,22,일반인,383,57
202606,CNU,충남대학교,10,어린이,6,1
202606,CNU,충남대학교,12,어린이,2,0
202606,CNU,충남대학교,14,어린이,2,1
202606,CNU,충남대학교,15,어린이,2,2
202606,CNU,충남대학교,16,어린이,3,0
202606,CNU,충남대학교,17,어린이,7,1
202606,CNU,충남대학교,19,어린이,1,0
202606,CNU,충남대학교,06,청소년,13,3
202606,CNU,충남대학교,07,청소년,48,0
202606,CNU,충남대학교,08,청소년,8,13
202606,CNU,충남대학교,09,청소년,7,7
202606,CNU,충남대학교,10,청소년,7,6
202606,CNU,충남대학교,11,청소년,26,7
202606,CNU,충남대학교,12,청소년,31,10
202606,CNU,충남대학교,13,청소년,20,8
202606,CNU,충남대학교,14,청소년,18,18
202606,CNU,충남대학교,15,청소년,35,29
202606,CNU,충남대학교,16,청소년,57,19
202606,CNU,충남대학교,17,청소년,45,14
202606,CNU,충남대학교,18,청소년,15,17
202606,CNU,충남대학교,19,청소년,25,11
202606,CNU,충남대학교,20,청소년,22,6
202606,CNU,충남대학교,21,청소년,17,6
202606,CNU,충남대학교,22,청소년,13,7
202606,CNU,충남대학교,05,경로,8,2
202606,CNU,충남대학교,06,경로,6,8
202606,CNU,충남대학교,07,경로,7,1
202606,CNU,충남대학교,08,경로,6,4
202606,CNU,충남대학교,09,경로,27,20
202606,CNU,충남대학교,10,경로,58,7
202606,CNU,충남대학교,11,경로,54,16
202606,CNU,충남대학교,12,경로,50,10
202606,CNU,충남대학교,13,경로,50,20
202606,CNU,충남대학교,14,경로,35,10
202606,CNU,충남대학교,15,경로,38,7
202606,CNU,충남대학교,16,경로,42,6
202606,CNU,충남대학교,17,경로,48,10
202606,CNU,충남대학교,18,경로,9,7
202606,CNU,충남대학교,19,경로,28,2
202606,CNU,충남대학교,20,경로,14,0
202606,CNU,충남대학교,21,경로,8,2
202606,CNU,충남대학교,22,경로,3,0
202606,CNU,충남대학교,09,장애인,1,0
202606,CNU,충남대학교,17,장애인,1,0
202606,CNU,충남대학교,19,장애인,0,1
202606,CNU,충남대학교,21,장애인,1,0
202606,CNU,충남대학교,22,장애인,3,0
202606,CNU,충남대학교,11,국가유공자,2,0
202606,CNU,충남대학교,13,국가유공자,1,0
202606,CNU,충남대학교,16,국가유공자,1,0
202606,CNU,충남대학교,17,국가유공자,1,0
202606,CNU,충남대학교,19,국가유공자,1,0
202606,CNU,충남대학교,05,일반인,5,14
202606,CNU,충남대학교,06,일반인,60,41
202606,CNU,충남대학교,07,일반인,173,157
202606,CNU,충남대학교,08,일반인,674,397
202606,CNU,충남대학교,09,일반인,803,318
202606,CNU,충남대학교,10,일반인,423,242
202606,CNU,충남대학교,11,일반인,393,271
202606,CNU,충남대학교,12,일반인,467,269
202606,CNU,충남대학교,13,일반인,580,273
202606,CNU,충남대학교,14,일반인,405,300
202606,CNU,충남대학교,15,일반인,377,332
202606,CNU,충남대학교,16,일반인,490,407
202606,CNU,충남대학교,17,일반인,359,432
202606,CNU,충남대학교,18,일반인,579,408
202606,CNU,충남대학교,19,일반인,385,363
202606,CNU,충남대학교,20,일반인,314,393
202606,CNU,충남대학교,21,일반인,342,329
202606,CNU,충남대학교,22,일반인,312,406
202606,CNU,충남대학교,23,일반인,128,92
202606,CNU,충남대학교,08,어린이,4,1
202606,CNU,충남대학교,09,어린이,1,1
202606,CNU,충남대학교,10,어린이,4,1
202606,CNU,충남대학교,11,어린이,1,0
202606,CNU,충남대학교,12,어린이,2,0
202606,CNU,충남대학교,13,어린이,2,0
202606,CNU,충남대학교,15,어린이,1,1
202606,CNU,충남대학교,16,어린이,3,2
202606,CNU,충남대학교,17,어린이,2,6
202606,CNU,충남대학교,19,어린이,3,3
202606,CNU,충남대학교,20,어린이,0,1
202606,CNU,충남대학교,22,어린이,4,0
202606,CNU,충남대학교,06,청소년,4,4
202606,CNU,충남대학교,07,청소년,46,2
202606,CNU,충남대학교,08,청소년,87,24
202606,CNU,충남대학교,09,청소년,47,8
202606,CNU,충남대학교,10,청소년,42,6
202606,CNU,충남대학교,11,청소년,44,9
202606,CNU,충남대학교,12,청소년,28,4
202606,CNU,충남대학교,13,청소년,31,12
202606,CNU,충남대학교,14,청소년,24,15
202606,CNU,충남대학교,15,청소년,44,26
202606,CNU,충남대학교,16,청소년,51,32
202606,CNU,충남대학교,17,청소년,28,20
202606,CNU,충남대학교,18,청소년,17,33
202606,CNU,충남대학교,19,청소년,33,25
202606,CNU,충남대학교,20,청소년,13,26
202606,CNU,충남대학교,21,청소년,22,49
202606,CNU,충남대학교,22,청소년,24,43
202606,CNU,충남대학교,23,청소년,12,7
202606,CNU,충남대학교,05,경로,0,13
202606,CNU,충남대학교,06,경로,27,41
202606,CNU,충남대학교,07,경로,31,62
202606,CNU,충남대학교,08,경로,31,105
202606,CNU,충남대학교,09,경로,30,97
202606,CNU,충남대학교,10,경로,29,81
202606,CNU,충남대학교,11,경로,37,76
202606,CNU,충남대학교,12,경로,45,75
202606,CNU,충남대학교,13,경로,11,96
202606,CNU,충남대학교,14,경로,38,62
202606,CNU,충남대학교,15,경로,42,50
202606,CNU,충남대학교,16,경로,72,64
202606,CNU,충남대학교,17,경로,23,51
202606,CNU,충남대학교,18,경로,19,28
202606,CNU,충남대학교,19,경로,27,24
202606,CNU,충남대학교,20,경로,23,19
202606,CNU,충남대학교,21,경로,6,7
202606,CNU,충남대학교,22,경로,3,3
202606,CNU,충남대학교,23,경로,1,1
202606,CNU,충남대학교,12,장애인,1,2
202606,CNU,충남대학교,13,장애인,1,0
202606,CNU,충남대학교,17,장애인,2,0
202606,CNU,충남대학교,18,장애인,1,0
202606,CNU,충남대학교,19,장애인,1,0
202606,CNU,충남대학교,21,장애인,1,1
202606,CNU,충남대학교,08,국가유공자,0,2
202606,CNU,충남대학교,09,국가유공자,1,0
202606,CNU,충남대학교,11,국가유공자,1,0
202606,CNU,충남대학교,13,국가유공자,1,0
202606,CNU,충남대학교,14,국가유공자,1,0
202606,CNU,충남대학교,15,국가유공자,1,0
202606,CNU,충남대학교,18,국가유공자,3,0
202606,CNU,충남대학교,19,국가유공자,2,0
202606,CNU,충남대학교,23,국가유공자,1,0
202606,CNU,충남대학교,06,일반인,50,197
202606,CNU,충남대학교,07,일반인,51,140
202606,CNU,충남대학교,08,일반인,55,320
202606,CNU,충남대학교,09,일반인,63,165
202606,CNU,충남대학교,10,일반인,30,69
202606,CNU,충남대학교,11,일반인,58,74
202606,CNU,충남대학교,12,일반인,85,113
202606,CNU,충남대학교,13,일반인,106,89
202606,CNU,충남대학교,14,일반인,65,79
202606,CNU,충남대학교,15,일반인,83,64
202606,CNU,충남대학교,16,일반인,91,88
202606,CNU,충남대학교,17,일반인,126,134
202606,CNU,충남대학교,18,일반인,98,120
202606,CNU,충남대학교,19,일반인,90,73
202606,CNU,충남대학교,20,일반인,75,64
202606,CNU,충남대학교,21,일반인,124,67
202606,CNU,충남대학교,22,일반인,180,46
202606,CNU,충남대학교,23,일반인,39,8
202606,CNU,충남대학교,07,어린이,0,3
202606,CNU,충남대학교,17,어린이,2,0
202606,CNU,충남대학교,06,청소년,1,0
202606,CNU,충남대학교,07,청소년,3,18
202606,CNU,충남대학교,08,청소년,2,9
202606,CNU,충남대학교,09,청소년,6,7
202606,CNU,충남대학교,10,청소년,3,5
202606,CNU,충남대학교,11,청소년,5,4
202606,CNU,충남대학교,12,청소년,8,3
202606,CNU,충남대학교,13,청소년,16,7
202606,CNU,충남대학교,14,청소년,10,5
202606,CNU,충남대학교,15,청소년,11,13
202606,CNU,충남대학교,16,청소년,17,9
202606,CNU,충남대학교,17,청소년,28,8
202606,CNU,충남대학교,18,청소년,8,8
202606,CNU,충남대학교,19,청소년,8,4
202606,CNU,충남대학교,20,청소년,8,0
202606,CNU,충남대학교,21,청소년,5,3
202606,CNU,충남대학교,22,청소년,13,1
202606,CNU,충남대학교,23,청소년,2,0
202606,CNU,충남대학교,06,경로,9,33
202606,CNU,충남대학교,07,경로,6,89
202606,CNU,충남대학교,08,경로,4,24
202606,CNU,충남대학교,09,경로,8,43
202606,CNU,충남대학교,10,경로,8,12
202606,CNU,충남대학교,11,경로,6,19
202606,CNU,충남대학교,12,경로,10,24
202606,CNU,충남대학교,13,경로,3,26
202606,CNU,충남대학교,14,경로,8,12
202606,CNU,충남대학교,15,경로,4,18
202606,CNU,충남대학교,16,경로,4,19
202606,CNU,충남대학교,17,경로,13,34
202606,CNU,충남대학교,18,경로,3,11
202606,CNU,충남대학교,19,경로,3,18
202606,CNU,충남대학교,20,경로,12,2
202606,CNU,충남대학교,21,경로,3,2
202606,CNU,충남대학교,22,경로,9,0
202606,CNU,충남대학교,11,장애인,1,0
202606,CNU,충남대학교,15,장애인,1,0
202606,CNU,충남대학교,17,장애인,1,0
202606,CNU,충남대학교,05,일반인,2,0
202606,CNU,충남대학교,06,일반인,41,7
202606,CNU,충남대학교,07,일반인,56,55
202606,CNU,충남대학교,08,일반인,60,103
202606,CNU,충남대학교,09,일반인,56,96
202606,CNU,충남대학교,10,일반인,48,80
202606,CNU,충남대학교,11,일반인,102,68
202606,CNU,충남대학교,12,일반인,116,46
202606,CNU,충남대학교,13,일반인,146,73
202606,CNU,충남대학교,14,일반인,102,55
202606,CNU,충남대학교,15,일반인,169,58
202606,CNU,충남대학교,16,일반인,207,73
202606,CNU,충남대학교,17,일반인,299,81
202606,CNU,충남대학교,18,일반인,357,118
202606,CNU,충남대학교,19,일반인,168,64
202606,CNU,충남대학교,20,일반인,215,33
202606,CNU,충남대학교,21,일반인,196,40
202606,CNU,충남대학교,22,일반인,189,37
202606,CNU,충남대학교,23,일반인,155,24
202606,CNU,충남대학교,14,어린이,1,0
202606,CNU,충남대학교,17,어린이,0,1
202606,CNU,충남대학교,18,어린이,0,1
202606,CNU,충남대학교,19,어린이,1,0
202606,CNU,충남대학교,06,청소년,6,0
202606,CNU,충남대학교,07,청소년,2,2
202606,CNU,충남대학교,08,청소년,2,8
202606,CNU,충남대학교,09,청소년,2,3
202606,CNU,충남대학교,10,청소년,4,2
202606,CNU,충남대학교,11,청소년,9,6
202606,CNU,충남대학교,12,청소년,7,6
202606,CNU,충남대학교,13,청소년,5,3
202606,CNU,충남대학교,14,청소년,4,8
202606,CNU,충남대학교,15,청소년,7,6
202606,CNU,충남대학교,16,청소년,10,7
202606,CNU,충남대학교,17,청소년,28,7
202606,CNU,충남대학교,18,청소년,19,8
202606,CNU,충남대학교,19,청소년,16,2
202606,CNU,충남대학교,20,청소년,10,0
202606,CNU,충남대학교,21,청소년,13,2
202606,CNU,충남대학교,22,청소년,39,2
202606,CNU,충남대학교,23,청소년,3,0
202606,CNU,충남대학교,06,경로,19,0
202606,CNU,충남대학교,07,경로,2,1
202606,CNU,충남대학교,08,경로,12,4
202606,CNU,충남대학교,09,경로,5,9
202606,CNU,충남대학교,10,경로,9,4
202606,CNU,충남대학교,11,경로,6,2
202606,CNU,충남대학교,12,경로,13,2
202606,CNU,충남대학교,13,경로,13,1
202606,CNU,충남대학교,14,경로,13,2
202606,CNU,충남대학교,15,경로,9,1
202606,CNU,충남대학교,16,경로,7,1
202606,CNU,충남대학교,17,경로,8,9
202606,CNU,충남대학교,18,경로,3,1
202606,CNU,충남대학교,19,경로,6,3
202606,CNU,충남대학교,20,경로,1,1
202606,CNU,충남대학교,21,경로,0,1
202606,CNU,충남대학교,05,일반인,8,6
202606,CNU,충남대학교,06,일반인,19,68
202606,CNU,충남대학교,07,일반인,35,103
202606,CNU,충남대학교,08,일반인,112,542
202606,CNU,충남대학교,09,일반인,93,376
202606,CNU,충남대학교,10,일반인,87,296
202606,CNU,충남대학교,11,일반인,104,234
202606,CNU,충남대학교,12,일반인,127,303
202606,CNU,충남대학교,13,일반인,138,285
202606,CNU,충남대학교,14,일반인,165,192
202606,CNU,충남대학교,15,일반인,190,141
202606,CNU,충남대학교,16,일반인,280,121
202606,CNU,충남대학교,17,일반인,299,152
202606,CNU,충남대학교,18,일반인,331,165
202606,CNU,충남대학교,19,일반인,136,76
202606,CNU,충남대학교,20,일반인,210,58
202606,CNU,충남대학교,21,일반인,162,67
202606,CNU,충남대학교,22,일반인,196,71
202606,CNU,충남대학교,23,일반인,76,17
202606,CNU,충남대학교,09,어린이,1,0
202606,CNU,충남대학교,13,어린이,2,0
202606,CNU,충남대학교,14,어린이,1,2
202606,CNU,충남대학교,15,어린이,7,0
202606,CNU,충남대학교,16,어린이,1,0
202606,CNU,충남대학교,17,어린이,0,1
202606,CNU,충남대학교,18,어린이,6,1
202606,CNU,충남대학교,20,어린이,3,0
202606,CNU,충남대학교,22,어린이,1,0
202606,CNU,충남대학교,06,청소년,0,2
202606,CNU,충남대학교,07,청소년,8,3
202606,CNU,충남대학교,08,청소년,4,45
202606,CNU,충남대학교,09,청소년,4,55
202606,CNU,충남대학교,10,청소년,8,36
202606,CNU,충남대학교,11,청소년,6,29
202606,CNU,충남대학교,12,청소년,11,30
202606,CNU,충남대학교,13,청소년,7,32
202606,CNU,충남대학교,14,청소년,17,21
202606,CNU,충남대학교,15,청소년,18,31
202606,CNU,충남대학교,16,청소년,21,12
202606,CNU,충남대학교,17,청소년,33,14
202606,CNU,충남대학교,18,청소년,21,13
202606,CNU,충남대학교,19,청소년,12,7
202606,CNU,충남대학교,20,청소년,30,7
202606,CNU,충남대학교,21,청소년,18,6
202606,CNU,충남대학교,22,청소년,28,3
202606,CNU,충남대학교,23,청소년,8,1
202606,CNU,충남대학교,06,경로,19,20
202606,CNU,충남대학교,07,경로,31,13
202606,CNU,충남대학교,08,경로,39,13
202606,CNU,충남대학교,09,경로,34,16
202606,CNU,충남대학교,10,경로,28,14
202606,CNU,충남대학교,11,경로,32,3
202606,CNU,충남대학교,12,경로,25,13
202606,CNU,충남대학교,13,경로,32,17
202606,CNU,충남대학교,14,경로,33,11
202606,CNU,충남대학교,15,경로,23,5
202606,CNU,충남대학교,16,경로,30,2
202606,CNU,충남대학교,17,경로,13,7
202606,CNU,충남대학교,18,경로,13,10
202606,CNU,충남대학교,19,경로,5,1
202606,CNU,충남대학교,20,경로,9,2
202606,CNU,충남대학교,21,경로,7,2
202606,CNU,충남대학교,22,경로,2,1
202606,CNU,충남대학교,08,장애인,0,1
202606,CNU,충남대학교,12,장애인,1,0
202606,CNU,충남대학교,17,장애인,1,0
202606,CNU,충남대학교,20,장애인,1,0
202606,CNU,충남대학교,09,국가유공자,1,0
202606,CNU,충남대학교,10,국가유공자,3,5
202606,CNU,충남대학교,12,국가유공자,2,0
202606,CNU,충남대학교,13,국가유공자,3,0
202606,CNU,충남대학교,14,국가유공자,1,0
202606,CNU,충남대학교,16,국가유공자,1,0
202606,CNU,충남대학교,17,국가유공자,1,0
202606,CNU,충남대학교,20,국가유공자,2,0
202606,CNU,충남대학교,23,국가유공자,1,0
202606,CNU,충남대학교,05,일반인,25,1
202606,CNU,충남대학교,06,일반인,90,80
202606,CNU,충남대학교,07,일반인,144,61
202606,CNU,충남대학교,08,일반인,321,172
202606,CNU,충남대학교,09,일반인,206,183
202606,CNU,충남대학교,10,일반인,211,103
202606,CNU,충남대학교,11,일반인,274,118
202606,CNU,충남대학교,12,일반인,286,160
202606,CNU,충남대학교,13,일반인,274,161
202606,CNU,충남대학교,14,일반인,340,109
202606,CNU,충남대학교,15,일반인,464,156
202606,CNU,충남대학교,16,일반인,623,140
202606,CNU,충남대학교,17,일반인,628,137
202606,CNU,충남대학교,18,일반인,653,214
202606,CNU,충남대학교,19,일반인,510,145
202606,CNU,충남대학교,20,일반인,300,109
202606,CNU,충남대학교,21,일반인,387,156
202606,CNU,충남대학교,22,일반인,360,59
202606,CNU,충남대학교,23,일반인,175,5
202606,CNU,충남대학교,08,어린이,0,1
202606,CNU,충남대학교,09,어린이,1,0
202606,CNU,충남대학교,10,어린이,0,2
202606,CNU,충남대학교,12,어린이,0,2
202606,CNU,충남대학교,13,어린이,0,2
202606,CNU,충남대학교,14,어린이,1,1
202606,CNU,충남대학교,15,어린이,2,10
202606,CNU,충남대학교,16,어린이,0,2
202606,CNU,충남대학교,17,어린이,1,0
202606,CNU,충남대학교,18,어린이,1,1
202606,CNU,충남대학교,19,어린이,0,1
202606,CNU,충남대학교,05,청소년,1,0
202606,CNU,충남대학교,06,청소년,4,3
202606,CNU,충남대학교,07,청소년,9,0
202606,CNU,충남대학교,08,청소년,17,19
202606,CNU,충남대학교,09,청소년,11,8
202606,CNU,충남대학교,10,청소년,27,12
202606,CNU,충남대학교,11,청소년,24,8
202606,CNU,충남대학교,12,청소년,26,27
202606,CNU,충남대학교,13,청소년,29,18
202606,CNU,충남대학교,14,청소년,28,10
202606,CNU,충남대학교,15,청소년,75,14
202606,CNU,충남대학교,16,청소년,51,56
202606,CNU,충남대학교,17,청소년,57,27
202606,CNU,충남대학교,18,청소년,36,27
202606,CNU,충남대학교,19,청소년,40,11
202606,CNU,충남대학교,20,청소년,25,11
202606,CNU,충남대학교,21,청소년,34,18
202606,CNU,충남대학교,22,청소년,50,11
202606,CNU,충남대학교,23,청소년,15,2
202606,CNU,충남대학교,06,경로,17,10
202606,CNU,충남대학교,07,경로,13,22
202606,CNU,충남대학교,08,경로,15,23
202606,CNU,충남대학교,09,경로,24,52
202606,CNU,충남대학교,10,경로,32,57
202606,CNU,충남대학교,11,경로,34,37
202606,CNU,충남대학교,12,경로,29,81
202606,CNU,충남대학교,13,경로,38,53
202606,CNU,충남대학교,14,경로,30,38
202606,CNU,충남대학교,15,경로,68,50
202606,CNU,충남대학교,16,경로,48,32
202606,CNU,충남대학교,17,경로,30,16
202606,CNU,충남대학교,18,경로,24,10
202606,CNU,충남대학교,19,경로,12,6
202606,CNU,충남대학교,20,경로,7,17
202606,CNU,충남대학교,21,경로,3,6
202606,CNU,충남대학교,22,경로,4,0
202606,CNU,충남대학교,23,경로,1,0
202606,CNU,충남대학교,08,장애인,1,0
202606,CNU,충남대학교,09,장애인,1,0
202606,CNU,충남대학교,10,장애인,1,0
202606,CNU,충남대학교,11,장애인,1,0
202606,CNU,충남대학교,13,장애인,4,1
202606,CNU,충남대학교,15,장애인,2,0
202606,CNU,충남대학교,16,장애인,1,0
202606,CNU,충남대학교,17,장애인,2,0
202606,CNU,충남대학교,18,장애인,2,0
202606,CNU,충남대학교,20,장애인,1,0
202606,CNU,충남대학교,21,장애인,1,1
202606,CNU,충남대학교,07,국가유공자,0,2
202606,CNU,충남대학교,08,국가유공자,0,1
202606,CNU,충남대학교,11,국가유공자,1,0
202606,CNU,충남대학교,13,국가유공자,4,0
202606,CNU,충남대학교,15,국가유공자,1,0
202606,CNU,충남대학교,16,국가유공자,1,0
202606,CNU,충남대학교,06,일반인,5,20
202606,CNU,충남대학교,07,일반인,13,58
202606,CNU,충남대학교,08,일반인,27,253
202606,CNU,충남대학교,09,일반인,25,256
202606,CNU,충남대학교,10,일반인,9,190
202606,CNU,충남대학교,11,일반인,21,149
202606,CNU,충남대학교,12,일반인,25,201
202606,CNU,충남대학교,13,일반인,27,182
202606,CNU,충남대학교,14,일반인,23,175
202606,CNU,충남대학교,15,일반인,26,114
202606,CNU,충남대학교,16,일반인,15,79
202606,CNU,충남대학교,17,일반인,27,103
202606,CNU,충남대학교,18,일반인,23,131
202606,CNU,충남대학교,19,일반인,21,121
202606,CNU,충남대학교,20,일반인,14,92
202606,CNU,충남대학교,21,일반인,48,75
202606,CNU,충남대학교,22,일반인,56,99
202606,CNU,충남대학교,23,일반인,13,24
202606,CNU,충남대학교,10,어린이,0,1
202606,CNU,충남대학교,13,어린이,0,1
202606,CNU,충남대학교,14,어린이,0,2
202606,CNU,충남대학교,15,어린이,1,0
202606,CNU,충남대학교,16,어린이,0,1
202606,CNU,충남대학교,17,어린이,0,3
202606,CNU,충남대학교,18,어린이,0,1
202606,CNU,충남대학교,20,어린이,2,0
202606,CNU,충남대학교,22,어린이,0,2
202606,CNU,충남대학교,07,청소년,1,0
202606,CNU,충남대학교,08,청소년,3,12
202606,CNU,충남대학교,09,청소년,1,21
202606,CNU,충남대학교,10,청소년,1,18
202606,CNU,충남대학교,11,청소년,1,4
202606,CNU,충남대학교,12,청소년,2,4
202606,CNU,충남대학교,13,청소년,1,13
202606,CNU,충남대학교,14,청소년,0,15
202606,CNU,충남대학교,15,청소년,4,15
202606,CNU,충남대학교,16,청소년,6,15
202606,CNU,충남대학교,17,청소년,2,14
202606,CNU,충남대학교,18,청소년,5,5
202606,CNU,충남대학교,19,청소년,0,17
202606,CNU,충남대학교,20,청소년,0,6
202606,CNU,충남대학교,21,청소년,2,9
202606,CNU,충남대학교,22,청소년,0,4
202606,CNU,충남대학교,23,청소년,0,1
202606,CNU,충남대학교,06,경로,0,2
202606,CNU,충남대학교,07,경로,0,5
202606,CNU,충남대학교,08,경로,1,3
202606,CNU,충남대학교,09,경로,2,12
202606,CNU,충남대학교,10,경로,6,12
202606,CNU,충남대학교,11,경로,3,8
202606,CNU,충남대학교,12,경로,5,17
202606,CNU,충남대학교,13,경로,5,13
202606,CNU,충남대학교,14,경로,4,7
202606,CNU,충남대학교,15,경로,4,5
202606,CNU,충남대학교,16,경로,0,8
202606,CNU,충남대학교,17,경로,3,9
202606,CNU,충남대학교,18,경로,1,9
202606,CNU,충남대학교,19,경로,1,0
202606,CNU,충남대학교,20,경로,1,4
202606,CNU,충남대학교,21,경로,2,1
202606,CNU,충남대학교,22,경로,0,2
202606,CNU,충남대학교,09,국가유공자,0,2
202606,CNU,충남대학교,12,국가유공자,0,1
202606,CNU,충남대학교,05,일반인,39,3
202606,CNU,충남대학교,06,일반인,124,22
202606,CNU,충남대학교,07,일반인,282,66
202606,CNU,충남대학교,08,일반인,213,175
202606,CNU,충남대학교,09,일반인,186,231
202606,CNU,충남대학교,10,일반인,254,66
202606,CNU,충남대학교,11,일반인,298,67
202606,CNU,충남대학교,12,일반인,342,90
202606,CNU,충남대학교,13,일반인,368,90
202606,CNU,충남대학교,14,일반인,493,59
202606,CNU,충남대학교,15,일반인,522,105
202606,CNU,충남대학교,16,일반인,583,135
202606,CNU,충남대학교,17,일반인,764,66
202606,CNU,충남대학교,18,일반인,749,68
202606,CNU,충남대학교,19,일반인,423,38
202606,CNU,충남대학교,20,일반인,402,27
202606,CNU,충남대학교,21,일반인,369,25
202606,CNU,충남대학교,22,일반인,361,33
202606,CNU,충남대학교,06,어린이,1,0
202606,CNU,충남대학교,07,어린이,17,0
202606,CNU,충남대학교,08,어린이,4,0
202606,CNU,충남대학교,10,어린이,1,0
202606,CNU,충남대학교,12,어린이,1,0
202606,CNU,충남대학교,13,어린이,2,0
202606,CNU,충남대학교,14,어린이,2,0
202606,CNU,충남대학교,15,어린이,4,4
202606,CNU,충남대학교,16,어린이,1,0
202606,CNU,충남대학교,19,어린이,2,0
202606,CNU,충남대학교,20,어린이,1,0
202606,CNU,충남대학교,06,청소년,3,0
202606,CNU,충남대학교,07,청소년,63,2
202606,CNU,충남대학교,08,청소년,12,8
202606,CNU,충남대학교,09,청소년,13,1
202606,CNU,충남대학교,10,청소년,17,5
202606,CNU,충남대학교,11,청소년,30,1
202606,CNU,충남대학교,12,청소년,22,2
202606,CNU,충남대학교,13,청소년,27,2
202606,CNU,충남대학교,14,청소년,37,1
202606,CNU,충남대학교,15,청소년,46,3
202606,CNU,충남대학교,16,청소년,37,5
202606,CNU,충남대학교,17,청소년,53,2
202606,CNU,충남대학교,18,청소년,44,2
202606,CNU,충남대학교,19,청소년,26,1
202606,CNU,충남대학교,20,청소년,26,0
202606,CNU,충남대학교,21,청소년,45,2
202606,CNU,충남대학교,22,청소년,22,1
202606,CNU,충남대학교,05,경로,1,1
202606,CNU,충남대학교,06,경로,10,5
202606,CNU,충남대학교,07,경로,56,15
202606,CNU,충남대학교,08,경로,17,11
202606,CNU,충남대학교,09,경로,30,20
202606,CNU,충남대학교,10,경로,62,35
202606,CNU,충남대학교,11,경로,40,19
202606,CNU,충남대학교,12,경로,55,13
202606,CNU,충남대학교,13,경로,33,16
202606,CNU,충남대학교,14,경로,62,16
202606,CNU,충남대학교,15,경로,62,17
202606,CNU,충남대학교,16,경로,42,6
202606,CNU,충남대학교,17,경로,35,4
202606,CNU,충남대학교,18,경로,22,5
202606,CNU,충남대학교,19,경로,9,5
202606,CNU,충남대학교,20,경로,12,4
202606,CNU,충남대학교,21,경로,6,0
202606,CNU,충남대학교,22,경로,6,1
202606,CNU,충남대학교,14,장애인,1,0
202606,CNU,충남대학교,16,장애인,1,0
202606,CNU,충남대학교,17,장애인,3,0
202606,CNU,충남대학교,08,국가유공자,16,2
202606,CNU,충남대학교,09,국가유공자,1,0
202606,CNU,충남대학교,12,국가유공자,2,0
202606,CNU,충남대학교,13,국가유공자,1,0
202606,CNU,충남대학교,16,국가유공자,2,0
202606,CNU,충남대학교,17,국가유공자,1,0
202606,CNU,충남대학교,18,국가유공자,1,0
202606,CNU,충남대학교,19,국가유공자,1,0
202606,CNU,충남대학교,20,국가유공자,1,0
202606,CNU,충남대학교,06,일반인,25,107
202606,CNU,충남대학교,07,일반인,85,227
202606,CNU,충남대학교,08,일반인,180,553
202606,CNU,충남대학교,09,일반인,98,450
202606,CNU,충남대학교,10,일반인,116,338
202606,CNU,충남대학교,11,일반인,129,306
202606,CNU,충남대학교,12,일반인,153,374
202606,CNU,충남대학교,13,일반인,232,317
202606,CNU,충남대학교,14,일반인,213,229
202606,CNU,충남대학교,15,일반인,312,268
202606,CNU,충남대학교,16,일반인,374,235
202606,CNU,충남대학교,17,일반인,375,302
202606,CNU,충남대학교,18,일반인,395,361
202606,CNU,충남대학교,19,일반인,255,191
202606,CNU,충남대학교,20,일반인,247,158
202606,CNU,충남대학교,21,일반인,273,186
202606,CNU,충남대학교,22,일반인,387,130
202606,CNU,충남대학교,11,어린이,1,2
202606,CNU,충남대학교,12,어린이,0,2
202606,CNU,충남대학교,13,어린이,2,0
202606,CNU,충남대학교,14,어린이,0,1
202606,CNU,충남대학교,16,어린이,0,2
202606,CNU,충남대학교,21,어린이,2,0
202606,CNU,충남대학교,22,어린이,0,4
202606,CNU,충남대학교,06,청소년,4,0
202606,CNU,충남대학교,07,청소년,9,11
202606,CNU,충남대학교,08,청소년,1,17
202606,CNU,충남대학교,09,청소년,2,23
202606,CNU,충남대학교,10,청소년,5,15
202606,CNU,충남대학교,11,청소년,6,17
202606,CNU,충남대학교,12,청소년,18,17
202606,CNU,충남대학교,13,청소년,16,20
202606,CNU,충남대학교,14,청소년,16,15
202606,CNU,충남대학교,15,청소년,16,15
202606,CNU,충남대학교,16,청소년,28,17
202606,CNU,충남대학교,17,청소년,21,16
202606,CNU,충남대학교,18,청소년,16,22
202606,CNU,충남대학교,19,청소년,14,7
202606,CNU,충남대학교,20,청소년,12,5
202606,CNU,충남대학교,21,청소년,20,12
202606,CNU,충남대학교,22,청소년,85,1
202606,CNU,충남대학교,06,경로,11,18
202606,CNU,충남대학교,07,경로,32,24
202606,CNU,충남대학교,08,경로,37,25
202606,CNU,충남대학교,09,경로,26,92
202606,CNU,충남대학교,10,경로,39,126
202606,CNU,충남대학교,11,경로,31,101
202606,CNU,충남대학교,12,경로,56,63
202606,CNU,충남대학교,13,경로,48,53
202606,CNU,충남대학교,14,경로,38,79
202606,CNU,충남대학교,15,경로,64,60
202606,CNU,충남대학교,16,경로,77,55
202606,CNU,충남대학교,17,경로,39,43
202606,CNU,충남대학교,18,경로,13,16
202606,CNU,충남대학교,19,경로,18,13
202606,CNU,충남대학교,20,경로,12,5
202606,CNU,충남대학교,21,경로,7,4
202606,CNU,충남대학교,22,경로,24,1
202606,CNU,충남대학교,08,장애인,1,0
202606,CNU,충남대학교,09,장애인,0,1
202606,CNU,충남대학교,11,장애인,0,2
202606,CNU,충남대학교,13,장애인,1,0
202606,CNU,충남대학교,15,장애인,0,2
202606,CNU,충남대학교,20,장애인,1,0
202606,CNU,충남대학교,21,장애인,0,3
202606,CNU,충남대학교,22,장애인,0,8
202606,CNU,충남대학교,10,국가유공자,1,0
202606,CNU,충남대학교,12,국가유공자,1,0
202606,CNU,충남대학교,13,국가유공자,2,1
202606,CNU,충남대학교,16,국가유공자,1,0
202606,CNU,충남대학교,06,일반인,72,44
202606,CNU,충남대학교,07,일반인,82,52
202606,CNU,충남대학교,08,일반인,155,262
202606,CNU,충남대학교,09,일반인,188,312
202606,CNU,충남대학교,10,일반인,136,275
202606,CNU,충남대학교,11,일반인,146,134
202606,CNU,충남대학교,12,일반인,174,221
202606,CNU,충남대학교,13,일반인,185,157
202606,CNU,충남대학교,14,일반인,197,117
202606,CNU,충남대학교,15,일반인,289,123
202606,CNU,충남대학교,16,일반인,440,92
202606,CNU,충남대학교,17,일반인,481,105
202606,CNU,충남대학교,18,일반인,407,123
202606,CNU,충남대학교,19,일반인,217,63
202606,CNU,충남대학교,20,일반인,223,74
202606,CNU,충남대학교,21,일반인,218,62
202606,CNU,충남대학교,22,일반인,252,52
202606,CNU,충남대학교,23,일반인,107,14
202606,CNU,충남대학교,09,어린이,1,0
202606,CNU,충남대학교,12,어린이,1,1
202606,CNU,충남대학교,13,어린이,2,1
202606,CNU,충남대학교,15,어린이,4,0
202606,CNU,충남대학교,17,어린이,2,1
202606,CNU,충남대학교,21,어린이,1,0
202606,CNU,충남대학교,07,청소년,10,2
202606,CNU,충남대학교,08,청소년,1,13
202606,CNU,충남대학교,09,청소년,3,28
202606,CNU,충남대학교,10,청소년,5,14
202606,CNU,충남대학교,11,청소년,12,15
202606,CNU,충남대학교,12,청소년,14,19
202606,CNU,충남대학교,13,청소년,4,12
202606,CNU,충남대학교,14,청소년,8,8
202606,CNU,충남대학교,15,청소년,11,16
202606,CNU,충남대학교,16,청소년,23,14
202606,CNU,충남대학교,17,청소년,50,10
202606,CNU,충남대학교,18,청소년,20,10
202606,CNU,충남대학교,19,청소년,17,4
202606,CNU,충남대학교,20,청소년,20,5
202606,CNU,충남대학교,21,청소년,13,9
202606,CNU,충남대학교,22,청소년,16,6
202606,CNU,충남대학교,23,청소년,8,0
202606,CNU,충남대학교,06,경로,16,12
202606,CNU,충남대학교,07,경로,29,37
202606,CNU,충남대학교,08,경로,39,5
202606,CNU,충남대학교,09,경로,61,15
202606,CNU,충남대학교,10,경로,57,23
202606,CNU,충남대학교,11,경로,34,32
202606,CNU,충남대학교,12,경로,52,23
202606,CNU,충남대학교,13,경로,31,19
202606,CNU,충남대학교,14,경로,42,24
202606,CNU,충남대학교,15,경로,25,18
202606,CNU,충남대학교,16,경로,24,19
202606,CNU,충남대학교,17,경로,21,24
202606,CNU,충남대학교,18,경로,13,16
202606,CNU,충남대학교,19,경로,12,6
202606,CNU,충남대학교,20,경로,13,14
202606,CNU,충남대학교,21,경로,5,3
202606,CNU,충남대학교,22,경로,0,1
202606,CNU,충남대학교,12,장애인,0,1
202606,CNU,충남대학교,14,장애인,1,0
202606,CNU,충남대학교,15,장애인,1,0
202606,CNU,충남대학교,17,장애인,0,1
202606,CNU,충남대학교,18,장애인,0,1
202606,CNU,충남대학교,19,장애인,0,1
202606,CNU,충남대학교,20,장애인,2,0
202606,CNU,충남대학교,21,장애인,4,0
202606,CNU,충남대학교,22,장애인,4,0
202606,CNU,충남대학교,23,장애인,10,0
202606,CNU,충남대학교,10,국가유공자,2,4
202606,CNU,충남대학교,12,국가유공자,2,0
202606,CNU,충남대학교,15,국가유공자,1,0
202606,CNU,충남대학교,16,국가유공자,1,0
202606,CNU,충남대학교,06,일반인,17,69
202606,CNU,충남대학교,07,일반인,13,149
202606,CNU,충남대학교,08,일반인,17,194
202606,CNU,충남대학교,09,일반인,33,279
202606,CNU,충남대학교,10,일반인,25,121
202606,CNU,충남대학교,11,일반인,46,181
202606,CNU,충남대학교,12,일반인,48,248
202606,CNU,충남대학교,13,일반인,26,245
202606,CNU,충남대학교,14,일반인,57,265
202606,CNU,충남대학교,15,일반인,61,412
202606,CNU,충남대학교,16,일반인,57,265
202606,CNU,충남대학교,17,일반인,111,512
202606,CNU,충남대학교,18,일반인,65,513
202606,CNU,충남대학교,19,일반인,47,476
202606,CNU,충남대학교,20,일반인,37,307
202606,CNU,충남대학교,21,일반인,56,380
202606,CNU,충남대학교,22,일반인,70,223
202606,CNU,충남대학교,23,일반인,7,18
202606,CNU,충남대학교,11,어린이,0,1
202606,CNU,충남대학교,12,어린이,0,1
202606,CNU,충남대학교,13,어린이,3,0
202606,CNU,충남대학교,15,어린이,0,7
202606,CNU,충남대학교,17,어린이,0,3
202606,CNU,충남대학교,18,어린이,0,4
202606,CNU,충남대학교,19,어린이,0,3
202606,CNU,충남대학교,20,어린이,0,1
202606,CNU,충남대학교,21,어린이,0,1
202606,CNU,충남대학교,06,청소년,1,1
202606,CNU,충남대학교,08,청소년,1,15
202606,CNU,충남대학교,09,청소년,1,7
202606,CNU,충남대학교,10,청소년,0,6
202606,CNU,충남대학교,11,청소년,4,9
202606,CNU,충남대학교,12,청소년,5,8
202606,CNU,충남대학교,13,청소년,5,12
202606,CNU,충남대학교,14,청소년,3,10
202606,CNU,충남대학교,15,청소년,4,12
202606,CNU,충남대학교,16,청소년,1,17
202606,CNU,충남대학교,17,청소년,9,25
202606,CNU,충남대학교,18,청소년,5,18
202606,CNU,충남대학교,19,청소년,4,9
202606,CNU,충남대학교,20,청소년,3,9
202606,CNU,충남대학교,21,청소년,3,17
202606,CNU,충남대학교,22,청소년,4,13
202606,CNU,충남대학교,06,경로,6,28
202606,CNU,충남대학교,07,경로,3,10
202606,CNU,충남대학교,08,경로,3,12
202606,CNU,충남대학교,09,경로,7,43
202606,CNU,충남대학교,10,경로,2,24
202606,CNU,충남대학교,11,경로,11,26
202606,CNU,충남대학교,12,경로,17,31
202606,CNU,충남대학교,13,경로,6,21
202606,CNU,충남대학교,14,경로,5,13
202606,CNU,충남대학교,15,경로,9,49
202606,CNU,충남대학교,16,경로,6,41
202606,CNU,충남대학교,17,경로,3,31
202606,CNU,충남대학교,18,경로,2,12
202606,CNU,충남대학교,19,경로,2,5
202606,CNU,충남대학교,20,경로,1,23
202606,CNU,충남대학교,21,경로,7,5
202606,CNU,충남대학교,12,장애인,0,1
202606,CNU,충남대학교,13,장애인,0,1
202606,CNU,충남대학교,14,장애인,0,1
202606,CNU,충남대학교,15,장애인,1,2
202606,CNU,충남대학교,16,장애인,0,1
202606,CNU,충남대학교,17,장애인,0,1
202606,CNU,충남대학교,22,장애인,0,1
202606,CNU,충남대학교,08,국가유공자,0,1
202606,CNU,충남대학교,11,국가유공자,1,0
202606,CNU,충남대학교,14,국가유공자,0,1
202606,CNU,충남대학교,15,국가유공자,0,1
202606,CNU,충남대학교,16,국가유공자,0,1
202606,CNU,충남대학교,17,국가유공자,1,0
202606,CNU,충남대학교,20,국가유공자,1,1
202606,CNU,충남대학교,05,일반인,6,0
202606,CNU,충남대학교,06,일반인,27,1
202606,CNU,충남대학교,07,일반인,152,13
202606,CNU,충남대학교,08,일반인,212,47
202606,CNU,충남대학교,09,일반인,155,34
202606,CNU,충남대학교,10,일반인,224,41
202606,CNU,충남대학교,11,일반인,159,33
202606,CNU,충남대학교,12,일반인,191,28
202606,CNU,충남대학교,13,일반인,175,32
202606,CNU,충남대학교,14,일반인,152,22
202606,CNU,충남대학교,15,일반인,207,36
202606,CNU,충남대학교,16,일반인,188,24
202606,CNU,충남대학교,17,일반인,196,30
202606,CNU,충남대학교,18,일반인,243,31
202606,CNU,충남대학교,19,일반인,160,21
202606,CNU,충남대학교,20,일반인,98,20
202606,CNU,충남대학교,21,일반인,148,19
202606,CNU,충남대학교,22,일반인,162,9
202606,CNU,충남대학교,23,일반인,65,7
202606,CNU,충남대학교,13,어린이,1,0
202606,CNU,충남대학교,14,어린이,2,0
202606,CNU,충남대학교,16,어린이,1,0
202606,CNU,충남대학교,17,어린이,0,1
202606,CNU,충남대학교,20,어린이,0,2
202606,CNU,충남대학교,05,청소년,3,0
202606,CNU,충남대학교,06,청소년,1,0
202606,CNU,충남대학교,07,청소년,1,1
202606,CNU,충남대학교,08,청소년,3,2
202606,CNU,충남대학교,09,청소년,4,1
202606,CNU,충남대학교,10,청소년,8,0
202606,CNU,충남대학교,11,청소년,8,2
202606,CNU,충남대학교,12,청소년,8,3
202606,CNU,충남대학교,13,청소년,7,1
202606,CNU,충남대학교,14,청소년,12,5
202606,CNU,충남대학교,15,청소년,11,5
202606,CNU,충남대학교,16,청소년,16,4
202606,CNU,충남대학교,17,청소년,6,5
202606,CNU,충남대학교,18,청소년,10,3
202606,CNU,충남대학교,19,청소년,9,1
202606,CNU,충남대학교,20,청소년,4,1
202606,CNU,충남대학교,21,청소년,4,1
202606,CNU,충남대학교,22,청소년,6,0
202606,CNU,충남대학교,23,청소년,6,0
202606,CNU,충남대학교,05,경로,2,1
202606,CNU,충남대학교,06,경로,2,0
202606,CNU,충남대학교,07,경로,0,2
202606,CNU,충남대학교,08,경로,1,8
202606,CNU,충남대학교,09,경로,8,3
202606,CNU,충남대학교,10,경로,5,4
202606,CNU,충남대학교,11,경로,8,1
202606,CNU,충남대학교,12,경로,10,0
202606,CNU,충남대학교,13,경로,5,2
202606,CNU,충남대학교,14,경로,4,1
202606,CNU,충남대학교,15,경로,12,4
202606,CNU,충남대학교,16,경로,12,3
202606,CNU,충남대학교,17,경로,4,0
202606,CNU,충남대학교,18,경로,5,4
202606,CNU,충남대학교,19,경로,1,0
202606,CNU,충남대학교,20,경로,1,0
202606,CNU,충남대학교,21,경로,2,0
202606,CNU,충남대학교,23,경로,1,0
202606,CNU,충남대학교,11,장애인,0,1
202606,CNU,충남대학교,21,장애인,1,0
202606,CNU,충남대학교,08,국가유공자,1,0
202606,CNU,충남대학교,06,일반인,88,76
202606,CNU,충남대학교,07,일반인,90,51
202606,CNU,충남대학교,08,일반인,226,118
202606,CNU,충남대학교,09,일반인,93,132
202606,CNU,충남대학교,10,일반인,103,77
202606,CNU,충남대학교,11,일반인,112,75
202606,CNU,충남대학교,12,일반인,147,84
202606,CNU,충남대학교,13,일반인,66,100
202606,CNU,충남대학교,14,일반인,51,54
202606,CNU,충남대학교,15,일반인,61,68
202606,CNU,충남대학교,16,일반인,87,67
202606,CNU,충남대학교,17,일반인,63,38
202606,CNU,충남대학교,18,일반인,115,113
202606,CNU,충남대학교,19,일반인,82,52
202606,CNU,충남대학교,20,일반인,47,38
202606,CNU,충남대학교,21,일반인,61,45
202606,CNU,충남대학교,22,일반인,62,38
202606,CNU,충남대학교,23,일반인,23,15
202606,CNU,충남대학교,07,어린이,0,1
202606,CNU,충남대학교,17,어린이,7,0
202606,CNU,충남대학교,20,어린이,0,1
202606,CNU,충남대학교,06,청소년,0,1
202606,CNU,충남대학교,07,청소년,1,1
202606,CNU,충남대학교,08,청소년,7,3
202606,CNU,충남대학교,09,청소년,7,8
202606,CNU,충남대학교,10,청소년,12,3
202606,CNU,충남대학교,11,청소년,11,5
202606,CNU,충남대학교,12,청소년,9,5
202606,CNU,충남대학교,13,청소년,9,7
202606,CNU,충남대학교,14,청소년,0,2
202606,CNU,충남대학교,15,청소년,6,4
202606,CNU,충남대학교,16,청소년,11,4
202606,CNU,충남대학교,17,청소년,3,6
202606,CNU,충남대학교,18,청소년,3,4
202606,CNU,충남대학교,19,청소년,5,4
202606,CNU,충남대학교,20,청소년,3,1
202606,CNU,충남대학교,21,청소년,7,2
202606,CNU,충남대학교,22,청소년,10,2
202606,CNU,충남대학교,23,청소년,6,1
202606,CNU,충남대학교,06,경로,8,0
202606,CNU,충남대학교,07,경로,3,1
202606,CNU,충남대학교,08,경로,2,10
202606,CNU,충남대학교,09,경로,3,9
202606,CNU,충남대학교,10,경로,5,10
202606,CNU,충남대학교,11,경로,4,8
202606,CNU,충남대학교,12,경로,10,19
202606,CNU,충남대학교,13,경로,7,10
202606,CNU,충남대학교,14,경로,5,14
202606,CNU,충남대학교,15,경로,7,14
202606,CNU,충남대학교,16,경로,14,15
202606,CNU,충남대학교,17,경로,9,10
202606,CNU,충남대학교,18,경로,2,23
202606,CNU,충남대학교,19,경로,2,12
202606,CNU,충남대학교,20,경로,1,4
202606,CNU,충남대학교,21,경로,3,1
202606,CNU,충남대학교,22,경로,1,0
202606,CNU,충남대학교,10,국가유공자,0,2
202606,CNU,충남대학교,14,국가유공자,0,1
202606,CNU,충남대학교,05,일반인,8,2
202606,CNU,충남대학교,06,일반인,44,4
202606,CNU,충남대학교,07,일반인,276,165
202606,CNU,충남대학교,08,일반인,344,126
202606,CNU,충남대학교,09,일반인,158,77
202606,CNU,충남대학교,10,일반인,122,60
202606,CNU,충남대학교,11,일반인,175,94
202606,CNU,충남대학교,12,일반인,170,127
202606,CNU,충남대학교,13,일반인,190,122
202606,CNU,충남대학교,14,일반인,228,127
202606,CNU,충남대학교,15,일반인,315,198
202606,CNU,충남대학교,16,일반인,331,153
202606,CNU,충남대학교,17,일반인,376,204
202606,CNU,충남대학교,18,일반인,351,274
202606,CNU,충남대학교,19,일반인,246,139
202606,CNU,충남대학교,20,일반인,244,113
202606,CNU,충남대학교,21,일반인,214,144
202606,CNU,충남대학교,22,일반인,172,64
202606,CNU,충남대학교,10,어린이,2,1
202606,CNU,충남대학교,12,어린이,1,0
202606,CNU,충남대학교,14,어린이,2,0
202606,CNU,충남대학교,15,어린이,0,6
202606,CNU,충남대학교,16,어린이,0,4
202606,CNU,충남대학교,18,어린이,1,7
202606,CNU,충남대학교,19,어린이,1,1
202606,CNU,충남대학교,20,어린이,1,0
202606,CNU,충남대학교,22,어린이,1,1
202606,CNU,충남대학교,07,청소년,16,16
202606,CNU,충남대학교,08,청소년,2,1
202606,CNU,충남대학교,09,청소년,2,3
202606,CNU,충남대학교,10,청소년,6,3
202606,CNU,충남대학교,11,청소년,3,7
202606,CNU,충남대학교,12,청소년,11,8
202606,CNU,충남대학교,13,청소년,15,6
202606,CNU,충남대학교,14,청소년,10,7
202606,CNU,충남대학교,15,청소년,15,14
202606,CNU,충남대학교,16,청소년,10,18
202606,CNU,충남대학교,17,청소년,16,9
202606,CNU,충남대학교,18,청소년,25,5
202606,CNU,충남대학교,19,청소년,18,5
202606,CNU,충남대학교,20,청소년,17,2
202606,CNU,충남대학교,21,청소년,17,4
202606,CNU,충남대학교,22,청소년,9,1
202606,CNU,충남대학교,05,경로,17,0
202606,CNU,충남대학교,06,경로,95,2
202606,CNU,충남대학교,07,경로,18,6
202606,CNU,충남대학교,08,경로,31,20
202606,CNU,충남대학교,09,경로,24,22
202606,CNU,충남대학교,10,경로,26,6
202606,CNU,충남대학교,11,경로,34,9
202606,CNU,충남대학교,12,경로,43,12
202606,CNU,충남대학교,13,경로,47,9
202606,CNU,충남대학교,14,경로,33,10
202606,CNU,충남대학교,15,경로,26,16
202606,CNU,충남대학교,16,경로,48,15
202606,CNU,충남대학교,17,경로,32,7
202606,CNU,충남대학교,18,경로,9,5
202606,CNU,충남대학교,19,경로,3,3
202606,CNU,충남대학교,20,경로,5,6
202606,CNU,충남대학교,21,경로,5,2
202606,CNU,충남대학교,22,경로,2,0
202606,CNU,충남대학교,09,장애인,2,0
202606,CNU,충남대학교,12,장애인,2,1
202606,CNU,충남대학교,13,장애인,1,0
202606,CNU,충남대학교,15,장애인,2,0
202606,CNU,충남대학교,08,국가유공자,17,0
202606,CNU,충남대학교,09,국가유공자,3,0
202606,CNU,충남대학교,13,국가유공자,2,0
202606,CNU,충남대학교,14,국가유공자,1,0
202606,CNU,충남대학교,06,일반인,89,29
202606,CNU,충남대학교,07,일반인,106,106
202606,CNU,충남대학교,08,일반인,406,182
202606,CNU,충남대학교,09,일반인,521,150
202606,CNU,충남대학교,10,일반인,310,119
202606,CNU,충남대학교,11,일반인,275,172
202606,CNU,충남대학교,12,일반인,247,141
202606,CNU,충남대학교,13,일반인,573,154
202606,CNU,충남대학교,14,일반인,174,128
202606,CNU,충남대학교,15,일반인,224,163
202606,CNU,충남대학교,16,일반인,278,160
202606,CNU,충남대학교,17,일반인,367,186
202606,CNU,충남대학교,18,일반인,411,270
202606,CNU,충남대학교,19,일반인,196,198
202606,CNU,충남대학교,20,일반인,167,113
202606,CNU,충남대학교,21,일반인,158,122
202606,CNU,충남대학교,22,일반인,178,88
202606,CNU,충남대학교,23,일반인,48,16
202606,CNU,충남대학교,08,어린이,0,2
202606,CNU,충남대학교,09,어린이,0,2
202606,CNU,충남대학교,12,어린이,0,2
202606,CNU,충남대학교,13,어린이,3,3
202606,CNU,충남대학교,14,어린이,0,1
202606,CNU,충남대학교,15,어린이,2,1
202606,CNU,충남대학교,18,어린이,2,2
202606,CNU,충남대학교,19,어린이,2,6
202606,CNU,충남대학교,06,청소년,3,0
202606,CNU,충남대학교,07,청소년,6,4
202606,CNU,충남대학교,08,청소년,31,3
202606,CNU,충남대학교,09,청소년,22,6
202606,CNU,충남대학교,10,청소년,16,8
202606,CNU,충남대학교,11,청소년,35,6
202606,CNU,충남대학교,12,청소년,17,9
202606,CNU,충남대학교,13,청소년,31,10
202606,CNU,충남대학교,14,청소년,10,17
202606,CNU,충남대학교,15,청소년,14,3
202606,CNU,충남대학교,16,청소년,16,22
202606,CNU,충남대학교,17,청소년,22,12
202606,CNU,충남대학교,18,청소년,19,20
202606,CNU,충남대학교,19,청소년,23,13
202606,CNU,충남대학교,20,청소년,11,11
202606,CNU,충남대학교,21,청소년,15,11
202606,CNU,충남대학교,22,청소년,21,17
202606,CNU,충남대학교,23,청소년,4,0
202606,CNU,충남대학교,06,경로,23,8
202606,CNU,충남대학교,07,경로,12,17
202606,CNU,충남대학교,08,경로,13,23
202606,CNU,충남대학교,09,경로,11,42
202606,CNU,충남대학교,10,경로,22,37
202606,CNU,충남대학교,11,경로,31,35
202606,CNU,충남대학교,12,경로,17,34
202606,CNU,충남대학교,13,경로,36,47
202606,CNU,충남대학교,14,경로,14,39
202606,CNU,충남대학교,15,경로,33,35
202606,CNU,충남대학교,16,경로,27,33
202606,CNU,충남대학교,17,경로,29,26
202606,CNU,충남대학교,18,경로,10,16
202606,CNU,충남대학교,19,경로,9,6
202606,CNU,충남대학교,20,경로,13,3
202606,CNU,충남대학교,21,경로,6,1
202606,CNU,충남대학교,22,경로,1,1
202606,CNU,충남대학교,23,경로,1,0
202606,CNU,충남대학교,06,장애인,1,0
202606,CNU,충남대학교,08,장애인,1,0
202606,CNU,충남대학교,08,국가유공자,0,3
202606,CNU,충남대학교,09,국가유공자,0,2
202606,CNU,충남대학교,16,국가유공자,0,2
202606,CNU,충남대학교,17,국가유공자,1,0
202606,CNU,충남대학교,18,국가유공자,1,0
202606,CNU,충남대학교,05,일반인,31,0
202606,CNU,충남대학교,06,일반인,35,42
202606,CNU,충남대학교,07,일반인,129,50
202606,CNU,충남대학교,08,일반인,148,239
202606,CNU,충남대학교,09,일반인,147,136
202606,CNU,충남대학교,10,일반인,157,114
202606,CNU,충남대학교,11,일반인,168,100
202606,CNU,충남대학교,12,일반인,154,110
202606,CNU,충남대학교,13,일반인,261,103
202606,CNU,충남대학교,14,일반인,190,91
202606,CNU,충남대학교,15,일반인,295,154
202606,CNU,충남대학교,16,일반인,224,91
202606,CNU,충남대학교,17,일반인,246,105
202606,CNU,충남대학교,18,일반인,298,124
202606,CNU,충남대학교,19,일반인,226,57
202606,CNU,충남대학교,20,일반인,104,40
202606,CNU,충남대학교,21,일반인,93,44
202606,CNU,충남대학교,22,일반인,156,29
202606,CNU,충남대학교,09,어린이,1,0
202606,CNU,충남대학교,10,어린이,1,2
202606,CNU,충남대학교,13,어린이,3,0
202606,CNU,충남대학교,14,어린이,1,0
202606,CNU,충남대학교,15,어린이,6,1
202606,CNU,충남대학교,16,어린이,1,1
202606,CNU,충남대학교,06,청소년,3,0
202606,CNU,충남대학교,07,청소년,22,2
202606,CNU,충남대학교,08,청소년,7,13
202606,CNU,충남대학교,09,청소년,3,4
202606,CNU,충남대학교,10,청소년,8,13
202606,CNU,충남대학교,11,청소년,14,11
202606,CNU,충남대학교,12,청소년,11,2
202606,CNU,충남대학교,13,청소년,12,8
202606,CNU,충남대학교,14,청소년,15,8
202606,CNU,충남대학교,15,청소년,20,9
202606,CNU,충남대학교,16,청소년,8,8
202606,CNU,충남대학교,17,청소년,14,7
202606,CNU,충남대학교,18,청소년,20,11
202606,CNU,충남대학교,19,청소년,8,6
202606,CNU,충남대학교,20,청소년,5,2
202606,CNU,충남대학교,21,청소년,4,3
202606,CNU,충남대학교,22,청소년,4,3
202606,CNU,충남대학교,06,경로,4,1
202606,CNU,충남대학교,07,경로,8,1
202606,CNU,충남대학교,08,경로,6,2
202606,CNU,충남대학교,09,경로,28,11
202606,CNU,충남대학교,10,경로,40,9
202606,CNU,충남대학교,11,경로,24,8
202606,CNU,충남대학교,12,경로,11,3
202606,CNU,충남대학교,13,경로,25,6
202606,CNU,충남대학교,14,경로,22,7
202606,CNU,충남대학교,15,경로,24,1
202606,CNU,충남대학교,16,경로,13,4
202606,CNU,충남대학교,17,경로,13,4
202606,CNU,충남대학교,18,경로,9,2
202606,CNU,충남대학교,19,경로,20,1
202606,CNU,충남대학교,20,경로,9,0
202606,CNU,충남대학교,21,경로,1,1
202606,CNU,충남대학교,22,경로,1,0
202606,CNU,충남대학교,13,장애인,1,0
202606,CNU,충남대학교,15,장애인,1,0
202606,CNU,충남대학교,22,장애인,1,0
202606,CNU,충남대학교,09,국가유공자,0,8
202606,CNU,충남대학교,11,국가유공자,2,0
202606,CNU,충남대학교,12,국가유공자,1,0
202606,CNU,충남대학교,05,일반인,0,1
202606,CNU,충남대학교,06,일반인,1,13
202606,CNU,충남대학교,07,일반인,19,21
202606,CNU,충남대학교,08,일반인,6,115
202606,CNU,충남대학교,09,일반인,4,113
202606,CNU,충남대학교,10,일반인,8,33
202606,CNU,충남대학교,11,일반인,17,23
202606,CNU,충남대학교,12,일반인,26,39
202606,CNU,충남대학교,13,일반인,36,51
202606,CNU,충남대학교,14,일반인,24,46
202606,CNU,충남대학교,15,일반인,18,34
202606,CNU,충남대학교,16,일반인,53,69
202606,CNU,충남대학교,17,일반인,17,33
202606,CNU,충남대학교,18,일반인,36,17
202606,CNU,충남대학교,19,일반인,25,16
202606,CNU,충남대학교,20,일반인,19,36
202606,CNU,충남대학교,21,일반인,14,12
202606,CNU,충남대학교,22,일반인,13,17
202606,CNU,충남대학교,11,어린이,1,0
202606,CNU,충남대학교,05,청소년,1,0
202606,CNU,충남대학교,08,청소년,0,2
202606,CNU,충남대학교,09,청소년,0,2
202606,CNU,충남대학교,11,청소년,4,1
202606,CNU,충남대학교,12,청소년,0,1
202606,CNU,충남대학교,13,청소년,2,0
202606,CNU,충남대학교,14,청소년,1,1
202606,CNU,충남대학교,15,청소년,0,1
202606,CNU,충남대학교,16,청소년,4,1
202606,CNU,충남대학교,17,청소년,2,0
202606,CNU,충남대학교,18,청소년,1,3
202606,CNU,충남대학교,19,청소년,4,0
202606,CNU,충남대학교,20,청소년,0,1
202606,CNU,충남대학교,21,청소년,1,1
202606,CNU,충남대학교,22,청소년,2,1
202606,CNU,충남대학교,05,경로,0,1
202606,CNU,충남대학교,06,경로,0,8
202606,CNU,충남대학교,07,경로,6,2
202606,CNU,충남대학교,08,경로,4,4
202606,CNU,충남대학교,09,경로,1,8
202606,CNU,충남대학교,10,경로,6,7
202606,CNU,충남대학교,11,경로,3,10
202606,CNU,충남대학교,12,경로,4,6
202606,CNU,충남대학교,13,경로,12,16
202606,CNU,충남대학교,14,경로,7,9
202606,CNU,충남대학교,15,경로,3,6
202606,CNU,충남대학교,16,경로,9,2
202606,CNU,충남대학교,17,경로,1,3
202606,CNU,충남대학교,18,경로,0,3
202606,CNU,충남대학교,19,경로,0,2
202606,CNU,충남대학교,20,경로,0,2
202606,CNU,충남대학교,21,경로,5,0
202606,CNU,충남대학교,22,경로,0,7
202606,CNU,충남대학교,19,장애인,1,0
202606,CNU,충남대학교,08,국가유공자,0,1
202606,CNU,충남대학교,13,국가유공자,0,1
202606,CNU,충남대학교,16,국가유공자,0,1
202606,CNU,충남대학교,06,일반인,0,2
202606,CNU,충남대학교,07,일반인,1,2
202606,CNU,충남대학교,08,일반인,15,12
202606,CNU,충남대학교,09,일반인,9,9
202606,CNU,충남대학교,10,일반인,7,14
202606,CNU,충남대학교,11,일반인,11,16
202606,CNU,충남대학교,12,일반인,6,13
202606,CNU,충남대학교,13,일반인,11,24
202606,CNU,충남대학교,14,일반인,4,20
202606,CNU,충남대학교,15,일반인,11,7
202606,CNU,충남대학교,16,일반인,8,21
202606,CNU,충남대학교,17,일반인,15,19
202606,CNU,충남대학교,18,일반인,16,26
202606,CNU,충남대학교,19,일반인,2,10
202606,CNU,충남대학교,20,일반인,4,15
202606,CNU,충남대학교,21,일반인,7,14
202606,CNU,충남대학교,22,일반인,12,18
202606,CNU,충남대학교,23,일반인,7,5
202606,CNU,충남대학교,13,어린이,2,0
202606,CNU,충남대학교,08,청소년,1,0
202606,CNU,충남대학교,14,청소년,0,3
202606,CNU,충남대학교,15,청소년,2,5
202606,CNU,충남대학교,16,청소년,1,1
202606,CNU,충남대학교,17,청소년,2,1
202606,CNU,충남대학교,19,청소년,0,2
202606,CNU,충남대학교,20,청소년,1,4
202606,CNU,충남대학교,21,청소년,0,3
202606,CNU,충남대학교,22,청소년,0,2
202606,CNU,충남대학교,06,경로,0,1
202606,CNU,충남대학교,07,경로,0,1
202606,CNU,충남대학교,08,경로,1,0
202606,CNU,충남대학교,09,경로,1,0
202606,CNU,충남대학교,10,경로,0,2
202606,CNU,충남대학교,11,경로,2,1
202606,CNU,충남대학교,12,경로,2,1
202606,CNU,충남대학교,13,경로,0,1
202606,CNU,충남대학교,14,경로,4,7
202606,CNU,충남대학교,15,경로,1,1
202606,CNU,충남대학교,16,경로,0,1
202606,CNU,충남대학교,17,경로,1,1
202606,CNU,충남대학교,18,경로,0,2
202606,CNU,충남대학교,05,일반인,1,1
202606,CNU,충남대학교,06,일반인,8,17
202606,CNU,충남대학교,07,일반인,54,21
202606,CNU,충남대학교,08,일반인,22,111
202606,CNU,충남대학교,09,일반인,32,184
202606,CNU,충남대학교,10,일반인,44,19
202606,CNU,충남대학교,11,일반인,35,12
202606,CNU,충남대학교,12,일반인,63,62
202606,CNU,충남대학교,13,일반인,49,79
202606,CNU,충남대학교,14,일반인,34,27
202606,CNU,충남대학교,15,일반인,62,71
202606,CNU,충남대학교,16,일반인,73,58
202606,CNU,충남대학교,17,일반인,55,30
202606,CNU,충남대학교,18,일반인,86,46
202606,CNU,충남대학교,19,일반인,48,16
202606,CNU,충남대학교,20,일반인,57,23
202606,CNU,충남대학교,21,일반인,56,18
202606,CNU,충남대학교,22,일반인,28,12
202606,CNU,충남대학교,11,어린이,1,0
202606,CNU,충남대학교,13,어린이,0,3
202606,CNU,충남대학교,15,어린이,0,2
202606,CNU,충남대학교,05,청소년,0,1
202606,CNU,충남대학교,06,청소년,1,1
202606,CNU,충남대학교,07,청소년,0,2
202606,CNU,충남대학교,08,청소년,0,6
202606,CNU,충남대학교,11,청소년,2,1
202606,CNU,충남대학교,12,청소년,6,3
202606,CNU,충남대학교,13,청소년,3,2
202606,CNU,충남대학교,14,청소년,3,1
202606,CNU,충남대학교,15,청소년,5,3
202606,CNU,충남대학교,16,청소년,5,1
202606,CNU,충남대학교,17,청소년,4,2
202606,CNU,충남대학교,18,청소년,4,2
202606,CNU,충남대학교,19,청소년,8,1
202606,CNU,충남대학교,20,청소년,5,0
202606,CNU,충남대학교,21,청소년,6,0
202606,CNU,충남대학교,22,청소년,2,1
202606,CNU,충남대학교,05,경로,0,4
202606,CNU,충남대학교,06,경로,2,3
202606,CNU,충남대학교,07,경로,16,2
202606,CNU,충남대학교,08,경로,7,4
202606,CNU,충남대학교,09,경로,18,16
202606,CNU,충남대학교,10,경로,9,12
202606,CNU,충남대학교,11,경로,18,6
202606,CNU,충남대학교,12,경로,18,18
202606,CNU,충남대학교,13,경로,18,9
202606,CNU,충남대학교,14,경로,11,21
202606,CNU,충남대학교,15,경로,23,52
202606,CNU,충남대학교,16,경로,46,5
202606,CNU,충남대학교,17,경로,10,3
202606,CNU,충남대학교,18,경로,25,3
202606,CNU,충남대학교,19,경로,9,2
202606,CNU,충남대학교,20,경로,9,3
202606,CNU,충남대학교,21,경로,4,0
202606,CNU,충남대학교,22,경로,1,1
202606,CNU,충남대학교,15,장애인,1,1
202606,CNU,충남대학교,20,장애인,0,1
202606,CNU,충남대학교,07,국가유공자,0,1
202606,CNU,충남대학교,08,국가유공자,0,2
202606,CNU,충남대학교,21,국가유공자,1,0
202606,CNU,충남대학교,22,국가유공자,0,1
202606,CNU,충남대학교,06,일반인,0,3
202606,CNU,충남대학교,07,일반인,6,8
202606,CNU,충남대학교,08,일반인,16,16
202606,CNU,충남대학교,09,일반인,16,31
202606,CNU,충남대학교,10,일반인,5,21
202606,CNU,충남대학교,11,일반인,5,13
202606,CNU,충남대학교,12,일반인,5,17
202606,CNU,충남대학교,13,일반인,10,15
202606,CNU,충남대학교,14,일반인,3,17
202606,CNU,충남대학교,15,일반인,8,35
202606,CNU,충남대학교,16,일반인,6,19
202606,CNU,충남대학교,17,일반인,12,21
202606,CNU,충남대학교,18,일반인,12,49
202606,CNU,충남대학교,19,일반인,6,11
202606,CNU,충남대학교,20,일반인,13,12
202606,CNU,충남대학교,21,일반인,9,1
202606,CNU,충남대학교,22,일반인,11,7
202606,CNU,충남대학교,23,일반인,11,4
202606,CNU,충남대학교,10,어린이,0,1
202606,CNU,충남대학교,12,어린이,0,1
202606,CNU,충남대학교,13,어린이,2,0
202606,CNU,충남대학교,16,어린이,0,1
202606,CNU,충남대학교,17,어린이,0,1
202606,CNU,충남대학교,07,청소년,1,0
202606,CNU,충남대학교,08,청소년,0,6
202606,CNU,충남대학교,09,청소년,1,2
202606,CNU,충남대학교,10,청소년,0,2
202606,CNU,충남대학교,11,청소년,0,2
202606,CNU,충남대학교,12,청소년,1,1
202606,CNU,충남대학교,15,청소년,1,0
202606,CNU,충남대학교,16,청소년,1,2
202606,CNU,충남대학교,17,청소년,0,8
202606,CNU,충남대학교,18,청소년,0,1
202606,CNU,충남대학교,19,청소년,0,1
202606,CNU,충남대학교,06,경로,0,5
202606,CNU,충남대학교,07,경로,0,1
202606,CNU,충남대학교,08,경로,0,3
202606,CNU,충남대학교,09,경로,1,5
202606,CNU,충남대학교,10,경로,0,5
202606,CNU,충남대학교,11,경로,0,3
202606,CNU,충남대학교,12,경로,0,3
202606,CNU,충남대학교,13,경로,2,1
202606,CNU,충남대학교,14,경로,0,2
202606,CNU,충남대학교,15,경로,0,6
202606,CNU,충남대학교,16,경로,1,1
202606,CNU,충남대학교,17,경로,3,3
202606,CNU,충남대학교,19,경로,2,0
202606,CNU,충남대학교,20,경로,1,0
202606,CNU,충남대학교,21,경로,0,1
202606,CNU,충남대학교,15,장애인,0,1
202606,CNU,충남대학교,05,일반인,3,2
202606,CNU,충남대학교,06,일반인,107,29
202606,CNU,충남대학교,07,일반인,153,33
202606,CNU,충남대학교,08,일반인,95,52
202606,CNU,충남대학교,09,일반인,104,106
202606,CNU,충남대학교,10,일반인,97,27
202606,CNU,충남대학교,11,일반인,105,14
202606,CNU,충남대학교,12,일반인,194,19
202606,CNU,충남대학교,13,일반인,182,34
202606,CNU,충남대학교,14,일반인,141,16
202606,CNU,충남대학교,15,일반인,269,71
202606,CNU,충남대학교,16,일반인,271,102
202606,CNU,충남대학교,17,일반인,349,46
202606,CNU,충남대학교,18,일반인,376,21
202606,CNU,충남대학교,19,일반인,225,14
202606,CNU,충남대학교,20,일반인,189,4
202606,CNU,충남대학교,21,일반인,296,12
202606,CNU,충남대학교,22,일반인,263,11
202606,CNU,충남대학교,07,어린이,0,1
202606,CNU,충남대학교,08,어린이,1,0
202606,CNU,충남대학교,14,어린이,1,0
202606,CNU,충남대학교,15,어린이,3,7
202606,CNU,충남대학교,16,어린이,2,0
202606,CNU,충남대학교,18,어린이,1,0
202606,CNU,충남대학교,19,어린이,1,0
202606,CNU,충남대학교,20,어린이,1,0
202606,CNU,충남대학교,21,어린이,1,0
202606,CNU,충남대학교,05,청소년,1,0
202606,CNU,충남대학교,06,청소년,3,0
202606,CNU,충남대학교,07,청소년,2,0
202606,CNU,충남대학교,08,청소년,0,2
202606,CNU,충남대학교,09,청소년,1,0
202606,CNU,충남대학교,10,청소년,1,0
202606,CNU,충남대학교,11,청소년,10,0
202606,CNU,충남대학교,12,청소년,10,1
202606,CNU,충남대학교,13,청소년,12,0
202606,CNU,충남대학교,14,청소년,17,0
202606,CNU,충남대학교,15,청소년,19,0
202606,CNU,충남대학교,16,청소년,22,4
202606,CNU,충남대학교,17,청소년,34,4
202606,CNU,충남대학교,18,청소년,23,1
202606,CNU,충남대학교,19,청소년,9,0
202606,CNU,충남대학교,20,청소년,8,1
202606,CNU,충남대학교,21,청소년,17,2
202606,CNU,충남대학교,22,청소년,23,2
202606,CNU,충남대학교,06,경로,13,3
202606,CNU,충남대학교,07,경로,51,5
202606,CNU,충남대학교,08,경로,4,13
202606,CNU,충남대학교,09,경로,21,16
202606,CNU,충남대학교,10,경로,16,8
202606,CNU,충남대학교,11,경로,33,14
202606,CNU,충남대학교,12,경로,49,13
202606,CNU,충남대학교,13,경로,53,12
202606,CNU,충남대학교,14,경로,66,3
202606,CNU,충남대학교,15,경로,66,10
202606,CNU,충남대학교,16,경로,52,4
202606,CNU,충남대학교,17,경로,40,7
202606,CNU,충남대학교,18,경로,31,0
202606,CNU,충남대학교,19,경로,29,1
202606,CNU,충남대학교,20,경로,24,0
202606,CNU,충남대학교,21,경로,20,0
202606,CNU,충남대학교,22,경로,1,0
202606,CNU,충남대학교,12,장애인,1,0
202606,CNU,충남대학교,18,장애인,1,0
202606,CNU,충남대학교,19,장애인,2,0
202606,CNU,충남대학교,11,국가유공자,1,0
202606,CNU,충남대학교,12,국가유공자,1,0
202606,CNU,충남대학교,13,국가유공자,1,0
202606,CNU,충남대학교,16,국가유공자,1,0
202606,CNU,충남대학교,17,국가유공자,3,0
202606,CNU,충남대학교,22,국가유공자,1,0
202606,CNU,충남대학교,06,일반인,0,73
202606,CNU,충남대학교,07,일반인,1,322
202606,CNU,충남대학교,08,일반인,0,569
202606,CNU,충남대학교,09,일반인,6,400
202606,CNU,충남대학교,10,일반인,3,261
202606,CNU,충남대학교,11,일반인,3,219
202606,CNU,충남대학교,12,일반인,4,299
202606,CNU,충남대학교,13,일반인,5,192
202606,CNU,충남대학교,14,일반인,3,161
202606,CNU,충남대학교,15,일반인,3,188
202606,CNU,충남대학교,16,일반인,2,262
202606,CNU,충남대학교,17,일반인,4,253
202606,CNU,충남대학교,18,일반인,2,301
202606,CNU,충남대학교,19,일반인,2,141
202606,CNU,충남대학교,20,일반인,3,124
202606,CNU,충남대학교,21,일반인,0,97
202606,CNU,충남대학교,22,일반인,21,80
202606,CNU,충남대학교,23,일반인,15,70
202606,CNU,충남대학교,08,어린이,0,1
202606,CNU,충남대학교,09,어린이,0,2
202606,CNU,충남대학교,10,어린이,0,1
202606,CNU,충남대학교,12,어린이,0,1
202606,CNU,충남대학교,13,어린이,0,5
202606,CNU,충남대학교,14,어린이,0,2
202606,CNU,충남대학교,16,어린이,0,2
202606,CNU,충남대학교,17,어린이,0,1
202606,CNU,충남대학교,18,어린이,1,1
202606,CNU,충남대학교,19,어린이,0,1
202606,CNU,충남대학교,06,청소년,0,2
202606,CNU,충남대학교,07,청소년,0,57
202606,CNU,충남대학교,08,청소년,0,24
202606,CNU,충남대학교,09,청소년,0,15
202606,CNU,충남대학교,10,청소년,0,11
202606,CNU,충남대학교,11,청소년,0,18
202606,CNU,충남대학교,12,청소년,0,16
202606,CNU,충남대학교,13,청소년,0,17
202606,CNU,충남대학교,14,청소년,0,17
202606,CNU,충남대학교,15,청소년,0,8
202606,CNU,충남대학교,16,청소년,0,6
202606,CNU,충남대학교,17,청소년,0,12
202606,CNU,충남대학교,18,청소년,0,10
202606,CNU,충남대학교,19,청소년,0,2
202606,CNU,충남대학교,20,청소년,0,4
202606,CNU,충남대학교,21,청소년,0,5
202606,CNU,충남대학교,22,청소년,0,1
202606,CNU,충남대학교,23,청소년,0,1
202606,CNU,충남대학교,06,경로,0,18
202606,CNU,충남대학교,07,경로,1,70
202606,CNU,충남대학교,08,경로,0,56
202606,CNU,충남대학교,09,경로,0,54
202606,CNU,충남대학교,10,경로,1,51
202606,CNU,충남대학교,11,경로,2,50
202606,CNU,충남대학교,12,경로,5,57
202606,CNU,충남대학교,13,경로,2,32
202606,CNU,충남대학교,14,경로,1,26
202606,CNU,충남대학교,15,경로,2,55
202606,CNU,충남대학교,16,경로,0,44
202606,CNU,충남대학교,17,경로,1,33
202606,CNU,충남대학교,18,경로,3,18
202606,CNU,충남대학교,19,경로,0,32
202606,CNU,충남대학교,20,경로,0,5
202606,CNU,충남대학교,21,경로,0,1
202606,CNU,충남대학교,22,경로,0,2
202606,CNU,충남대학교,23,경로,0,2
202606,CNU,충남대학교,07,장애인,0,1
202606,CNU,충남대학교,08,장애인,0,3
202606,CNU,충남대학교,12,장애인,0,1
202606,CNU,충남대학교,17,장애인,0,3
202606,CNU,충남대학교,19,장애인,0,1
202606,CNU,충남대학교,06,국가유공자,0,1
202606,CNU,충남대학교,07,국가유공자,0,1
202606,CNU,충남대학교,09,국가유공자,0,1
202606,CNU,충남대학교,10,국가유공자,0,1
202606,CNU,충남대학교,12,국가유공자,0,1
202606,CNU,충남대학교,16,국가유공자,0,1
202606,CNU,충남대학교,17,국가유공자,0,1
202606,CNU,충남대학교,23,국가유공자,0,2
202606,CNU,충남대학교,05,일반인,3,1
202606,CNU,충남대학교,06,일반인,68,16
202606,CNU,충남대학교,07,일반인,123,45
202606,CNU,충남대학교,08,일반인,77,140
202606,CNU,충남대학교,09,일반인,84,117
202606,CNU,충남대학교,10,일반인,79,108
202606,CNU,충남대학교,11,일반인,74,62
202606,CNU,충남대학교,12,일반인,46,127
202606,CNU,충남대학교,13,일반인,49,54
202606,CNU,충남대학교,14,일반인,68,68
202606,CNU,충남대학교,15,일반인,65,22
202606,CNU,충남대학교,16,일반인,108,103
202606,CNU,충남대학교,17,일반인,66,34
202606,CNU,충남대학교,18,일반인,112,24
202606,CNU,충남대학교,19,일반인,92,19
202606,CNU,충남대학교,20,일반인,37,14
202606,CNU,충남대학교,21,일반인,51,19
202606,CNU,충남대학교,22,일반인,48,12
202606,CNU,충남대학교,10,어린이,2,2
202606,CNU,충남대학교,13,어린이,0,1
202606,CNU,충남대학교,14,어린이,3,0
202606,CNU,충남대학교,15,어린이,4,3
202606,CNU,충남대학교,16,어린이,1,2
202606,CNU,충남대학교,19,어린이,1,0
202606,CNU,충남대학교,06,청소년,0,1
202606,CNU,충남대학교,07,청소년,2,3
202606,CNU,충남대학교,08,청소년,2,4
202606,CNU,충남대학교,09,청소년,5,0
202606,CNU,충남대학교,10,청소년,4,1
202606,CNU,충남대학교,11,청소년,5,2
202606,CNU,충남대학교,12,청소년,3,2
202606,CNU,충남대학교,13,청소년,5,0
202606,CNU,충남대학교,14,청소년,6,2
202606,CNU,충남대학교,15,청소년,2,9
202606,CNU,충남대학교,16,청소년,14,2
202606,CNU,충남대학교,17,청소년,15,1
202606,CNU,충남대학교,18,청소년,9,2
202606,CNU,충남대학교,19,청소년,6,1
202606,CNU,충남대학교,20,청소년,14,7
202606,CNU,충남대학교,21,청소년,6,0
202606,CNU,충남대학교,22,청소년,4,0
202606,CNU,충남대학교,05,경로,0,4
202606,CNU,충남대학교,06,경로,9,2
202606,CNU,충남대학교,07,경로,40,16
202606,CNU,충남대학교,08,경로,54,4
202606,CNU,충남대학교,09,경로,23,15
202606,CNU,충남대학교,10,경로,28,17
202606,CNU,충남대학교,11,경로,22,19
202606,CNU,충남대학교,12,경로,19,15
202606,CNU,충남대학교,13,경로,13,11
202606,CNU,충남대학교,14,경로,27,10
202606,CNU,충남대학교,15,경로,17,10
202606,CNU,충남대학교,16,경로,24,8
202606,CNU,충남대학교,17,경로,10,9
202606,CNU,충남대학교,18,경로,9,1
202606,CNU,충남대학교,19,경로,3,1
202606,CNU,충남대학교,20,경로,5,3
202606,CNU,충남대학교,21,경로,2,0
202606,CNU,충남대학교,22,경로,0,1
202606,CNU,충남대학교,14,장애인,1,0
202606,CNU,충남대학교,08,국가유공자,0,1
202606,CNU,충남대학교,10,국가유공자,1,0
202606,CNU,충남대학교,11,국가유공자,1,0
202606,CNU,충남대학교,12,국가유공자,0,1
202606,CNU,충남대학교,15,국가유공자,2,0
202606,CNU,충남대학교,22,국가유공자,0,1
202606,CNU,충남대학교,06,일반인,3,9
202606,CNU,충남대학교,07,일반인,9,18
202606,CNU,충남대학교,08,일반인,24,46
202606,CNU,충남대학교,09,일반인,21,32
202606,CNU,충남대학교,10,일반인,14,20
202606,CNU,충남대학교,11,일반인,8,38
202606,CNU,충남대학교,12,일반인,5,22
202606,CNU,충남대학교,13,일반인,14,35
202606,CNU,충남대학교,14,일반인,17,23
202606,CNU,충남대학교,15,일반인,17,30
202606,CNU,충남대학교,16,일반인,13,38
202606,CNU,충남대학교,17,일반인,17,35
202606,CNU,충남대학교,18,일반인,13,34
202606,CNU,충남대학교,19,일반인,20,27
202606,CNU,충남대학교,20,일반인,8,7
202606,CNU,충남대학교,21,일반인,21,11
202606,CNU,충남대학교,22,일반인,15,13
202606,CNU,충남대학교,23,일반인,9,7
202606,CNU,충남대학교,12,어린이,0,3
202606,CNU,충남대학교,13,어린이,0,2
202606,CNU,충남대학교,15,어린이,0,1
202606,CNU,충남대학교,16,어린이,1,0
202606,CNU,충남대학교,08,청소년,2,5
202606,CNU,충남대학교,09,청소년,0,5
202606,CNU,충남대학교,10,청소년,1,11
202606,CNU,충남대학교,11,청소년,1,2
202606,CNU,충남대학교,12,청소년,0,4
202606,CNU,충남대학교,13,청소년,1,2
202606,CNU,충남대학교,14,청소년,0,3
202606,CNU,충남대학교,15,청소년,2,8
202606,CNU,충남대학교,16,청소년,8,0
202606,CNU,충남대학교,17,청소년,0,1
202606,CNU,충남대학교,18,청소년,0,2
202606,CNU,충남대학교,19,청소년,0,1
202606,CNU,충남대학교,20,청소년,0,1
202606,CNU,충남대학교,21,청소년,0,1
202606,CNU,충남대학교,06,경로,0,3
202606,CNU,충남대학교,07,경로,0,1
202606,CNU,충남대학교,08,경로,1,3
202606,CNU,충남대학교,09,경로,1,13
202606,CNU,충남대학교,10,경로,1,12
202606,CNU,충남대학교,11,경로,1,2
202606,CNU,충남대학교,12,경로,7,2
202606,CNU,충남대학교,13,경로,3,7
202606,CNU,충남대학교,14,경로,0,4
202606,CNU,충남대학교,15,경로,1,6
202606,CNU,충남대학교,16,경로,3,9
202606,CNU,충남대학교,17,경로,0,3
202606,CNU,충남대학교,18,경로,0,5
202606,CNU,충남대학교,19,경로,0,2
202606,CNU,충남대학교,20,경로,0,1
202606,CNU,충남대학교,21,경로,0,1
202606,CNU,충남대학교,17,장애인,0,1
202606,CNU,충남대학교,13,국가유공자,0,1
202606,CNU,충남대학교,06,일반인,4,2
202606,CNU,충남대학교,07,일반인,6,3
202606,CNU,충남대학교,08,일반인,3,18
202606,CNU,충남대학교,09,일반인,2,3
202606,CNU,충남대학교,10,일반인,10,13
202606,CNU,충남대학교,11,일반인,10,15
202606,CNU,충남대학교,12,일반인,6,16
202606,CNU,충남대학교,13,일반인,6,24
202606,CNU,충남대학교,14,일반인,14,15
202606,CNU,충남대학교,15,일반인,11,49
202606,CNU,충남대학교,16,일반인,15,25
202606,CNU,충남대학교,17,일반인,11,51
202606,CNU,충남대학교,18,일반인,10,75
202606,CNU,충남대학교,19,일반인,15,54
202606,CNU,충남대학교,20,일반인,11,51
202606,CNU,충남대학교,21,일반인,4,65
202606,CNU,충남대학교,22,일반인,2,32
202606,CNU,충남대학교,10,어린이,0,1
202606,CNU,충남대학교,19,어린이,0,2
202606,CNU,충남대학교,07,청소년,1,0
202606,CNU,충남대학교,08,청소년,0,1
202606,CNU,충남대학교,09,청소년,0,1
202606,CNU,충남대학교,10,청소년,0,1
202606,CNU,충남대학교,12,청소년,1,0
202606,CNU,충남대학교,13,청소년,0,1
202606,CNU,충남대학교,15,청소년,1,2
202606,CNU,충남대학교,16,청소년,0,1
202606,CNU,충남대학교,17,청소년,0,3
202606,CNU,충남대학교,18,청소년,0,7
202606,CNU,충남대학교,19,청소년,0,2
202606,CNU,충남대학교,20,청소년,0,3
202606,CNU,충남대학교,21,청소년,0,4
202606,CNU,충남대학교,22,청소년,1,2
202606,CNU,충남대학교,07,경로,2,0
202606,CNU,충남대학교,10,경로,1,2
202606,CNU,충남대학교,11,경로,0,1
202606,CNU,충남대학교,12,경로,0,1
202606,CNU,충남대학교,13,경로,2,0
202606,CNU,충남대학교,14,경로,5,1
202606,CNU,충남대학교,15,경로,0,4
202606,CNU,충남대학교,20,경로,0,2
202606,CNU,충남대학교,21,경로,1,0
202606,CNU,충남대학교,06,일반인,5,0
202606,CNU,충남대학교,07,일반인,41,0
202606,CNU,충남대학교,08,일반인,54,13
202606,CNU,충남대학교,09,일반인,38,1
202606,CNU,충남대학교,10,일반인,24,5
202606,CNU,충남대학교,11,일반인,46,7
202606,CNU,충남대학교,12,일반인,43,4
202606,CNU,충남대학교,13,일반인,44,9
202606,CNU,충남대학교,14,일반인,19,6
202606,CNU,충남대학교,15,일반인,13,3
202606,CNU,충남대학교,16,일반인,12,4
202606,CNU,충남대학교,17,일반인,16,7
202606,CNU,충남대학교,18,일반인,11,13
202606,CNU,충남대학교,19,일반인,14,2
202606,CNU,충남대학교,20,일반인,15,7
202606,CNU,충남대학교,21,일반인,15,1
202606,CNU,충남대학교,22,일반인,17,1
202606,CNU,충남대학교,12,어린이,1,0
202606,CNU,충남대학교,11,청소년,1,0
202606,CNU,충남대학교,14,청소년,1,0
202606,CNU,충남대학교,15,청소년,1,0
202606,CNU,충남대학교,16,청소년,1,1
202606,CNU,충남대학교,17,청소년,1,0
202606,CNU,충남대학교,18,청소년,1,1
202606,CNU,충남대학교,20,청소년,0,1
202606,CNU,충남대학교,21,청소년,4,0
202606,CNU,충남대학교,09,경로,0,1
202606,CNU,충남대학교,11,경로,0,1
202606,CNU,충남대학교,12,경로,0,1
202606,CNU,충남대학교,13,경로,0,1
202606,CNU,충남대학교,15,경로,0,1
202606,CNU,충남대학교,19,일반인,0,1
202606,CNU,충남대학교,06,일반인,3,249
202606,CNU,충남대학교,08,일반인,11,313
202606,CNU,충남대학교,09,일반인,81,1833
202606,CNU,충남대학교,10,일반인,24,968
202606,CNU,충남대학교,13,일반인,71,903
202606,CNU,충남대학교,14,일반인,106,835
202606,CNU,충남대학교,15,일반인,20,206
202606,CNU,충남대학교,17,일반인,13,111
202606,CNU,충남대학교,18,일반인,167,1417
202606,CNU,충남대학교,19,일반인,44,927
202606,CNU,충남대학교,22,일반인,24,929
202606,CNU,충남대학교,23,일반인,42,281
202606,CNU,충남대학교,08,어린이,0,4
202606,CNU,충남대학교,10,어린이,0,1
202606,CNU,충남대학교,13,어린이,1,0
202606,CNU,충남대학교,14,어린이,4,0
202606,CNU,충남대학교,15,어린이,0,2
202606,CNU,충남대학교,18,어린이,0,7
202606,CNU,충남대학교,19,어린이,0,1
202606,CNU,충남대학교,22,어린이,0,4
202606,CNU,충남대학교,06,청소년,0,4
202606,CNU,충남대학교,08,청소년,0,23
202606,CNU,충남대학교,09,청소년,5,145
202606,CNU,충남대학교,10,청소년,0,115
202606,CNU,충남대학교,13,청소년,4,78
202606,CNU,충남대학교,14,청소년,18,72
202606,CNU,충남대학교,15,청소년,1,19
202606,CNU,충남대학교,17,청소년,1,6
202606,CNU,충남대학교,18,청소년,19,94
202606,CNU,충남대학교,19,청소년,6,47
202606,CNU,충남대학교,22,청소년,0,67
202606,CNU,충남대학교,23,청소년,3,21
202606,CNU,충남대학교,06,경로,0,1
202606,CNU,충남대학교,08,경로,1,1
202606,CNU,충남대학교,09,경로,4,4
202606,CNU,충남대학교,10,경로,2,6
202606,CNU,충남대학교,14,경로,1,3
202606,CNU,충남대학교,15,경로,0,2
202606,CNU,충남대학교,17,경로,0,1
202606,CNU,충남대학교,18,경로,0,6
202606,CNU,충남대학교,19,경로,0,4
202606,CNU,충남대학교,22,경로,1,1
202606,CNU,충남대학교,23,경로,0,2
202606,CNU,충남대학교,10,장애인,0,1
202606,CNU,충남대학교,14,장애인,0,1
202606,CNU,충남대학교,18,국가유공자,0,1
202606,CNU,충남대학교,15,일반인,0,1
202606,CNU,충남대학교,05,일반인,81,2
202606,CNU,충남대학교,06,일반인,225,8
202606,CNU,충남대학교,07,일반인,331,1
202606,CNU,충남대학교,09,일반인,17,2
202606,CNU,충남대학교,10,일반인,476,38
202606,CNU,충남대학교,11,일반인,361,26
202606,CNU,충남대학교,14,일반인,681,39
202606,CNU,충남대학교,15,일반인,1088,48
202606,CNU,충남대학교,16,일반인,441,21
202606,CNU,충남대학교,19,일반인,762,36
202606,CNU,충남대학교,20,일반인,727,20
202606,CNU,충남대학교,07,어린이,1,0
202606,CNU,충남대학교,10,어린이,2,0
202606,CNU,충남대학교,15,어린이,1,0
202606,CNU,충남대학교,16,어린이,2,0
202606,CNU,충남대학교,19,어린이,1,0
202606,CNU,충남대학교,20,어린이,4,0
202606,CNU,충남대학교,05,청소년,8,2
202606,CNU,충남대학교,06,청소년,11,0
202606,CNU,충남대학교,07,청소년,2,1
202606,CNU,충남대학교,10,청소년,30,1
202606,CNU,충남대학교,11,청소년,24,1
202606,CNU,충남대학교,14,청소년,62,3
202606,CNU,충남대학교,15,청소년,121,3
202606,CNU,충남대학교,16,청소년,42,0
202606,CNU,충남대학교,19,청소년,59,3
202606,CNU,충남대학교,20,청소년,65,4
202606,CNU,충남대학교,06,경로,2,0
202606,CNU,충남대학교,07,경로,4,1
202606,CNU,충남대학교,10,경로,4,10
202606,CNU,충남대학교,11,경로,1,0
202606,CNU,충남대학교,14,경로,2,0
202606,CNU,충남대학교,15,경로,7,1
202606,CNU,충남대학교,16,경로,4,1
202606,CNU,충남대학교,19,경로,0,2
202606,CNU,충남대학교,20,경로,0,1
202606,CNU,충남대학교,05,일반인,46,1
202606,CNU,충남대학교,06,일반인,154,9
202606,CNU,충남대학교,07,일반인,285,28
202606,CNU,충남대학교,08,일반인,496,84
202606,CNU,충남대학교,09,일반인,453,49
202606,CNU,충남대학교,10,일반인,295,27
202606,CNU,충남대학교,11,일반인,219,29
202606,CNU,충남대학교,12,일반인,293,37
202606,CNU,충남대학교,13,일반인,208,33
202606,CNU,충남대학교,14,일반인,280,36
202606,CNU,충남대학교,15,일반인,367,22
202606,CNU,충남대학교,16,일반인,330,31
202606,CNU,충남대학교,17,일반인,406,30
202606,CNU,충남대학교,18,일반인,372,25
202606,CNU,충남대학교,19,일반인,216,20
202606,CNU,충남대학교,20,일반인,216,26
202606,CNU,충남대학교,21,일반인,279,22
202606,CNU,충남대학교,22,일반인,342,21
202606,CNU,충남대학교,07,어린이,1,0
202606,CNU,충남대학교,11,어린이,2,0
202606,CNU,충남대학교,12,어린이,4,0
202606,CNU,충남대학교,15,어린이,1,0
202606,CNU,충남대학교,17,어린이,5,0
202606,CNU,충남대학교,18,어린이,1,0
202606,CNU,충남대학교,19,어린이,5,0
202606,CNU,충남대학교,20,어린이,2,0
202606,CNU,충남대학교,21,어린이,2,0
202606,CNU,충남대학교,06,청소년,1,0
202606,CNU,충남대학교,07,청소년,15,1
202606,CNU,충남대학교,08,청소년,18,1
202606,CNU,충남대학교,09,청소년,25,3
202606,CNU,충남대학교,10,청소년,23,2
202606,CNU,충남대학교,11,청소년,17,0
202606,CNU,충남대학교,12,청소년,18,3
202606,CNU,충남대학교,13,청소년,13,1
202606,CNU,충남대학교,14,청소년,16,3
202606,CNU,충남대학교,15,청소년,20,4
202606,CNU,충남대학교,16,청소년,29,3
202606,CNU,충남대학교,17,청소년,24,3
202606,CNU,충남대학교,18,청소년,27,3
202606,CNU,충남대학교,19,청소년,16,3
202606,CNU,충남대학교,20,청소년,16,1
202606,CNU,충남대학교,21,청소년,27,0
202606,CNU,충남대학교,22,청소년,30,0
202606,CNU,충남대학교,05,경로,2,0
202606,CNU,충남대학교,06,경로,20,0
202606,CNU,충남대학교,07,경로,19,1
202606,CNU,충남대학교,08,경로,27,2
202606,CNU,충남대학교,09,경로,31,5
202606,CNU,충남대학교,10,경로,17,6
202606,CNU,충남대학교,11,경로,26,7
202606,CNU,충남대학교,12,경로,37,6
202606,CNU,충남대학교,13,경로,32,7
202606,CNU,충남대학교,14,경로,50,9
202606,CNU,충남대학교,15,경로,29,9
202606,CNU,충남대학교,16,경로,26,7
202606,CNU,충남대학교,17,경로,17,8
202606,CNU,충남대학교,18,경로,7,3
202606,CNU,충남대학교,19,경로,3,2
202606,CNU,충남대학교,20,경로,7,1
202606,CNU,충남대학교,21,경로,2,0
202606,CNU,충남대학교,22,경로,1,0
202606,CNU,충남대학교,06,장애인,3,0
202606,CNU,충남대학교,07,장애인,14,0
202606,CNU,충남대학교,16,장애인,1,0
202606,CNU,충남대학교,06,국가유공자,1,0
202606,CNU,충남대학교,07,국가유공자,2,0
202606,CNU,충남대학교,08,국가유공자,1,0
202606,CNU,충남대학교,09,국가유공자,1,0
202606,CNU,충남대학교,11,국가유공자,1,1
202606,CNU,충남대학교,12,국가유공자,3,0
202606,CNU,충남대학교,20,국가유공자,1,0
202606,CNU,충남대학교,06,일반인,42,173
202606,CNU,충남대학교,07,일반인,24,296
202606,CNU,충남대학교,08,일반인,36,420
202606,CNU,충남대학교,09,일반인,37,451
202606,CNU,충남대학교,10,일반인,72,393
202606,CNU,충남대학교,11,일반인,60,363
202606,CNU,충남대학교,12,일반인,56,467
202606,CNU,충남대학교,13,일반인,62,495
202606,CNU,충남대학교,14,일반인,44,373
202606,CNU,충남대학교,15,일반인,69,472
202606,CNU,충남대학교,16,일반인,92,716
202606,CNU,충남대학교,17,일반인,72,687
202606,CNU,충남대학교,18,일반인,99,998
202606,CNU,충남대학교,19,일반인,75,750
202606,CNU,충남대학교,20,일반인,43,554
202606,CNU,충남대학교,21,일반인,29,384
202606,CNU,충남대학교,22,일반인,37,386
202606,CNU,충남대학교,23,일반인,31,119
202606,CNU,충남대학교,10,어린이,0,2
202606,CNU,충남대학교,11,어린이,0,2
202606,CNU,충남대학교,13,어린이,0,3
202606,CNU,충남대학교,14,어린이,0,1
202606,CNU,충남대학교,15,어린이,0,2
202606,CNU,충남대학교,16,어린이,0,6
202606,CNU,충남대학교,18,어린이,0,4
202606,CNU,충남대학교,19,어린이,0,1
202606,CNU,충남대학교,06,청소년,2,5
202606,CNU,충남대학교,07,청소년,1,60
202606,CNU,충남대학교,08,청소년,2,51
202606,CNU,충남대학교,09,청소년,1,25
202606,CNU,충남대학교,10,청소년,3,35
202606,CNU,충남대학교,11,청소년,1,32
202606,CNU,충남대학교,12,청소년,8,47
202606,CNU,충남대학교,13,청소년,3,39
202606,CNU,충남대학교,14,청소년,4,50
202606,CNU,충남대학교,15,청소년,3,41
202606,CNU,충남대학교,16,청소년,9,73
202606,CNU,충남대학교,17,청소년,2,39
202606,CNU,충남대학교,18,청소년,3,32
202606,CNU,충남대학교,19,청소년,4,33
202606,CNU,충남대학교,20,청소년,3,29
202606,CNU,충남대학교,21,청소년,4,14
202606,CNU,충남대학교,22,청소년,0,12
202606,CNU,충남대학교,23,청소년,0,1
202606,CNU,충남대학교,06,경로,4,41
202606,CNU,충남대학교,07,경로,2,15
202606,CNU,충남대학교,08,경로,7,40
202606,CNU,충남대학교,09,경로,8,64
202606,CNU,충남대학교,10,경로,9,117
202606,CNU,충남대학교,11,경로,11,71
202606,CNU,충남대학교,12,경로,20,109
202606,CNU,충남대학교,13,경로,11,64
202606,CNU,충남대학교,14,경로,4,78
202606,CNU,충남대학교,15,경로,6,101
202606,CNU,충남대학교,16,경로,8,90
202606,CNU,충남대학교,17,경로,3,32
202606,CNU,충남대학교,18,경로,4,27
202606,CNU,충남대학교,19,경로,1,37
202606,CNU,충남대학교,20,경로,1,23
202606,CNU,충남대학교,21,경로,0,13
202606,CNU,충남대학교,22,경로,0,8
202606,CNU,충남대학교,23,경로,0,2
202606,CNU,충남대학교,06,장애인,0,1
202606,CNU,충남대학교,07,장애인,0,1
202606,CNU,충남대학교,10,장애인,0,1
202606,CNU,충남대학교,11,장애인,0,1
202606,CNU,충남대학교,14,장애인,0,1
202606,CNU,충남대학교,17,장애인,0,1
202606,CNU,충남대학교,18,장애인,0,1
202606,CNU,충남대학교,09,국가유공자,0,1
202606,CNU,충남대학교,10,국가유공자,1,2
202606,CNU,충남대학교,11,국가유공자,0,1
202606,CNU,충남대학교,12,국가유공자,1,4
202606,CNU,충남대학교,13,국가유공자,0,6
202606,CNU,충남대학교,14,국가유공자,0,1
202606,CNU,충남대학교,15,국가유공자,0,8
202606,CNU,충남대학교,16,국가유공자,0,4
202606,CNU,충남대학교,17,국가유공자,0,4
202606,CNU,충남대학교,18,국가유공자,0,6
202606,CNU,충남대학교,19,국가유공자,0,1
202606,CNU,충남대학교,20,국가유공자,0,1
202606,CNU,충남대학교,06,일반인,10,0
202606,CNU,충남대학교,07,일반인,12,0
202606,CNU,충남대학교,08,일반인,27,0
202606,CNU,충남대학교,09,일반인,26,0
202606,CNU,충남대학교,10,일반인,20,0
202606,CNU,충남대학교,11,일반인,37,0
202606,CNU,충남대학교,12,일반인,8,0
202606,CNU,충남대학교,13,일반인,15,0
202606,CNU,충남대학교,14,일반인,27,0
202606,CNU,충남대학교,15,일반인,25,0
202606,CNU,충남대학교,16,일반인,36,1
202606,CNU,충남대학교,17,일반인,30,0
202606,CNU,충남대학교,18,일반인,30,0
202606,CNU,충남대학교,19,일반인,33,0
202606,CNU,충남대학교,20,일반인,14,0
202606,CNU,충남대학교,21,일반인,10,0
202606,CNU,충남대학교,22,일반인,7,0
202606,CNU,충남대학교,23,일반인,2,0
202606,CNU,충남대학교,12,청소년,1,0
202606,CNU,충남대학교,13,청소년,1,0
202606,CNU,충남대학교,16,청소년,1,0
202606,CNU,충남대학교,06,경로,8,0
202606,CNU,충남대학교,07,경로,5,0
202606,CNU,충남대학교,08,경로,11,0
202606,CNU,충남대학교,09,경로,5,0
202606,CNU,충남대학교,10,경로,6,0
202606,CNU,충남대학교,11,경로,5,0
202606,CNU,충남대학교,12,경로,6,0
202606,CNU,충남대학교,13,경로,3,0
202606,CNU,충남대학교,15,경로,2,0
202606,CNU,충남대학교,16,경로,2,0
202606,CNU,충남대학교,17,경로,3,0
202606,CNU,충남대학교,21,경로,1,0
202606,CNU,충남대학교,07,일반인,1,3
202606,CNU,충남대학교,08,일반인,0,3
202606,CNU,충남대학교,09,일반인,0,4
202606,CNU,충남대학교,10,일반인,0,5
202606,CNU,충남대학교,11,일반인,0,2
202606,CNU,충남대학교,12,일반인,0,8
202606,CNU,충남대학교,13,일반인,0,9
202606,CNU,충남대학교,14,일반인,0,5
202606,CNU,충남대학교,15,일반인,0,2
202606,CNU,충남대학교,16,일반인,0,5
202606,CNU,충남대학교,17,일반인,0,2
202606,CNU,충남대학교,18,일반인,0,2
202606,CNU,충남대학교,19,일반인,1,3
202606,CNU,충남대학교,20,일반인,1,1
202606,CNU,충남대학교,21,일반인,0,8
202606,CNU,충남대학교,22,일반인,0,2
202606,CNU,충남대학교,23,일반인,0,6
202606,CNU,충남대학교,15,어린이,0,4
202606,CNU,충남대학교,17,어린이,0,2
202606,CNU,충남대학교,13,청소년,0,2
202606,CNU,충남대학교,16,청소년,0,2
202606,CNU,충남대학교,07,경로,2,0
202606,CNU,충남대학교,10,경로,0,1
202606,CNU,충남대학교,12,경로,0,1
202606,CNU,충남대학교,21,경로,0,1
202606,CNU,충남대학교,06,일반인,1,150
202606,CNU,충남대학교,07,일반인,12,1042
202606,CNU,충남대학교,08,일반인,33,1574
202606,CNU,충남대학교,10,일반인,14,333
202606,CNU,충남대학교,11,일반인,58,1074
202606,CNU,충남대학교,12,일반인,53,1327
202606,CNU,충남대학교,13,일반인,12,331
202606,CNU,충남대학교,15,일반인,45,613
202606,CNU,충남대학교,16,일반인,64,850
202606,CNU,충남대학교,17,일반인,62,930
202606,CNU,충남대학교,19,일반인,8,229
202606,CNU,충남대학교,20,일반인,19,571
202606,CNU,충남대학교,21,일반인,21,662
202606,CNU,충남대학교,22,일반인,0,103
202606,CNU,충남대학교,08,어린이,0,1
202606,CNU,충남대학교,10,어린이,0,5
202606,CNU,충남대학교,11,어린이,0,9
202606,CNU,충남대학교,12,어린이,0,2
202606,CNU,충남대학교,13,어린이,0,1
202606,CNU,충남대학교,15,어린이,0,2
202606,CNU,충남대학교,16,어린이,0,3
202606,CNU,충남대학교,17,어린이,0,3
202606,CNU,충남대학교,21,어린이,0,1
202606,CNU,충남대학교,22,어린이,0,1
202606,CNU,충남대학교,06,청소년,0,5
202606,CNU,충남대학교,07,청소년,0,62
202606,CNU,충남대학교,08,청소년,0,128
202606,CNU,충남대학교,10,청소년,0,32
202606,CNU,충남대학교,11,청소년,1,124
202606,CNU,충남대학교,12,청소년,3,124
202606,CNU,충남대학교,13,청소년,2,61
202606,CNU,충남대학교,15,청소년,8,59
202606,CNU,충남대학교,16,청소년,12,87
202606,CNU,충남대학교,17,청소년,5,79
202606,CNU,충남대학교,19,청소년,0,9
202606,CNU,충남대학교,20,청소년,1,73
202606,CNU,충남대학교,21,청소년,0,40
202606,CNU,충남대학교,22,청소년,0,5
202606,CNU,충남대학교,06,경로,0,1
202606,CNU,충남대학교,07,경로,0,3
202606,CNU,충남대학교,08,경로,0,5
202606,CNU,충남대학교,10,경로,0,3
202606,CNU,충남대학교,11,경로,0,5
202606,CNU,충남대학교,12,경로,0,8
202606,CNU,충남대학교,13,경로,0,2
202606,CNU,충남대학교,15,경로,0,9
202606,CNU,충남대학교,16,경로,0,8
202606,CNU,충남대학교,17,경로,0,7
202606,CNU,충남대학교,19,경로,0,10
202606,CNU,충남대학교,20,경로,0,11
202606,CNU,충남대학교,21,경로,0,3
202606,CNU,충남대학교,22,경로,0,1
202606,CNU,충남대학교,10,장애인,0,1
202606,CNU,충남대학교,11,장애인,0,1
202606,CNU,충남대학교,17,장애인,0,1
202606,CNU,충남대학교,21,장애인,1,0
202606,CNU,충남대학교,16,국가유공자,0,2
202606,CNU,충남대학교,21,국가유공자,0,1
202606,CNU,충남대학교,07,일반인,0,6
202606,CNU,충남대학교,13,일반인,0,4
202606,CNU,충남대학교,13,청소년,0,2
202606,CNU,충남대학교,07,일반인,266,4
202606,CNU,충남대학교,08,일반인,631,14
202606,CNU,충남대학교,09,일반인,493,41
202606,CNU,충남대학교,11,일반인,223,4
202606,CNU,충남대학교,12,일반인,692,24
202606,CNU,충남대학교,13,일반인,785,43
202606,CNU,충남대학교,14,일반인,272,6
202606,CNU,충남대학교,16,일반인,856,38
202606,CNU,충남대학교,17,일반인,1066,46
202606,CNU,충남대학교,18,일반인,972,67
202606,CNU,충남대학교,19,일반인,9,0
202606,CNU,충남대학교,20,일반인,270,5
202606,CNU,충남대학교,21,일반인,930,33
202606,CNU,충남대학교,22,일반인,1239,34
202606,CNU,충남대학교,23,일반인,8,1
202606,CNU,충남대학교,12,어린이,1,3
202606,CNU,충남대학교,13,어린이,2,0
202606,CNU,충남대학교,14,어린이,1,1
202606,CNU,충남대학교,16,어린이,2,0
202606,CNU,충남대학교,20,어린이,1,0
202606,CNU,충남대학교,07,청소년,6,0
202606,CNU,충남대학교,08,청소년,21,1
202606,CNU,충남대학교,09,청소년,8,1
202606,CNU,충남대학교,11,청소년,24,0
202606,CNU,충남대학교,12,청소년,52,3
202606,CNU,충남대학교,13,청소년,60,2
202606,CNU,충남대학교,14,청소년,17,1
202606,CNU,충남대학교,16,청소년,67,0
202606,CNU,충남대학교,17,청소년,82,4
202606,CNU,충남대학교,18,청소년,67,9
202606,CNU,충남대학교,20,청소년,27,1
202606,CNU,충남대학교,21,청소년,70,2
202606,CNU,충남대학교,22,청소년,107,6
202606,CNU,충남대학교,23,청소년,2,0
202606,CNU,충남대학교,07,경로,1,1
202606,CNU,충남대학교,08,경로,2,2
202606,CNU,충남대학교,09,경로,1,0
202606,CNU,충남대학교,11,경로,1,0
202606,CNU,충남대학교,12,경로,5,1
202606,CNU,충남대학교,13,경로,3,0
202606,CNU,충남대학교,14,경로,3,0
202606,CNU,충남대학교,16,경로,8,2
202606,CNU,충남대학교,17,경로,1,2
202606,CNU,충남대학교,18,경로,2,0
202606,CNU,충남대학교,12,장애인,1,0
202606,CNU,충남대학교,21,국가유공자,1,0
202606,CNU,충남대학교,06,일반인,37,1
202606,CNU,충남대학교,07,일반인,52,4
202606,CNU,충남대학교,08,일반인,41,5
202606,CNU,충남대학교,09,일반인,92,5
202606,CNU,충남대학교,10,일반인,22,12
202606,CNU,충남대학교,11,일반인,49,18
202606,CNU,충남대학교,12,일반인,72,14
202606,CNU,충남대학교,13,일반인,35,6
202606,CNU,충남대학교,14,일반인,70,21
202606,CNU,충남대학교,15,일반인,167,56
202606,CNU,충남대학교,16,일반인,80,20
202606,CNU,충남대학교,17,일반인,147,86
202606,CNU,충남대학교,18,일반인,168,50
202606,CNU,충남대학교,19,일반인,134,16
202606,CNU,충남대학교,20,일반인,174,35
202606,CNU,충남대학교,21,일반인,102,16
202606,CNU,충남대학교,22,일반인,135,57
202606,CNU,충남대학교,15,어린이,1,0
202606,CNU,충남대학교,16,어린이,0,1
202606,CNU,충남대학교,17,어린이,3,0
202606,CNU,충남대학교,19,어린이,2,0
202606,CNU,충남대학교,06,청소년,0,1
202606,CNU,충남대학교,07,청소년,5,0
202606,CNU,충남대학교,08,청소년,0,1
202606,CNU,충남대학교,12,청소년,9,0
202606,CNU,충남대학교,13,청소년,4,0
202606,CNU,충남대학교,14,청소년,9,0
202606,CNU,충남대학교,15,청소년,13,0
202606,CNU,충남대학교,16,청소년,7,1
202606,CNU,충남대학교,17,청소년,12,1
202606,CNU,충남대학교,18,청소년,9,4
202606,CNU,충남대학교,19,청소년,11,4
202606,CNU,충남대학교,20,청소년,20,0
202606,CNU,충남대학교,21,청소년,14,0
202606,CNU,충남대학교,22,청소년,14,1
202606,CNU,충남대학교,06,경로,64,0
202606,CNU,충남대학교,07,경로,29,0
202606,CNU,충남대학교,08,경로,6,0
202606,CNU,충남대학교,09,경로,6,0
202606,CNU,충남대학교,10,경로,4,0
202606,CNU,충남대학교,12,경로,14,0
202606,CNU,충남대학교,13,경로,2,0
202606,CNU,충남대학교,14,경로,6,1
202606,CNU,충남대학교,15,경로,10,0
202606,CNU,충남대학교,16,경로,4,0
202606,CNU,충남대학교,17,경로,7,1
202606,CNU,충남대학교,18,경로,1,0
202606,CNU,충남대학교,20,경로,4,0
202606,CNU,충남대학교,21,경로,1,0
202606,CNU,충남대학교,10,장애인,2,1
202606,CNU,충남대학교,12,장애인,1,0
202606,CNU,충남대학교,13,장애인,1,0
202606,CNU,충남대학교,15,장애인,3,0
202606,CNU,충남대학교,17,장애인,1,0
202606,CNU,충남대학교,06,국가유공자,7,0
202606,CNU,충남대학교,09,국가유공자,1,0
202606,CNU,충남대학교,12,국가유공자,1,0
202606,CNU,충남대학교,17,국가유공자,3,0
202606,CNU,충남대학교,06,일반인,5,10
202606,CNU,충남대학교,07,일반인,9,90
202606,CNU,충남대학교,08,일반인,35,53
202606,CNU,충남대학교,09,일반인,42,58
202606,CNU,충남대학교,10,일반인,11,34
202606,CNU,충남대학교,11,일반인,10,31
202606,CNU,충남대학교,12,일반인,20,59
202606,CNU,충남대학교,13,일반인,26,29
202606,CNU,충남대학교,14,일반인,13,27
202606,CNU,충남대학교,15,일반인,12,31
202606,CNU,충남대학교,16,일반인,8,26
202606,CNU,충남대학교,17,일반인,7,35
202606,CNU,충남대학교,18,일반인,5,27
202606,CNU,충남대학교,19,일반인,11,14
202606,CNU,충남대학교,20,일반인,6,8
202606,CNU,충남대학교,21,일반인,3,9
202606,CNU,충남대학교,22,일반인,9,15
202606,CNU,충남대학교,23,일반인,0,18
202606,CNU,충남대학교,10,어린이,0,5
202606,CNU,충남대학교,15,어린이,0,2
202606,CNU,충남대학교,10,청소년,0,2
202606,CNU,충남대학교,11,청소년,0,3
202606,CNU,충남대학교,12,청소년,1,0
202606,CNU,충남대학교,13,청소년,1,3
202606,CNU,충남대학교,14,청소년,1,6
202606,CNU,충남대학교,15,청소년,1,0
202606,CNU,충남대학교,16,청소년,0,6
202606,CNU,충남대학교,17,청소년,1,10
202606,CNU,충남대학교,18,청소년,1,5
202606,CNU,충남대학교,19,청소년,0,2
202606,CNU,충남대학교,20,청소년,3,0
202606,CNU,충남대학교,09,경로,0,1
202606,CNU,충남대학교,11,경로,0,1
202606,CNU,충남대학교,12,경로,0,1
202606,CNU,충남대학교,13,경로,0,1
202606,CNU,충남대학교,14,경로,0,2
202606,CNU,충남대학교,17,경로,0,2
202606,CNU,충남대학교,18,경로,2,1
202606,CNU,충남대학교,21,경로,0,2
202606,CNU,충남대학교,13,장애인,0,1
202606,CNU,충남대학교,06,국가유공자,0,1
202606,CNU,충남대학교,07,국가유공자,0,1
202606,CNU,충남대학교,14,국가유공자,0,1
202606,CNU,충남대학교,15,국가유공자,0,2
202606,CNU,충남대학교,16,국가유공자,0,1
202606,KIGAM,한국지질자원연구원,06,일반인,3,70
202606,KIGAM,한국지질자원연구원,07,일반인,0,76
202606,KIGAM,한국지질자원연구원,08,일반인,6,335
202606,KIGAM,한국지질자원연구원,09,일반인,2,482
202606,KIGAM,한국지질자원연구원,10,일반인,3,113
202606,KIGAM,한국지질자원연구원,11,일반인,15,54
202606,KIGAM,한국지질자원연구원,12,일반인,5,90
202606,KIGAM,한국지질자원연구원,13,일반인,7,101
202606,KIGAM,한국지질자원연구원,14,일반인,10,71
202606,KIGAM,한국지질자원연구원,15,일반인,18,60
202606,KIGAM,한국지질자원연구원,16,일반인,41,50
202606,KIGAM,한국지질자원연구원,17,일반인,46,54
202606,KIGAM,한국지질자원연구원,18,일반인,61,36
202606,KIGAM,한국지질자원연구원,19,일반인,32,48
202606,KIGAM,한국지질자원연구원,20,일반인,19,83
202606,KIGAM,한국지질자원연구원,21,일반인,20,64
202606,KIGAM,한국지질자원연구원,22,일반인,4,61
202606,KIGAM,한국지질자원연구원,23,일반인,5,18
202606,KIGAM,한국지질자원연구원,17,어린이,0,1
202606,KIGAM,한국지질자원연구원,09,청소년,0,1
202606,KIGAM,한국지질자원연구원,10,청소년,0,1
202606,KIGAM,한국지질자원연구원,11,청소년,0,1
202606,KIGAM,한국지질자원연구원,12,청소년,0,3
202606,KIGAM,한국지질자원연구원,14,청소년,0,3
202606,KIGAM,한국지질자원연구원,15,청소년,0,4
202606,KIGAM,한국지질자원연구원,16,청소년,0,4
202606,KIGAM,한국지질자원연구원,17,청소년,0,8
202606,KIGAM,한국지질자원연구원,18,청소년,0,2
202606,KIGAM,한국지질자원연구원,19,청소년,0,3
202606,KIGAM,한국지질자원연구원,20,청소년,0,3
202606,KIGAM,한국지질자원연구원,21,청소년,0,2
202606,KIGAM,한국지질자원연구원,22,청소년,0,8
202606,KIGAM,한국지질자원연구원,23,청소년,0,2
202606,KIGAM,한국지질자원연구원,07,경로,0,2
202606,KIGAM,한국지질자원연구원,08,경로,0,1
202606,KIGAM,한국지질자원연구원,09,경로,0,5
202606,KIGAM,한국지질자원연구원,10,경로,1,13
202606,KIGAM,한국지질자원연구원,11,경로,3,2
202606,KIGAM,한국지질자원연구원,12,경로,0,3
202606,KIGAM,한국지질자원연구원,13,경로,0,3
202606,KIGAM,한국지질자원연구원,14,경로,17,0
202606,KIGAM,한국지질자원연구원,15,경로,0,2
202606,KIGAM,한국지질자원연구원,16,경로,0,2
202606,KIGAM,한국지질자원연구원,08,국가유공자,0,1
202606,KRIBB,한국생명공학연구원,06,일반인,14,2
202606,KRIBB,한국생명공학연구원,07,일반인,2,11
202606,KRIBB,한국생명공학연구원,08,일반인,14,92
202606,KRIBB,한국생명공학연구원,09,일반인,22,141
202606,KRIBB,한국생명공학연구원,10,일반인,28,20
202606,KRIBB,한국생명공학연구원,11,일반인,66,8
202606,KRIBB,한국생명공학연구원,12,일반인,43,14
202606,KRIBB,한국생명공학연구원,13,일반인,40,22
202606,KRIBB,한국생명공학연구원,14,일반인,125,9
202606,KRIBB,한국생명공학연구원,15,일반인,135,5
202606,KRIBB,한국생명공학연구원,16,일반인,204,6
202606,KRIBB,한국생명공학연구원,17,일반인,333,4
202606,KRIBB,한국생명공학연구원,18,일반인,313,14
202606,KRIBB,한국생명공학연구원,19,일반인,196,2
202606,KRIBB,한국생명공학연구원,20,일반인,149,8
202606,KRIBB,한국생명공학연구원,21,일반인,65,1
202606,KRIBB,한국생명공학연구원,22,일반인,62,0
202606,KRIBB,한국생명공학연구원,07,청소년,1,0
202606,KRIBB,한국생명공학연구원,08,청소년,2,0
202606,KRIBB,한국생명공학연구원,10,청소년,1,0
202606,KRIBB,한국생명공학연구원,11,청소년,4,0
202606,KRIBB,한국생명공학연구원,12,청소년,3,0
202606,KRIBB,한국생명공학연구원,13,청소년,2,0
202606,KRIBB,한국생명공학연구원,14,청소년,3,0
202606,KRIBB,한국생명공학연구원,15,청소년,4,0
202606,KRIBB,한국생명공학연구원,16,청소년,3,0
202606,KRIBB,한국생명공학연구원,17,청소년,3,0
202606,KRIBB,한국생명공학연구원,18,청소년,2,0
202606,KRIBB,한국생명공학연구원,21,청소년,3,0
202606,KRIBB,한국생명공학연구원,22,청소년,1,0
202606,KRIBB,한국생명공학연구원,06,경로,0,1
202606,KRIBB,한국생명공학연구원,08,경로,1,0
202606,KRIBB,한국생명공학연구원,10,경로,1,0
202606,KRIBB,한국생명공학연구원,12,경로,1,0
202606,KRIBB,한국생명공학연구원,14,경로,9,0
202606,KRIBB,한국생명공학연구원,15,경로,2,0
202606,KRIBB,한국생명공학연구원,17,경로,1,0
202606,KRIBB,한국생명공학연구원,18,경로,1,0
202606,KRIBB,한국생명공학연구원,18,국가유공자,1,0
202606,KIGAM,한국지질자원연구원,09,일반인,1,0
202606,KIGAM,한국지질자원연구원,10,일반인,2,0
202606,KIGAM,한국지질자원연구원,11,일반인,23,0
202606,KIGAM,한국지질자원연구원,12,일반인,1,0
202606,KIGAM,한국지질자원연구원,13,일반인,1,0
202606,KIGAM,한국지질자원연구원,14,일반인,1,0
202606,KIGAM,한국지질자원연구원,15,일반인,1,0
202606,KIGAM,한국지질자원연구원,16,일반인,26,0
202606,KIGAM,한국지질자원연구원,17,일반인,6,1
202606,KIGAM,한국지질자원연구원,18,일반인,59,0
202606,KIGAM,한국지질자원연구원,19,일반인,15,0
202606,KIGAM,한국지질자원연구원,20,일반인,17,0
202606,KIGAM,한국지질자원연구원,21,일반인,4,0
202606,KIGAM,한국지질자원연구원,22,일반인,6,0
202606,KIGAM,한국지질자원연구원,12,경로,1,0
202606,KIGAM,한국지질자원연구원,13,경로,1,0
202606,KIGAM,한국지질자원연구원,14,경로,2,0
202606,KIGAM,한국지질자원연구원,16,경로,10,0
202606,KIGAM,한국지질자원연구원,10,장애인,1,0
202606,KINS,원자력안전기술원,06,일반인,2,314
202606,KINS,원자력안전기술원,07,일반인,7,316
202606,KINS,원자력안전기술원,08,일반인,12,680
202606,KINS,원자력안전기술원,09,일반인,7,572
202606,KINS,원자력안전기술원,10,일반인,6,230
202606,KINS,원자력안전기술원,11,일반인,19,218
202606,KINS,원자력안전기술원,12,일반인,21,239
202606,KINS,원자력안전기술원,13,일반인,22,221
202606,KINS,원자력안전기술원,14,일반인,30,186
202606,KINS,원자력안전기술원,15,일반인,27,186
202606,KINS,원자력안전기술원,16,일반인,71,199
202606,KINS,원자력안전기술원,17,일반인,101,141
202606,KINS,원자력안전기술원,18,일반인,148,140
202606,KINS,원자력안전기술원,19,일반인,69,116
202606,KINS,원자력안전기술원,20,일반인,51,104
202606,KINS,원자력안전기술원,21,일반인,61,111
202606,KINS,원자력안전기술원,22,일반인,40,93
202606,KINS,원자력안전기술원,23,일반인,51,31
202606,KINS,원자력안전기술원,10,어린이,0,1
202606,KINS,원자력안전기술원,11,어린이,0,1
202606,KINS,원자력안전기술원,12,어린이,0,4
202606,KINS,원자력안전기술원,13,어린이,0,4
202606,KINS,원자력안전기술원,07,청소년,0,3
202606,KINS,원자력안전기술원,08,청소년,1,1
202606,KINS,원자력안전기술원,09,청소년,0,9
202606,KINS,원자력안전기술원,10,청소년,0,6
202606,KINS,원자력안전기술원,11,청소년,0,9
202606,KINS,원자력안전기술원,12,청소년,0,4
202606,KINS,원자력안전기술원,13,청소년,0,8
202606,KINS,원자력안전기술원,14,청소년,0,6
202606,KINS,원자력안전기술원,15,청소년,0,11
202606,KINS,원자력안전기술원,16,청소년,1,11
202606,KINS,원자력안전기술원,17,청소년,2,10
202606,KINS,원자력안전기술원,18,청소년,0,10
202606,KINS,원자력안전기술원,19,청소년,1,21
202606,KINS,원자력안전기술원,20,청소년,0,14
202606,KINS,원자력안전기술원,21,청소년,0,3
202606,KINS,원자력안전기술원,22,청소년,0,16
202606,KINS,원자력안전기술원,23,청소년,0,7
202606,KINS,원자력안전기술원,06,경로,0,6
202606,KINS,원자력안전기술원,07,경로,0,1
202606,KINS,원자력안전기술원,08,경로,1,10
202606,KINS,원자력안전기술원,09,경로,1,3
202606,KINS,원자력안전기술원,10,경로,0,4
202606,KINS,원자력안전기술원,11,경로,0,3
202606,KINS,원자력안전기술원,12,경로,2,8
202606,KINS,원자력안전기술원,13,경로,1,4
202606,KINS,원자력안전기술원,14,경로,1,0
202606,KINS,원자력안전기술원,15,경로,3,9
202606,KINS,원자력안전기술원,16,경로,0,4
202606,KINS,원자력안전기술원,18,경로,0,3
202606,KINS,원자력안전기술원,12,장애인,0,1
202606,KINS,원자력안전기술원,13,장애인,0,1
202606,KINS,원자력안전기술원,15,장애인,0,1
202606,KINS,원자력안전기술원,06,국가유공자,0,6
202606,KINS,원자력안전기술원,12,국가유공자,0,1
202606,KINS,원자력안전기술원,17,국가유공자,0,4
202606,KINS,원자력안전기술원,06,일반인,1,0
202606,KINS,원자력안전기술원,08,일반인,1,0
202606,KINS,원자력안전기술원,09,일반인,3,0
202606,KINS,원자력안전기술원,10,일반인,2,0
202606,KINS,원자력안전기술원,11,일반인,3,0
202606,KINS,원자력안전기술원,12,일반인,4,0
202606,KINS,원자력안전기술원,14,일반인,12,0
202606,KINS,원자력안전기술원,15,일반인,3,0
202606,KINS,원자력안전기술원,16,일반인,7,0
202606,KINS,원자력안전기술원,17,일반인,14,0
202606,KINS,원자력안전기술원,18,일반인,43,1
202606,KINS,원자력안전기술원,19,일반인,7,0
202606,KINS,원자력안전기술원,20,일반인,9,0
202606,KINS,원자력안전기술원,21,일반인,2,0
202606,KINS,원자력안전기술원,22,일반인,4,0
202606,KINS,원자력안전기술원,07,청소년,1,0
202606,KINS,원자력안전기술원,17,청소년,2,0
202606,KINS,원자력안전기술원,18,청소년,1,0
202606,KAIST,한국과학기술원본관,06,일반인,1,0
202606,KAIST,한국과학기술원본관,07,일반인,8,12
202606,KAIST,한국과학기술원본관,08,일반인,5,16
202606,KAIST,한국과학기술원본관,09,일반인,22,6
202606,KAIST,한국과학기술원본관,10,일반인,11,3
202606,KAIST,한국과학기술원본관,11,일반인,16,2
202606,KAIST,한국과학기술원본관,12,일반인,41,6
202606,KAIST,한국과학기술원본관,13,일반인,14,3
202606,KAIST,한국과학기술원본관,14,일반인,71,8
202606,KAIST,한국과학기술원본관,15,일반인,56,4
202606,KAIST,한국과학기술원본관,16,일반인,41,3
202606,KAIST,한국과학기술원본관,17,일반인,79,9
202606,KAIST,한국과학기술원본관,18,일반인,164,13
202606,KAIST,한국과학기술원본관,19,일반인,103,9
202606,KAIST,한국과학기술원본관,20,일반인,42,5
202606,KAIST,한국과학기술원본관,21,일반인,121,2
202606,KAIST,한국과학기술원본관,22,일반인,66,2
202606,KAIST,한국과학기술원본관,07,청소년,1,0
202606,KAIST,한국과학기술원본관,09,청소년,2,0
202606,KAIST,한국과학기술원본관,10,청소년,1,0
202606,KAIST,한국과학기술원본관,11,청소년,3,0
202606,KAIST,한국과학기술원본관,12,청소년,1,0
202606,KAIST,한국과학기술원본관,14,청소년,2,0
202606,KAIST,한국과학기술원본관,15,청소년,4,0
202606,KAIST,한국과학기술원본관,16,청소년,2,0
202606,KAIST,한국과학기술원본관,17,청소년,1,0
202606,KAIST,한국과학기술원본관,18,청소년,4,0
202606,KAIST,한국과학기술원본관,19,청소년,1,1
202606,KAIST,한국과학기술원본관,20,청소년,1,0
202606,KAIST,한국과학기술원본관,21,청소년,5,0
202606,KAIST,한국과학기술원본관,07,경로,1,0
202606,KAIST,한국과학기술원본관,16,경로,0,1
202606,KAIST,한국과학기술원본관,19,경로,1,0
202606,KAIST,한국과학기술원본관,20,경로,1,0
202606,KAIST,한국과학기술원본관,06,일반인,0,2
202606,KAIST,한국과학기술원본관,07,일반인,0,12
202606,KAIST,한국과학기술원본관,08,일반인,0,31
202606,KAIST,한국과학기술원본관,09,일반인,0,81
202606,KAIST,한국과학기술원본관,10,일반인,1,22
202606,KAIST,한국과학기술원본관,11,일반인,0,44
202606,KAIST,한국과학기술원본관,12,일반인,1,47
202606,KAIST,한국과학기술원본관,13,일반인,0,32
202606,KAIST,한국과학기술원본관,14,일반인,1,21
202606,KAIST,한국과학기술원본관,15,일반인,0,11
202606,KAIST,한국과학기술원본관,16,일반인,0,14
202606,KAIST,한국과학기술원본관,17,일반인,0,27
202606,KAIST,한국과학기술원본관,18,일반인,5,12
202606,KAIST,한국과학기술원본관,19,일반인,1,18
202606,KAIST,한국과학기술원본관,20,일반인,0,16
202606,KAIST,한국과학기술원본관,21,일반인,1,16
202606,KAIST,한국과학기술원본관,22,일반인,0,20
202606,KAIST,한국과학기술원본관,12,청소년,0,1
202606,KAIST,한국과학기술원본관,13,청소년,0,1
202606,KAIST,한국과학기술원본관,15,청소년,0,1
202606,KAIST,한국과학기술원본관,19,청소년,0,3
202606,KAIST,한국과학기술원본관,21,청소년,0,2
202606,KAIST,한국과학기술원본관,22,청소년,0,1
202606,KAIST,한국과학기술원본관,13,경로,0,1
202606,KAIST,한국과학기술원본관,14,경로,0,1
202606,KAIST,한국과학기술원본관,19,경로,0,1
202606,KAIST,한국과학기술원본관,21,경로,0,1
202606,KAIST,한국과학기술원본관,22,경로,0,1
202606,KINS,원자력안전기술원,12,일반인,0,1
202606,KINS,원자력안전기술원,15,일반인,0,1
202606,KINS,원자력안전기술원,16,일반인,0,4
202606,KIER,한국에너지기술연구원,06,일반인,0,12
202606,KIER,한국에너지기술연구원,07,일반인,1,131
202606,KIER,한국에너지기술연구원,08,일반인,0,231
202606,KIER,한국에너지기술연구원,09,일반인,0,160
202606,KIER,한국에너지기술연구원,10,일반인,0,32
202606,KIER,한국에너지기술연구원,11,일반인,0,29
202606,KIER,한국에너지기술연구원,12,일반인,0,17
202606,KIER,한국에너지기술연구원,13,일반인,0,19
202606,KIER,한국에너지기술연구원,14,일반인,0,7
202606,KIER,한국에너지기술연구원,15,일반인,0,4
202606,KIER,한국에너지기술연구원,16,일반인,0,19
202606,KIER,한국에너지기술연구원,17,일반인,2,15
202606,KIER,한국에너지기술연구원,18,일반인,1,9
202606,KIER,한국에너지기술연구원,19,일반인,0,6
202606,KIER,한국에너지기술연구원,20,일반인,0,6
202606,KIER,한국에너지기술연구원,21,일반인,0,9
202606,KIER,한국에너지기술연구원,22,일반인,0,4
202606,KIER,한국에너지기술연구원,23,일반인,0,4
202606,KIER,한국에너지기술연구원,13,어린이,0,1
202606,KIER,한국에너지기술연구원,18,어린이,0,3
202606,KIER,한국에너지기술연구원,10,청소년,0,1
202606,KIER,한국에너지기술연구원,12,청소년,0,2
202606,KIER,한국에너지기술연구원,13,청소년,0,1
202606,KIER,한국에너지기술연구원,14,청소년,0,3
202606,KIER,한국에너지기술연구원,19,청소년,0,3
202606,KIER,한국에너지기술연구원,21,청소년,0,3
202606,KIER,한국에너지기술연구원,06,경로,0,1
202606,KIER,한국에너지기술연구원,10,경로,0,3
202606,KIER,한국에너지기술연구원,11,경로,0,2
202606,KIER,한국에너지기술연구원,12,경로,0,1
202606,KIER,한국에너지기술연구원,13,경로,0,2
202606,KIER,한국에너지기술연구원,15,경로,0,1
202606,KIER,한국에너지기술연구원,17,경로,0,3
202606,KIER,한국에너지기술연구원,21,경로,0,1
202606,KARI,한국항공우주연구원,06,일반인,1,80
202606,KARI,한국항공우주연구원,07,일반인,0,242
202606,KARI,한국항공우주연구원,08,일반인,7,190
202606,KARI,한국항공우주연구원,09,일반인,4,364
202606,KARI,한국항공우주연구원,10,일반인,6,79
202606,KARI,한국항공우주연구원,11,일반인,9,40
202606,KARI,한국항공우주연구원,12,일반인,6,81
202606,KARI,한국항공우주연구원,13,일반인,7,62
202606,KARI,한국항공우주연구원,14,일반인,6,44
202606,KARI,한국항공우주연구원,15,일반인,15,69
202606,KARI,한국항공우주연구원,16,일반인,17,67
202606,KARI,한국항공우주연구원,17,일반인,22,54
202606,KARI,한국항공우주연구원,18,일반인,52,74
202606,KARI,한국항공우주연구원,19,일반인,26,76
202606,KARI,한국항공우주연구원,20,일반인,20,97
202606,KARI,한국항공우주연구원,21,일반인,21,105
202606,KARI,한국항공우주연구원,22,일반인,8,106
202606,KARI,한국항공우주연구원,23,일반인,3,37
202606,KARI,한국항공우주연구원,09,어린이,0,2
202606,KARI,한국항공우주연구원,15,청소년,0,1
202606,KARI,한국항공우주연구원,17,청소년,0,3
202606,KARI,한국항공우주연구원,18,청소년,0,1
202606,KARI,한국항공우주연구원,20,청소년,0,6
202606,KARI,한국항공우주연구원,21,청소년,1,3
202606,KARI,한국항공우주연구원,22,청소년,0,4
202606,KARI,한국항공우주연구원,23,청소년,0,2
202606,KARI,한국항공우주연구원,07,경로,0,5
202606,KARI,한국항공우주연구원,08,경로,5,1
202606,KARI,한국항공우주연구원,09,경로,0,3
202606,KARI,한국항공우주연구원,10,경로,0,5
202606,KARI,한국항공우주연구원,11,경로,0,3
202606,KARI,한국항공우주연구원,12,경로,0,4
202606,KARI,한국항공우주연구원,13,경로,0,3
202606,KARI,한국항공우주연구원,14,경로,0,4
202606,KARI,한국항공우주연구원,15,경로,0,7
202606,KARI,한국항공우주연구원,16,경로,0,9
202606,KARI,한국항공우주연구원,17,경로,0,5
202606,KARI,한국항공우주연구원,18,경로,0,5
202606,KARI,한국항공우주연구원,20,경로,0,1
202606,KARI,한국항공우주연구원,21,경로,0,2
202606,KARI,한국항공우주연구원,22,경로,0,1
202606,KARI,한국항공우주연구원,08,국가유공자,0,1
202606,KARI,한국항공우주연구원,09,국가유공자,0,5
202606,KIER,한국에너지기술연구원,06,일반인,2,77
202606,KIER,한국에너지기술연구원,07,일반인,4,151
202606,KIER,한국에너지기술연구원,08,일반인,2,383
202606,KIER,한국에너지기술연구원,09,일반인,5,229
202606,KIER,한국에너지기술연구원,10,일반인,1,61
202606,KIER,한국에너지기술연구원,11,일반인,1,53
202606,KIER,한국에너지기술연구원,12,일반인,3,44
202606,KIER,한국에너지기술연구원,13,일반인,0,64
202606,KIER,한국에너지기술연구원,14,일반인,3,50
202606,KIER,한국에너지기술연구원,15,일반인,0,59
202606,KIER,한국에너지기술연구원,16,일반인,2,99
202606,KIER,한국에너지기술연구원,17,일반인,6,82
202606,KIER,한국에너지기술연구원,18,일반인,16,91
202606,KIER,한국에너지기술연구원,19,일반인,2,52
202606,KIER,한국에너지기술연구원,20,일반인,2,78
202606,KIER,한국에너지기술연구원,21,일반인,0,46
202606,KIER,한국에너지기술연구원,22,일반인,2,49
202606,KIER,한국에너지기술연구원,23,일반인,1,10
202606,KIER,한국에너지기술연구원,07,청소년,0,1
202606,KIER,한국에너지기술연구원,11,청소년,0,1
202606,KIER,한국에너지기술연구원,12,청소년,0,3
202606,KIER,한국에너지기술연구원,13,청소년,0,4
202606,KIER,한국에너지기술연구원,14,청소년,0,1
202606,KIER,한국에너지기술연구원,15,청소년,0,2
202606,KIER,한국에너지기술연구원,16,청소년,0,2
202606,KIER,한국에너지기술연구원,17,청소년,0,6
202606,KIER,한국에너지기술연구원,18,청소년,0,3
202606,KIER,한국에너지기술연구원,19,청소년,1,4
202606,KIER,한국에너지기술연구원,20,청소년,0,8
202606,KIER,한국에너지기술연구원,21,청소년,0,18
202606,KIER,한국에너지기술연구원,22,청소년,0,8
202606,KIER,한국에너지기술연구원,07,경로,0,8
202606,KIER,한국에너지기술연구원,08,경로,0,9
202606,KIER,한국에너지기술연구원,09,경로,0,2
202606,KIER,한국에너지기술연구원,11,경로,0,2
202606,KIER,한국에너지기술연구원,12,경로,0,7
202606,KIER,한국에너지기술연구원,13,경로,0,3
202606,KIER,한국에너지기술연구원,14,경로,0,3
202606,KIER,한국에너지기술연구원,15,경로,0,2
202606,KIER,한국에너지기술연구원,16,경로,0,1
202606,KIER,한국에너지기술연구원,17,경로,0,1
202606,KIER,한국에너지기술연구원,18,경로,0,1
202606,KIER,한국에너지기술연구원,07,장애인,0,1
202606,KIER,한국에너지기술연구원,20,장애인,0,1
202606,KARI,한국항공우주연구원,05,일반인,0,4
202606,KARI,한국항공우주연구원,06,일반인,24,25
202606,KARI,한국항공우주연구원,07,일반인,23,11
202606,KARI,한국항공우주연구원,08,일반인,29,90
202606,KARI,한국항공우주연구원,09,일반인,53,182
202606,KARI,한국항공우주연구원,10,일반인,52,19
202606,KARI,한국항공우주연구원,11,일반인,72,11
202606,KARI,한국항공우주연구원,12,일반인,84,12
202606,KARI,한국항공우주연구원,13,일반인,100,15
202606,KARI,한국항공우주연구원,14,일반인,127,22
202606,KARI,한국항공우주연구원,15,일반인,208,8
202606,KARI,한국항공우주연구원,16,일반인,265,8
202606,KARI,한국항공우주연구원,17,일반인,497,8
202606,KARI,한국항공우주연구원,18,일반인,481,9
202606,KARI,한국항공우주연구원,19,일반인,287,9
202606,KARI,한국항공우주연구원,20,일반인,136,9
202606,KARI,한국항공우주연구원,21,일반인,67,4
202606,KARI,한국항공우주연구원,22,일반인,45,17
202606,KARI,한국항공우주연구원,12,어린이,1,0
202606,KARI,한국항공우주연구원,14,어린이,1,0
202606,KARI,한국항공우주연구원,06,청소년,1,0
202606,KARI,한국항공우주연구원,07,청소년,1,0
202606,KARI,한국항공우주연구원,08,청소년,2,0
202606,KARI,한국항공우주연구원,09,청소년,2,0
202606,KARI,한국항공우주연구원,10,청소년,2,0
202606,KARI,한국항공우주연구원,11,청소년,2,0
202606,KARI,한국항공우주연구원,12,청소년,6,0
202606,KARI,한국항공우주연구원,13,청소년,1,0
202606,KARI,한국항공우주연구원,14,청소년,4,0
202606,KARI,한국항공우주연구원,15,청소년,2,0
202606,KARI,한국항공우주연구원,16,청소년,7,0
202606,KARI,한국항공우주연구원,18,청소년,2,0
202606,KARI,한국항공우주연구원,19,청소년,1,0
202606,KARI,한국항공우주연구원,06,경로,0,4
202606,KARI,한국항공우주연구원,07,경로,1,0
202606,KARI,한국항공우주연구원,08,경로,0,1
202606,KARI,한국항공우주연구원,09,경로,2,0
202606,KARI,한국항공우주연구원,10,경로,1,0
202606,KARI,한국항공우주연구원,11,경로,1,0
202606,KARI,한국항공우주연구원,13,경로,3,0
202606,KARI,한국항공우주연구원,14,경로,2,0
202606,KARI,한국항공우주연구원,15,경로,2,0
202606,KARI,한국항공우주연구원,16,경로,3,0
202606,KARI,한국항공우주연구원,19,경로,1,0
202606,KARI,한국항공우주연구원,14,장애인,1,0
202606,KARI,한국항공우주연구원,17,장애인,1,0
202606,KARI,한국항공우주연구원,15,국가유공자,0,1
202606,KARI,한국항공우주연구원,16,국가유공자,1,0
202606,KARI,한국항공우주연구원,17,국가유공자,3,0
202606,KARI,한국항공우주연구원,18,국가유공자,2,0
202606,KIER,한국에너지기술연구원,06,일반인,4,0
202606,KIER,한국에너지기술연구원,07,일반인,9,2
202606,KIER,한국에너지기술연구원,08,일반인,19,3
202606,KIER,한국에너지기술연구원,09,일반인,12,2
202606,KIER,한국에너지기술연구원,10,일반인,18,0
202606,KIER,한국에너지기술연구원,11,일반인,15,0
202606,KIER,한국에너지기술연구원,12,일반인,35,2
202606,KIER,한국에너지기술연구원,13,일반인,21,2
202606,KIER,한국에너지기술연구원,14,일반인,21,4
202606,KIER,한국에너지기술연구원,15,일반인,44,1
202606,KIER,한국에너지기술연구원,16,일반인,111,0
202606,KIER,한국에너지기술연구원,17,일반인,182,2
202606,KIER,한국에너지기술연구원,18,일반인,93,2
202606,KIER,한국에너지기술연구원,19,일반인,42,0
202606,KIER,한국에너지기술연구원,20,일반인,17,0
202606,KIER,한국에너지기술연구원,21,일반인,53,1
202606,KIER,한국에너지기술연구원,22,일반인,9,0
202606,KIER,한국에너지기술연구원,18,어린이,1,0
202606,KIER,한국에너지기술연구원,12,청소년,1,0
202606,KIER,한국에너지기술연구원,13,청소년,1,0
202606,KIER,한국에너지기술연구원,14,청소년,2,0
202606,KIER,한국에너지기술연구원,16,청소년,1,1
202606,KIER,한국에너지기술연구원,17,청소년,1,0
202606,KIER,한국에너지기술연구원,18,청소년,3,0
202606,KIER,한국에너지기술연구원,19,청소년,2,0
202606,KIER,한국에너지기술연구원,21,청소년,4,0
202606,KIER,한국에너지기술연구원,22,청소년,1,0
202606,KIER,한국에너지기술연구원,05,경로,2,0
202606,KIER,한국에너지기술연구원,06,경로,0,1
202606,KIER,한국에너지기술연구원,07,경로,5,0
202606,KIER,한국에너지기술연구원,08,경로,1,0
202606,KIER,한국에너지기술연구원,09,경로,0,1
202606,KIER,한국에너지기술연구원,10,경로,7,1
202606,KIER,한국에너지기술연구원,11,경로,1,0
202606,KIER,한국에너지기술연구원,12,경로,3,0
202606,KIER,한국에너지기술연구원,13,경로,1,0
202606,KIER,한국에너지기술연구원,14,경로,1,0
202606,KIER,한국에너지기술연구원,16,경로,1,0
202606,KIER,한국에너지기술연구원,17,경로,5,0
202606,KIER,한국에너지기술연구원,21,경로,1,0
202606,KIER,한국에너지기술연구원,22,경로,2,0
202606,KIER,한국에너지기술연구원,05,일반인,0,1
202606,KIER,한국에너지기술연구원,06,일반인,2,32
202606,KIER,한국에너지기술연구원,07,일반인,30,34
202606,KIER,한국에너지기술연구원,08,일반인,9,299
202606,KIER,한국에너지기술연구원,09,일반인,8,157
202606,KIER,한국에너지기술연구원,10,일반인,5,42
202606,KIER,한국에너지기술연구원,11,일반인,8,18
202606,KIER,한국에너지기술연구원,12,일반인,11,22
202606,KIER,한국에너지기술연구원,13,일반인,9,17
202606,KIER,한국에너지기술연구원,14,일반인,13,13
202606,KIER,한국에너지기술연구원,15,일반인,9,8
202606,KIER,한국에너지기술연구원,16,일반인,11,11
202606,KIER,한국에너지기술연구원,17,일반인,16,4
202606,KIER,한국에너지기술연구원,18,일반인,35,21
202606,KIER,한국에너지기술연구원,19,일반인,15,14
202606,KIER,한국에너지기술연구원,20,일반인,26,15
202606,KIER,한국에너지기술연구원,21,일반인,19,8
202606,KIER,한국에너지기술연구원,22,일반인,15,30
202606,KIER,한국에너지기술연구원,05,청소년,0,1
202606,KIER,한국에너지기술연구원,07,청소년,1,0
202606,KIER,한국에너지기술연구원,11,청소년,1,1
202606,KIER,한국에너지기술연구원,12,청소년,1,0
202606,KIER,한국에너지기술연구원,13,청소년,2,0
202606,KIER,한국에너지기술연구원,14,청소년,1,0
202606,KIER,한국에너지기술연구원,15,청소년,1,0
202606,KIER,한국에너지기술연구원,16,청소년,0,1
202606,KIER,한국에너지기술연구원,17,청소년,2,0
202606,KIER,한국에너지기술연구원,18,청소년,4,0
202606,KIER,한국에너지기술연구원,19,청소년,5,1
202606,KIER,한국에너지기술연구원,20,청소년,3,0
202606,KIER,한국에너지기술연구원,21,청소년,15,0
202606,KIER,한국에너지기술연구원,22,청소년,8,0
202606,KIER,한국에너지기술연구원,06,경로,1,5
202606,KIER,한국에너지기술연구원,07,경로,0,6
202606,KIER,한국에너지기술연구원,08,경로,0,1
202606,KIER,한국에너지기술연구원,09,경로,0,1
202606,KIER,한국에너지기술연구원,11,경로,0,3
202606,KIER,한국에너지기술연구원,12,경로,0,1
202606,KIER,한국에너지기술연구원,14,경로,0,1
202606,KIER,한국에너지기술연구원,16,경로,0,2
202606,KIER,한국에너지기술연구원,17,경로,0,1
202606,KARI,한국항공우주연구원,06,일반인,2,0
202606,KARI,한국항공우주연구원,08,일반인,1,0
202606,KARI,한국항공우주연구원,10,일반인,9,0
202606,KARI,한국항공우주연구원,11,일반인,2,0
202606,KARI,한국항공우주연구원,12,일반인,1,0
202606,KARI,한국항공우주연구원,13,일반인,3,0
202606,KARI,한국항공우주연구원,14,일반인,1,2
202606,KARI,한국항공우주연구원,15,일반인,2,0
202606,KARI,한국항공우주연구원,16,일반인,33,0
202606,KARI,한국항공우주연구원,17,일반인,5,1
202606,KARI,한국항공우주연구원,18,일반인,12,0
202606,KARI,한국항공우주연구원,19,일반인,8,0
202606,KARI,한국항공우주연구원,20,일반인,4,0
202606,KARI,한국항공우주연구원,21,일반인,5,0
202606,KARI,한국항공우주연구원,22,일반인,1,0
202606,KARI,한국항공우주연구원,18,청소년,1,0
202606,KARI,한국항공우주연구원,19,청소년,1,0
202606,KARI,한국항공우주연구원,08,경로,1,0
202606,KARI,한국항공우주연구원,16,국가유공자,1,0
202606,KIER,한국에너지기술연구원,06,일반인,1,0
202606,KIER,한국에너지기술연구원,08,일반인,34,0
202606,KIER,한국에너지기술연구원,09,일반인,22,0
202606,KIER,한국에너지기술연구원,10,일반인,6,3
202606,KIER,한국에너지기술연구원,11,일반인,11,1
202606,KIER,한국에너지기술연구원,12,일반인,4,0
202606,KIER,한국에너지기술연구원,13,일반인,18,0
202606,KIER,한국에너지기술연구원,14,일반인,5,2
202606,KIER,한국에너지기술연구원,15,일반인,8,0
202606,KIER,한국에너지기술연구원,16,일반인,38,18
202606,KIER,한국에너지기술연구원,17,일반인,20,9
202606,KIER,한국에너지기술연구원,18,일반인,65,11
202606,KIER,한국에너지기술연구원,19,일반인,3,5
202606,KIER,한국에너지기술연구원,20,일반인,12,1
202606,KIER,한국에너지기술연구원,21,일반인,2,0
202606,KIER,한국에너지기술연구원,22,일반인,4,2
202606,KIER,한국에너지기술연구원,13,어린이,1,0
202606,KIER,한국에너지기술연구원,08,청소년,0,1
202606,KIER,한국에너지기술연구원,06,경로,1,0
202606,KIER,한국에너지기술연구원,07,경로,1,0
202606,KIER,한국에너지기술연구원,08,경로,0,1
202606,KIER,한국에너지기술연구원,12,경로,0,1
202606,KIER,한국에너지기술연구원,15,경로,1,0
202606,KIER,한국에너지기술연구원,16,국가유공자,0,1
202606,KIER,한국에너지기술연구원,05,일반인,0,18
202606,KIER,한국에너지기술연구원,06,일반인,6,35
202606,KIER,한국에너지기술연구원,07,일반인,10,59
202606,KIER,한국에너지기술연구원,08,일반인,45,203
202606,KIER,한국에너지기술연구원,09,일반인,15,295
202606,KIER,한국에너지기술연구원,10,일반인,4,38
202606,KIER,한국에너지기술연구원,11,일반인,9,15
202606,KIER,한국에너지기술연구원,12,일반인,13,25
202606,KIER,한국에너지기술연구원,13,일반인,25,31
202606,KIER,한국에너지기술연구원,14,일반인,20,32
202606,KIER,한국에너지기술연구원,15,일반인,42,29
202606,KIER,한국에너지기술연구원,16,일반인,90,16
202606,KIER,한국에너지기술연구원,17,일반인,124,25
202606,KIER,한국에너지기술연구원,18,일반인,134,19
202606,KIER,한국에너지기술연구원,19,일반인,28,18
202606,KIER,한국에너지기술연구원,20,일반인,33,18
202606,KIER,한국에너지기술연구원,21,일반인,23,15
202606,KIER,한국에너지기술연구원,22,일반인,11,28
202606,KIER,한국에너지기술연구원,23,일반인,3,3
202606,KIER,한국에너지기술연구원,11,청소년,0,1
202606,KIER,한국에너지기술연구원,13,청소년,1,0
202606,KIER,한국에너지기술연구원,17,청소년,1,0
202606,KIER,한국에너지기술연구원,18,청소년,1,2
202606,KIER,한국에너지기술연구원,21,청소년,1,0
202606,KIER,한국에너지기술연구원,05,경로,0,2
202606,KIER,한국에너지기술연구원,06,경로,1,0
202606,KIER,한국에너지기술연구원,07,경로,1,4
202606,KIER,한국에너지기술연구원,09,경로,1,0
202606,KIER,한국에너지기술연구원,10,경로,1,1
202606,KIER,한국에너지기술연구원,11,경로,3,0
202606,KIER,한국에너지기술연구원,12,경로,6,1
202606,KIER,한국에너지기술연구원,13,경로,1,0
202606,KIER,한국에너지기술연구원,14,경로,1,0
202606,KIER,한국에너지기술연구원,15,경로,1,0
202606,KIER,한국에너지기술연구원,16,경로,0,1
202606,KIER,한국에너지기술연구원,17,경로,0,2
202606,KIER,한국에너지기술연구원,18,경로,2,0
202606,KIER,한국에너지기술연구원,07,장애인,1,0
202606,KIER,한국에너지기술연구원,07,국가유공자,0,12
202606,KIER,한국에너지기술연구원,08,국가유공자,0,1
202606,KIER,한국에너지기술연구원,16,국가유공자,1,0
202606,KIER,한국에너지기술연구원,17,국가유공자,1,0
202606,KIER,한국에너지기술연구원,09,일반인,3,0
202606,KIER,한국에너지기술연구원,11,일반인,3,3
202606,KIER,한국에너지기술연구원,15,일반인,4,1
202606,ETRI,한국전자통신연구원,06,일반인,6,84
202606,ETRI,한국전자통신연구원,07,일반인,3,21
202606,ETRI,한국전자통신연구원,08,일반인,33,236
202606,ETRI,한국전자통신연구원,09,일반인,5,125
202606,ETRI,한국전자통신연구원,10,일반인,11,60
202606,ETRI,한국전자통신연구원,11,일반인,11,26
202606,ETRI,한국전자통신연구원,12,일반인,10,16
202606,ETRI,한국전자통신연구원,13,일반인,8,13
202606,ETRI,한국전자통신연구원,14,일반인,17,18
202606,ETRI,한국전자통신연구원,15,일반인,20,8
202606,ETRI,한국전자통신연구원,16,일반인,59,5
202606,ETRI,한국전자통신연구원,17,일반인,127,7
202606,ETRI,한국전자통신연구원,18,일반인,88,11
202606,ETRI,한국전자통신연구원,19,일반인,72,9
202606,ETRI,한국전자통신연구원,20,일반인,43,7
202606,ETRI,한국전자통신연구원,21,일반인,26,14
202606,ETRI,한국전자통신연구원,22,일반인,5,4
202606,ETRI,한국전자통신연구원,23,일반인,1,0
202606,ETRI,한국전자통신연구원,09,청소년,1,0
202606,ETRI,한국전자통신연구원,13,청소년,1,0
202606,ETRI,한국전자통신연구원,14,청소년,0,1
202606,ETRI,한국전자통신연구원,15,청소년,0,1
202606,ETRI,한국전자통신연구원,16,청소년,1,0
202606,ETRI,한국전자통신연구원,17,청소년,2,0
202606,ETRI,한국전자통신연구원,19,청소년,0,1
202606,ETRI,한국전자통신연구원,22,청소년,1,1
202606,ETRI,한국전자통신연구원,08,경로,0,1
202606,ETRI,한국전자통신연구원,09,경로,0,1
202606,ETRI,한국전자통신연구원,11,경로,0,1
202606,ETRI,한국전자통신연구원,12,경로,2,0
202606,ETRI,한국전자통신연구원,13,경로,0,1
202606,ETRI,한국전자통신연구원,14,경로,0,1
202606,ETRI,한국전자통신연구원,16,경로,2,1
202606,ETRI,한국전자통신연구원,17,경로,2,0
202606,ETRI,한국전자통신연구원,18,경로,0,1
202606,ETRI,한국전자통신연구원,19,경로,0,1
202606,ETRI,한국전자통신연구원,18,국가유공자,1,0
202606,ETRI,한국전자통신연구원,05,일반인,8,0
202606,ETRI,한국전자통신연구원,06,일반인,13,0
202606,ETRI,한국전자통신연구원,07,일반인,11,0
202606,ETRI,한국전자통신연구원,08,일반인,20,0
202606,ETRI,한국전자통신연구원,09,일반인,19,0
202606,ETRI,한국전자통신연구원,10,일반인,32,1
202606,ETRI,한국전자통신연구원,11,일반인,50,2
202606,ETRI,한국전자통신연구원,12,일반인,51,1
202606,ETRI,한국전자통신연구원,13,일반인,58,2
202606,ETRI,한국전자통신연구원,14,일반인,122,6
202606,ETRI,한국전자통신연구원,15,일반인,113,2
202606,ETRI,한국전자통신연구원,16,일반인,269,3
202606,ETRI,한국전자통신연구원,17,일반인,604,4
202606,ETRI,한국전자통신연구원,18,일반인,609,1
202606,ETRI,한국전자통신연구원,19,일반인,210,23
202606,ETRI,한국전자통신연구원,20,일반인,113,2
202606,ETRI,한국전자통신연구원,21,일반인,60,0
202606,ETRI,한국전자통신연구원,22,일반인,49,1
202606,ETRI,한국전자통신연구원,17,어린이,1,0
202606,ETRI,한국전자통신연구원,09,청소년,1,0
202606,ETRI,한국전자통신연구원,10,청소년,1,0
202606,ETRI,한국전자통신연구원,11,청소년,2,1
202606,ETRI,한국전자통신연구원,13,청소년,2,0
202606,ETRI,한국전자통신연구원,14,청소년,3,0
202606,ETRI,한국전자통신연구원,15,청소년,0,1
202606,ETRI,한국전자통신연구원,16,청소년,1,1
202606,ETRI,한국전자통신연구원,17,청소년,1,0
202606,ETRI,한국전자통신연구원,18,청소년,3,0
202606,ETRI,한국전자통신연구원,19,청소년,1,0
202606,ETRI,한국전자통신연구원,20,청소년,1,0
202606,ETRI,한국전자통신연구원,08,경로,3,0
202606,ETRI,한국전자통신연구원,09,경로,1,0
202606,ETRI,한국전자통신연구원,10,경로,2,0
202606,ETRI,한국전자통신연구원,11,경로,2,0
202606,ETRI,한국전자통신연구원,12,경로,1,0
202606,ETRI,한국전자통신연구원,13,경로,3,1
202606,ETRI,한국전자통신연구원,14,경로,1,7
202606,ETRI,한국전자통신연구원,15,경로,2,0
202606,ETRI,한국전자통신연구원,16,경로,26,0
202606,ETRI,한국전자통신연구원,17,경로,2,0
202606,ETRI,한국전자통신연구원,18,경로,1,0
202606,ETRI,한국전자통신연구원,19,경로,22,8
202606,ETRI,한국전자통신연구원,20,경로,8,2
202606,ETRI,한국전자통신연구원,05,일반인,3,0
202606,ETRI,한국전자통신연구원,06,일반인,3,2
202606,ETRI,한국전자통신연구원,07,일반인,4,21
202606,ETRI,한국전자통신연구원,08,일반인,12,182
202606,ETRI,한국전자통신연구원,09,일반인,7,62
202606,ETRI,한국전자통신연구원,10,일반인,17,18
202606,ETRI,한국전자통신연구원,11,일반인,43,5
202606,ETRI,한국전자통신연구원,12,일반인,19,3
202606,ETRI,한국전자통신연구원,13,일반인,22,3
202606,ETRI,한국전자통신연구원,14,일반인,91,10
202606,ETRI,한국전자통신연구원,15,일반인,62,4
202606,ETRI,한국전자통신연구원,16,일반인,144,3
202606,ETRI,한국전자통신연구원,17,일반인,270,9
202606,ETRI,한국전자통신연구원,18,일반인,229,2
202606,ETRI,한국전자통신연구원,19,일반인,115,3
202606,ETRI,한국전자통신연구원,20,일반인,32,1
202606,ETRI,한국전자통신연구원,21,일반인,46,0
202606,ETRI,한국전자통신연구원,22,일반인,37,2
202606,ETRI,한국전자통신연구원,09,청소년,0,1
202606,ETRI,한국전자통신연구원,11,청소년,1,0
202606,ETRI,한국전자통신연구원,13,청소년,0,1
202606,ETRI,한국전자통신연구원,15,청소년,1,1
202606,ETRI,한국전자통신연구원,16,청소년,4,0
202606,ETRI,한국전자통신연구원,17,청소년,0,1
202606,ETRI,한국전자통신연구원,19,청소년,1,0
202606,ETRI,한국전자통신연구원,20,청소년,1,0
202606,ETRI,한국전자통신연구원,21,청소년,1,0
202606,ETRI,한국전자통신연구원,09,경로,0,1
202606,ETRI,한국전자통신연구원,10,경로,0,2
202606,ETRI,한국전자통신연구원,11,경로,4,0
202606,ETRI,한국전자통신연구원,14,경로,4,1
202606,ETRI,한국전자통신연구원,16,경로,21,1
202606,ETRI,한국전자통신연구원,17,경로,3,1
202606,ETRI,한국전자통신연구원,20,경로,1,1
202606,ETRI,한국전자통신연구원,21,경로,1,0
202606,ETRI,한국전자통신연구원,15,국가유공자,1,0
202606,ETRI,한국전자통신연구원,06,일반인,2,0
202606,ETRI,한국전자통신연구원,07,일반인,0,1
202606,ETRI,한국전자통신연구원,08,일반인,4,5
202606,ETRI,한국전자통신연구원,09,일반인,1,3
202606,ETRI,한국전자통신연구원,10,일반인,1,1
202606,ETRI,한국전자통신연구원,11,일반인,16,1
202606,ETRI,한국전자통신연구원,12,일반인,2,0
202606,ETRI,한국전자통신연구원,13,일반인,12,1
202606,ETRI,한국전자통신연구원,14,일반인,6,0
202606,ETRI,한국전자통신연구원,15,일반인,2,1
202606,ETRI,한국전자통신연구원,16,일반인,16,0
202606,ETRI,한국전자통신연구원,17,일반인,74,1
202606,ETRI,한국전자통신연구원,18,일반인,120,10
202606,ETRI,한국전자통신연구원,19,일반인,12,0
202606,ETRI,한국전자통신연구원,20,일반인,14,0
202606,ETRI,한국전자통신연구원,21,일반인,2,0
202606,ETRI,한국전자통신연구원,22,일반인,7,0
202606,ETRI,한국전자통신연구원,16,청소년,1,0
202606,ETRI,한국전자통신연구원,15,경로,0,1
202606,ETRI,한국전자통신연구원,16,경로,0,1
202606,ETRI,한국전자통신연구원,18,경로,1,0
202606,ETRI,한국전자통신연구원,11,일반인,1,3
202606,ETRI,한국전자통신연구원,15,일반인,1,4
202606,ETRI,한국전자통신연구원,16,일반인,1,0
202606,KRISS,한국표준과학연구원,06,일반인,14,15
202606,KRISS,한국표준과학연구원,07,일반인,14,10
202606,KRISS,한국표준과학연구원,08,일반인,48,111
202606,KRISS,한국표준과학연구원,09,일반인,5,86
202606,KRISS,한국표준과학연구원,10,일반인,5,36
202606,KRISS,한국표준과학연구원,11,일반인,2,12
202606,KRISS,한국표준과학연구원,12,일반인,11,20
202606,KRISS,한국표준과학연구원,13,일반인,8,15
202606,KRISS,한국표준과학연구원,14,일반인,3,24
202606,KRISS,한국표준과학연구원,15,일반인,3,23
202606,KRISS,한국표준과학연구원,16,일반인,8,25
202606,KRISS,한국표준과학연구원,17,일반인,16,19
202606,KRISS,한국표준과학연구원,18,일반인,34,41
202606,KRISS,한국표준과학연구원,19,일반인,17,42
202606,KRISS,한국표준과학연구원,20,일반인,5,14
202606,KRISS,한국표준과학연구원,21,일반인,6,19
202606,KRISS,한국표준과학연구원,22,일반인,9,15
202606,KRISS,한국표준과학연구원,10,어린이,1,0
202606,KRISS,한국표준과학연구원,12,어린이,0,1
202606,KRISS,한국표준과학연구원,13,어린이,0,1
202606,KRISS,한국표준과학연구원,14,어린이,0,3
202606,KRISS,한국표준과학연구원,15,어린이,0,1
202606,KRISS,한국표준과학연구원,16,어린이,0,1
202606,KRISS,한국표준과학연구원,17,어린이,0,1
202606,KRISS,한국표준과학연구원,18,어린이,1,5
202606,KRISS,한국표준과학연구원,19,어린이,0,1
202606,KRISS,한국표준과학연구원,11,청소년,1,0
202606,KRISS,한국표준과학연구원,13,청소년,1,0
202606,KRISS,한국표준과학연구원,14,청소년,1,1
202606,KRISS,한국표준과학연구원,15,청소년,0,1
202606,KRISS,한국표준과학연구원,16,청소년,1,1
202606,KRISS,한국표준과학연구원,17,청소년,0,1
202606,KRISS,한국표준과학연구원,18,청소년,0,4
202606,KRISS,한국표준과학연구원,19,청소년,0,5
202606,KRISS,한국표준과학연구원,20,청소년,0,3
202606,KRISS,한국표준과학연구원,21,청소년,0,3
202606,KRISS,한국표준과학연구원,22,청소년,0,5
202606,KRISS,한국표준과학연구원,23,청소년,0,1
202606,KRISS,한국표준과학연구원,07,경로,0,1
202606,KRISS,한국표준과학연구원,08,경로,1,4
202606,KRISS,한국표준과학연구원,09,경로,0,3
202606,KRISS,한국표준과학연구원,10,경로,0,4
202606,KRISS,한국표준과학연구원,11,경로,1,3
202606,KRISS,한국표준과학연구원,12,경로,2,6
202606,KRISS,한국표준과학연구원,13,경로,0,6
202606,KRISS,한국표준과학연구원,14,경로,0,12
202606,KRISS,한국표준과학연구원,15,경로,2,13
202606,KRISS,한국표준과학연구원,16,경로,0,4
202606,KRISS,한국표준과학연구원,17,경로,17,8
202606,KRISS,한국표준과학연구원,18,경로,0,3
202606,KRISS,한국표준과학연구원,19,경로,0,4
202606,KRISS,한국표준과학연구원,20,경로,0,1
202606,KRISS,한국표준과학연구원,15,장애인,1,0
202606,KRISS,한국표준과학연구원,06,일반인,7,2
202606,KRISS,한국표준과학연구원,07,일반인,10,7
202606,KRISS,한국표준과학연구원,08,일반인,9,11
202606,KRISS,한국표준과학연구원,09,일반인,18,36
202606,KRISS,한국표준과학연구원,10,일반인,14,6
202606,KRISS,한국표준과학연구원,11,일반인,12,5
202606,KRISS,한국표준과학연구원,12,일반인,18,3
202606,KRISS,한국표준과학연구원,13,일반인,10,10
202606,KRISS,한국표준과학연구원,14,일반인,14,3
202606,KRISS,한국표준과학연구원,15,일반인,18,3
202606,KRISS,한국표준과학연구원,16,일반인,28,10
202606,KRISS,한국표준과학연구원,17,일반인,45,2
202606,KRISS,한국표준과학연구원,18,일반인,75,11
202606,KRISS,한국표준과학연구원,19,일반인,50,2
202606,KRISS,한국표준과학연구원,20,일반인,44,6
202606,KRISS,한국표준과학연구원,21,일반인,22,7
202606,KRISS,한국표준과학연구원,22,일반인,24,4
202606,KRISS,한국표준과학연구원,09,어린이,1,0
202606,KRISS,한국표준과학연구원,10,어린이,1,0
202606,KRISS,한국표준과학연구원,13,어린이,1,0
202606,KRISS,한국표준과학연구원,14,어린이,1,0
202606,KRISS,한국표준과학연구원,18,어린이,1,0
202606,KRISS,한국표준과학연구원,19,어린이,1,0
202606,KRISS,한국표준과학연구원,08,청소년,2,0
202606,KRISS,한국표준과학연구원,09,청소년,3,0
202606,KRISS,한국표준과학연구원,11,청소년,3,0
202606,KRISS,한국표준과학연구원,12,청소년,5,2
202606,KRISS,한국표준과학연구원,13,청소년,2,0
202606,KRISS,한국표준과학연구원,15,청소년,1,0
202606,KRISS,한국표준과학연구원,16,청소년,4,1
202606,KRISS,한국표준과학연구원,17,청소년,5,2
202606,KRISS,한국표준과학연구원,18,청소년,3,0
202606,KRISS,한국표준과학연구원,19,청소년,1,0
202606,KRISS,한국표준과학연구원,20,청소년,2,1
202606,KRISS,한국표준과학연구원,21,청소년,2,1
202606,KRISS,한국표준과학연구원,22,청소년,2,0
202606,KRISS,한국표준과학연구원,07,경로,0,1
202606,KRISS,한국표준과학연구원,08,경로,1,0
202606,KRISS,한국표준과학연구원,09,경로,2,0
202606,KRISS,한국표준과학연구원,10,경로,6,0
202606,KRISS,한국표준과학연구원,11,경로,3,1
202606,KRISS,한국표준과학연구원,12,경로,4,1
202606,KRISS,한국표준과학연구원,13,경로,2,0
202606,KRISS,한국표준과학연구원,14,경로,4,0
202606,KRISS,한국표준과학연구원,15,경로,5,1
202606,KRISS,한국표준과학연구원,16,경로,1,0
202606,KRISS,한국표준과학연구원,17,경로,2,0
202606,KRISS,한국표준과학연구원,18,경로,0,5
202606,KRISS,한국표준과학연구원,06,일반인,0,65
202606,KRISS,한국표준과학연구원,07,일반인,7,79
202606,KRISS,한국표준과학연구원,08,일반인,8,187
202606,KRISS,한국표준과학연구원,09,일반인,8,176
202606,KRISS,한국표준과학연구원,10,일반인,1,71
202606,KRISS,한국표준과학연구원,11,일반인,1,16
202606,KRISS,한국표준과학연구원,12,일반인,1,39
202606,KRISS,한국표준과학연구원,13,일반인,5,39
202606,KRISS,한국표준과학연구원,14,일반인,1,36
202606,KRISS,한국표준과학연구원,15,일반인,3,37
202606,KRISS,한국표준과학연구원,16,일반인,0,27
202606,KRISS,한국표준과학연구원,17,일반인,13,48
202606,KRISS,한국표준과학연구원,18,일반인,5,80
202606,KRISS,한국표준과학연구원,19,일반인,6,52
202606,KRISS,한국표준과학연구원,20,일반인,0,51
202606,KRISS,한국표준과학연구원,21,일반인,3,32
202606,KRISS,한국표준과학연구원,22,일반인,0,32
202606,KRISS,한국표준과학연구원,23,일반인,0,5
202606,KRISS,한국표준과학연구원,14,어린이,0,2
202606,KRISS,한국표준과학연구원,15,어린이,0,4
202606,KRISS,한국표준과학연구원,16,어린이,0,3
202606,KRISS,한국표준과학연구원,17,어린이,0,1
202606,KRISS,한국표준과학연구원,18,어린이,0,1
202606,KRISS,한국표준과학연구원,19,어린이,0,2
202606,KRISS,한국표준과학연구원,20,어린이,0,1
202606,KRISS,한국표준과학연구원,09,청소년,1,0
202606,KRISS,한국표준과학연구원,12,청소년,0,7
202606,KRISS,한국표준과학연구원,14,청소년,0,3
202606,KRISS,한국표준과학연구원,15,청소년,0,24
202606,KRISS,한국표준과학연구원,16,청소년,1,6
202606,KRISS,한국표준과학연구원,17,청소년,1,9
202606,KRISS,한국표준과학연구원,18,청소년,0,8
202606,KRISS,한국표준과학연구원,19,청소년,0,4
202606,KRISS,한국표준과학연구원,20,청소년,1,2
202606,KRISS,한국표준과학연구원,21,청소년,0,3
202606,KRISS,한국표준과학연구원,22,청소년,0,2
202606,KRISS,한국표준과학연구원,23,청소년,0,4
202606,KRISS,한국표준과학연구원,06,경로,0,1
202606,KRISS,한국표준과학연구원,07,경로,0,20
202606,KRISS,한국표준과학연구원,08,경로,0,2
202606,KRISS,한국표준과학연구원,09,경로,0,7
202606,KRISS,한국표준과학연구원,10,경로,0,6
202606,KRISS,한국표준과학연구원,11,경로,0,5
202606,KRISS,한국표준과학연구원,12,경로,1,9
202606,KRISS,한국표준과학연구원,13,경로,1,2
202606,KRISS,한국표준과학연구원,14,경로,0,2
202606,KRISS,한국표준과학연구원,15,경로,0,6
202606,KRISS,한국표준과학연구원,16,경로,4,4
202606,KRISS,한국표준과학연구원,17,경로,0,5
202606,KRISS,한국표준과학연구원,18,경로,0,3
202606,KRISS,한국표준과학연구원,19,경로,0,3
202606,KRISS,한국표준과학연구원,20,경로,0,4
202606,KRISS,한국표준과학연구원,21,경로,0,2
202606,KRISS,한국표준과학연구원,22,경로,0,5
202606,KRISS,한국표준과학연구원,08,장애인,0,1
202606,KRISS,한국표준과학연구원,05,일반인,12,0
202606,KRISS,한국표준과학연구원,06,일반인,43,0
202606,KRISS,한국표준과학연구원,07,일반인,85,2
202606,KRISS,한국표준과학연구원,08,일반인,99,3
202606,KRISS,한국표준과학연구원,09,일반인,44,1
202606,KRISS,한국표준과학연구원,10,일반인,50,3
202606,KRISS,한국표준과학연구원,11,일반인,38,3
202606,KRISS,한국표준과학연구원,12,일반인,30,2
202606,KRISS,한국표준과학연구원,13,일반인,54,1
202606,KRISS,한국표준과학연구원,14,일반인,23,0
202606,KRISS,한국표준과학연구원,15,일반인,207,2
202606,KRISS,한국표준과학연구원,16,일반인,66,1
202606,KRISS,한국표준과학연구원,17,일반인,198,6
202606,KRISS,한국표준과학연구원,18,일반인,180,7
202606,KRISS,한국표준과학연구원,19,일반인,89,0
202606,KRISS,한국표준과학연구원,20,일반인,51,2
202606,KRISS,한국표준과학연구원,21,일반인,21,1
202606,KRISS,한국표준과학연구원,22,일반인,23,1
202606,KRISS,한국표준과학연구원,08,어린이,1,0
202606,KRISS,한국표준과학연구원,09,어린이,3,0
202606,KRISS,한국표준과학연구원,11,어린이,3,0
202606,KRISS,한국표준과학연구원,12,어린이,1,0
202606,KRISS,한국표준과학연구원,13,어린이,1,0
202606,KRISS,한국표준과학연구원,15,어린이,2,0
202606,KRISS,한국표준과학연구원,19,어린이,2,0
202606,KRISS,한국표준과학연구원,07,청소년,31,0
202606,KRISS,한국표준과학연구원,08,청소년,2,0
202606,KRISS,한국표준과학연구원,09,청소년,2,0
202606,KRISS,한국표준과학연구원,10,청소년,2,3
202606,KRISS,한국표준과학연구원,12,청소년,4,0
202606,KRISS,한국표준과학연구원,14,청소년,3,0
202606,KRISS,한국표준과학연구원,15,청소년,3,0
202606,KRISS,한국표준과학연구원,16,청소년,4,0
202606,KRISS,한국표준과학연구원,17,청소년,4,0
202606,KRISS,한국표준과학연구원,18,청소년,4,1
202606,KRISS,한국표준과학연구원,19,청소년,2,0
202606,KRISS,한국표준과학연구원,20,청소년,0,1
202606,KRISS,한국표준과학연구원,21,청소년,1,0
202606,KRISS,한국표준과학연구원,07,경로,6,0
202606,KRISS,한국표준과학연구원,08,경로,12,1
202606,KRISS,한국표준과학연구원,09,경로,9,0
202606,KRISS,한국표준과학연구원,10,경로,10,0
202606,KRISS,한국표준과학연구원,11,경로,23,0
202606,KRISS,한국표준과학연구원,12,경로,5,0
202606,KRISS,한국표준과학연구원,13,경로,5,0
202606,KRISS,한국표준과학연구원,14,경로,10,0
202606,KRISS,한국표준과학연구원,15,경로,31,0
202606,KRISS,한국표준과학연구원,16,경로,2,0
202606,KRISS,한국표준과학연구원,17,경로,7,0
202606,KRISS,한국표준과학연구원,18,경로,1,0
202606,KRISS,한국표준과학연구원,20,경로,1,3
202606,KRISS,한국표준과학연구원,21,경로,1,0
202606,KRISS,한국표준과학연구원,17,장애인,1,0
202606,KRISS,한국표준과학연구원,06,일반인,5,58
202606,KRISS,한국표준과학연구원,07,일반인,6,33
202606,KRISS,한국표준과학연구원,08,일반인,18,136
202606,KRISS,한국표준과학연구원,09,일반인,12,111
202606,KRISS,한국표준과학연구원,10,일반인,4,33
202606,KRISS,한국표준과학연구원,11,일반인,11,6
202606,KRISS,한국표준과학연구원,12,일반인,6,13
202606,KRISS,한국표준과학연구원,13,일반인,13,20
202606,KRISS,한국표준과학연구원,14,일반인,2,20
202606,KRISS,한국표준과학연구원,15,일반인,7,18
202606,KRISS,한국표준과학연구원,16,일반인,19,13
202606,KRISS,한국표준과학연구원,17,일반인,10,11
202606,KRISS,한국표준과학연구원,18,일반인,52,27
202606,KRISS,한국표준과학연구원,19,일반인,50,20
202606,KRISS,한국표준과학연구원,20,일반인,26,24
202606,KRISS,한국표준과학연구원,21,일반인,25,19
202606,KRISS,한국표준과학연구원,22,일반인,10,14
202606,KRISS,한국표준과학연구원,23,일반인,7,12
202606,KRISS,한국표준과학연구원,12,어린이,1,0
202606,KRISS,한국표준과학연구원,14,어린이,1,1
202606,KRISS,한국표준과학연구원,16,어린이,1,0
202606,KRISS,한국표준과학연구원,07,청소년,1,0
202606,KRISS,한국표준과학연구원,08,청소년,0,1
202606,KRISS,한국표준과학연구원,09,청소년,1,0
202606,KRISS,한국표준과학연구원,12,청소년,2,2
202606,KRISS,한국표준과학연구원,13,청소년,1,1
202606,KRISS,한국표준과학연구원,14,청소년,2,3
202606,KRISS,한국표준과학연구원,15,청소년,13,5
202606,KRISS,한국표준과학연구원,16,청소년,4,5
202606,KRISS,한국표준과학연구원,17,청소년,4,1
202606,KRISS,한국표준과학연구원,18,청소년,8,0
202606,KRISS,한국표준과학연구원,19,청소년,7,0
202606,KRISS,한국표준과학연구원,20,청소년,4,0
202606,KRISS,한국표준과학연구원,21,청소년,2,0
202606,KRISS,한국표준과학연구원,22,청소년,1,0
202606,KRISS,한국표준과학연구원,06,경로,1,14
202606,KRISS,한국표준과학연구원,07,경로,4,0
202606,KRISS,한국표준과학연구원,08,경로,3,0
202606,KRISS,한국표준과학연구원,09,경로,6,1
202606,KRISS,한국표준과학연구원,10,경로,6,11
202606,KRISS,한국표준과학연구원,11,경로,6,0
202606,KRISS,한국표준과학연구원,12,경로,4,3
202606,KRISS,한국표준과학연구원,13,경로,3,3
202606,KRISS,한국표준과학연구원,14,경로,1,1
202606,KRISS,한국표준과학연구원,15,경로,3,4
202606,KRISS,한국표준과학연구원,16,경로,1,4
202606,KRISS,한국표준과학연구원,17,경로,1,2
202606,KRISS,한국표준과학연구원,18,경로,6,3
202606,KRISS,한국표준과학연구원,19,경로,1,3
202606,KRISS,한국표준과학연구원,20,경로,2,1
202606,KRISS,한국표준과학연구원,21,경로,0,1
202606,KRISS,한국표준과학연구원,05,일반인,3,1
202606,KRISS,한국표준과학연구원,06,일반인,8,0
202606,KRISS,한국표준과학연구원,07,일반인,29,45
202606,KRISS,한국표준과학연구원,08,일반인,29,69
202606,KRISS,한국표준과학연구원,09,일반인,20,24
202606,KRISS,한국표준과학연구원,10,일반인,29,8
202606,KRISS,한국표준과학연구원,11,일반인,19,6
202606,KRISS,한국표준과학연구원,12,일반인,21,11
202606,KRISS,한국표준과학연구원,13,일반인,26,13
202606,KRISS,한국표준과학연구원,14,일반인,35,13
202606,KRISS,한국표준과학연구원,15,일반인,64,15
202606,KRISS,한국표준과학연구원,16,일반인,64,13
202606,KRISS,한국표준과학연구원,17,일반인,71,11
202606,KRISS,한국표준과학연구원,18,일반인,70,8
202606,KRISS,한국표준과학연구원,19,일반인,65,14
202606,KRISS,한국표준과학연구원,20,일반인,24,7
202606,KRISS,한국표준과학연구원,21,일반인,24,8
202606,KRISS,한국표준과학연구원,22,일반인,8,4
202606,KRISS,한국표준과학연구원,07,어린이,0,1
202606,KRISS,한국표준과학연구원,08,어린이,2,1
202606,KRISS,한국표준과학연구원,09,어린이,2,0
202606,KRISS,한국표준과학연구원,12,어린이,2,0
202606,KRISS,한국표준과학연구원,13,어린이,1,0
202606,KRISS,한국표준과학연구원,14,어린이,1,1
202606,KRISS,한국표준과학연구원,18,어린이,0,1
202606,KRISS,한국표준과학연구원,19,어린이,0,2
202606,KRISS,한국표준과학연구원,07,청소년,1,1
202606,KRISS,한국표준과학연구원,10,청소년,2,0
202606,KRISS,한국표준과학연구원,12,청소년,1,0
202606,KRISS,한국표준과학연구원,13,청소년,3,2
202606,KRISS,한국표준과학연구원,15,청소년,0,3
202606,KRISS,한국표준과학연구원,16,청소년,0,5
202606,KRISS,한국표준과학연구원,17,청소년,4,5
202606,KRISS,한국표준과학연구원,18,청소년,7,5
202606,KRISS,한국표준과학연구원,19,청소년,0,2
202606,KRISS,한국표준과학연구원,20,청소년,1,4
202606,KRISS,한국표준과학연구원,21,청소년,0,7
202606,KRISS,한국표준과학연구원,22,청소년,0,7
202606,KRISS,한국표준과학연구원,06,경로,1,0
202606,KRISS,한국표준과학연구원,08,경로,18,2
202606,KRISS,한국표준과학연구원,09,경로,11,18
202606,KRISS,한국표준과학연구원,10,경로,5,4
202606,KRISS,한국표준과학연구원,11,경로,2,4
202606,KRISS,한국표준과학연구원,12,경로,0,2
202606,KRISS,한국표준과학연구원,13,경로,7,3
202606,KRISS,한국표준과학연구원,14,경로,8,8
202606,KRISS,한국표준과학연구원,15,경로,6,4
202606,KRISS,한국표준과학연구원,16,경로,4,5
202606,KRISS,한국표준과학연구원,17,경로,3,8
202606,KRISS,한국표준과학연구원,18,경로,1,7
202606,KRISS,한국표준과학연구원,19,경로,2,7
202606,KRISS,한국표준과학연구원,20,경로,1,5
202606,KRISS,한국표준과학연구원,21,경로,0,2
202606,KRISS,한국표준과학연구원,06,일반인,1,1
202606,KRISS,한국표준과학연구원,07,일반인,6,0
202606,KRISS,한국표준과학연구원,08,일반인,8,2
202606,KRISS,한국표준과학연구원,09,일반인,2,7
202606,KRISS,한국표준과학연구원,10,일반인,2,2
202606,KRISS,한국표준과학연구원,11,일반인,13,15
202606,KRISS,한국표준과학연구원,12,일반인,4,2
202606,KRISS,한국표준과학연구원,13,일반인,5,5
202606,KRISS,한국표준과학연구원,14,일반인,4,2
202606,KRISS,한국표준과학연구원,15,일반인,2,4
202606,KRISS,한국표준과학연구원,16,일반인,15,4
202606,KRISS,한국표준과학연구원,17,일반인,30,3
202606,KRISS,한국표준과학연구원,18,일반인,40,8
202606,KRISS,한국표준과학연구원,19,일반인,12,2
202606,KRISS,한국표준과학연구원,20,일반인,9,10
202606,KRISS,한국표준과학연구원,22,일반인,3,3
202606,KRISS,한국표준과학연구원,07,어린이,1,0
202606,KRISS,한국표준과학연구원,08,어린이,3,0
202606,KRISS,한국표준과학연구원,08,청소년,11,0
202606,KRISS,한국표준과학연구원,10,청소년,1,0
202606,KRISS,한국표준과학연구원,15,청소년,1,0
202606,KRISS,한국표준과학연구원,18,청소년,0,2
202606,KRISS,한국표준과학연구원,20,청소년,0,1
202606,KRISS,한국표준과학연구원,22,청소년,3,0
202606,KRISS,한국표준과학연구원,07,경로,0,1
202606,KRISS,한국표준과학연구원,08,경로,1,0
202606,KRISS,한국표준과학연구원,10,경로,1,0
202606,KRISS,한국표준과학연구원,11,경로,1,0
202606,KRISS,한국표준과학연구원,12,경로,1,0
202606,KRISS,한국표준과학연구원,18,경로,0,1
202606,KRISS,한국표준과학연구원,19,경로,1,0
202606,KIMM,한국기계연구원,06,일반인,20,12
202606,KIMM,한국기계연구원,07,일반인,11,18
202606,KIMM,한국기계연구원,08,일반인,16,42
202606,KIMM,한국기계연구원,09,일반인,6,66
202606,KIMM,한국기계연구원,10,일반인,6,6
202606,KIMM,한국기계연구원,11,일반인,3,8
202606,KIMM,한국기계연구원,12,일반인,2,8
202606,KIMM,한국기계연구원,13,일반인,5,9
202606,KIMM,한국기계연구원,14,일반인,11,12
202606,KIMM,한국기계연구원,15,일반인,7,5
202606,KIMM,한국기계연구원,16,일반인,11,9
202606,KIMM,한국기계연구원,17,일반인,9,5
202606,KIMM,한국기계연구원,18,일반인,30,5
202606,KIMM,한국기계연구원,19,일반인,12,2
202606,KIMM,한국기계연구원,20,일반인,11,2
202606,KIMM,한국기계연구원,21,일반인,7,7
202606,KIMM,한국기계연구원,22,일반인,1,1
202606,KIMM,한국기계연구원,18,어린이,2,0
202606,KIMM,한국기계연구원,09,청소년,1,0
202606,KIMM,한국기계연구원,14,청소년,1,0
202606,KIMM,한국기계연구원,16,청소년,1,0
202606,KIMM,한국기계연구원,07,경로,0,5
202606,KIMM,한국기계연구원,08,경로,0,2
202606,KIMM,한국기계연구원,09,경로,0,1
202606,KIMM,한국기계연구원,13,경로,0,3
202606,KIMM,한국기계연구원,15,경로,1,0
202606,KIMM,한국기계연구원,16,경로,3,0
202606,KIMM,한국기계연구원,17,경로,1,0
202606,KIMM,한국기계연구원,20,경로,2,0
202606,KIMM,한국기계연구원,06,일반인,0,2
202606,KIMM,한국기계연구원,07,일반인,1,58
202606,KIMM,한국기계연구원,08,일반인,0,22
202606,KIMM,한국기계연구원,09,일반인,6,18
202606,KIMM,한국기계연구원,10,일반인,1,3
202606,KIMM,한국기계연구원,11,일반인,3,5
202606,KIMM,한국기계연구원,12,일반인,8,1
202606,KIMM,한국기계연구원,13,일반인,3,2
202606,KIMM,한국기계연구원,14,일반인,6,2
202606,KIMM,한국기계연구원,15,일반인,4,2
202606,KIMM,한국기계연구원,16,일반인,21,2
202606,KIMM,한국기계연구원,17,일반인,38,7
202606,KIMM,한국기계연구원,18,일반인,30,1
202606,KIMM,한국기계연구원,19,일반인,21,1
202606,KIMM,한국기계연구원,20,일반인,19,2
202606,KIMM,한국기계연구원,21,일반인,10,1
202606,KIMM,한국기계연구원,22,일반인,13,1
202606,KIMM,한국기계연구원,12,청소년,1,0
202606,KIMM,한국기계연구원,21,청소년,2,0
202606,KIMM,한국기계연구원,08,경로,1,3
202606,KIMM,한국기계연구원,09,경로,1,6
202606,KIMM,한국기계연구원,10,경로,1,0
202606,KIMM,한국기계연구원,11,경로,0,2
202606,KIMM,한국기계연구원,12,경로,1,1
202606,KIMM,한국기계연구원,14,경로,0,1
202606,KIMM,한국기계연구원,15,경로,1,0
202606,KIMM,한국기계연구원,17,경로,0,1
202606,KIMM,한국기계연구원,19,경로,1,0
202606,KRICT,한국화학연구원,07,일반인,0,2
202606,KRICT,한국화학연구원,08,일반인,3,0
202606,KRICT,한국화학연구원,09,일반인,9,0
202606,KRICT,한국화학연구원,10,일반인,5,0
202606,KRICT,한국화학연구원,11,일반인,10,1
202606,KRICT,한국화학연구원,12,일반인,17,0
202606,KRICT,한국화학연구원,13,일반인,8,0
202606,KRICT,한국화학연구원,14,일반인,14,0
202606,KRICT,한국화학연구원,15,일반인,43,0
202606,KRICT,한국화학연구원,16,일반인,74,1
202606,KRICT,한국화학연구원,17,일반인,132,0
202606,KRICT,한국화학연구원,18,일반인,158,0
202606,KRICT,한국화학연구원,19,일반인,51,0
202606,KRICT,한국화학연구원,20,일반인,49,0
202606,KRICT,한국화학연구원,21,일반인,42,0
202606,KRICT,한국화학연구원,22,일반인,19,0
202606,KRICT,한국화학연구원,07,청소년,1,0
202606,KRICT,한국화학연구원,08,청소년,1,0
202606,KRICT,한국화학연구원,14,청소년,0,1
202606,KRICT,한국화학연구원,21,청소년,1,0
202606,KRICT,한국화학연구원,08,경로,2,0
202606,KRICT,한국화학연구원,10,경로,7,0
202606,KRICT,한국화학연구원,11,경로,1,0
202606,KRICT,한국화학연구원,12,경로,2,0
202606,KRICT,한국화학연구원,13,경로,1,0
202606,KRICT,한국화학연구원,14,경로,12,0
202606,KRICT,한국화학연구원,15,경로,3,0
202606,KRICT,한국화학연구원,16,경로,1,1
202606,KRICT,한국화학연구원,19,경로,1,0
202606,KRICT,한국화학연구원,20,경로,1,0
202606,KRICT,한국화학연구원,18,국가유공자,1,0
202606,KRICT,한국화학연구원,20,국가유공자,3,0
202606,KIMM,한국기계연구원,06,일반인,1,31
202606,KIMM,한국기계연구원,07,일반인,0,183
202606,KIMM,한국기계연구원,08,일반인,3,403
202606,KIMM,한국기계연구원,09,일반인,0,116
202606,KIMM,한국기계연구원,10,일반인,0,45
202606,KIMM,한국기계연구원,11,일반인,0,20
202606,KIMM,한국기계연구원,12,일반인,0,34
202606,KIMM,한국기계연구원,13,일반인,0,34
202606,KIMM,한국기계연구원,14,일반인,0,35
202606,KIMM,한국기계연구원,15,일반인,1,39
202606,KIMM,한국기계연구원,16,일반인,1,52
202606,KIMM,한국기계연구원,17,일반인,3,48
202606,KIMM,한국기계연구원,18,일반인,0,101
202606,KIMM,한국기계연구원,19,일반인,0,60
202606,KIMM,한국기계연구원,20,일반인,0,68
202606,KIMM,한국기계연구원,21,일반인,0,64
202606,KIMM,한국기계연구원,22,일반인,1,74
202606,KIMM,한국기계연구원,23,일반인,0,21
202606,KIMM,한국기계연구원,07,청소년,1,0
202606,KIMM,한국기계연구원,13,청소년,0,1
202606,KIMM,한국기계연구원,17,청소년,0,3
202606,KIMM,한국기계연구원,18,청소년,0,2
202606,KIMM,한국기계연구원,20,청소년,0,2
202606,KIMM,한국기계연구원,21,청소년,0,5
202606,KIMM,한국기계연구원,23,청소년,0,2
202606,KIMM,한국기계연구원,08,경로,0,1
202606,KIMM,한국기계연구원,09,경로,0,3
202606,KIMM,한국기계연구원,10,경로,0,2
202606,KIMM,한국기계연구원,11,경로,0,2
202606,KIMM,한국기계연구원,12,경로,0,1
202606,KIMM,한국기계연구원,13,경로,1,2
202606,KIMM,한국기계연구원,14,경로,0,4
202606,KIMM,한국기계연구원,15,경로,0,3
202606,KIMM,한국기계연구원,17,경로,0,2
202606,KIMM,한국기계연구원,18,경로,0,7
202606,KIMM,한국기계연구원,20,경로,0,2
202606,KIMM,한국기계연구원,09,장애인,0,1
202606,KIMM,한국기계연구원,20,국가유공자,0,1
202606,KIMM,한국기계연구원,06,일반인,42,0
202606,KIMM,한국기계연구원,07,일반인,38,0
202606,KIMM,한국기계연구원,08,일반인,27,0
202606,KIMM,한국기계연구원,09,일반인,46,0
202606,KIMM,한국기계연구원,10,일반인,32,1
202606,KIMM,한국기계연구원,11,일반인,29,0
202606,KIMM,한국기계연구원,12,일반인,31,1
202606,KIMM,한국기계연구원,13,일반인,38,4
202606,KIMM,한국기계연구원,14,일반인,62,4
202606,KIMM,한국기계연구원,15,일반인,128,0
202606,KIMM,한국기계연구원,16,일반인,147,0
202606,KIMM,한국기계연구원,17,일반인,184,0
202606,KIMM,한국기계연구원,18,일반인,212,0
202606,KIMM,한국기계연구원,19,일반인,88,2
202606,KIMM,한국기계연구원,20,일반인,56,3
202606,KIMM,한국기계연구원,21,일반인,25,1
202606,KIMM,한국기계연구원,22,일반인,9,0
202606,KIMM,한국기계연구원,09,청소년,1,0
202606,KIMM,한국기계연구원,12,청소년,1,0
202606,KIMM,한국기계연구원,13,청소년,1,0
202606,KIMM,한국기계연구원,14,청소년,3,0
202606,KIMM,한국기계연구원,15,청소년,4,1
202606,KIMM,한국기계연구원,16,청소년,10,0
202606,KIMM,한국기계연구원,17,청소년,1,0
202606,KIMM,한국기계연구원,18,청소년,2,0
202606,KIMM,한국기계연구원,21,청소년,1,0
202606,KIMM,한국기계연구원,08,경로,1,0
202606,KIMM,한국기계연구원,11,경로,2,0
202606,KIMM,한국기계연구원,12,경로,1,0
202606,KIMM,한국기계연구원,13,경로,3,0
202606,KIMM,한국기계연구원,14,경로,2,0
202606,KIMM,한국기계연구원,15,경로,8,0
202606,KIMM,한국기계연구원,16,경로,6,0
202606,KIMM,한국기계연구원,17,경로,4,0
202606,KIMM,한국기계연구원,18,경로,19,0
202606,KIMM,한국기계연구원,19,경로,5,0
202606,KIMM,한국기계연구원,20,경로,3,0
202606,KIMM,한국기계연구원,17,장애인,1,0
202606,KIMM,한국기계연구원,18,장애인,1,0
202606,KIMM,한국기계연구원,15,국가유공자,1,0
202606,KIMM,한국기계연구원,17,국가유공자,1,0
202606,KRICT,한국화학연구원,06,일반인,32,1
202606,KRICT,한국화학연구원,07,일반인,20,3
202606,KRICT,한국화학연구원,08,일반인,55,4
202606,KRICT,한국화학연구원,09,일반인,33,3
202606,KRICT,한국화학연구원,10,일반인,29,2
202606,KRICT,한국화학연구원,11,일반인,52,0
202606,KRICT,한국화학연구원,12,일반인,65,16
202606,KRICT,한국화학연구원,13,일반인,43,0
202606,KRICT,한국화학연구원,14,일반인,65,0
202606,KRICT,한국화학연구원,15,일반인,123,0
202606,KRICT,한국화학연구원,16,일반인,181,1
202606,KRICT,한국화학연구원,17,일반인,415,2
202606,KRICT,한국화학연구원,18,일반인,397,4
202606,KRICT,한국화학연구원,19,일반인,109,0
202606,KRICT,한국화학연구원,20,일반인,52,0
202606,KRICT,한국화학연구원,21,일반인,45,3
202606,KRICT,한국화학연구원,22,일반인,36,1
202606,KRICT,한국화학연구원,17,어린이,1,0
202606,KRICT,한국화학연구원,12,청소년,1,0
202606,KRICT,한국화학연구원,14,청소년,2,0
202606,KRICT,한국화학연구원,15,청소년,0,1
202606,KRICT,한국화학연구원,17,청소년,2,0
202606,KRICT,한국화학연구원,21,청소년,1,0
202606,KRICT,한국화학연구원,07,경로,21,0
202606,KRICT,한국화학연구원,08,경로,1,0
202606,KRICT,한국화학연구원,10,경로,4,0
202606,KRICT,한국화학연구원,11,경로,1,0
202606,KRICT,한국화학연구원,13,경로,1,0
202606,KRICT,한국화학연구원,14,경로,1,0
202606,KRICT,한국화학연구원,15,경로,7,0
202606,KRICT,한국화학연구원,16,경로,0,1
202606,KRICT,한국화학연구원,20,경로,1,0
202606,KRICT,한국화학연구원,18,국가유공자,1,0
202606,KRICT,한국화학연구원,06,일반인,0,27
202606,KRICT,한국화학연구원,07,일반인,3,125
202606,KRICT,한국화학연구원,08,일반인,0,135
202606,KRICT,한국화학연구원,09,일반인,1,131
202606,KRICT,한국화학연구원,10,일반인,0,38
202606,KRICT,한국화학연구원,11,일반인,1,15
202606,KRICT,한국화학연구원,12,일반인,3,18
202606,KRICT,한국화학연구원,13,일반인,1,23
202606,KRICT,한국화학연구원,14,일반인,1,20
202606,KRICT,한국화학연구원,15,일반인,1,21
202606,KRICT,한국화학연구원,16,일반인,5,18
202606,KRICT,한국화학연구원,17,일반인,7,17
202606,KRICT,한국화학연구원,18,일반인,4,24
202606,KRICT,한국화학연구원,19,일반인,2,25
202606,KRICT,한국화학연구원,20,일반인,2,20
202606,KRICT,한국화학연구원,21,일반인,0,21
202606,KRICT,한국화학연구원,22,일반인,2,29
202606,KRICT,한국화학연구원,23,일반인,1,4
202606,KRICT,한국화학연구원,15,청소년,0,1
202606,KRICT,한국화학연구원,17,청소년,0,1
202606,KRICT,한국화학연구원,20,청소년,0,1
202606,KRICT,한국화학연구원,23,청소년,0,1
202606,KRICT,한국화학연구원,06,경로,0,2
202606,KRICT,한국화학연구원,07,경로,0,5
202606,KRICT,한국화학연구원,08,경로,0,1
202606,KRICT,한국화학연구원,09,경로,1,4
202606,KRICT,한국화학연구원,10,경로,0,1
202606,KRICT,한국화학연구원,11,경로,0,3
202606,KRICT,한국화학연구원,12,경로,0,2
202606,KRICT,한국화학연구원,13,경로,1,3
202606,KRICT,한국화학연구원,14,경로,0,1
202606,KRICT,한국화학연구원,16,경로,0,7
202606,KRICT,한국화학연구원,17,경로,0,2
202606,KRICT,한국화학연구원,18,경로,0,1
202606,KRICT,한국화학연구원,21,경로,0,1
202606,KIMM,한국기계연구원,05,일반인,0,1
202606,KIMM,한국기계연구원,06,일반인,21,25
202606,KIMM,한국기계연구원,07,일반인,18,49
202606,KIMM,한국기계연구원,08,일반인,21,73
202606,KIMM,한국기계연구원,09,일반인,12,46
202606,KIMM,한국기계연구원,10,일반인,2,12
202606,KIMM,한국기계연구원,11,일반인,1,7
202606,KIMM,한국기계연구원,12,일반인,7,4
202606,KIMM,한국기계연구원,13,일반인,6,4
202606,KIMM,한국기계연구원,14,일반인,4,3
202606,KIMM,한국기계연구원,15,일반인,5,5
202606,KIMM,한국기계연구원,16,일반인,11,11
202606,KIMM,한국기계연구원,17,일반인,22,9
202606,KIMM,한국기계연구원,18,일반인,15,3
202606,KIMM,한국기계연구원,19,일반인,11,6
202606,KIMM,한국기계연구원,20,일반인,9,4
202606,KIMM,한국기계연구원,21,일반인,4,2
202606,KIMM,한국기계연구원,22,일반인,17,8
202606,KIMM,한국기계연구원,10,어린이,1,0
202606,KIMM,한국기계연구원,11,어린이,1,0
202606,KIMM,한국기계연구원,13,어린이,1,0
202606,KIMM,한국기계연구원,15,어린이,1,0
202606,KIMM,한국기계연구원,10,청소년,1,0
202606,KIMM,한국기계연구원,12,청소년,3,0
202606,KIMM,한국기계연구원,13,청소년,1,0
202606,KIMM,한국기계연구원,14,청소년,3,0
202606,KIMM,한국기계연구원,15,청소년,4,0
202606,KIMM,한국기계연구원,16,청소년,7,0
202606,KIMM,한국기계연구원,17,청소년,8,0
202606,KIMM,한국기계연구원,18,청소년,2,0
202606,KIMM,한국기계연구원,19,청소년,7,0
202606,KIMM,한국기계연구원,20,청소년,2,0
202606,KIMM,한국기계연구원,21,청소년,7,0
202606,KIMM,한국기계연구원,06,경로,0,10
202606,KIMM,한국기계연구원,07,경로,0,1
202606,KIMM,한국기계연구원,08,경로,0,2
202606,KIMM,한국기계연구원,09,경로,0,2
202606,KIMM,한국기계연구원,10,경로,1,0
202606,KIMM,한국기계연구원,12,경로,1,0
202606,KIMM,한국기계연구원,13,경로,0,9
202606,KIMM,한국기계연구원,14,경로,0,2
202606,KIMM,한국기계연구원,15,경로,2,1
202606,KIMM,한국기계연구원,17,경로,0,1
202606,KIMM,한국기계연구원,18,경로,2,0
202606,KIMM,한국기계연구원,20,경로,0,1
202606,KIMM,한국기계연구원,05,일반인,0,1
202606,KIMM,한국기계연구원,06,일반인,5,5
202606,KIMM,한국기계연구원,07,일반인,3,40
202606,KIMM,한국기계연구원,08,일반인,31,32
202606,KIMM,한국기계연구원,09,일반인,6,16
202606,KIMM,한국기계연구원,10,일반인,17,7
202606,KIMM,한국기계연구원,11,일반인,10,8
202606,KIMM,한국기계연구원,12,일반인,9,11
202606,KIMM,한국기계연구원,13,일반인,45,6
202606,KIMM,한국기계연구원,14,일반인,9,14
202606,KIMM,한국기계연구원,15,일반인,39,14
202606,KIMM,한국기계연구원,16,일반인,46,27
202606,KIMM,한국기계연구원,17,일반인,60,8
202606,KIMM,한국기계연구원,18,일반인,94,7
202606,KIMM,한국기계연구원,19,일반인,26,4
202606,KIMM,한국기계연구원,20,일반인,14,1
202606,KIMM,한국기계연구원,21,일반인,26,1
202606,KIMM,한국기계연구원,22,일반인,8,2
202606,KIMM,한국기계연구원,10,어린이,0,1
202606,KIMM,한국기계연구원,14,어린이,0,3
202606,KIMM,한국기계연구원,15,어린이,0,3
202606,KIMM,한국기계연구원,16,어린이,0,13
202606,KIMM,한국기계연구원,17,어린이,0,11
202606,KIMM,한국기계연구원,18,어린이,0,2
202606,KIMM,한국기계연구원,19,어린이,0,5
202606,KIMM,한국기계연구원,05,청소년,0,1
202606,KIMM,한국기계연구원,07,청소년,0,14
202606,KIMM,한국기계연구원,08,청소년,0,26
202606,KIMM,한국기계연구원,09,청소년,0,2
202606,KIMM,한국기계연구원,10,청소년,0,3
202606,KIMM,한국기계연구원,11,청소년,0,3
202606,KIMM,한국기계연구원,12,청소년,0,2
202606,KIMM,한국기계연구원,13,청소년,0,1
202606,KIMM,한국기계연구원,14,청소년,0,3
202606,KIMM,한국기계연구원,15,청소년,0,2
202606,KIMM,한국기계연구원,16,청소년,0,1
202606,KIMM,한국기계연구원,17,청소년,0,2
202606,KIMM,한국기계연구원,18,청소년,0,1
202606,KIMM,한국기계연구원,19,청소년,0,1
202606,KIMM,한국기계연구원,08,경로,2,0
202606,KIMM,한국기계연구원,10,경로,0,1
202606,KIMM,한국기계연구원,11,경로,2,3
202606,KIMM,한국기계연구원,13,경로,5,1
202606,KIMM,한국기계연구원,15,경로,1,1
202606,KIMM,한국기계연구원,16,경로,3,0
202606,KIMM,한국기계연구원,18,경로,1,0
202606,KIMM,한국기계연구원,20,경로,0,1
202606,KIMM,한국기계연구원,16,장애인,1,0
202606,KIMM,한국기계연구원,17,장애인,4,0
202606,KIMM,한국기계연구원,11,국가유공자,0,1
202606,KRICT,한국화학연구원,05,일반인,1,0
202606,KRICT,한국화학연구원,06,일반인,2,8
202606,KRICT,한국화학연구원,07,일반인,2,4
202606,KRICT,한국화학연구원,08,일반인,9,2
202606,KRICT,한국화학연구원,09,일반인,10,4
202606,KRICT,한국화학연구원,10,일반인,11,3
202606,KRICT,한국화학연구원,11,일반인,24,2
202606,KRICT,한국화학연구원,12,일반인,30,6
202606,KRICT,한국화학연구원,13,일반인,30,8
202606,KRICT,한국화학연구원,14,일반인,35,2
202606,KRICT,한국화학연구원,15,일반인,73,5
202606,KRICT,한국화학연구원,16,일반인,92,5
202606,KRICT,한국화학연구원,17,일반인,218,21
202606,KRICT,한국화학연구원,18,일반인,195,3
202606,KRICT,한국화학연구원,19,일반인,60,4
202606,KRICT,한국화학연구원,20,일반인,37,1
202606,KRICT,한국화학연구원,21,일반인,43,2
202606,KRICT,한국화학연구원,22,일반인,32,0
202606,KRICT,한국화학연구원,11,청소년,0,1
202606,KRICT,한국화학연구원,16,청소년,0,1
202606,KRICT,한국화학연구원,17,청소년,1,0
202606,KRICT,한국화학연구원,09,경로,1,0
202606,KRICT,한국화학연구원,10,경로,3,0
202606,KRICT,한국화학연구원,11,경로,0,1
202606,KRICT,한국화학연구원,12,경로,0,1
202606,KRICT,한국화학연구원,14,경로,1,0
202606,KRICT,한국화학연구원,15,경로,2,0
202606,KRICT,한국화학연구원,16,경로,4,0
202606,KRICT,한국화학연구원,17,경로,1,0
202606,KRICT,한국화학연구원,18,경로,2,0
202606,KRICT,한국화학연구원,20,경로,1,0
202606,KRICT,한국화학연구원,18,국가유공자,2,0
202606,KIMM,한국기계연구원,06,일반인,29,13
202606,KIMM,한국기계연구원,07,일반인,110,40
202606,KIMM,한국기계연구원,08,일반인,103,100
202606,KIMM,한국기계연구원,09,일반인,136,58
202606,KIMM,한국기계연구원,10,일반인,37,18
202606,KIMM,한국기계연구원,11,일반인,25,18
202606,KIMM,한국기계연구원,12,일반인,51,11
202606,KIMM,한국기계연구원,13,일반인,55,9
202606,KIMM,한국기계연구원,14,일반인,74,4
202606,KIMM,한국기계연구원,15,일반인,115,12
202606,KIMM,한국기계연구원,16,일반인,171,26
202606,KIMM,한국기계연구원,17,일반인,88,31
202606,KIMM,한국기계연구원,18,일반인,140,9
202606,KIMM,한국기계연구원,19,일반인,76,9
202606,KIMM,한국기계연구원,20,일반인,82,6
202606,KIMM,한국기계연구원,21,일반인,68,24
202606,KIMM,한국기계연구원,22,일반인,15,17
202606,KIMM,한국기계연구원,23,일반인,1,3
202606,KIMM,한국기계연구원,11,어린이,1,0
202606,KIMM,한국기계연구원,14,어린이,2,0
202606,KIMM,한국기계연구원,15,어린이,4,0
202606,KIMM,한국기계연구원,16,어린이,13,0
202606,KIMM,한국기계연구원,17,어린이,10,0
202606,KIMM,한국기계연구원,19,어린이,6,0
202606,KIMM,한국기계연구원,20,어린이,1,0
202606,KIMM,한국기계연구원,06,청소년,1,0
202606,KIMM,한국기계연구원,07,청소년,12,0
202606,KIMM,한국기계연구원,08,청소년,25,0
202606,KIMM,한국기계연구원,09,청소년,1,0
202606,KIMM,한국기계연구원,10,청소년,0,1
202606,KIMM,한국기계연구원,11,청소년,3,4
202606,KIMM,한국기계연구원,12,청소년,2,0
202606,KIMM,한국기계연구원,13,청소년,3,1
202606,KIMM,한국기계연구원,14,청소년,3,1
202606,KIMM,한국기계연구원,15,청소년,5,0
202606,KIMM,한국기계연구원,16,청소년,1,2
202606,KIMM,한국기계연구원,17,청소년,2,0
202606,KIMM,한국기계연구원,18,청소년,1,0
202606,KIMM,한국기계연구원,19,청소년,4,0
202606,KIMM,한국기계연구원,20,청소년,1,1
202606,KIMM,한국기계연구원,21,청소년,3,0
202606,KIMM,한국기계연구원,06,경로,1,0
202606,KIMM,한국기계연구원,07,경로,7,0
202606,KIMM,한국기계연구원,08,경로,15,7
202606,KIMM,한국기계연구원,09,경로,22,1
202606,KIMM,한국기계연구원,10,경로,4,0
202606,KIMM,한국기계연구원,11,경로,3,0
202606,KIMM,한국기계연구원,12,경로,2,0
202606,KIMM,한국기계연구원,13,경로,24,0
202606,KIMM,한국기계연구원,14,경로,11,0
202606,KIMM,한국기계연구원,15,경로,25,1
202606,KIMM,한국기계연구원,16,경로,4,0
202606,KIMM,한국기계연구원,17,경로,2,0
202606,KIMM,한국기계연구원,18,경로,1,0
202606,KIMM,한국기계연구원,19,경로,5,6
202606,KIMM,한국기계연구원,20,경로,2,0
202606,KIMM,한국기계연구원,21,경로,3,0
202606,KIMM,한국기계연구원,11,국가유공자,1,0
202606,KIMM,한국기계연구원,05,일반인,1,12
202606,KIMM,한국기계연구원,06,일반인,1,126
202606,KIMM,한국기계연구원,07,일반인,5,141
202606,KIMM,한국기계연구원,08,일반인,10,333
202606,KIMM,한국기계연구원,09,일반인,9,122
202606,KIMM,한국기계연구원,10,일반인,11,54
202606,KIMM,한국기계연구원,11,일반인,6,31
202606,KIMM,한국기계연구원,12,일반인,13,27
202606,KIMM,한국기계연구원,13,일반인,16,37
202606,KIMM,한국기계연구원,14,일반인,21,46
202606,KIMM,한국기계연구원,15,일반인,37,47
202606,KIMM,한국기계연구원,16,일반인,46,65
202606,KIMM,한국기계연구원,17,일반인,34,111
202606,KIMM,한국기계연구원,18,일반인,65,115
202606,KIMM,한국기계연구원,19,일반인,33,84
202606,KIMM,한국기계연구원,20,일반인,30,66
202606,KIMM,한국기계연구원,21,일반인,28,81
202606,KIMM,한국기계연구원,22,일반인,40,139
202606,KIMM,한국기계연구원,23,일반인,8,37
202606,KIMM,한국기계연구원,09,어린이,0,1
202606,KIMM,한국기계연구원,10,어린이,0,2
202606,KIMM,한국기계연구원,13,어린이,0,1
202606,KIMM,한국기계연구원,14,어린이,0,1
202606,KIMM,한국기계연구원,09,청소년,0,2
202606,KIMM,한국기계연구원,10,청소년,0,1
202606,KIMM,한국기계연구원,11,청소년,1,0
202606,KIMM,한국기계연구원,12,청소년,0,5
202606,KIMM,한국기계연구원,13,청소년,1,1
202606,KIMM,한국기계연구원,14,청소년,0,6
202606,KIMM,한국기계연구원,15,청소년,0,8
202606,KIMM,한국기계연구원,16,청소년,0,27
202606,KIMM,한국기계연구원,17,청소년,1,4
202606,KIMM,한국기계연구원,18,청소년,0,6
202606,KIMM,한국기계연구원,19,청소년,0,7
202606,KIMM,한국기계연구원,20,청소년,1,2
202606,KIMM,한국기계연구원,21,청소년,1,11
202606,KIMM,한국기계연구원,05,경로,0,2
202606,KIMM,한국기계연구원,06,경로,0,21
202606,KIMM,한국기계연구원,08,경로,0,3
202606,KIMM,한국기계연구원,09,경로,2,9
202606,KIMM,한국기계연구원,10,경로,2,6
202606,KIMM,한국기계연구원,11,경로,0,35
202606,KIMM,한국기계연구원,12,경로,1,2
202606,KIMM,한국기계연구원,13,경로,5,8
202606,KIMM,한국기계연구원,14,경로,1,4
202606,KIMM,한국기계연구원,15,경로,2,8
202606,KIMM,한국기계연구원,16,경로,2,2
202606,KIMM,한국기계연구원,17,경로,0,5
202606,KIMM,한국기계연구원,18,경로,0,1
202606,KIMM,한국기계연구원,19,경로,0,8
202606,KIMM,한국기계연구원,20,경로,0,3
202606,KIMM,한국기계연구원,21,경로,0,3
202606,KIMM,한국기계연구원,22,경로,0,1
202606,KIMM,한국기계연구원,16,장애인,0,1
202606,KIMM,한국기계연구원,17,장애인,0,1
202606,KIMM,한국기계연구원,15,국가유공자,0,1
202606,KRICT,한국화학연구원,06,일반인,0,27
202606,KRICT,한국화학연구원,07,일반인,3,102
202606,KRICT,한국화학연구원,08,일반인,11,126
202606,KRICT,한국화학연구원,09,일반인,7,52
202606,KRICT,한국화학연구원,10,일반인,14,12
202606,KRICT,한국화학연구원,11,일반인,25,11
202606,KRICT,한국화학연구원,12,일반인,21,9
202606,KRICT,한국화학연구원,13,일반인,28,10
202606,KRICT,한국화학연구원,14,일반인,60,6
202606,KRICT,한국화학연구원,15,일반인,79,6
202606,KRICT,한국화학연구원,16,일반인,124,2
202606,KRICT,한국화학연구원,17,일반인,196,22
202606,KRICT,한국화학연구원,18,일반인,174,35
202606,KRICT,한국화학연구원,19,일반인,75,18
202606,KRICT,한국화학연구원,20,일반인,48,21
202606,KRICT,한국화학연구원,21,일반인,38,11
202606,KRICT,한국화학연구원,22,일반인,31,4
202606,KRICT,한국화학연구원,23,일반인,23,0
202606,KRICT,한국화학연구원,08,청소년,0,1
202606,KRICT,한국화학연구원,13,청소년,1,0
202606,KRICT,한국화학연구원,14,청소년,1,0
202606,KRICT,한국화학연구원,18,청소년,0,3
202606,KRICT,한국화학연구원,19,청소년,0,2
202606,KRICT,한국화학연구원,21,청소년,0,2
202606,KRICT,한국화학연구원,07,경로,0,9
202606,KRICT,한국화학연구원,09,경로,0,8
202606,KRICT,한국화학연구원,10,경로,1,3
202606,KRICT,한국화학연구원,11,경로,0,4
202606,KRICT,한국화학연구원,13,경로,1,0
202606,KRICT,한국화학연구원,14,경로,0,12
202606,KRICT,한국화학연구원,15,경로,0,5
202606,KRICT,한국화학연구원,16,경로,1,0
202606,KRICT,한국화학연구원,17,경로,0,1
202606,KRICT,한국화학연구원,19,경로,0,1
202606,KRICT,한국화학연구원,21,경로,1,0
202606,KRICT,한국화학연구원,22,경로,0,1
202606,KRICT,한국화학연구원,13,국가유공자,1,0
202606,KRICT,한국화학연구원,16,국가유공자,1,0
202606,KRICT,한국화학연구원,17,국가유공자,2,0
202606,KRICT,한국화학연구원,18,국가유공자,3,0
202606,KRICT,한국화학연구원,20,국가유공자,1,0
202606,KRICT,한국화학연구원,10,일반인,4,0
202606,KRICT,한국화학연구원,14,일반인,5,1
202606,KRICT,한국화학연구원,14,경로,3,0
202606,KASI,한국천문연구원,06,일반인,0,3
202606,KASI,한국천문연구원,07,일반인,1,36
202606,KASI,한국천문연구원,08,일반인,4,36
202606,KASI,한국천문연구원,09,일반인,1,16
202606,KASI,한국천문연구원,10,일반인,2,9
202606,KASI,한국천문연구원,11,일반인,13,5
202606,KASI,한국천문연구원,12,일반인,3,3
202606,KASI,한국천문연구원,13,일반인,16,4
202606,KASI,한국천문연구원,14,일반인,6,5
202606,KASI,한국천문연구원,15,일반인,24,2
202606,KASI,한국천문연구원,16,일반인,48,1
202606,KASI,한국천문연구원,17,일반인,105,5
202606,KASI,한국천문연구원,18,일반인,142,3
202606,KASI,한국천문연구원,19,일반인,58,1
202606,KASI,한국천문연구원,20,일반인,36,0
202606,KASI,한국천문연구원,21,일반인,22,1
202606,KASI,한국천문연구원,22,일반인,22,1
202606,KASI,한국천문연구원,08,청소년,0,1
202606,KASI,한국천문연구원,18,청소년,1,0
202606,KASI,한국천문연구원,08,경로,1,0
202606,KASI,한국천문연구원,09,경로,0,1
202606,KASI,한국천문연구원,16,경로,1,1
202606,KASI,한국천문연구원,18,경로,0,2
202606,KASI,한국천문연구원,19,경로,0,1
202606,KASI,한국천문연구원,08,국가유공자,0,13
202606,KASI,한국천문연구원,13,국가유공자,0,2
202606,KASI,한국천문연구원,06,일반인,1,8
202606,KASI,한국천문연구원,07,일반인,1,42
202606,KASI,한국천문연구원,08,일반인,8,46
202606,KASI,한국천문연구원,09,일반인,3,134
202606,KASI,한국천문연구원,10,일반인,0,50
202606,KASI,한국천문연구원,11,일반인,3,48
202606,KASI,한국천문연구원,12,일반인,5,32
202606,KASI,한국천문연구원,13,일반인,0,20
202606,KASI,한국천문연구원,14,일반인,2,19
202606,KASI,한국천문연구원,15,일반인,8,11
202606,KASI,한국천문연구원,16,일반인,25,5
202606,KASI,한국천문연구원,17,일반인,31,7
202606,KASI,한국천문연구원,18,일반인,60,5
202606,KASI,한국천문연구원,19,일반인,11,2
202606,KASI,한국천문연구원,20,일반인,2,7
202606,KASI,한국천문연구원,21,일반인,5,15
202606,KASI,한국천문연구원,22,일반인,14,15
202606,KASI,한국천문연구원,06,경로,1,0
202606,KASI,한국천문연구원,09,경로,1,0
202606,KASI,한국천문연구원,16,경로,0,1
202606,KASI,한국천문연구원,10,국가유공자,1,0
202606,KASI,한국천문연구원,06,일반인,13,30
202606,KASI,한국천문연구원,07,일반인,36,25
202606,KASI,한국천문연구원,08,일반인,38,142
202606,KASI,한국천문연구원,09,일반인,15,95
202606,KASI,한국천문연구원,10,일반인,22,30
202606,KASI,한국천문연구원,11,일반인,57,38
202606,KASI,한국천문연구원,12,일반인,26,30
202606,KASI,한국천문연구원,13,일반인,42,24
202606,KASI,한국천문연구원,14,일반인,68,10
202606,KASI,한국천문연구원,15,일반인,102,7
202606,KASI,한국천문연구원,16,일반인,180,7
202606,KASI,한국천문연구원,17,일반인,325,11
202606,KASI,한국천문연구원,18,일반인,455,11
202606,KASI,한국천문연구원,19,일반인,176,17
202606,KASI,한국천문연구원,20,일반인,113,14
202606,KASI,한국천문연구원,21,일반인,67,14
202606,KASI,한국천문연구원,22,일반인,72,9
202606,KASI,한국천문연구원,07,청소년,1,0
202606,KASI,한국천문연구원,16,청소년,0,1
202606,KASI,한국천문연구원,17,청소년,0,1
202606,KASI,한국천문연구원,18,청소년,0,1
202606,KASI,한국천문연구원,06,경로,7,0
202606,KASI,한국천문연구원,09,경로,2,0
202606,KASI,한국천문연구원,10,경로,3,0
202606,KASI,한국천문연구원,12,경로,2,2
202606,KASI,한국천문연구원,13,경로,2,1
202606,KASI,한국천문연구원,16,경로,5,1
202606,KASI,한국천문연구원,17,경로,4,1
202606,KASI,한국천문연구원,18,경로,3,1
202606,KASI,한국천문연구원,19,경로,1,11
202606,KASI,한국천문연구원,20,경로,1,0
202606,KASI,한국천문연구원,21,경로,1,0
202606,KASI,한국천문연구원,09,국가유공자,0,1
202606,KASI,한국천문연구원,12,국가유공자,0,2
202606,KASI,한국천문연구원,13,국가유공자,0,5
202606,KASI,한국천문연구원,14,국가유공자,0,1
202606,KASI,한국천문연구원,16,국가유공자,1,0
202606,KASI,한국천문연구원,21,국가유공자,0,1
202606,KASI,한국천문연구원,06,일반인,2,83
202606,KASI,한국천문연구원,07,일반인,5,62
202606,KASI,한국천문연구원,08,일반인,42,159
202606,KASI,한국천문연구원,09,일반인,22,420
202606,KASI,한국천문연구원,10,일반인,4,232
202606,KASI,한국천문연구원,11,일반인,54,123
202606,KASI,한국천문연구원,12,일반인,28,115
202606,KASI,한국천문연구원,13,일반인,11,50
202606,KASI,한국천문연구원,14,일반인,27,43
202606,KASI,한국천문연구원,15,일반인,33,39
202606,KASI,한국천문연구원,16,일반인,34,38
202606,KASI,한국천문연구원,17,일반인,106,27
202606,KASI,한국천문연구원,18,일반인,181,27
202606,KASI,한국천문연구원,19,일반인,65,37
202606,KASI,한국천문연구원,20,일반인,43,27
202606,KASI,한국천문연구원,21,일반인,29,33
202606,KASI,한국천문연구원,22,일반인,26,39
202606,KASI,한국천문연구원,23,일반인,1,3
202606,KASI,한국천문연구원,14,청소년,1,1
202606,KASI,한국천문연구원,16,청소년,0,1
202606,KASI,한국천문연구원,17,청소년,0,1
202606,KASI,한국천문연구원,19,청소년,0,1
202606,KASI,한국천문연구원,06,경로,6,10
202606,KASI,한국천문연구원,08,경로,1,6
202606,KASI,한국천문연구원,09,경로,2,3
202606,KASI,한국천문연구원,10,경로,0,2
202606,KASI,한국천문연구원,12,경로,2,1
202606,KASI,한국천문연구원,13,경로,0,6
202606,KASI,한국천문연구원,14,경로,0,5
202606,KASI,한국천문연구원,15,경로,0,2
202606,KASI,한국천문연구원,19,경로,0,2
202606,KASI,한국천문연구원,20,경로,0,1
202606,KASI,한국천문연구원,10,국가유공자,13,1
202606,KASI,한국천문연구원,11,국가유공자,2,0
202606,KASI,한국천문연구원,16,국가유공자,2,0
202606,KASI,한국천문연구원,17,국가유공자,6,0
202606,KASI,한국천문연구원,22,국가유공자,1,0
202606,_유성구전체,,00,전체,758,1839
202606,_유성구전체,,01,전체,1,416
202606,_유성구전체,,04,전체,12,0
202606,_유성구전체,,05,전체,13586,4503
202606,_유성구전체,,06,전체,66928,61336
202606,_유성구전체,,07,전체,162078,141421
202606,_유성구전체,,08,전체,186656,222961
202606,_유성구전체,,09,전체,139886,164345
202606,_유성구전체,,10,전체,116199,120976
202606,_유성구전체,,11,전체,121176,121224
202606,_유성구전체,,12,전체,142782,132281
202606,_유성구전체,,13,전체,144070,136589
202606,_유성구전체,,14,전체,147244,128363
202606,_유성구전체,,15,전체,187279,152713
202606,_유성구전체,,16,전체,210329,172501
202606,_유성구전체,,17,전체,221664,182273
202606,_유성구전체,,18,전체,233810,203624
202606,_유성구전체,,19,전체,135544,130756
202606,_유성구전체,,20,전체,125546,100131
202606,_유성구전체,,21,전체,114530,96915
202606,_유성구전체,,22,전체,84492,81852
202606,_유성구전체,,23,전체,14050,24498
