bizesId,bizesNm,brchNm,indsLclsCd,indsLclsNm,indsMclsCd,indsMclsNm,indsSclsCd,indsSclsNm,ksicCd,ksicNm,ctprvnCd,ctprvnNm,signguCd,signguNm,adongCd,adongNm,ldongCd,ldongNm,lnoCd,plotSctCd,plotSctNm,lnoMnno,lnoSlno,lnoAdr,rdnmCd,rdnm,bldMnno,bldSlno,bldMngNo,bldNm,rdnmAdr,oldZipcd,newZipcd,dongNo,flrNo,hoNo,lon,lat,node_id
MA010120220806534291,공감센서,,M1,과학·기술,M109,기술 서비스,M10904,환경 관련 엔지니어링 서비스업,M72122,환경 관련 엔지니어링 서비스업,30,대전광역시,30200,유성구,30200550,신성동,3020012600,가정동,3020012600101610000,1,대지,161,,대전광역시 유성구 가정동 161,302003167001,대전광역시 유성구 가정로,218,,3020012600100320000008090,한국전자통신연구원,대전광역시 유성구 가정로 218,305700,34129,,,,127.36523306537,36.3826641533004,etri
MA010120220814237200,따뜻한메이커연구소,,P1,교육,P106,기타 교육,P10625,기타 기술/직업 훈련학원,P85669,기타 기술 및 직업 훈련학원,30,대전광역시,30200,유성구,30200550,신성동,3020012600,가정동,3020012600101610000,1,대지,161,,대전광역시 유성구 가정동 161,302003167001,대전광역시 유성구 가정로,218,,3020012600100320000008090,생산센터,대전광역시 유성구 가정로 218,305700,34129,,,,127.36523306537,36.3826641533004,etri
MA010120220806250162,한국전자통신연구원노동조합소비조합,,G2,소매,G204,종합 소매,G20404,슈퍼마켓,G47129,기타 음ㆍ식료품 위주 종합 소매업,30,대전광역시,30200,유성구,30200550,신성동,3020012600,가정동,3020012600101610000,1,대지,161,,대전광역시 유성구 가정동 161,302003167001,대전광역시 유성구 가정로,218,,3020012600100320000008090,,대전광역시 유성구 가정로 218,305700,34129,,,,127.36523306537,36.3826641533004,etri
MA010120220806213051,LINetworks,,P1,교육,P106,기타 교육,P10625,기타 기술/직업 훈련학원,P85669,기타 기술 및 직업 훈련학원,30,대전광역시,30200,유성구,30200550,신성동,3020012600,가정동,3020012600101610000,1,대지,161,,대전광역시 유성구 가정동 161,302003167001,대전광역시 유성구 가정로,218,,3020012600100320000008090,생산센터,대전광역시 유성구 가정로 218,305700,34129,,,,127.36523306537,36.3826641533004,etri
MA010120220801061020,디에떼에스프레소에트리융합점,,I2,음식,I212,비알코올 ,I21201,카페,I56221,커피 전문점,30,대전광역시,30200,유성구,30200550,신성동,3020012600,가정동,3020012600101610000,1,대지,161,,대전광역시 유성구 가정동 161,302003167001,대전광역시 유성구 가정로,218,,3020012600100320000008090,생산센터,대전광역시 유성구 가정로 218,305700,34129,,1,,127.36523306537,36.3826641533004,etri
MA0101202302A0079573,한국안전통신기술,,P1,교육,P106,기타 교육,P10629,그 외 기타 교육기관,P85699,그 외 기타 분류 안된 교육기관,30,대전광역시,30200,유성구,30200550,신성동,3020012600,가정동,3020012600101610000,1,대지,161,,대전광역시 유성구 가정동 161,302003167001,대전광역시 유성구 가정로,218,,3020012600100320000008090,,대전광역시 유성구 가정로 218,305700,34129,,3,,127.36523306537,36.3826641533004,etri
MA010120220808702130,뿌리산업창조혁신연구원,,P1,교육,P106,기타 교육,P10625,기타 기술/직업 훈련학원,P85669,기타 기술 및 직업 훈련학원,30,대전광역시,30200,유성구,30200550,신성동,3020012600,가정동,3020012600101610000,1,대지,161,,대전광역시 유성구 가정동 161,302003167001,대전광역시 유성구 가정로,218,,3020012600100320000008090,생산센터,대전광역시 유성구 가정로 218,305700,34129,,1,,127.36523306537,36.3826641533004,etri
MA010120220806253662,엔에스이,,M1,과학·기술,M109,기술 서비스,M10904,환경 관련 엔지니어링 서비스업,M72122,환경 관련 엔지니어링 서비스업,30,대전광역시,30200,유성구,30200550,신성동,3020012600,가정동,3020012600101610000,1,대지,161,,대전광역시 유성구 가정동 161,302003167001,대전광역시 유성구 가정로,218,,3020012600100320000008090,한국전자통신연구원,대전광역시 유성구 가정로 218,305700,34129,,,,127.36523306537,36.3826641533004,etri
MA010120220806765008,엠엠에스벤처스,,M1,과학·기술,M107,본사·경영 컨설팅,M10703,경영 컨설팅업,M71531,경영 컨설팅업,30,대전광역시,30200,유성구,30200550,신성동,3020012600,가정동,3020012600101610000,1,대지,161,,대전광역시 유성구 가정동 161,302003167001,대전광역시 유성구 가정로,218,,3020012600100320000008090,생산센터,대전광역시 유성구 가정로 218,305700,34129,,,,127.36523306537,36.3826641533004,etri
MA010120220813109159,씨쓰리마트,,G2,소매,G204,종합 소매,G20404,슈퍼마켓,G47129,기타 음ㆍ식료품 위주 종합 소매업,30,대전광역시,30200,유성구,30200550,신성동,3020012600,가정동,3020012600101610000,1,대지,161,,대전광역시 유성구 가정동 161,302003167001,대전광역시 유성구 가정로,218,,3020012600100320000008090,생산센터,대전광역시 유성구 가정로 218,305700,34129,,1,,127.36523306537,36.3826641533004,etri
MA0106202201A0976299,한국전자통신연구원신용협동조하,,I2,음식,I201,한식,I20101,백반/한정식,I56111,한식 일반 음식점업,30,대전광역시,30200,유성구,30200550,신성동,3020012600,가정동,3020012600101610000,1,대지,161,,대전광역시 유성구 가정동 161,302003167001,대전광역시 유성구 가정로,218,,3020012600100320000008090,,대전광역시 유성구 가정로 218,305700,34129,,,,127.36523306537,36.3826641533004,etri
MA0106202507A0596912,풀무원푸드앤컬처한국전자통신연구원양식당,,G2,소매,G214,연료 소매,G21401,주유소,G47711,운송장비용 주유소 운영업,30,대전광역시,30200,유성구,30200550,신성동,3020012600,가정동,3020012600101610000,1,대지,161,,대전광역시 유성구 가정동 161,302003167001,대전광역시 유성구 가정로,218,,3020012600100320000008090,,대전광역시 유성구 가정로 218,305700,34129,,,,127.36523306537,36.3826641533004,etri
MA0106202205A0982380,한국건설생활환경시험연구원대전충남지원,,M1,과학·기술,M115,기타 전문 과학,M11502,번역/통역 서비스업,M73902,번역 및 통역 서비스업,30,대전광역시,30200,유성구,30200550,신성동,3020012800,장동,3020012800100600004,1,대지,60,4,대전광역시 유성구 장동 60-4,302003167002,대전광역시 유성구 가정북로,26,34,3020012800100600004007101,,대전광역시 유성구 가정북로 26-34,305804,34113,,,,127.365418115237,36.3864845493344,etri
MA010120220805274375,한국연구재단생활협동조합,,I2,음식,I212,비알코올 ,I21201,카페,I56221,커피 전문점,30,대전광역시,30200,유성구,30200550,신성동,3020012600,가정동,3020012600101800000,1,대지,180,,대전광역시 유성구 가정동 180,302003167001,대전광역시 유성구 가정로,201,,3020012600101800001000419,,대전광역시 유성구 가정로 201,305805,34113,,,,127.366082358178,36.3855272752184,etri
MA0106202201A0285092,에스피씨지에프에스한국연구재단직원식당,,I2,음식,I201,한식,I20101,백반/한정식,I56111,한식 일반 음식점업,30,대전광역시,30200,유성구,30200550,신성동,3020012600,가정동,3020012600101800000,1,대지,180,,대전광역시 유성구 가정동 180,302003167001,대전광역시 유성구 가정로,201,,3020012600101800001000419,,대전광역시 유성구 가정로 201,305805,34113,,,,127.366082358178,36.3855272752184,etri
MA010120220806246266,레이버대항푸드주,,I2,음식,I207,구내식당·뷔페,I20701,구내식당,I56130,기관 구내식당업,30,대전광역시,30200,유성구,30200550,신성동,3020012700,도룡동,3020012700104520000,1,대지,452,,대전광역시 유성구 도룡동 452,302003167001,대전광역시 유성구 가정로,267,,3020012600101760000002257,한국표준과학연구원,대전광역시 유성구 가정로 267,305805,34113,,,,127.368501251288,36.3856009428664,etri
MA010120220805488253,다누리한국표준과학연구원점,,G2,소매,G204,종합 소매,G20404,슈퍼마켓,G47129,기타 음ㆍ식료품 위주 종합 소매업,30,대전광역시,30200,유성구,30200550,신성동,3020012700,도룡동,3020012700104520000,1,대지,452,,대전광역시 유성구 도룡동 452,302003167001,대전광역시 유성구 가정로,267,,3020012600101760000002257,구내매점한국표준과학연구원,대전광역시 유성구 가정로 267,305805,34113,,2,,127.368501251288,36.3856009428664,etri
MA010120220806246266,레이버대항푸드주,,I2,음식,I207,구내식당·뷔페,I20701,구내식당,I56130,기관 구내식당업,30,대전광역시,30200,유성구,30200550,신성동,3020012700,도룡동,3020012700104520000,1,대지,452,,대전광역시 유성구 도룡동 452,302003167001,대전광역시 유성구 가정로,267,,3020012600101760000002257,한국표준과학연구원,대전광역시 유성구 가정로 267,305805,34113,,,,127.368501251288,36.3856009428664,kriss
MA010120220805488253,다누리한국표준과학연구원점,,G2,소매,G204,종합 소매,G20404,슈퍼마켓,G47129,기타 음ㆍ식료품 위주 종합 소매업,30,대전광역시,30200,유성구,30200550,신성동,3020012700,도룡동,3020012700104520000,1,대지,452,,대전광역시 유성구 도룡동 452,302003167001,대전광역시 유성구 가정로,267,,3020012600101760000002257,구내매점한국표준과학연구원,대전광역시 유성구 가정로 267,305805,34113,,2,,127.368501251288,36.3856009428664,kriss
MA010120220806305789,럭스,,G2,소매,G212,기타 생활용품 소매,G21201,전기용품/조명장치 소매업,G47591,전기용품 및 조명장치 소매업,30,대전광역시,30200,유성구,30200550,신성동,3020012700,도룡동,3020012700103800004,1,대지,380,4,대전광역시 유성구 도룡동 380-4,302002010001,대전광역시 유성구 대덕대로,665,,3020012700103800004005782,,대전광역시 유성구 대덕대로 665,305805,34112,,,,127.374048572297,36.3896119287958,kriss
MA010120220805652875,빅인커뮤니케이션,,M1,과학·기술,M105,광고,M10501,광고 대행업,M71310,광고 대행업,30,대전광역시,30200,유성구,30200550,신성동,3020012700,도룡동,3020012700103800011,1,대지,380,11,대전광역시 유성구 도룡동 380-11,302002010001,대전광역시 유성구 대덕대로,659,,3020012700103800011000001,,대전광역시 유성구 대덕대로 659,305805,34112,,,,127.374447919041,36.3892141630857,kriss
MA010120220812241145,변호사위홍법률사무소,,M1,과학·기술,M103,법무관련 ,M10301,변호사,M71101,변호사업,30,대전광역시,30200,유성구,30200550,신성동,3020012700,도룡동,3020012700103800032,1,대지,380,32,대전광역시 유성구 도룡동 380-32,302002010001,대전광역시 유성구 대덕대로,651,,3020012700103800032006535,,대전광역시 유성구 대덕대로 651,305805,34112,,,,127.3752591751,36.3887159740405,kriss
MA0101202406A0525212,줄리엣의편지,,I2,음식,I212,비알코올 ,I21201,카페,I56221,커피 전문점,30,대전광역시,30200,유성구,30200550,신성동,3020012700,도룡동,3020012700103800033,1,대지,380,33,대전광역시 유성구 도룡동 380-33,302002010001,대전광역시 유성구 대덕대로,649,,3020012700103800033006550,CHUI,대전광역시 유성구 대덕대로 649,305805,34112,,2,,127.375381387405,36.3886344847907,kriss
MA010120220806200825,디북스,,M1,과학·기술,M114,인쇄·제품제작,M11401,명함/간판/광고물 제작,C33910,간판 및 광고물 제조업,30,대전광역시,30200,유성구,30200550,신성동,3020012700,도룡동,3020012700103800033,1,대지,380,33,대전광역시 유성구 도룡동 380-33,302002010001,대전광역시 유성구 대덕대로,649,,3020012700103800033006550,남측,대전광역시 유성구 대덕대로 649,305805,34112,,1,,127.375381387405,36.3886344847907,kriss
MA0101202505A0085269,무브,,P1,교육,P106,기타 교육,P10603,요가/필라테스 학원,P85612,기타 스포츠 교육기관,30,대전광역시,30200,유성구,30200550,신성동,3020012700,도룡동,3020012700103880009,1,대지,388,9,대전광역시 유성구 도룡동 388-9,302004301001,대전광역시 유성구 가정로287번길,33,,3020012700103880009006273,,대전광역시 유성구 가정로287번길 33,305805,34112,,,,127.375402867199,36.3861471893353,kriss
MA010120220804820084,도룡기쁨공인중개사사무소,,L1,부동산,L102,부동산 서비스,L10203,부동산 중개/대리업,L68221,부동산 중개 및 대리업,30,대전광역시,30200,유성구,30200550,신성동,3020012700,도룡동,3020012700103910000,1,대지,391,,대전광역시 유성구 도룡동 391,302003167001,대전광역시 유성구 가정로,306,6,3020012700103910000007089,도룡에스케이뷰,대전광역시 유성구 가정로 306-6,305805,34130,,,,127.375666495928,36.3853443194169,kriss
MA010120220806406204,도룡SK뷰미소공인중개사사무소,,L1,부동산,L102,부동산 서비스,L10203,부동산 중개/대리업,L68221,부동산 중개 및 대리업,30,대전광역시,30200,유성구,30200550,신성동,3020012700,도룡동,3020012700103910000,1,대지,391,,대전광역시 유성구 도룡동 391,302003167001,대전광역시 유성구 가정로,306,6,3020012700103910000007089,도룡에스케이뷰,대전광역시 유성구 가정로 306-6,305805,34130,,,,127.375666495928,36.3853443194169,kriss
MA0101202502A0035051,지금은간식타임,,G2,소매,G204,종합 소매,G20404,슈퍼마켓,G47129,기타 음ㆍ식료품 위주 종합 소매업,30,대전광역시,30200,유성구,30200550,신성동,3020012700,도룡동,3020012700103910000,1,대지,391,,대전광역시 유성구 도룡동 391,302003167001,대전광역시 유성구 가정로,306,6,3020012700103910000007089,도룡에스케이뷰,대전광역시 유성구 가정로 306-6,305805,34130,,1,,127.375666495928,36.3853443194169,kriss
MA010120220812754227,가젤미디어파크,,M1,과학·기술,M112,전문 디자인,M11201,인테리어 디자인업,M73201,인테리어 디자인업,30,대전광역시,30200,유성구,30200550,신성동,3020012700,도룡동,3020012700103810011,1,대지,381,11,대전광역시 유성구 도룡동 381-11,302004301117,대전광역시 유성구 대덕대로643번길,17,,3020012700103810011006733,,대전광역시 유성구 대덕대로643번길 17,305805,34112,,,,127.375935762708,36.3880289578076,kriss
MA010120220812549170,드림스페이스,,M1,과학·기술,M112,전문 디자인,M11201,인테리어 디자인업,M73201,인테리어 디자인업,30,대전광역시,30200,유성구,30200550,신성동,3020012700,도룡동,3020012700103810011,1,대지,381,11,대전광역시 유성구 도룡동 381-11,302004301117,대전광역시 유성구 대덕대로643번길,17,,3020012700103810011006733,,대전광역시 유성구 대덕대로643번길 17,305805,34112,,,,127.375935762708,36.3880289578076,kriss
MA0106202201A2069331,하나이엔씨,,I2,음식,I201,한식,I20101,백반/한정식,I56111,한식 일반 음식점업,30,대전광역시,30200,유성구,30200550,신성동,3020012700,도룡동,3020012700103930002,1,대지,393,2,대전광역시 유성구 도룡동 393-2,302003167001,대전광역시 유성구 가정로,306,,3020012700103930002005749,,대전광역시 유성구 가정로 306,305805,34130,,,,127.376848275536,36.3854217022474,kriss
MA010120220813724629,알파벳시티영어전문학원,,P1,교육,P105,일반 교육,P10501,입시·교과학원,P85501,일반 교과학원,30,대전광역시,30200,유성구,30200550,신성동,3020012700,도룡동,3020012700103930002,1,대지,393,2,대전광역시 유성구 도룡동 393-2,302003167001,대전광역시 유성구 가정로,306,,3020012700103930002005749,,대전광역시 유성구 가정로 306,305805,34130,,3,,127.376848275536,36.3854217022474,kriss
MA0101202301A0064946,도룡검도관,,P1,교육,P106,기타 교육,P10601,태권도/무술학원,P85611,태권도 및 무술 교육기관,30,대전광역시,30200,유성구,30200550,신성동,3020012700,도룡동,3020012700103930002,1,대지,393,2,대전광역시 유성구 도룡동 393-2,302003167001,대전광역시 유성구 가정로,306,,3020012700103930002005749,,대전광역시 유성구 가정로 306,305805,34130,,1,,127.376848275536,36.3854217022474,kriss
MA0106202201A0614542,에이치엠씨네트웍스,,G2,소매,G205,식료품 소매,G20502,가축 사료 소매업,G47211,"곡물, 곡분 및 가축 사료 소매업",30,대전광역시,30200,유성구,30200550,신성동,3020012700,도룡동,3020012700103930002,1,대지,393,2,대전광역시 유성구 도룡동 393-2,302003167001,대전광역시 유성구 가정로,306,,3020012700103930002005749,,대전광역시 유성구 가정로 306,305805,34130,,,,127.376848275536,36.3854217022474,kriss
MA010120220806762036,아라필라테스,,P1,교육,P106,기타 교육,P10603,요가/필라테스 학원,P85612,기타 스포츠 교육기관,30,대전광역시,30200,유성구,30200550,신성동,3020012700,도룡동,3020012700103930002,1,대지,393,2,대전광역시 유성구 도룡동 393-2,302003167001,대전광역시 유성구 가정로,306,,3020012700103930002005749,,대전광역시 유성구 가정로 306,305805,34130,,2,,127.376848275536,36.3854217022474,kriss
MA010120220813058382,도룡써니SK공인중개사사무소,,L1,부동산,L102,부동산 서비스,L10203,부동산 중개/대리업,L68221,부동산 중개 및 대리업,30,대전광역시,30200,유성구,30200550,신성동,3020012700,도룡동,3020012700103930002,1,대지,393,2,대전광역시 유성구 도룡동 393-2,302003167001,대전광역시 유성구 가정로,306,,3020012700103930002005749,,대전광역시 유성구 가정로 306,305805,34130,,1,,127.376848275536,36.3854217022474,kriss
MA010120220814013049,에스케이랜드공인중개사사무소,,L1,부동산,L102,부동산 서비스,L10203,부동산 중개/대리업,L68221,부동산 중개 및 대리업,30,대전광역시,30200,유성구,30200550,신성동,3020012700,도룡동,3020012700103930002,1,대지,393,2,대전광역시 유성구 도룡동 393-2,302003167001,대전광역시 유성구 가정로,306,,3020012700103930002005749,,대전광역시 유성구 가정로 306,305805,34130,,1,,127.376848275536,36.3854217022474,kriss
MA010120220803414227,본죽비빔밥카페,,I2,음식,I201,한식,I20101,백반/한정식,I56111,한식 일반 음식점업,30,대전광역시,30200,유성구,30200550,신성동,3020012700,도룡동,3020012700103930002,1,대지,393,2,대전광역시 유성구 도룡동 393-2,302003167001,대전광역시 유성구 가정로,306,,3020012700103930002005749,,대전광역시 유성구 가정로 306,305805,34130,,1,,127.376848275536,36.3854217022474,kriss
MA010120220806176183,별세탁,,S2,수리·개인,S209,세탁,S20901,세탁소,S96912,가정용 세탁업,30,대전광역시,30200,유성구,30200550,신성동,3020012700,도룡동,3020012700103930002,1,대지,393,2,대전광역시 유성구 도룡동 393-2,302003167001,대전광역시 유성구 가정로,306,,3020012700103930002005749,,대전광역시 유성구 가정로 306,305805,34130,,,,127.376848275536,36.3854217022474,kriss
MA010120220804843720,홍커뮤니케이션즈,,I2,음식,I212,비알코올 ,I21201,카페,I56221,커피 전문점,30,대전광역시,30200,유성구,30200550,신성동,3020012700,도룡동,3020012700103930009,1,대지,393,9,대전광역시 유성구 도룡동 393-9,302003167001,대전광역시 유성구 가정로,306,7,3020012700103930009006150,,대전광역시 유성구 가정로 306-7,305805,34130,,1,,127.376869652647,36.385232389144,kriss
MA010120220802783583,노을요가명상원,,P1,교육,P106,기타 교육,P10603,요가/필라테스 학원,P85612,기타 스포츠 교육기관,30,대전광역시,30200,유성구,30200550,신성동,3020012700,도룡동,3020012700103930003,1,대지,393,3,대전광역시 유성구 도룡동 393-3,302003167001,대전광역시 유성구 가정로,308,,3020012700103930003005745,,대전광역시 유성구 가정로 308,305805,34130,,,,127.377015453273,36.3854211747149,kriss
MA010120220814310074,옥분황태곰탕,,I2,음식,I201,한식,I20102,국/탕/찌개류,I56111,한식 일반 음식점업,30,대전광역시,30200,유성구,30200550,신성동,3020012700,도룡동,3020012700103930003,1,대지,393,3,대전광역시 유성구 도룡동 393-3,302003167001,대전광역시 유성구 가정로,308,,3020012700103930003005745,,대전광역시 유성구 가정로 308,305805,34130,,,,127.377015453273,36.3854211747149,kriss
MA010120220806207778,앤,,I2,음식,I212,비알코올 ,I21201,카페,I56221,커피 전문점,30,대전광역시,30200,유성구,30200550,신성동,3020012700,도룡동,3020012700103930003,1,대지,393,3,대전광역시 유성구 도룡동 393-3,302003167001,대전광역시 유성구 가정로,308,,3020012700103930003005745,,대전광역시 유성구 가정로 308,305805,34130,,,,127.377015453273,36.3854211747149,kriss
MA010120220805811999,홍커뮤니케이션즈주,,M1,과학·기술,M105,광고,M10501,광고 대행업,M71310,광고 대행업,30,대전광역시,30200,유성구,30200550,신성동,3020012700,도룡동,3020012700103930016,1,대지,393,16,대전광역시 유성구 도룡동 393-16,302003167001,대전광역시 유성구 가정로,310,14,3020012700103930016000001,,대전광역시 유성구 가정로 310-14,305805,34130,,,,127.377046191294,36.3848623523973,kriss
MA0101202511A0000328,이마트24대전도룡,프리미엄점,G2,소매,G204,종합 소매,G20405,편의점,G47122,체인화 편의점,30,대전광역시,30200,유성구,30200550,신성동,3020012700,도룡동,3020012700103930004,1,대지,393,4,대전광역시 유성구 도룡동 393-4,302003167001,대전광역시 유성구 가정로,310,,3020012700103930004005750,,대전광역시 유성구 가정로 310,305805,34130,,1,,127.377316373188,36.3854202245667,kriss
MA010120220809528621,펄스맥,연구단지점,I2,음식,I204,서양식,I20401,경양식,I56123,서양식 음식점업,30,대전광역시,30200,유성구,30200550,신성동,3020012700,도룡동,3020012700103930006,1,대지,393,6,대전광역시 유성구 도룡동 393-6,302003167001,대전광역시 유성구 가정로,314,8,3020012700103930006000001,,대전광역시 유성구 가정로 314-8,305805,34130,,1,,127.377493607087,36.3851943721507,kriss
MA010120220807214490,그대는꽃,,G2,소매,G219,식물 소매,G21901,꽃집,G47851,화초 및 식물 소매업,30,대전광역시,30200,유성구,30200550,신성동,3020012700,도룡동,3020012700103930005,1,대지,393,5,대전광역시 유성구 도룡동 393-5,302003167001,대전광역시 유성구 가정로,312,,3020012700103930005005758,,대전광역시 유성구 가정로 312,305805,34130,,1,,127.37751703002,36.3854286022736,kriss
MA010120220806229404,GS25,대전LG점,G2,소매,G204,종합 소매,G20405,편의점,G47122,체인화 편의점,30,대전광역시,30200,유성구,30200550,신성동,3020012700,도룡동,3020012700103810042,1,대지,381,42,대전광역시 유성구 도룡동 381-42,302004301113,대전광역시 유성구 대덕대로603번길,20,,3020012700103810042006243,엘지화학사원아파트,대전광역시 유성구 대덕대로603번길 20,305805,34112,,1,,127.377861501608,36.3875182265962,kriss
MA0106202201A2092368,아름누리대전센터,,I2,음식,I201,한식,I20101,백반/한정식,I56111,한식 일반 음식점업,30,대전광역시,30200,유성구,30200550,신성동,3020012700,도룡동,3020012700103810042,1,대지,381,42,대전광역시 유성구 도룡동 381-42,302004301113,대전광역시 유성구 대덕대로603번길,20,,3020012700103810042006243,엘지화학사원아파트,대전광역시 유성구 대덕대로603번길 20,305805,34112,,,,127.377861501608,36.3875182265962,kriss
MA010120220805073609,투썸플레이스대전,도룡점,I2,음식,I212,비알코올 ,I21201,카페,I56221,커피 전문점,30,대전광역시,30200,유성구,30200550,신성동,3020012700,도룡동,3020012700103940001,1,대지,394,1,대전광역시 유성구 도룡동 394-1,302003167001,대전광역시 유성구 가정로,316,,3020012700103940001005747,,대전광역시 유성구 가정로 316,305805,34130,,2,,127.377884777433,36.3854184277742,kriss
MA0101202305A0041435,생각나래아카데미대전논술교습소,도룡점,P1,교육,P105,일반 교육,P10501,입시·교과학원,P85501,일반 교과학원,30,대전광역시,30200,유성구,30200550,신성동,3020012700,도룡동,3020012700103940001,1,대지,394,1,대전광역시 유성구 도룡동 394-1,302003167001,대전광역시 유성구 가정로,316,,3020012700103940001005747,,대전광역시 유성구 가정로 316,305805,34130,,,,127.377907111403,36.3854273688164,kriss
MA0101202307A0063490,도룡스포츠센타매점,,G2,소매,G204,종합 소매,G20404,슈퍼마켓,G47129,기타 음ㆍ식료품 위주 종합 소매업,30,대전광역시,30200,유성구,30200550,신성동,3020012700,도룡동,3020012700103940004,1,대지,394,4,대전광역시 유성구 도룡동 394-4,302002010001,대전광역시 유성구 대덕대로,581,,3020012700103940004007276,대덕특구스포츠센터,대전광역시 유성구 대덕대로 581,305805,34130,,,,127.378060177418,36.3848140889972,kriss
MA010120220807119845,참좋은스포츠센터,,R1,예술·스포츠,R103,스포츠 서비스,R10311,골프 연습장,R91136,골프 연습장 운영업,30,대전광역시,30200,유성구,30200550,신성동,3020012700,도룡동,3020012700103940004,1,대지,394,4,대전광역시 유성구 도룡동 394-4,302002010001,대전광역시 유성구 대덕대로,581,,3020012700103940004007276,사이언스도룡스포츠센터,대전광역시 유성구 대덕대로 581,305805,34130,,,,127.378060177418,36.3848140889972,kriss
MA010120220805760339,웰니스스포츠센터,,R1,예술·스포츠,R103,스포츠 서비스,R10307,헬스장,R91132,체력 단련시설 운영업,30,대전광역시,30200,유성구,30200550,신성동,3020012700,도룡동,3020012700103940004,1,대지,394,4,대전광역시 유성구 도룡동 394-4,302002010001,대전광역시 유성구 대덕대로,581,,3020012700103940004007276,,대전광역시 유성구 대덕대로 581,305805,34130,,,,127.378060177418,36.3848140889972,kriss
MA010120220806255282,래티스테크놀로지,,M1,과학·기술,M109,기술 서비스,M10904,환경 관련 엔지니어링 서비스업,M72122,환경 관련 엔지니어링 서비스업,30,대전광역시,30200,유성구,30200550,신성동,3020012700,도룡동,3020012700103860002,1,대지,386,2,대전광역시 유성구 도룡동 386-2,302002010001,대전광역시 유성구 대덕대로,593,,3020012700103860003005525,대덕테크비즈센터,대전광역시 유성구 대덕대로 593,305805,34112,,,,127.378133723987,36.3861926459164,kriss
MA010120220804003611,제이에이치제이,,M1,과학·기술,M107,본사·경영 컨설팅,M10703,경영 컨설팅업,M71531,경영 컨설팅업,30,대전광역시,30200,유성구,30200550,신성동,3020012700,도룡동,3020012700103860002,1,대지,386,2,대전광역시 유성구 도룡동 386-2,302002010001,대전광역시 유성구 대덕대로,593,,3020012700103860003005525,,대전광역시 유성구 대덕대로 593,305805,34112,,,,127.378133723987,36.3861926459164,kriss
MA010120220812204740,특허법인주원,,M1,과학·기술,M103,법무관련 ,M10302,변리사,M71102,변리사업,30,대전광역시,30200,유성구,30200550,신성동,3020012700,도룡동,3020012700103860002,1,대지,386,2,대전광역시 유성구 도룡동 386-2,302002010001,대전광역시 유성구 대덕대로,593,,3020012700103860003005525,,대전광역시 유성구 대덕대로 593,305805,34112,,,,127.378133723987,36.3861926459164,kriss
MA010120220805815703,예교지성회계법인,,M1,과학·기술,M104,회계·세무,M10401,공인회계사,M71201,공인회계사업,30,대전광역시,30200,유성구,30200550,신성동,3020012700,도룡동,3020012700103860002,1,대지,386,2,대전광역시 유성구 도룡동 386-2,302002010001,대전광역시 유성구 대덕대로,593,,3020012700103860003005525,대덕테크비즈센터,대전광역시 유성구 대덕대로 593,305805,34112,,,,127.378133723987,36.3861926459164,kriss
MA010120220812414349,에이아이프렌즈학회,,P1,교육,P107,교육 지원,P10701,교육컨설팅업,P85701,교육관련 자문 및 평가업,30,대전광역시,30200,유성구,30200550,신성동,3020012700,도룡동,3020012700103860002,1,대지,386,2,대전광역시 유성구 도룡동 386-2,302002010001,대전광역시 유성구 대덕대로,593,,3020012700103860003005525,대덕테크비즈센터,대전광역시 유성구 대덕대로 593,305805,34112,,1,,127.378133723987,36.3861926459164,kriss
MA010120220810215577,카페그랑주대덕비즈,센터점,I2,음식,I212,비알코올 ,I21201,카페,I56221,커피 전문점,30,대전광역시,30200,유성구,30200550,신성동,3020012700,도룡동,3020012700103860002,1,대지,386,2,대전광역시 유성구 도룡동 386-2,302002010001,대전광역시 유성구 대덕대로,593,,3020012700103860003005525,대덕비즈니스허브센터,대전광역시 유성구 대덕대로 593,305805,34112,,1,,127.378133723987,36.3861926459164,kriss
MA010120220806246839,더월드항공주,,N1,시설관리·임대,N105,여행사·보조,N10501,여행사,N75210,여행사업,30,대전광역시,30200,유성구,30200550,신성동,3020012700,도룡동,3020012700103860002,1,대지,386,2,대전광역시 유성구 도룡동 386-2,302002010001,대전광역시 유성구 대덕대로,593,,3020012700103860003005525,대덕테크비즈센터,대전광역시 유성구 대덕대로 593,305805,34112,,,,127.378133723987,36.3861926459164,kriss
MA010120220805815568,신우회계법인,대전지점,M1,과학·기술,M104,회계·세무,M10401,공인회계사,M71201,공인회계사업,30,대전광역시,30200,유성구,30200550,신성동,3020012700,도룡동,3020012700103860002,1,대지,386,2,대전광역시 유성구 도룡동 386-2,302002010001,대전광역시 유성구 대덕대로,593,,3020012700103860003005525,,대전광역시 유성구 대덕대로 593,305805,34112,,,,127.378133723987,36.3861926459164,kriss
MA010120220814289178,최재홍치과의원,,Q1,보건의료,Q102,의원,Q10210,치과의원,Q86202,치과의원,30,대전광역시,30200,유성구,30200550,신성동,3020012700,도룡동,3020012700103860002,1,대지,386,2,대전광역시 유성구 도룡동 386-2,302002010001,대전광역시 유성구 대덕대로,593,,3020012700103860003005525,대덕테크비지니스센터,대전광역시 유성구 대덕대로 593,305805,34112,,,,127.378133723987,36.3861926459164,kriss
MA010120220813426268,연구개발특구에프엔에스,,N1,시설관리·임대,N101,시설관리,N10101,사업시설 유지·관리 서비스업,N74100,사업시설 유지ㆍ관리 서비스업,30,대전광역시,30200,유성구,30200550,신성동,3020012700,도룡동,3020012700103860002,1,대지,386,2,대전광역시 유성구 도룡동 386-2,302002010001,대전광역시 유성구 대덕대로,593,,3020012700103860003005525,대덕테크비즈센터,대전광역시 유성구 대덕대로 593,305805,34112,,,,127.378133723987,36.3861926459164,kriss
MA010120220806246103,케이티지주,,M1,과학·기술,M106,시장 조사,M10601,시장 조사 및 여론 조사업,M71400,시장 조사 및 여론 조사업,30,대전광역시,30200,유성구,30200550,신성동,3020012700,도룡동,3020012700103860002,1,대지,386,2,대전광역시 유성구 도룡동 386-2,302002010001,대전광역시 유성구 대덕대로,593,,3020012700103860003005525,도룡동대덕테크비즈센터,대전광역시 유성구 대덕대로 593,305805,34112,,,,127.378133723987,36.3861926459164,kriss
MA010120220806251558,인사이트주,코리아,M1,과학·기술,M106,시장 조사,M10601,시장 조사 및 여론 조사업,M71400,시장 조사 및 여론 조사업,30,대전광역시,30200,유성구,30200550,신성동,3020012700,도룡동,3020012700103860002,1,대지,386,2,대전광역시 유성구 도룡동 386-2,302002010001,대전광역시 유성구 대덕대로,593,,3020012700103860003005525,대덕테크비지니스센터,대전광역시 유성구 대덕대로 593,305805,34112,,4,,127.378133723987,36.3861926459164,kriss
MA0101202305A0101861,크린토피아대전,신성점,S2,수리·개인,S209,세탁,S20901,세탁소,S96912,가정용 세탁업,30,대전광역시,30200,유성구,30200550,신성동,3020012500,신성동,3020012500101180044,1,대지,118,44,대전광역시 유성구 신성동 118-44,302003167001,대전광역시 유성구 가정로,87,,3020012500101180044005747,,대전광역시 유성구 가정로 87,305804,34120,,,,127.353075598797,36.3855033468546,krict
MA010120220806186449,대덕공인중개사사무소,,L1,부동산,L102,부동산 서비스,L10203,부동산 중개/대리업,L68221,부동산 중개 및 대리업,30,대전광역시,30200,유성구,30200550,신성동,3020012500,신성동,3020012500101180044,1,대지,118,44,대전광역시 유성구 신성동 118-44,302003167001,대전광역시 유성구 가정로,87,,3020012500101180044005747,,대전광역시 유성구 가정로 87,305804,34120,,,,127.353075598797,36.3855033468546,krict
MA0101202301A0052217,마릇,,I2,음식,I212,비알코올 ,I21201,카페,I56221,커피 전문점,30,대전광역시,30200,유성구,30200550,신성동,3020012500,신성동,3020012500101180007,1,대지,118,7,대전광역시 유성구 신성동 118-7,302004301002,대전광역시 유성구 가정로89번길,12,1,3020012500101180007006118,,대전광역시 유성구 가정로89번길 12-1,305804,34120,,1,,127.353167735616,36.386160928907,krict
MA010120220812756756,팔복집,,I2,음식,I201,한식,I20113,복 요리 전문,I56111,한식 일반 음식점업,30,대전광역시,30200,유성구,30200550,신성동,3020012500,신성동,3020012500101180019,1,대지,118,19,대전광역시 유성구 신성동 118-19,302004301002,대전광역시 유성구 가정로89번길,12,,3020012500101180019006282,,대전광역시 유성구 가정로89번길 12,305804,34120,,1,,127.353200641711,36.3860436794599,krict
MA010120220813517881,디에떼에스프레소신성,2호점,I2,음식,I212,비알코올 ,I21201,카페,I56221,커피 전문점,30,대전광역시,30200,유성구,30200550,신성동,3020012500,신성동,3020012500101180023,1,대지,118,23,대전광역시 유성구 신성동 118-23,302004301002,대전광역시 유성구 가정로89번길,8,,3020012500101180023007233,,대전광역시 유성구 가정로89번길 8,305804,34120,,1,,127.353244326127,36.3858452927889,krict
MA0101202501A0038467,마제신성,,I2,음식,I203,일식,I20301,일식 회/초밥,I56122,일식 음식점업,30,대전광역시,30200,유성구,30200550,신성동,3020012500,신성동,3020012500101180023,1,대지,118,23,대전광역시 유성구 신성동 118-23,302004301002,대전광역시 유성구 가정로89번길,8,,3020012500101180023007233,마들렌,대전광역시 유성구 가정로89번길 8,305804,34120,,1,,127.353244326127,36.3858452927889,krict
MA010120220806218016,수레와바퀴,,S2,수리·개인,S203,자동차 수리·세차,S20301,자동차 정비소,S95212,자동차 전문 수리업,30,대전광역시,30200,유성구,30200550,신성동,3020012500,신성동,3020012500101180036,1,대지,118,36,대전광역시 유성구 신성동 118-36,302003167001,대전광역시 유성구 가정로,89,,3020012500101180036005743,,대전광역시 유성구 가정로 89,305804,34120,,,,127.353309811572,36.3855387011581,krict
MA010120220805779977,시루향기신성동,,I2,음식,I201,한식,I20102,국/탕/찌개류,I56111,한식 일반 음식점업,30,대전광역시,30200,유성구,30200550,신성동,3020012500,신성동,3020012500101180042,1,대지,118,42,대전광역시 유성구 신성동 118-42,302003167001,대전광역시 유성구 가정로,91,,3020012500101180042006402,,대전광역시 유성구 가정로 91,305804,34120,,1,,127.353466089498,36.3855923090514,krict
MA0101202209A0073045,투썸플레이스대전,신성점,I2,음식,I212,비알코올 ,I21201,카페,I56221,커피 전문점,30,대전광역시,30200,유성구,30200550,신성동,3020012500,신성동,3020012500101180041,1,대지,118,41,대전광역시 유성구 신성동 118-41,302003167001,대전광역시 유성구 가정로,93,,3020012500101180041005739,,대전광역시 유성구 가정로 93,305804,34120,,2,,127.353678012229,36.3856277285871,krict
MA0101202406A0231653,문정로설렁탕,,I2,음식,I201,한식,I20102,국/탕/찌개류,I56111,한식 일반 음식점업,30,대전광역시,30200,유성구,30200550,신성동,3020012500,신성동,3020012500101180040,1,대지,118,40,대전광역시 유성구 신성동 118-40,302003167001,대전광역시 유성구 가정로,95,,3020012500101180040007260,,대전광역시 유성구 가정로 95,305804,34120,,1,,127.353856458579,36.3856542352149,krict
MA0101202307A0044719,입세한의원,,Q1,보건의료,Q102,의원,Q10211,한의원,Q86203,한의원,30,대전광역시,30200,유성구,30200550,신성동,3020012500,신성동,3020012500101180040,1,대지,118,40,대전광역시 유성구 신성동 118-40,302003167001,대전광역시 유성구 가정로,95,,3020012500101180040007260,외,대전광역시 유성구 가정로 95,305804,34120,,2,,127.353856458579,36.3856542352149,krict
MA010120220814254484,문정로설렁탕,,I2,음식,I201,한식,I20102,국/탕/찌개류,I56111,한식 일반 음식점업,30,대전광역시,30200,유성구,30200550,신성동,3020012500,신성동,3020012500101180040,1,대지,118,40,대전광역시 유성구 신성동 118-40,302003167001,대전광역시 유성구 가정로,95,,3020012500101180040007260,,대전광역시 유성구 가정로 95,305804,34120,,1,,127.353856458579,36.3856542352149,krict
MA0106202307A0975399,그린브라우니화학연구소점,,I2,음식,I201,한식,I20101,백반/한정식,I56111,한식 일반 음식점업,30,대전광역시,30200,유성구,30200550,신성동,3020012800,장동,3020012800101000000,1,대지,100,,대전광역시 유성구 장동 100,302003167001,대전광역시 유성구 가정로,141,,3020012500101540005000001,,대전광역시 유성구 가정로 141,305804,34114,,,,127.355150456712,36.3883539055772,krict
MA0106202301A1814400,가온에프앤에스한국화학연구원점,,I2,음식,I201,한식,I20101,백반/한정식,I56111,한식 일반 음식점업,30,대전광역시,30200,유성구,30200550,신성동,3020012800,장동,3020012800101000000,1,대지,100,,대전광역시 유성구 장동 100,302003167001,대전광역시 유성구 가정로,141,,3020012500101540005000001,,대전광역시 유성구 가정로 141,305804,34114,,,,127.355150456712,36.3883539055772,krict
MA010120220800535260,디디마트한국화학연구원점,,G2,소매,G204,종합 소매,G20404,슈퍼마켓,G47129,기타 음ㆍ식료품 위주 종합 소매업,30,대전광역시,30200,유성구,30200550,신성동,3020012800,장동,3020012800101000000,1,대지,100,,대전광역시 유성구 장동 100,302003167001,대전광역시 유성구 가정로,141,,3020012500101540005000001,한국화학연구원,대전광역시 유성구 가정로 141,305804,34114,,1,,127.355150456712,36.3883539055772,krict
MA0106202201A0636328,후니드한국화학연구원카페,대전점,I2,음식,I201,한식,I20101,백반/한정식,I56111,한식 일반 음식점업,30,대전광역시,30200,유성구,30200550,신성동,3020012800,장동,3020012800101000000,1,대지,100,,대전광역시 유성구 장동 100,302003167001,대전광역시 유성구 가정로,141,,3020012500101540005000001,,대전광역시 유성구 가정로 141,305804,34114,,,,127.355150456712,36.3883539055772,krict
MA010120220806174147,선엔지니어링,,M1,과학·기술,M109,기술 서비스,M10903,건물 및 토목 엔지니어링 서비스업,M72121,건물 및 토목 엔지니어링 서비스업,30,대전광역시,30200,유성구,30200550,신성동,3020012500,신성동,3020012500101000000,1,대지,100,,대전광역시 유성구 신성동 100,302003167001,대전광역시 유성구 가정로,99,,3020012500101000000005324,,대전광역시 유성구 가정로 99,305804,34115,,,,127.355568163718,36.3870730013614,krict
MA010120220806910141,한국지질연구원매점,,G2,소매,G204,종합 소매,G20404,슈퍼마켓,G47129,기타 음ㆍ식료품 위주 종합 소매업,30,대전광역시,30200,유성구,30200550,신성동,3020012600,가정동,3020012600100300000,1,대지,30,,대전광역시 유성구 가정동 30,302003167005,대전광역시 유성구 과학로,124,,3020012600100300000007029,한국지질자원연구원,대전광역시 유성구 과학로 124,305804,34132,,2,,127.357357366312,36.3810568541661,krict
MA0106202201A0824688,블루포트한국지질자원연구점,,I2,음식,I201,한식,I20101,백반/한정식,I56111,한식 일반 음식점업,30,대전광역시,30200,유성구,30200550,신성동,3020012600,가정동,3020012600100300000,1,대지,30,,대전광역시 유성구 가정동 30,302003167005,대전광역시 유성구 과학로,124,,3020012600100300000007029,,대전광역시 유성구 과학로 124,305804,34132,,,,127.357357366312,36.3810568541661,krict
MA010120220807035685,신우웰한국에너지기술연구원점,,G2,소매,G204,종합 소매,G20404,슈퍼마켓,G47129,기타 음ㆍ식료품 위주 종합 소매업,30,대전광역시,30200,유성구,30200550,신성동,3020012800,장동,3020012800100710002,1,대지,71,2,대전광역시 유성구 장동 71-2,302003167001,대전광역시 유성구 가정로,152,,3020012800100710002007031,,대전광역시 유성구 가정로 152,305804,34129,,,,127.359010946367,36.3843862277834,krict
MA010120220808742158,디에떼에스프레소한국에너지기술연구원점,,I2,음식,I212,비알코올 ,I21201,카페,I56221,커피 전문점,30,대전광역시,30200,유성구,30200550,신성동,3020012800,장동,3020012800100710002,1,대지,71,2,대전광역시 유성구 장동 71-2,302003167001,대전광역시 유성구 가정로,152,,3020012800100710002007031,한국에너지기술연구소,대전광역시 유성구 가정로 152,305804,34129,,1,,127.359010946367,36.3843862277834,krict
MA010120220813585000,에너지과학기술협동조합,,M1,과학·기술,M109,기술 서비스,M10999,기타 엔지니어링 서비스업,M72129,기타 엔지니어링 서비스업,30,대전광역시,30200,유성구,30200550,신성동,3020012800,장동,3020012800100710002,1,대지,71,2,대전광역시 유성구 장동 71-2,302003167001,대전광역시 유성구 가정로,152,,3020012800100710002007031,한국에너지기술연구소,대전광역시 유성구 가정로 152,305804,34129,,,,127.359010946367,36.3843862277834,krict
MA010120220811511501,디이앤씨,,M1,과학·기술,M109,기술 서비스,M10999,기타 엔지니어링 서비스업,M71531,경영 컨설팅업,30,대전광역시,30200,유성구,30200550,신성동,3020012800,장동,3020012800100710002,1,대지,71,2,대전광역시 유성구 장동 71-2,302003167001,대전광역시 유성구 가정로,152,,3020012800100710002007031,한국에너지기술연구소,대전광역시 유성구 가정로 152,305804,34129,,,,127.359010946367,36.3843862277834,krict
MA0106202201A0976701,아워홈LG생활건강,대전점,I2,음식,I207,구내식당·뷔페,I20701,구내식당,I56111,한식 일반 음식점업,30,대전광역시,30200,유성구,30200550,신성동,3020012800,장동,3020012800100840000,1,대지,84,,대전광역시 유성구 장동 84,302003167001,대전광역시 유성구 가정로,175,,3020012800100840000006970,,대전광역시 유성구 가정로 175,305804,34114,,,,127.36243157935,36.3865837653052,krict
MA010120220810751692,아워홈LG생활건강R&D캠퍼스,대전점,I2,음식,I207,구내식당·뷔페,I20701,구내식당,I56130,기관 구내식당업,30,대전광역시,30200,유성구,30200550,신성동,3020012800,장동,3020012800100840000,1,대지,84,,대전광역시 유성구 장동 84,302003167001,대전광역시 유성구 가정로,175,,3020012800100840000006970,구내식당,대전광역시 유성구 가정로 175,305804,34114,,1,,127.36243157935,36.3865837653052,krict
MA010120220810047643,고메,코리아,I2,음식,I201,한식,I20101,백반/한정식,I56111,한식 일반 음식점업,30,대전광역시,30200,유성구,30200550,신성동,3020012800,장동,3020012800100590001,1,대지,59,1,대전광역시 유성구 장동 59-1,302003167002,대전광역시 유성구 가정북로,26,25,3020012800100590001006689,,대전광역시 유성구 가정북로 26-25,305804,34113,,2,,127.363248963758,36.3873923354096,krict
MA010120220806245554,대덕밸리,,N1,시설관리·임대,N101,시설관리,N10101,사업시설 유지·관리 서비스업,N74100,사업시설 유지ㆍ관리 서비스업,30,대전광역시,30200,유성구,30200550,신성동,3020012800,장동,3020012800100590001,1,대지,59,1,대전광역시 유성구 장동 59-1,302003167002,대전광역시 유성구 가정북로,26,25,3020012800100590001006689,,대전광역시 유성구 가정북로 26-25,305804,34113,,,,127.363248963758,36.3873923354096,krict
MA0101202412A0009188,로가닉,,G2,소매,G204,종합 소매,G20499,그 외 기타 종합 소매업,G47190,그 외 기타 종합 소매업,30,대전광역시,30200,유성구,30200550,신성동,3020012800,장동,3020012800100590001,1,대지,59,1,대전광역시 유성구 장동 59-1,302003167002,대전광역시 유성구 가정북로,26,25,3020012800100590001006689,,대전광역시 유성구 가정북로 26-25,305804,34113,,,,127.363248963758,36.3873923354096,krict
MA0106202301A1814401,프레시오네,신성점,I2,음식,I201,한식,I20101,백반/한정식,I56111,한식 일반 음식점업,30,대전광역시,30200,유성구,30200550,신성동,3020012500,신성동,3020012500105410000,1,대지,541,,대전광역시 유성구 신성동 541,302002167001,대전광역시 유성구 유성대로,1180,,3020012500105410000000001,,대전광역시 유성구 유성대로 1180,305345,34109,,,,127.351253220911,36.3941509388789,kimm
MA0101202406A0147473,지앤피골프,,R1,예술·스포츠,R103,스포츠 서비스,R10311,골프 연습장,R91136,골프 연습장 운영업,30,대전광역시,30200,유성구,30200550,신성동,3020012500,신성동,3020012500105400000,1,대지,540,,대전광역시 유성구 신성동 540,302004851247,대전광역시 유성구 유성대로1184번길,2,,3020012500101680007000001,,대전광역시 유성구 유성대로1184번길 2,305345,34109,,2,,127.351432172766,36.3942855878652,kimm
MA010120220810478398,박소현나주곰탕,,I2,음식,I201,한식,I20102,국/탕/찌개류,I56111,한식 일반 음식점업,30,대전광역시,30200,유성구,30200550,신성동,3020012500,신성동,3020012500105400000,1,대지,540,,대전광역시 유성구 신성동 540,302004851247,대전광역시 유성구 유성대로1184번길,2,,3020012500101680007000001,,대전광역시 유성구 유성대로1184번길 2,305345,34109,,1,,127.351432172766,36.3942855878652,kimm
MA0101202510A0001361,호로록직화짬뽕,,I2,음식,I202,중식,I20201,중국집,I56121,중식 음식점업,30,대전광역시,30200,유성구,30200550,신성동,3020012500,신성동,3020012500105400000,1,대지,540,,대전광역시 유성구 신성동 540,302004851247,대전광역시 유성구 유성대로1184번길,2,,3020012500101680007000001,,대전광역시 유성구 유성대로1184번길 2,305345,34109,,1,,127.351432172766,36.3942855878652,kimm
MA0101202302A0109853,돌돌해,,I2,음식,I201,한식,I20101,백반/한정식,I56111,한식 일반 음식점업,30,대전광역시,30200,유성구,30200550,신성동,3020013400,자운동,3020013400105760000,1,대지,576,,대전광역시 유성구 자운동 576,302002167001,대전광역시 유성구 유성대로,1187,,3020013400105760000000001,,대전광역시 유성구 유성대로 1187,305345,34104,,1,,127.351446605274,36.3950154924253,kimm
MA010120220806930118,백년추어명가,,I2,음식,I201,한식,I20101,백반/한정식,I56111,한식 일반 음식점업,30,대전광역시,30200,유성구,30200550,신성동,3020013400,자운동,3020013400105760000,1,대지,576,,대전광역시 유성구 자운동 576,302002167001,대전광역시 유성구 유성대로,1187,,3020013400105760000000001,,대전광역시 유성구 유성대로 1187,305345,34104,,1,,127.351446605274,36.3950154924253,kimm
MA010120220805048810,국제인증평가원,,P1,교육,P106,기타 교육,P10629,그 외 기타 교육기관,P85699,그 외 기타 분류 안된 교육기관,30,대전광역시,30200,유성구,30200550,신성동,3020013400,자운동,3020013400105750000,1,대지,575,,대전광역시 유성구 자운동 575,302004851248,대전광역시 유성구 유성대로1205번길,21,,3020013400105750000000001,,대전광역시 유성구 유성대로1205번길 21,305345,34104,,,,127.351591997889,36.3951232048164,kimm
MA010120220806287643,예솜정보기술학원,,P1,교육,P106,기타 교육,P10627,컴퓨터 학원,P85691,컴퓨터 학원,30,대전광역시,30200,유성구,30200550,신성동,3020013400,자운동,3020013400105750000,1,대지,575,,대전광역시 유성구 자운동 575,302004851248,대전광역시 유성구 유성대로1205번길,21,,3020013400105750000000001,,대전광역시 유성구 유성대로1205번길 21,305345,34104,,5,,127.351591997889,36.3951232048164,kimm
MA0101202503A0072630,대가인생순두부대전,신성점,I2,음식,I201,한식,I20101,백반/한정식,I56111,한식 일반 음식점업,30,대전광역시,30200,유성구,30200550,신성동,3020012500,신성동,3020012500105170000,1,대지,517,,대전광역시 유성구 신성동 517,302004851247,대전광역시 유성구 유성대로1184번길,5,5,3020012500105170000000001,,대전광역시 유성구 유성대로1184번길 5-5,305345,34109,,1,,127.351734183334,36.3945190028629,kimm
MA010120220809883476,세븐일레븐대전신성,산단점,G2,소매,G204,종합 소매,G20405,편의점,G47122,체인화 편의점,30,대전광역시,30200,유성구,30200550,신성동,3020012500,신성동,3020012500105380000,1,대지,538,,대전광역시 유성구 신성동 538,302004851247,대전광역시 유성구 유성대로1184번길,8,,3020012500105380000000001,,대전광역시 유성구 유성대로1184번길 8,305345,34109,,1,,127.351742650106,36.3939242062414,kimm
MA0101202301A0006620,세븐일레븐대전신성,산단점,G2,소매,G204,종합 소매,G20405,편의점,G46103,"섬유, 의복, 신발 및 가죽제품 중개업",30,대전광역시,30200,유성구,30200550,신성동,3020012500,신성동,3020012500105380000,1,대지,538,,대전광역시 유성구 신성동 538,302004851247,대전광역시 유성구 유성대로1184번길,8,,3020012500105380000000001,,대전광역시 유성구 유성대로1184번길 8,305345,34109,,,,127.351742650106,36.3939242062414,kimm
MA010120220813198441,세븐대전신성산단점,코리아,G2,소매,G204,종합 소매,G20405,편의점,G47122,체인화 편의점,30,대전광역시,30200,유성구,30200550,신성동,3020012500,신성동,3020012500105380000,1,대지,538,,대전광역시 유성구 신성동 538,302004851247,대전광역시 유성구 유성대로1184번길,8,,3020012500105380000000001,탄동새마을금고,대전광역시 유성구 유성대로1184번길 8,305345,34109,,1,,127.351742650106,36.3939242062414,kimm
MA0101202409A0030205,대왕목뼈해장국,,I2,음식,I201,한식,I20102,국/탕/찌개류,I56111,한식 일반 음식점업,30,대전광역시,30200,유성구,30200550,신성동,3020012500,신성동,3020012500105450000,1,대지,545,,대전광역시 유성구 신성동 545,302003167040,대전광역시 유성구 신성로,119,,3020013400100180002002826,,대전광역시 유성구 신성로 119,305345,34109,,1,,127.351751157388,36.3933384211347,kimm
MA010120220811668231,팔팔생고기,신성점,I2,음식,I201,한식,I20107,돼지고기 구이/찜,I56113,한식 육류 요리 전문점,30,대전광역시,30200,유성구,30200550,신성동,3020012500,신성동,3020012500105450000,1,대지,545,,대전광역시 유성구 신성동 545,302003167040,대전광역시 유성구 신성로,119,,3020013400100180002002826,,대전광역시 유성구 신성로 119,305345,34109,,1,,127.351751157388,36.3933384211347,kimm
MA010120220814222202,제이엠짐,신성점,P1,교육,P106,기타 교육,P10603,요가/필라테스 학원,P85612,기타 스포츠 교육기관,30,대전광역시,30200,유성구,30200550,신성동,3020012500,신성동,3020012500105450000,1,대지,545,,대전광역시 유성구 신성동 545,302003167040,대전광역시 유성구 신성로,119,,3020013400100180002002826,수연빌딩,대전광역시 유성구 신성로 119,305345,34109,,,,127.351751157388,36.3933384211347,kimm
MA0101202411A0096764,투썸플레이스,자운대점,I2,음식,I212,비알코올 ,I21201,카페,I56221,커피 전문점,30,대전광역시,30200,유성구,30200550,신성동,3020012500,신성동,3020012500105450000,1,대지,545,,대전광역시 유성구 신성동 545,302003167040,대전광역시 유성구 신성로,119,,3020013400100180002002826,,대전광역시 유성구 신성로 119,305345,34109,,1,,127.351751157388,36.3933384211347,kimm
MA010120220808158156,제이엠휘트니스,신성점,R1,예술·스포츠,R103,스포츠 서비스,R10307,헬스장,R91132,체력 단련시설 운영업,30,대전광역시,30200,유성구,30200550,신성동,3020012500,신성동,3020012500105450000,1,대지,545,,대전광역시 유성구 신성동 545,302003167040,대전광역시 유성구 신성로,119,,3020013400100180002002826,,대전광역시 유성구 신성로 119,305345,34109,,,,127.351751157388,36.3933384211347,kimm
MA0101202411A0070342,진주냉면,,I2,음식,I201,한식,I20106,냉면/밀면,I56112,한식 면 요리 전문점,30,대전광역시,30200,유성구,30200550,신성동,3020012500,신성동,3020012500105450000,1,대지,545,,대전광역시 유성구 신성동 545,302003167040,대전광역시 유성구 신성로,119,,3020013400100180002002826,,대전광역시 유성구 신성로 119,305345,34109,,1,,127.351751157388,36.3933384211347,kimm
MA0101202406A0303649,빽다방대전신성,산단점,I2,음식,I212,비알코올 ,I21201,카페,I56221,커피 전문점,30,대전광역시,30200,유성구,30200550,신성동,3020012500,신성동,3020012500105170000,1,대지,517,,대전광역시 유성구 신성동 517,302004851247,대전광역시 유성구 유성대로1184번길,5,5,3020012500105170000000001,,대전광역시 유성구 유성대로1184번길 5-5,305345,34109,,1,,127.351756435755,36.3945099256389,kimm
MA0101202507A0025551,뷰시엘스튜디오,대전점,M1,과학·기술,M113,사진 촬영,M11301,사진촬영업,M73301,인물 사진 및 행사용 영상 촬영업,30,대전광역시,30200,유성구,30200550,신성동,3020013400,자운동,3020013400100600006,1,대지,60,6,대전광역시 유성구 자운동 60-6,302002167001,대전광역시 유성구 유성대로,1193,,3020013400100600006005349,,대전광역시 유성구 유성대로 1193,305804,34104,,3,,127.351938598719,36.395356487987,kimm
MA010120220813143103,이화수전통육개장,자운대점,I2,음식,I201,한식,I20102,국/탕/찌개류,I56111,한식 일반 음식점업,30,대전광역시,30200,유성구,30200550,신성동,3020012500,신성동,3020012500101670017,1,대지,167,17,대전광역시 유성구 신성동 167-17,302003167040,대전광역시 유성구 신성로,121,,3020013400100590025005238,,대전광역시 유성구 신성로 121,305805,34109,,1,,127.351974409279,36.3934098570056,kimm
MA0101202506A0015784,빨간도깨비샤브샤브손칼국수,,I2,음식,I201,한식,I20101,백반/한정식,I56111,한식 일반 음식점업,30,대전광역시,30200,유성구,30200550,신성동,3020012500,신성동,3020012500101700017,1,대지,170,17,대전광역시 유성구 신성동 170-17,302004851247,대전광역시 유성구 유성대로1184번길,5,13,3020013400100600009005159,,대전광역시 유성구 유성대로1184번길 5-13,305805,34109,,1,,127.352181547983,36.3948511171832,kimm
MA0101202310A0006059,겐,,I2,음식,I203,일식,I20301,일식 회/초밥,I56122,일식 음식점업,30,대전광역시,30200,유성구,30200550,신성동,3020012500,신성동,3020012500105470000,1,대지,547,,대전광역시 유성구 신성동 547,302004851247,대전광역시 유성구 유성대로1184번길,14,,3020012500101680011000001,,대전광역시 유성구 유성대로1184번길 14,305345,34109,,1,,127.352187206301,36.3936345220681,kimm
MA010120220814109783,제주도은희네,,I2,음식,I201,한식,I20101,백반/한정식,I56111,한식 일반 음식점업,30,대전광역시,30200,유성구,30200550,신성동,3020012500,신성동,3020012500105470000,1,대지,547,,대전광역시 유성구 신성동 547,302004851247,대전광역시 유성구 유성대로1184번길,14,,3020012500101680011000001,,대전광역시 유성구 유성대로1184번길 14,305345,34109,,1,,127.352187206301,36.3936345220681,kimm
MA0101202506A0002503,컴포즈커피대전신성,자운대점,I2,음식,I212,비알코올 ,I21201,카페,I56221,커피 전문점,30,대전광역시,30200,유성구,30200550,신성동,3020012500,신성동,3020012500105470000,1,대지,547,,대전광역시 유성구 신성동 547,302004851247,대전광역시 유성구 유성대로1184번길,14,,3020012500101680011000001,,대전광역시 유성구 유성대로1184번길 14,305345,34109,,,,127.352187206301,36.3936345220681,kimm
MA0101202409A0176227,엉클부대찌개,신성점,I2,음식,I201,한식,I20102,국/탕/찌개류,I56111,한식 일반 음식점업,30,대전광역시,30200,유성구,30200550,신성동,3020012500,신성동,3020012500105200000,1,대지,520,,대전광역시 유성구 신성동 520,302004851247,대전광역시 유성구 유성대로1184번길,11,9,3020013400100150006005391,,대전광역시 유성구 유성대로1184번길 11-9,305345,34109,,1,,127.352223003552,36.3941570946806,kimm
MA0101202211A0031862,레디투잇,,I2,음식,I210,기타 간이,I21099,그 외 기타 간이 음식점,I56123,서양식 음식점업,30,대전광역시,30200,유성구,30200550,신성동,3020012500,신성동,3020012500105200000,1,대지,520,,대전광역시 유성구 신성동 520,302004851247,대전광역시 유성구 유성대로1184번길,11,9,3020013400100150006005391,,대전광역시 유성구 유성대로1184번길 11-9,305345,34109,,,,127.352223003552,36.3941570946806,kimm
MA010120220810582908,과학벨트공인중개사사무소,,L1,부동산,L102,부동산 서비스,L10203,부동산 중개/대리업,L68221,부동산 중개 및 대리업,30,대전광역시,30200,유성구,30200550,신성동,3020012500,신성동,3020012500105200000,1,대지,520,,대전광역시 유성구 신성동 520,302004851247,대전광역시 유성구 유성대로1184번길,11,9,3020013400100150006005391,,대전광역시 유성구 유성대로1184번길 11-9,305345,34109,,,,127.352223003552,36.3941570946806,kimm
MA010120220800524397,오늘의샐러드,,I2,음식,I210,기타 간이,I21003,피자,I56192,"피자, 햄버거, 샌드위치 및 유사 음식점업",30,대전광역시,30200,유성구,30200550,신성동,3020012500,신성동,3020012500105200000,1,대지,520,,대전광역시 유성구 신성동 520,302004851247,대전광역시 유성구 유성대로1184번길,11,9,3020013400100150006005391,,대전광역시 유성구 유성대로1184번길 11-9,305345,34109,,1,,127.352223003552,36.3941570946806,kimm
MA010120220811918006,엔제리너스대전,신성점,I2,음식,I212,비알코올 ,I21201,카페,I56221,커피 전문점,30,대전광역시,30200,유성구,30200550,신성동,3020012500,신성동,3020012500105200000,1,대지,520,,대전광역시 유성구 신성동 520,302004851247,대전광역시 유성구 유성대로1184번길,11,9,3020013400100150006005391,,대전광역시 유성구 유성대로1184번길 11-9,305345,34109,,2,,127.352223003552,36.3941570946806,kimm
MA0101202604A0031251,화돌농장,,I2,음식,I201,한식,I20101,백반/한정식,I56111,한식 일반 음식점업,30,대전광역시,30200,유성구,30200550,신성동,3020012500,신성동,3020012500105200000,1,대지,520,,대전광역시 유성구 신성동 520,302004851247,대전광역시 유성구 유성대로1184번길,11,9,3020013400100150006005391,,대전광역시 유성구 유성대로1184번길 11-9,305345,34109,,3,,127.352223003552,36.3941570946806,kimm
MA0101202508A0017409,이순신소국밥,,I2,음식,I201,한식,I20102,국/탕/찌개류,I56112,한식 면 요리 전문점,30,대전광역시,30200,유성구,30200550,신성동,3020012500,신성동,3020012500105200000,1,대지,520,,대전광역시 유성구 신성동 520,302004851247,대전광역시 유성구 유성대로1184번길,11,9,3020013400100150006005391,,대전광역시 유성구 유성대로1184번길 11-9,305345,34109,,1,,127.352223003552,36.3941570946806,kimm
MA010120220806217865,숯골원조냉면식당,,I2,음식,I201,한식,I20106,냉면/밀면,I56112,한식 면 요리 전문점,30,대전광역시,30200,유성구,30200550,신성동,3020012500,신성동,3020012500101660001,1,대지,166,1,대전광역시 유성구 신성동 166-1,302003167040,대전광역시 유성구 신성로,122,,3020012500101660001005246,,대전광역시 유성구 신성로 122,305805,34109,,,,127.352251848333,36.3931386883114,kimm
MA0101202409A0255688,식물유치원,,G2,소매,G219,식물 소매,G21901,꽃집,G47851,화초 및 식물 소매업,30,대전광역시,30200,유성구,30200550,신성동,3020012500,신성동,3020012500105220000,1,대지,522,,대전광역시 유성구 신성동 522,302004851247,대전광역시 유성구 유성대로1184번길,5,12,3020013400100150001004980,,대전광역시 유성구 유성대로1184번길 5-12,305345,34109,,,,127.352280443746,36.3945354163389,kimm
MA0101202305A0187523,서리,,I2,음식,I212,비알코올 ,I21201,카페,I56229,기타 비알코올 음료점업,30,대전광역시,30200,유성구,30200550,신성동,3020012500,신성동,3020012500105220000,1,대지,522,,대전광역시 유성구 신성동 522,302004851247,대전광역시 유성구 유성대로1184번길,5,12,3020013400100150001004980,,대전광역시 유성구 유성대로1184번길 5-12,305345,34109,,2,,127.352280443746,36.3945354163389,kimm
MA010120220814008970,락쿤,,S2,수리·개인,S208,욕탕·신체관리,S20802,마사지/안마,S96122,마사지업,30,대전광역시,30200,유성구,30200550,신성동,3020012500,신성동,3020012500105220000,1,대지,522,,대전광역시 유성구 신성동 522,302004851247,대전광역시 유성구 유성대로1184번길,5,12,3020013400100150001004980,,대전광역시 유성구 유성대로1184번길 5-12,305345,34109,,3,,127.352280443746,36.3945354163389,kimm
MA010120220806395477,김판순김치찌개,,I2,음식,I201,한식,I20101,백반/한정식,I56111,한식 일반 음식점업,30,대전광역시,30200,유성구,30200550,신성동,3020012500,신성동,3020012500105220000,1,대지,522,,대전광역시 유성구 신성동 522,302004851247,대전광역시 유성구 유성대로1184번길,5,12,3020013400100150001004980,,대전광역시 유성구 유성대로1184번길 5-12,305345,34109,,1,,127.352280443746,36.3945354163389,kimm
MA010120220801526906,에스씨개발주,,G2,소매,G221,기타 상품 소매,G22199,그 외 기타 상품 전문 소매업,G47859,그 외 기타 분류 안된 상품 전문 소매업,30,대전광역시,30200,유성구,30200550,신성동,3020012500,신성동,3020012500101700030,1,대지,170,30,대전광역시 유성구 신성동 170-30,302004851247,대전광역시 유성구 유성대로1184번길,5,14,3020013400100150004004985,,대전광역시 유성구 유성대로1184번길 5-14,305805,34109,,,,127.352313557941,36.3944632251331,kimm
MA010120220812104714,이플러스공인중개사사무소,,L1,부동산,L102,부동산 서비스,L10203,부동산 중개/대리업,L68221,부동산 중개 및 대리업,30,대전광역시,30200,유성구,30200550,신성동,3020012500,신성동,3020012500105500000,1,대지,550,,대전광역시 유성구 신성동 550,302004851247,대전광역시 유성구 유성대로1184번길,18,,3020012500101670003000001,,대전광역시 유성구 유성대로1184번길 18,305345,34109,,1,,127.352542669828,36.393363122619,kimm
MA010120220813291243,할리스커피,신성점,I2,음식,I212,비알코올 ,I21201,카페,I56221,커피 전문점,30,대전광역시,30200,유성구,30200550,신성동,3020012500,신성동,3020012500105500000,1,대지,550,,대전광역시 유성구 신성동 550,302004851247,대전광역시 유성구 유성대로1184번길,18,,3020012500101670003000001,,대전광역시 유성구 유성대로1184번길 18,305345,34109,,2,,127.352542669828,36.393363122619,kimm
MA010120220814210815,동보성,,I2,음식,I201,한식,I20101,백반/한정식,I56111,한식 일반 음식점업,30,대전광역시,30200,유성구,30200550,신성동,3020012500,신성동,3020012500105360000,1,대지,536,,대전광역시 유성구 신성동 536,302004851247,대전광역시 유성구 유성대로1184번길,11,8,3020012500101700001000001,,대전광역시 유성구 유성대로1184번길 11-8,305345,34109,,2,,127.352601087765,36.3939577219063,kimm
MA010120220811819821,세모,,I2,음식,I212,비알코올 ,I21201,카페,I56221,커피 전문점,30,대전광역시,30200,유성구,30200550,신성동,3020012500,신성동,3020012500105230000,1,대지,523,,대전광역시 유성구 신성동 523,302004851247,대전광역시 유성구 유성대로1184번길,11,15,3020012500105230000000001,,대전광역시 유성구 유성대로1184번길 11-15,305345,34109,,2,,127.352614839158,36.394534429595,kimm
MA010120220806423734,가드온,,M1,과학·기술,M109,기술 서비스,M10999,기타 엔지니어링 서비스업,M72129,기타 엔지니어링 서비스업,30,대전광역시,30200,유성구,30200550,신성동,3020013400,자운동,3020013400105680000,1,대지,568,,대전광역시 유성구 자운동 568,302004851248,대전광역시 유성구 유성대로1205번길,9,,3020013400105680000000001,,대전광역시 유성구 유성대로1205번길 9,305345,34104,,2,,127.352620985536,36.3958951767133,kimm
MA0101202507A0040575,옥천옥,신성점,I2,음식,I201,한식,I20101,백반/한정식,I56111,한식 일반 음식점업,30,대전광역시,30200,유성구,30200550,신성동,3020013400,자운동,3020013400105680000,1,대지,568,,대전광역시 유성구 자운동 568,302004851248,대전광역시 유성구 유성대로1205번길,9,,3020013400105680000000001,,대전광역시 유성구 유성대로1205번길 9,305345,34104,,1,,127.352620985536,36.3958951767133,kimm
MA0101202309A0081261,순남시래기,,I2,음식,I201,한식,I20101,백반/한정식,I56111,한식 일반 음식점업,30,대전광역시,30200,유성구,30200550,신성동,3020012500,신성동,3020012500105240000,1,대지,524,,대전광역시 유성구 신성동 524,302004851247,대전광역시 유성구 유성대로1184번길,11,19,3020013400100140014005161,,대전광역시 유성구 유성대로1184번길 11-19,305345,34109,,1,,127.352637783479,36.3946785489183,kimm
MA010120220813392057,파랑새휘트니스,,R1,예술·스포츠,R103,스포츠 서비스,R10307,헬스장,R91199,그 외 기타 스포츠 서비스업,30,대전광역시,30200,유성구,30200550,신성동,3020012500,신성동,3020012500105240000,1,대지,524,,대전광역시 유성구 신성동 524,302004851247,대전광역시 유성구 유성대로1184번길,11,19,3020013400100140014005161,,대전광역시 유성구 유성대로1184번길 11-19,305345,34109,,2,,127.352637783479,36.3946785489183,kimm
MA010120220809543520,리베스트,,M1,과학·기술,M107,본사·경영 컨설팅,M10703,경영 컨설팅업,M71531,경영 컨설팅업,30,대전광역시,30200,유성구,30200550,신성동,3020012500,신성동,3020012500104930000,1,대지,493,,대전광역시 유성구 신성동 493,302004851247,대전광역시 유성구 유성대로1184번길,20,,3020012500104930000000001,에스엠인스트루먼트,대전광역시 유성구 유성대로1184번길 20,305805,34109,,,,127.352642050743,36.3931555602972,kimm
MA010120220814345673,디엠엑스,,M1,과학·기술,M112,전문 디자인,M11203,시각 디자인업,M73203,시각 디자인업,30,대전광역시,30200,유성구,30200550,신성동,3020012500,신성동,3020012500104930000,1,대지,493,,대전광역시 유성구 신성동 493,302004851247,대전광역시 유성구 유성대로1184번길,20,,3020012500104930000000001,,대전광역시 유성구 유성대로1184번길 20,305805,34109,,,,127.352642050743,36.3931555602972,kimm
MA010120220805763796,케이에이치워터,,N1,시설관리·임대,N110,가정용품 대여,N11099,기타 개인/가정용품 대여업,N76299,그 외 기타 개인 및 가정용품 임대업,30,대전광역시,30200,유성구,30200550,신성동,3020012500,신성동,3020012500104930000,1,대지,493,,대전광역시 유성구 신성동 493,302004851247,대전광역시 유성구 유성대로1184번길,20,,3020012500104930000000001,별관,대전광역시 유성구 유성대로1184번길 20,305805,34109,,2,,127.352642050743,36.3931555602972,kimm
MA010120220810155720,예닮디자인,,M1,과학·기술,M105,광고,M10501,광고 대행업,M71310,광고 대행업,30,대전광역시,30200,유성구,30200550,신성동,3020012500,신성동,3020012500104930000,1,대지,493,,대전광역시 유성구 신성동 493,302004851247,대전광역시 유성구 유성대로1184번길,20,,3020012500104930000000001,별관,대전광역시 유성구 유성대로1184번길 20,305805,34109,,,,127.352642050743,36.3931555602972,kimm
MA010120220808769919,막시모맨,,G2,소매,G209,섬유·의복·신발 소매,G20905,기타 의류 소매업,G47414,셔츠 및 블라우스 소매업,30,대전광역시,30200,유성구,30200550,신성동,3020013400,자운동,3020013400105670000,1,대지,567,,대전광역시 유성구 자운동 567,302004851248,대전광역시 유성구 유성대로1205번길,7,,3020013400105670000000001,,대전광역시 유성구 유성대로1205번길 7,305345,34104,,1,,127.35276642213,36.3960118992102,kimm
MA010120220811627273,아리랑보쌈,,I2,음식,I201,한식,I20103,족발/보쌈,I56111,한식 일반 음식점업,30,대전광역시,30200,유성구,30200550,신성동,3020012500,신성동,3020012500105350000,1,대지,535,,대전광역시 유성구 신성동 535,302004851247,대전광역시 유성구 유성대로1184번길,11,16,3020012500101900005004176,,대전광역시 유성구 유성대로1184번길 11-16,305345,34109,,,,127.352858840516,36.3942633582482,kimm
MA010120220806475633,에스지골프자운스크린,,R1,예술·스포츠,R103,스포츠 서비스,R10311,골프 연습장,R91136,골프 연습장 운영업,30,대전광역시,30200,유성구,30200550,신성동,3020012500,신성동,3020012500105350000,1,대지,535,,대전광역시 유성구 신성동 535,302004851247,대전광역시 유성구 유성대로1184번길,11,16,3020012500101900005004176,,대전광역시 유성구 유성대로1184번길 11-16,305345,34109,,3,,127.352858840516,36.3942633582482,kimm
MA010120220812270418,밀라드커피로스터즈,,I2,음식,I212,비알코올 ,I21201,카페,I56221,커피 전문점,30,대전광역시,30200,유성구,30200550,신성동,3020012500,신성동,3020012500105350000,1,대지,535,,대전광역시 유성구 신성동 535,302004851247,대전광역시 유성구 유성대로1184번길,11,16,3020012500101900005004176,,대전광역시 유성구 유성대로1184번길 11-16,305345,34109,,1,,127.352858840516,36.3942633582482,kimm
MA0101202501A0048173,목민곰탕,대전점,I2,음식,I201,한식,I20102,국/탕/찌개류,I56111,한식 일반 음식점업,30,대전광역시,30200,유성구,30200550,신성동,3020012500,신성동,3020012500101900004,1,대지,190,4,대전광역시 유성구 신성동 190-4,302004851247,대전광역시 유성구 유성대로1184번길,11,18,3020012500101900004005389,,대전광역시 유성구 유성대로1184번길 11-18,305805,34109,,1,,127.352903874511,36.3943623538068,kimm
MA010120220806247313,김삿갓주,,I2,음식,I201,한식,I20101,백반/한정식,I56111,한식 일반 음식점업,30,대전광역시,30200,유성구,30200550,신성동,3020012500,신성동,3020012500105250000,1,대지,525,,대전광역시 유성구 신성동 525,302004851247,대전광역시 유성구 유성대로1184번길,11,27,3020013400100140010005368,,대전광역시 유성구 유성대로1184번길 11-27,305345,34109,,,,127.352928897029,36.394966063184,kimm
MA010120220806858602,드롭탑,신성점,I2,음식,I212,비알코올 ,I21201,카페,I56221,커피 전문점,30,대전광역시,30200,유성구,30200550,신성동,3020012500,신성동,3020012500105250000,1,대지,525,,대전광역시 유성구 신성동 525,302004851247,대전광역시 유성구 유성대로1184번길,11,27,3020013400100140010005368,중층호,대전광역시 유성구 유성대로1184번길 11-27,305345,34109,,2,,127.352928897029,36.394966063184,kimm
MA010120220809611658,골프존파크신성짝,스크린점,R1,예술·스포츠,R103,스포츠 서비스,R10311,골프 연습장,R91136,골프 연습장 운영업,30,대전광역시,30200,유성구,30200550,신성동,3020012500,신성동,3020012500105250000,1,대지,525,,대전광역시 유성구 신성동 525,302004851247,대전광역시 유성구 유성대로1184번길,11,27,3020013400100140010005368,,대전광역시 유성구 유성대로1184번길 11-27,305345,34109,,,,127.352928897029,36.394966063184,kimm
MA0101202601A0032960,목민정대전,신성점,I2,음식,I201,한식,I20101,백반/한정식,I56111,한식 일반 음식점업,30,대전광역시,30200,유성구,30200550,신성동,3020012500,신성동,3020012500105250000,1,대지,525,,대전광역시 유성구 신성동 525,302004851247,대전광역시 유성구 유성대로1184번길,11,27,3020013400100140010005368,,대전광역시 유성구 유성대로1184번길 11-27,305345,34109,,,,127.352928897029,36.394966063184,kimm
MA0101202505A0002289,김삿갓정육,,G2,소매,G205,식료품 소매,G20503,정육점,G47212,육류 소매업,30,대전광역시,30200,유성구,30200550,신성동,3020012500,신성동,3020012500105250000,1,대지,525,,대전광역시 유성구 신성동 525,302004851247,대전광역시 유성구 유성대로1184번길,11,27,3020013400100140010005368,,대전광역시 유성구 유성대로1184번길 11-27,305345,34109,,,,127.352928897029,36.394966063184,kimm
MA010120220807278887,남도본가,,I2,음식,I201,한식,I20101,백반/한정식,I56111,한식 일반 음식점업,30,대전광역시,30200,유성구,30200550,신성동,3020012500,신성동,3020012500105330000,1,대지,533,,대전광역시 유성구 신성동 533,302004851247,대전광역시 유성구 유성대로1184번길,11,24,3020012500105330000000001,,대전광역시 유성구 유성대로1184번길 11-24,305345,34109,,1,,127.353116350725,36.394514924582,kimm
MA010120220800289179,에이스퀘어,,M1,과학·기술,M107,본사·경영 컨설팅,M10703,경영 컨설팅업,M71531,경영 컨설팅업,30,대전광역시,30200,유성구,30200550,신성동,3020012500,신성동,3020012500105330000,1,대지,533,,대전광역시 유성구 신성동 533,302004851247,대전광역시 유성구 유성대로1184번길,11,24,3020012500105330000000001,,대전광역시 유성구 유성대로1184번길 11-24,305345,34109,,3,,127.353116350725,36.394514924582,kimm
MA010120220813593233,2도씨,,I2,음식,I211,주점,I21103,생맥주 전문,I56213,생맥주 전문점,30,대전광역시,30200,유성구,30200550,신성동,3020012500,신성동,3020012500105330000,1,대지,533,,대전광역시 유성구 신성동 533,302004851247,대전광역시 유성구 유성대로1184번길,11,24,3020012500105330000000001,,대전광역시 유성구 유성대로1184번길 11-24,305345,34109,,,,127.353116350725,36.394514924582,kimm
MA010120220806184653,현대자동차,자운점,S2,수리·개인,S203,자동차 수리·세차,S20301,자동차 정비소,S95212,자동차 전문 수리업,30,대전광역시,30200,유성구,30200550,신성동,3020012500,신성동,3020012500105290000,1,대지,529,,대전광역시 유성구 신성동 529,302004851247,대전광역시 유성구 유성대로1184번길,71,,3020012500102020000000001,,대전광역시 유성구 유성대로1184번길 71,305345,34109,,,,127.353675839974,36.3949908887987,kimm
MA010120220812663766,예준꽃식물나라,,G2,소매,G219,식물 소매,G21901,꽃집,G47851,화초 및 식물 소매업,30,대전광역시,30200,유성구,30200550,신성동,3020012800,장동,3020012800103560004,1,대지,356,4,대전광역시 유성구 장동 356-4,302002167001,대전광역시 유성구 유성대로,1217,,3020012800103560004007859,,대전광역시 유성구 유성대로 1217,305805,34104,,,,127.354030047897,36.3969003174828,kimm
MA0101202506A0026210,숯골칼국수,,I2,음식,I201,한식,I20105,국수/칼국수,I56111,한식 일반 음식점업,30,대전광역시,30200,유성구,30200550,신성동,3020012800,장동,3020012800103540007,1,대지,354,7,대전광역시 유성구 장동 354-7,302002167001,대전광역시 유성구 유성대로,1225,,3020012800103540007000001,,대전광역시 유성구 유성대로 1225,305805,34104,,1,,127.354611935609,36.397394234046,kimm
MA0101202507A0024497,커피유성대로,,I2,음식,I212,비알코올 ,I21201,카페,I56221,커피 전문점,30,대전광역시,30200,유성구,30200550,신성동,3020012800,장동,3020012800103540007,1,대지,354,7,대전광역시 유성구 장동 354-7,302002167001,대전광역시 유성구 유성대로,1225,,3020012800103540007000001,,대전광역시 유성구 유성대로 1225,305805,34104,,2,,127.354611935609,36.397394234046,kimm
MA0106202603A1816256,가온에프앤에스금영이엔지신,성동점,I2,음식,I201,한식,I20101,백반/한정식,I56111,한식 일반 음식점업,30,대전광역시,30200,유성구,30200550,신성동,3020012500,신성동,3020012500104780000,1,대지,478,,대전광역시 유성구 신성동 478,302003167002,대전광역시 유성구 가정북로,167,,3020012500104780000000001,,대전광역시 유성구 가정북로 167,305805,34109,,,,127.35515272267,36.3962030844696,kimm
MA010120220803513618,신성주유소,,G2,소매,G214,연료 소매,G21401,주유소,G47711,운송장비용 주유소 운영업,30,대전광역시,30200,유성구,30200550,신성동,3020012500,신성동,3020012500104790000,1,대지,479,,대전광역시 유성구 신성동 479,302003167002,대전광역시 유성구 가정북로,163,,3020012500104790000000001,,대전광역시 유성구 가정북로 163,305805,34109,,,,127.355353076992,36.3961394067239,kimm
MA010120220804043531,김동주의복어찬가,,I2,음식,I201,한식,I20113,복 요리 전문,I56111,한식 일반 음식점업,30,대전광역시,30200,유성구,30200550,신성동,3020012800,장동,3020012800103520007,1,대지,352,7,대전광역시 유성구 장동 352-7,302002167001,대전광역시 유성구 유성대로,1233,,3020012800103520007000003,,대전광역시 유성구 유성대로 1233,305805,34104,,1,,127.35539382003,36.397743365799,kimm
MA010120220806229521,한국기계연구원매점신일,,G2,소매,G204,종합 소매,G20404,슈퍼마켓,G47129,기타 음ㆍ식료품 위주 종합 소매업,30,대전광역시,30200,유성구,30200550,신성동,3020012800,장동,3020012800101710000,1,대지,171,,대전광역시 유성구 장동 171,302003167002,대전광역시 유성구 가정북로,156,,3020012800100220001006902,한국기계연구원,대전광역시 유성구 가정북로 156,305805,34103,,,,127.356492101975,36.3965865968395,kimm
MA0106202302A1814021,한국기계연구원가온에프앤에스,,I2,음식,I201,한식,I20101,백반/한정식,I56111,한식 일반 음식점업,30,대전광역시,30200,유성구,30200550,신성동,3020012800,장동,3020012800101710000,1,대지,171,,대전광역시 유성구 장동 171,302003167002,대전광역시 유성구 가정북로,156,,3020012800100220001006902,,대전광역시 유성구 가정북로 156,305805,34103,,,,127.35649226659,36.3966226430973,kimm
MA0106202201A1981785,동그라미파트너스카페한타연구소점,,I2,음식,I201,한식,I20101,백반/한정식,I56111,한식 일반 음식점업,30,대전광역시,30200,유성구,30200550,신성동,3020012800,장동,3020012800100230001,1,대지,23,1,대전광역시 유성구 장동 23-1,302003167002,대전광역시 유성구 가정북로,112,,3020012800100230001003813,,대전광역시 유성구 가정북로 112,305725,34111,,,,127.358448410355,36.3929490308548,kimm
MA010120220812314641,삼성웰스토리한국엔지니어링랩,,I2,음식,I207,구내식당·뷔페,I20701,구내식당,I56130,기관 구내식당업,30,대전광역시,30200,유성구,30200550,신성동,3020012800,장동,3020012800100230001,1,대지,23,1,대전광역시 유성구 장동 23-1,302003167002,대전광역시 유성구 가정북로,112,,3020012800100230001003813,,대전광역시 유성구 가정북로 112,305725,34111,,,,127.358448410355,36.3929490308548,kimm
MA010120220806249980,한국경영혁신중소기업협회대전세종충남연합회사,,P1,교육,P106,기타 교육,P10621,직원 훈련기관,P85650,직원 훈련기관,30,대전광역시,30200,유성구,30200550,신성동,3020012800,장동,3020012800100230003,1,대지,23,3,대전광역시 유성구 장동 23-3,302003167002,대전광역시 유성구 가정북로,104,,3020012800100230003005251,대전세종지방중소기업청,대전광역시 유성구 가정북로 104,305804,34111,,2,,127.35944038772,36.3929370380988,kimm
MA010120220806249788,한국기술사업화진흥협회,,M1,과학·기술,M107,본사·경영 컨설팅,M10703,경영 컨설팅업,M71531,경영 컨설팅업,30,대전광역시,30200,유성구,30200550,신성동,3020012800,장동,3020012800100230014,1,대지,23,14,대전광역시 유성구 장동 23-14,302003167002,대전광역시 유성구 가정북로,96,,3020012800100230014005267,대전경제통상진흥원,대전광역시 유성구 가정북로 96,305804,34111,,,,127.360319279963,36.3925739223142,kimm
MA010120220802631085,용디자인연구소,,M1,과학·기술,M112,전문 디자인,M11203,시각 디자인업,M73203,시각 디자인업,30,대전광역시,30200,유성구,30200550,신성동,3020012800,장동,3020012800100230014,1,대지,23,14,대전광역시 유성구 장동 23-14,302003167002,대전광역시 유성구 가정북로,96,,3020012800100230014005267,대전경제통상진흥원,대전광역시 유성구 가정북로 96,305804,34111,,,,127.360319279963,36.3925739223142,kimm
MA010120220805265024,빅데이터기술연구원,,M1,과학·기술,M107,본사·경영 컨설팅,M10703,경영 컨설팅업,M71531,경영 컨설팅업,30,대전광역시,30200,유성구,30200550,신성동,3020012800,장동,3020012800100230014,1,대지,23,14,대전광역시 유성구 장동 23-14,302003167002,대전광역시 유성구 가정북로,96,,3020012800100230014005267,대전경제통상진흥원,대전광역시 유성구 가정북로 96,305804,34111,,,,127.360319279963,36.3925739223142,kimm
MA010120220806361805,비즈주,,M1,과학·기술,M109,기술 서비스,M10999,기타 엔지니어링 서비스업,M72129,기타 엔지니어링 서비스업,30,대전광역시,30200,유성구,30200550,신성동,3020012800,장동,3020012800100230014,1,대지,23,14,대전광역시 유성구 장동 23-14,302003167002,대전광역시 유성구 가정북로,96,,3020012800100230014005267,대전경제통상진흥원,대전광역시 유성구 가정북로 96,305804,34111,,,,127.360319279963,36.3925739223142,kimm
MA010120220803109384,E&B경영컨설팅,,M1,과학·기술,M107,본사·경영 컨설팅,M10703,경영 컨설팅업,M71531,경영 컨설팅업,30,대전광역시,30200,유성구,30200550,신성동,3020012800,장동,3020012800100230014,1,대지,23,14,대전광역시 유성구 장동 23-14,302003167002,대전광역시 유성구 가정북로,96,,3020012800100230014005267,,대전광역시 유성구 가정북로 96,305804,34111,,,,127.360319279963,36.3925739223142,kimm
MA010120220806362505,한국항공산업기술사협회,,M1,과학·기술,M109,기술 서비스,M10999,기타 엔지니어링 서비스업,M72129,기타 엔지니어링 서비스업,30,대전광역시,30200,유성구,30200550,신성동,3020012800,장동,3020012800100230014,1,대지,23,14,대전광역시 유성구 장동 23-14,302003167002,대전광역시 유성구 가정북로,96,,3020012800100230014005267,대전경제통상진흥원,대전광역시 유성구 가정북로 96,305804,34111,,,,127.360319279963,36.3925739223142,kimm
MA010120220806245720,이엔이티주,,M1,과학·기술,M109,기술 서비스,M10904,환경 관련 엔지니어링 서비스업,M72122,환경 관련 엔지니어링 서비스업,30,대전광역시,30200,유성구,30200550,신성동,3020012800,장동,3020012800100230014,1,대지,23,14,대전광역시 유성구 장동 23-14,302003167002,대전광역시 유성구 가정북로,96,,3020012800100230014005267,,대전광역시 유성구 가정북로 96,305804,34111,,,,127.360319279963,36.3925739223142,kimm
MA010120220806254700,지펙엔지니어링,,M1,과학·기술,M109,기술 서비스,M10999,기타 엔지니어링 서비스업,M72129,기타 엔지니어링 서비스업,30,대전광역시,30200,유성구,30200550,신성동,3020012800,장동,3020012800100230014,1,대지,23,14,대전광역시 유성구 장동 23-14,302003167002,대전광역시 유성구 가정북로,96,,3020012800100230014005267,대전경제통상진흥원,대전광역시 유성구 가정북로 96,305804,34111,,,,127.360319279963,36.3925739223142,kimm
MA010120220812185515,엠브이엠테크놀로지,,M1,과학·기술,M109,기술 서비스,M10999,기타 엔지니어링 서비스업,M72129,기타 엔지니어링 서비스업,30,대전광역시,30200,유성구,30200550,신성동,3020012800,장동,3020012800100230014,1,대지,23,14,대전광역시 유성구 장동 23-14,302003167002,대전광역시 유성구 가정북로,96,,3020012800100230014005267,대전경제통상진흥원,대전광역시 유성구 가정북로 96,305804,34111,,,,127.360319279963,36.3925739223142,kimm
MA010120220806228659,TSL스키강습학원,,P1,교육,P106,기타 교육,P10605,레크리에이션 교육기관,P85613,레크리에이션 교육기관,30,대전광역시,30200,유성구,30200550,신성동,3020012800,장동,3020012800100230014,1,대지,23,14,대전광역시 유성구 장동 23-14,302003167002,대전광역시 유성구 가정북로,96,,3020012800100230014005267,대전광역시중소기업종합지원센터,대전광역시 유성구 가정북로 96,305804,34111,,,,127.360319279963,36.3925739223142,kimm
MA010120220802754841,퍼스트랩,,M1,과학·기술,M107,본사·경영 컨설팅,M10703,경영 컨설팅업,M71531,경영 컨설팅업,30,대전광역시,30200,유성구,30200550,신성동,3020012800,장동,3020012800100230014,1,대지,23,14,대전광역시 유성구 장동 23-14,302003167002,대전광역시 유성구 가정북로,96,,3020012800100230014005267,비,대전광역시 유성구 가정북로 96,305804,34111,,,,127.360319279963,36.3925739223142,kimm
MA0101202603A0005073,트리플온디자인,,M1,과학·기술,M112,전문 디자인,M11203,시각 디자인업,M73203,시각 디자인업,30,대전광역시,30200,유성구,30200550,신성동,3020012800,장동,3020012800100230014,1,대지,23,14,대전광역시 유성구 장동 23-14,302003167002,대전광역시 유성구 가정북로,96,,3020012800100230014005267,대전일자리경제진흥원,대전광역시 유성구 가정북로 96,305804,34111,,,,127.360319279963,36.3925739223142,kimm
MA010120220805810513,벤처진흥원주,,M1,과학·기술,M107,본사·경영 컨설팅,M10703,경영 컨설팅업,M71531,경영 컨설팅업,30,대전광역시,30200,유성구,30200550,신성동,3020012800,장동,3020012800100230014,1,대지,23,14,대전광역시 유성구 장동 23-14,302003167002,대전광역시 유성구 가정북로,96,,3020012800100230014005267,장동,대전광역시 유성구 가정북로 96,305804,34111,,,,127.360319279963,36.3925739223142,kimm
MA010120220806910141,한국지질연구원매점,,G2,소매,G204,종합 소매,G20404,슈퍼마켓,G47129,기타 음ㆍ식료품 위주 종합 소매업,30,대전광역시,30200,유성구,30200550,신성동,3020012600,가정동,3020012600100300000,1,대지,30,,대전광역시 유성구 가정동 30,302003167005,대전광역시 유성구 과학로,124,,3020012600100300000007029,한국지질자원연구원,대전광역시 유성구 과학로 124,305804,34132,,2,,127.357357366312,36.3810568541661,kribb
MA0106202201A0824688,블루포트한국지질자원연구점,,I2,음식,I201,한식,I20101,백반/한정식,I56111,한식 일반 음식점업,30,대전광역시,30200,유성구,30200550,신성동,3020012600,가정동,3020012600100300000,1,대지,30,,대전광역시 유성구 가정동 30,302003167005,대전광역시 유성구 과학로,124,,3020012600100300000007029,,대전광역시 유성구 과학로 124,305804,34132,,,,127.357357366312,36.3810568541661,kribb
MA010120220808505502,온어스,,I2,음식,I212,비알코올 ,I21201,카페,I56221,커피 전문점,30,대전광역시,30200,유성구,30200540,온천2동,3020012300,어은동,3020012300100520000,1,대지,52,,대전광역시 유성구 어은동 52,302003167005,대전광역시 유성구 과학로,125,,3020012300100520000008349,구내매점,대전광역시 유성구 과학로 125,305806,34141,,1,,127.358997780293,36.3766722429516,kribb
MA0106202201A0625323,풀무원푸드앤컬처기초과학연구소,,I2,음식,I201,한식,I20101,백반/한정식,I56111,한식 일반 음식점업,30,대전광역시,30200,유성구,30200540,온천2동,3020012300,어은동,3020012300100520000,1,대지,52,,대전광역시 유성구 어은동 52,302003167005,대전광역시 유성구 과학로,125,,3020012300100520000008349,,대전광역시 유성구 과학로 125,305806,34141,,,,127.358997780293,36.3766722429516,kribb
MA0101202409A0229865,매점,,G2,소매,G204,종합 소매,G20499,그 외 기타 종합 소매업,G47190,그 외 기타 종합 소매업,30,대전광역시,30200,유성구,30200550,신성동,3020012600,가정동,3020012600100330000,1,대지,33,,대전광역시 유성구 가정동 33,302003167005,대전광역시 유성구 과학로,82,,3020012600100330000008854,국제지식재산연수원,대전광역시 유성구 과학로 82,305703,34132,,,,127.364030379888,36.3780898760265,kribb
MA010120220806250675,국제지식재산연수원,,P1,교육,P106,기타 교육,P10621,직원 훈련기관,P85650,직원 훈련기관,30,대전광역시,30200,유성구,30200550,신성동,3020012600,가정동,3020012600100330000,1,대지,33,,대전광역시 유성구 가정동 33,302003167005,대전광역시 유성구 과학로,82,,3020012600100330000008854,국제지식재산연수원,대전광역시 유성구 과학로 82,305703,34132,,,,127.364030379888,36.3780898760265,kribb
MA010120220808505502,온어스,,I2,음식,I212,비알코올 ,I21201,카페,I56221,커피 전문점,30,대전광역시,30200,유성구,30200540,온천2동,3020012300,어은동,3020012300100520000,1,대지,52,,대전광역시 유성구 어은동 52,302003167005,대전광역시 유성구 과학로,125,,3020012300100520000008349,구내매점,대전광역시 유성구 과학로 125,305806,34141,,1,,127.358997780293,36.3766722429516,kigam
MA0106202201A0625323,풀무원푸드앤컬처기초과학연구소,,I2,음식,I201,한식,I20101,백반/한정식,I56111,한식 일반 음식점업,30,대전광역시,30200,유성구,30200540,온천2동,3020012300,어은동,3020012300100520000,1,대지,52,,대전광역시 유성구 어은동 52,302003167005,대전광역시 유성구 과학로,125,,3020012300100520000008349,,대전광역시 유성구 과학로 125,305806,34141,,,,127.358997780293,36.3766722429516,kigam
MA0101202409A0229865,매점,,G2,소매,G204,종합 소매,G20499,그 외 기타 종합 소매업,G47190,그 외 기타 종합 소매업,30,대전광역시,30200,유성구,30200550,신성동,3020012600,가정동,3020012600100330000,1,대지,33,,대전광역시 유성구 가정동 33,302003167005,대전광역시 유성구 과학로,82,,3020012600100330000008854,국제지식재산연수원,대전광역시 유성구 과학로 82,305703,34132,,,,127.364030379888,36.3780898760265,kigam
MA010120220806250675,국제지식재산연수원,,P1,교육,P106,기타 교육,P10621,직원 훈련기관,P85650,직원 훈련기관,30,대전광역시,30200,유성구,30200550,신성동,3020012600,가정동,3020012600100330000,1,대지,33,,대전광역시 유성구 가정동 33,302003167005,대전광역시 유성구 과학로,82,,3020012600100330000008854,국제지식재산연수원,대전광역시 유성구 과학로 82,305703,34132,,,,127.364030379888,36.3780898760265,kigam
MA010120220806910141,한국지질연구원매점,,G2,소매,G204,종합 소매,G20404,슈퍼마켓,G47129,기타 음ㆍ식료품 위주 종합 소매업,30,대전광역시,30200,유성구,30200550,신성동,3020012600,가정동,3020012600100300000,1,대지,30,,대전광역시 유성구 가정동 30,302003167005,대전광역시 유성구 과학로,124,,3020012600100300000007029,한국지질자원연구원,대전광역시 유성구 과학로 124,305804,34132,,2,,127.357357366312,36.3810568541661,kari
MA0106202201A0824688,블루포트한국지질자원연구점,,I2,음식,I201,한식,I20101,백반/한정식,I56111,한식 일반 음식점업,30,대전광역시,30200,유성구,30200550,신성동,3020012600,가정동,3020012600100300000,1,대지,30,,대전광역시 유성구 가정동 30,302003167005,대전광역시 유성구 과학로,124,,3020012600100300000007029,,대전광역시 유성구 과학로 124,305804,34132,,,,127.357357366312,36.3810568541661,kari
MA010120220808505502,온어스,,I2,음식,I212,비알코올 ,I21201,카페,I56221,커피 전문점,30,대전광역시,30200,유성구,30200540,온천2동,3020012300,어은동,3020012300100520000,1,대지,52,,대전광역시 유성구 어은동 52,302003167005,대전광역시 유성구 과학로,125,,3020012300100520000008349,구내매점,대전광역시 유성구 과학로 125,305806,34141,,1,,127.358997780293,36.3766722429516,kari
MA0106202201A0625323,풀무원푸드앤컬처기초과학연구소,,I2,음식,I201,한식,I20101,백반/한정식,I56111,한식 일반 음식점업,30,대전광역시,30200,유성구,30200540,온천2동,3020012300,어은동,3020012300100520000,1,대지,52,,대전광역시 유성구 어은동 52,302003167005,대전광역시 유성구 과학로,125,,3020012300100520000008349,,대전광역시 유성구 과학로 125,305806,34141,,,,127.358997780293,36.3766722429516,kari
MA0101202406A0561827,올가,,M1,과학·기술,M107,본사·경영 컨설팅,M10703,경영 컨설팅업,M71531,경영 컨설팅업,30,대전광역시,30200,유성구,30200550,신성동,3020012500,신성동,3020012500101180045,1,대지,118,45,대전광역시 유성구 신성동 118-45,302003167001,대전광역시 유성구 가정로,85,,3020012500101180045006439,,대전광역시 유성구 가정로 85,305804,34120,,,,127.352897153047,36.3854768390564,kier
MA010120220806197153,에떼,,I2,음식,I207,구내식당·뷔페,I20701,구내식당,I56130,기관 구내식당업,30,대전광역시,30200,유성구,30200550,신성동,3020012500,신성동,3020012500101180045,1,대지,118,45,대전광역시 유성구 신성동 118-45,302003167001,대전광역시 유성구 가정로,85,,3020012500101180045006439,,대전광역시 유성구 가정로 85,305804,34120,,,,127.352897153047,36.3854768390564,kier
MA0101202604A0046708,아이에떼커피,신성점,I2,음식,I212,비알코올 ,I21201,카페,I56221,커피 전문점,30,대전광역시,30200,유성구,30200550,신성동,3020012500,신성동,3020012500101180045,1,대지,118,45,대전광역시 유성구 신성동 118-45,302003167001,대전광역시 유성구 가정로,85,,3020012500101180045006439,,대전광역시 유성구 가정로 85,305804,34120,,1,,127.352897153047,36.3854768390564,kier
MA010120220805418211,디에떼에스프레소,신성점,I2,음식,I212,비알코올 ,I21201,카페,I56221,커피 전문점,30,대전광역시,30200,유성구,30200550,신성동,3020012500,신성동,3020012500101180045,1,대지,118,45,대전광역시 유성구 신성동 118-45,302003167001,대전광역시 유성구 가정로,85,,3020012500101180045006439,,대전광역시 유성구 가정로 85,305804,34120,,1,,127.352897153047,36.3854768390564,kier
MA0101202305A0101861,크린토피아대전,신성점,S2,수리·개인,S209,세탁,S20901,세탁소,S96912,가정용 세탁업,30,대전광역시,30200,유성구,30200550,신성동,3020012500,신성동,3020012500101180044,1,대지,118,44,대전광역시 유성구 신성동 118-44,302003167001,대전광역시 유성구 가정로,87,,3020012500101180044005747,,대전광역시 유성구 가정로 87,305804,34120,,,,127.353075598797,36.3855033468546,kier
MA010120220806186449,대덕공인중개사사무소,,L1,부동산,L102,부동산 서비스,L10203,부동산 중개/대리업,L68221,부동산 중개 및 대리업,30,대전광역시,30200,유성구,30200550,신성동,3020012500,신성동,3020012500101180044,1,대지,118,44,대전광역시 유성구 신성동 118-44,302003167001,대전광역시 유성구 가정로,87,,3020012500101180044005747,,대전광역시 유성구 가정로 87,305804,34120,,,,127.353075598797,36.3855033468546,kier
MA0101202301A0052217,마릇,,I2,음식,I212,비알코올 ,I21201,카페,I56221,커피 전문점,30,대전광역시,30200,유성구,30200550,신성동,3020012500,신성동,3020012500101180007,1,대지,118,7,대전광역시 유성구 신성동 118-7,302004301002,대전광역시 유성구 가정로89번길,12,1,3020012500101180007006118,,대전광역시 유성구 가정로89번길 12-1,305804,34120,,1,,127.353167735616,36.386160928907,kier
MA010120220812756756,팔복집,,I2,음식,I201,한식,I20113,복 요리 전문,I56111,한식 일반 음식점업,30,대전광역시,30200,유성구,30200550,신성동,3020012500,신성동,3020012500101180019,1,대지,118,19,대전광역시 유성구 신성동 118-19,302004301002,대전광역시 유성구 가정로89번길,12,,3020012500101180019006282,,대전광역시 유성구 가정로89번길 12,305804,34120,,1,,127.353200641711,36.3860436794599,kier
MA010120220813517881,디에떼에스프레소신성,2호점,I2,음식,I212,비알코올 ,I21201,카페,I56221,커피 전문점,30,대전광역시,30200,유성구,30200550,신성동,3020012500,신성동,3020012500101180023,1,대지,118,23,대전광역시 유성구 신성동 118-23,302004301002,대전광역시 유성구 가정로89번길,8,,3020012500101180023007233,,대전광역시 유성구 가정로89번길 8,305804,34120,,1,,127.353244326127,36.3858452927889,kier
MA0101202501A0038467,마제신성,,I2,음식,I203,일식,I20301,일식 회/초밥,I56122,일식 음식점업,30,대전광역시,30200,유성구,30200550,신성동,3020012500,신성동,3020012500101180023,1,대지,118,23,대전광역시 유성구 신성동 118-23,302004301002,대전광역시 유성구 가정로89번길,8,,3020012500101180023007233,마들렌,대전광역시 유성구 가정로89번길 8,305804,34120,,1,,127.353244326127,36.3858452927889,kier
MA010120220806218016,수레와바퀴,,S2,수리·개인,S203,자동차 수리·세차,S20301,자동차 정비소,S95212,자동차 전문 수리업,30,대전광역시,30200,유성구,30200550,신성동,3020012500,신성동,3020012500101180036,1,대지,118,36,대전광역시 유성구 신성동 118-36,302003167001,대전광역시 유성구 가정로,89,,3020012500101180036005743,,대전광역시 유성구 가정로 89,305804,34120,,,,127.353309811572,36.3855387011581,kier
MA010120220805779977,시루향기신성동,,I2,음식,I201,한식,I20102,국/탕/찌개류,I56111,한식 일반 음식점업,30,대전광역시,30200,유성구,30200550,신성동,3020012500,신성동,3020012500101180042,1,대지,118,42,대전광역시 유성구 신성동 118-42,302003167001,대전광역시 유성구 가정로,91,,3020012500101180042006402,,대전광역시 유성구 가정로 91,305804,34120,,1,,127.353466089498,36.3855923090514,kier
MA0101202209A0073045,투썸플레이스대전,신성점,I2,음식,I212,비알코올 ,I21201,카페,I56221,커피 전문점,30,대전광역시,30200,유성구,30200550,신성동,3020012500,신성동,3020012500101180041,1,대지,118,41,대전광역시 유성구 신성동 118-41,302003167001,대전광역시 유성구 가정로,93,,3020012500101180041005739,,대전광역시 유성구 가정로 93,305804,34120,,2,,127.353678012229,36.3856277285871,kier
MA0101202406A0231653,문정로설렁탕,,I2,음식,I201,한식,I20102,국/탕/찌개류,I56111,한식 일반 음식점업,30,대전광역시,30200,유성구,30200550,신성동,3020012500,신성동,3020012500101180040,1,대지,118,40,대전광역시 유성구 신성동 118-40,302003167001,대전광역시 유성구 가정로,95,,3020012500101180040007260,,대전광역시 유성구 가정로 95,305804,34120,,1,,127.353856458579,36.3856542352149,kier
MA0101202307A0044719,입세한의원,,Q1,보건의료,Q102,의원,Q10211,한의원,Q86203,한의원,30,대전광역시,30200,유성구,30200550,신성동,3020012500,신성동,3020012500101180040,1,대지,118,40,대전광역시 유성구 신성동 118-40,302003167001,대전광역시 유성구 가정로,95,,3020012500101180040007260,외,대전광역시 유성구 가정로 95,305804,34120,,2,,127.353856458579,36.3856542352149,kier
MA010120220814254484,문정로설렁탕,,I2,음식,I201,한식,I20102,국/탕/찌개류,I56111,한식 일반 음식점업,30,대전광역시,30200,유성구,30200550,신성동,3020012500,신성동,3020012500101180040,1,대지,118,40,대전광역시 유성구 신성동 118-40,302003167001,대전광역시 유성구 가정로,95,,3020012500101180040007260,,대전광역시 유성구 가정로 95,305804,34120,,1,,127.353856458579,36.3856542352149,kier
MA0106202307A0975399,그린브라우니화학연구소점,,I2,음식,I201,한식,I20101,백반/한정식,I56111,한식 일반 음식점업,30,대전광역시,30200,유성구,30200550,신성동,3020012800,장동,3020012800101000000,1,대지,100,,대전광역시 유성구 장동 100,302003167001,대전광역시 유성구 가정로,141,,3020012500101540005000001,,대전광역시 유성구 가정로 141,305804,34114,,,,127.355150456712,36.3883539055772,kier
MA0106202301A1814400,가온에프앤에스한국화학연구원점,,I2,음식,I201,한식,I20101,백반/한정식,I56111,한식 일반 음식점업,30,대전광역시,30200,유성구,30200550,신성동,3020012800,장동,3020012800101000000,1,대지,100,,대전광역시 유성구 장동 100,302003167001,대전광역시 유성구 가정로,141,,3020012500101540005000001,,대전광역시 유성구 가정로 141,305804,34114,,,,127.355150456712,36.3883539055772,kier
MA010120220800535260,디디마트한국화학연구원점,,G2,소매,G204,종합 소매,G20404,슈퍼마켓,G47129,기타 음ㆍ식료품 위주 종합 소매업,30,대전광역시,30200,유성구,30200550,신성동,3020012800,장동,3020012800101000000,1,대지,100,,대전광역시 유성구 장동 100,302003167001,대전광역시 유성구 가정로,141,,3020012500101540005000001,한국화학연구원,대전광역시 유성구 가정로 141,305804,34114,,1,,127.355150456712,36.3883539055772,kier
MA0106202201A0636328,후니드한국화학연구원카페,대전점,I2,음식,I201,한식,I20101,백반/한정식,I56111,한식 일반 음식점업,30,대전광역시,30200,유성구,30200550,신성동,3020012800,장동,3020012800101000000,1,대지,100,,대전광역시 유성구 장동 100,302003167001,대전광역시 유성구 가정로,141,,3020012500101540005000001,,대전광역시 유성구 가정로 141,305804,34114,,,,127.355150456712,36.3883539055772,kier
MA010120220806174147,선엔지니어링,,M1,과학·기술,M109,기술 서비스,M10903,건물 및 토목 엔지니어링 서비스업,M72121,건물 및 토목 엔지니어링 서비스업,30,대전광역시,30200,유성구,30200550,신성동,3020012500,신성동,3020012500101000000,1,대지,100,,대전광역시 유성구 신성동 100,302003167001,대전광역시 유성구 가정로,99,,3020012500101000000005324,,대전광역시 유성구 가정로 99,305804,34115,,,,127.355568163718,36.3870730013614,kier
MA010120220806910141,한국지질연구원매점,,G2,소매,G204,종합 소매,G20404,슈퍼마켓,G47129,기타 음ㆍ식료품 위주 종합 소매업,30,대전광역시,30200,유성구,30200550,신성동,3020012600,가정동,3020012600100300000,1,대지,30,,대전광역시 유성구 가정동 30,302003167005,대전광역시 유성구 과학로,124,,3020012600100300000007029,한국지질자원연구원,대전광역시 유성구 과학로 124,305804,34132,,2,,127.357357366312,36.3810568541661,kier
MA0106202201A0824688,블루포트한국지질자원연구점,,I2,음식,I201,한식,I20101,백반/한정식,I56111,한식 일반 음식점업,30,대전광역시,30200,유성구,30200550,신성동,3020012600,가정동,3020012600100300000,1,대지,30,,대전광역시 유성구 가정동 30,302003167005,대전광역시 유성구 과학로,124,,3020012600100300000007029,,대전광역시 유성구 과학로 124,305804,34132,,,,127.357357366312,36.3810568541661,kier
MA010120220807035685,신우웰한국에너지기술연구원점,,G2,소매,G204,종합 소매,G20404,슈퍼마켓,G47129,기타 음ㆍ식료품 위주 종합 소매업,30,대전광역시,30200,유성구,30200550,신성동,3020012800,장동,3020012800100710002,1,대지,71,2,대전광역시 유성구 장동 71-2,302003167001,대전광역시 유성구 가정로,152,,3020012800100710002007031,,대전광역시 유성구 가정로 152,305804,34129,,,,127.359010946367,36.3843862277834,kier
MA010120220808742158,디에떼에스프레소한국에너지기술연구원점,,I2,음식,I212,비알코올 ,I21201,카페,I56221,커피 전문점,30,대전광역시,30200,유성구,30200550,신성동,3020012800,장동,3020012800100710002,1,대지,71,2,대전광역시 유성구 장동 71-2,302003167001,대전광역시 유성구 가정로,152,,3020012800100710002007031,한국에너지기술연구소,대전광역시 유성구 가정로 152,305804,34129,,1,,127.359010946367,36.3843862277834,kier
MA010120220813585000,에너지과학기술협동조합,,M1,과학·기술,M109,기술 서비스,M10999,기타 엔지니어링 서비스업,M72129,기타 엔지니어링 서비스업,30,대전광역시,30200,유성구,30200550,신성동,3020012800,장동,3020012800100710002,1,대지,71,2,대전광역시 유성구 장동 71-2,302003167001,대전광역시 유성구 가정로,152,,3020012800100710002007031,한국에너지기술연구소,대전광역시 유성구 가정로 152,305804,34129,,,,127.359010946367,36.3843862277834,kier
MA010120220811511501,디이앤씨,,M1,과학·기술,M109,기술 서비스,M10999,기타 엔지니어링 서비스업,M71531,경영 컨설팅업,30,대전광역시,30200,유성구,30200550,신성동,3020012800,장동,3020012800100710002,1,대지,71,2,대전광역시 유성구 장동 71-2,302003167001,대전광역시 유성구 가정로,152,,3020012800100710002007031,한국에너지기술연구소,대전광역시 유성구 가정로 152,305804,34129,,,,127.359010946367,36.3843862277834,kier
MA0106202201A0976701,아워홈LG생활건강,대전점,I2,음식,I207,구내식당·뷔페,I20701,구내식당,I56111,한식 일반 음식점업,30,대전광역시,30200,유성구,30200550,신성동,3020012800,장동,3020012800100840000,1,대지,84,,대전광역시 유성구 장동 84,302003167001,대전광역시 유성구 가정로,175,,3020012800100840000006970,,대전광역시 유성구 가정로 175,305804,34114,,,,127.36243157935,36.3865837653052,kier
MA010120220810751692,아워홈LG생활건강R&D캠퍼스,대전점,I2,음식,I207,구내식당·뷔페,I20701,구내식당,I56130,기관 구내식당업,30,대전광역시,30200,유성구,30200550,신성동,3020012800,장동,3020012800100840000,1,대지,84,,대전광역시 유성구 장동 84,302003167001,대전광역시 유성구 가정로,175,,3020012800100840000006970,구내식당,대전광역시 유성구 가정로 175,305804,34114,,1,,127.36243157935,36.3865837653052,kier
MA0106202205A1817479,가온에프앤에스국가정보자원관리원,,I2,음식,I201,한식,I20101,백반/한정식,I56111,한식 일반 음식점업,30,대전광역시,30200,유성구,30200550,신성동,3020013000,화암동,3020013000100620001,1,대지,62,1,대전광역시 유성구 화암동 62-1,302002010001,대전광역시 유성구 대덕대로,755,,3020013000100620001002825,,대전광역시 유성구 대덕대로 755,305718,34102,,,,127.371584603734,36.3988295628022,kasi
MA010120220809627926,대전광역시장애인부모회,,G2,소매,G204,종합 소매,G20404,슈퍼마켓,G47129,기타 음ㆍ식료품 위주 종합 소매업,30,대전광역시,30200,유성구,30200550,신성동,3020013000,화암동,3020013000100620001,1,대지,62,1,대전광역시 유성구 화암동 62-1,302002010001,대전광역시 유성구 대덕대로,755,,3020013000100620001002825,국가정보자원관리원매점,대전광역시 유성구 대덕대로 755,305718,34102,,1,,127.371584603734,36.3988295628022,kasi
MA0101202502A0112439,엑스골프,,M1,과학·기술,M107,본사·경영 컨설팅,M10703,경영 컨설팅업,M71531,경영 컨설팅업,30,대전광역시,30200,유성구,30200550,신성동,3020013000,화암동,3020013000102600006,1,대지,260,6,대전광역시 유성구 화암동 260-6,302004301121,대전광역시 유성구 대덕대로837번길,102,,3020013000102600006004466,,대전광역시 유성구 대덕대로837번길 102,305805,34102,,,,127.372480491472,36.402025917399,kasi
MA010120220806362088,비청,,L1,부동산,L102,부동산 서비스,L10203,부동산 중개/대리업,L68221,부동산 중개 및 대리업,30,대전광역시,30200,유성구,30200550,신성동,3020013000,화암동,3020013000100630001,1,대지,63,1,대전광역시 유성구 화암동 63-1,302002010001,대전광역시 유성구 대덕대로,756,3,3020013000100630001000001,,대전광역시 유성구 대덕대로 756-3,305804,34055,,2,,127.374032345588,36.3978576726103,kasi
MA010120220811920006,주주플레이,,N1,시설관리·임대,N108,기타 사업 서비스,N10802,전시/컨벤션/행사 대행 서비스업,N75992,"전시, 컨벤션 및 행사 대행업",30,대전광역시,30200,유성구,30200550,신성동,3020013000,화암동,3020013000100650004,1,대지,65,4,대전광역시 유성구 화암동 65-4,302002010001,대전광역시 유성구 대덕대로,804,,3020013000100650004007358,,대전광역시 유성구 대덕대로 804,305804,34055,,,,127.375054147973,36.4017204776953,kasi
MA010120220812617028,다이브머그,,R1,예술·스포츠,R104,유원지·오락,R10409,수상/해양 레저업,R91239,기타 수상오락 서비스업,30,대전광역시,30200,유성구,30200550,신성동,3020013000,화암동,3020013000100650004,1,대지,65,4,대전광역시 유성구 화암동 65-4,302002010001,대전광역시 유성구 대덕대로,804,,3020013000100650004007358,,대전광역시 유성구 대덕대로 804,305804,34055,,,,127.375054147973,36.4017204776953,kasi
MA010120220813909785,화암동셀프주유소,,G2,소매,G214,연료 소매,G21401,주유소,G47711,운송장비용 주유소 운영업,30,대전광역시,30200,유성구,30200550,신성동,3020013000,화암동,3020013000100650004,1,대지,65,4,대전광역시 유성구 화암동 65-4,302002010001,대전광역시 유성구 대덕대로,804,,3020013000100650004007358,,대전광역시 유성구 대덕대로 804,305804,34055,,,,127.375054147973,36.4017204776953,kasi
MA0106202605A1092900,못난이꽈배기북,대전점,I2,음식,I210,기타 간이,I21001,빵/도넛,I56111,한식 일반 음식점업,30,대전광역시,30200,유성구,30200550,신성동,3020013000,화암동,3020013000100650004,1,대지,65,4,대전광역시 유성구 화암동 65-4,302002010001,대전광역시 유성구 대덕대로,804,,3020013000100650004007358,,대전광역시 유성구 대덕대로 804,305804,34055,,,,127.375054147973,36.4017204776953,kasi
MA010120220813792618,장앤컴퍼니,,M1,과학·기술,M107,본사·경영 컨설팅,M10703,경영 컨설팅업,M71531,경영 컨설팅업,30,대전광역시,30200,유성구,30200550,신성동,3020013000,화암동,3020013000100630010,1,대지,63,10,대전광역시 유성구 화암동 63-10,302002010001,대전광역시 유성구 대덕대로,756,27,3020013000100630010007354,,대전광역시 유성구 대덕대로 756-27,305804,34055,,3,,127.375063384053,36.3966829208049,kasi
MA0106202201A0908334,상삼주외식산업한국천문연구원,,I2,음식,I201,한식,I20101,백반/한정식,I56111,한식 일반 음식점업,30,대전광역시,30200,유성구,30200550,신성동,3020013000,화암동,3020013000100610001,1,대지,61,1,대전광역시 유성구 화암동 61-1,302002010001,대전광역시 유성구 대덕대로,776,,3020013000100610001007355,,대전광역시 유성구 대덕대로 776,305804,34055,,,,127.37544535813,36.3996195281359,kasi
MA0101202502A0028875,링크에프엔비,,I2,음식,I212,비알코올 ,I21201,카페,I56221,커피 전문점,30,대전광역시,30200,유성구,30200550,신성동,3020013000,화암동,3020013000100610001,1,대지,61,1,대전광역시 유성구 화암동 61-1,302002010001,대전광역시 유성구 대덕대로,776,,3020013000100610001007355,한국천문연구원,대전광역시 유성구 대덕대로 776,305804,34055,,1,,127.37544535813,36.3996195281359,kasi
MA0101202409A0179836,블레스민,,I2,음식,I204,서양식,I20401,경양식,I56123,서양식 음식점업,30,대전광역시,30200,유성구,30200550,신성동,3020013000,화암동,3020013000100710000,1,대지,71,,대전광역시 유성구 화암동 71,302004301121,대전광역시 유성구 대덕대로837번길,31,,3020013000100710000004380,,대전광역시 유성구 대덕대로837번길 31,305804,34102,,,,127.375554612082,36.4037915896424,kasi
MA0101202409A0229865,매점,,G2,소매,G204,종합 소매,G20499,그 외 기타 종합 소매업,G47190,그 외 기타 종합 소매업,30,대전광역시,30200,유성구,30200550,신성동,3020012600,가정동,3020012600100330000,1,대지,33,,대전광역시 유성구 가정동 33,302003167005,대전광역시 유성구 과학로,82,,3020012600100330000008854,국제지식재산연수원,대전광역시 유성구 과학로 82,305703,34132,,,,127.364030379888,36.3780898760265,kins
MA010120220806250675,국제지식재산연수원,,P1,교육,P106,기타 교육,P10621,직원 훈련기관,P85650,직원 훈련기관,30,대전광역시,30200,유성구,30200550,신성동,3020012600,가정동,3020012600100330000,1,대지,33,,대전광역시 유성구 가정동 33,302003167005,대전광역시 유성구 과학로,82,,3020012600100330000008854,국제지식재산연수원,대전광역시 유성구 과학로 82,305703,34132,,,,127.364030379888,36.3780898760265,kins
MA0101202301A0021912,지에스25원자력안전기술원점,,G2,소매,G204,종합 소매,G20405,편의점,G47122,체인화 편의점,30,대전광역시,30200,유성구,30200540,온천2동,3020012400,구성동,3020012400100190000,1,대지,19,,대전광역시 유성구 구성동 19,302003167005,대전광역시 유성구 과학로,62,,3020012400100190000009272,원자력안전기술원,대전광역시 유성구 과학로 62,305338,34142,,,,127.368461593428,36.374832073673,kins
MA0106202204A1807955,가온에프앤에스한국원자력안전기술원,,I2,음식,I201,한식,I20101,백반/한정식,I56111,한식 일반 음식점업,30,대전광역시,30200,유성구,30200540,온천2동,3020012400,구성동,3020012400100190000,1,대지,19,,대전광역시 유성구 구성동 19,302003167005,대전광역시 유성구 과학로,62,,3020012400100190000009272,,대전광역시 유성구 과학로 62,305338,34142,,,,127.368461593428,36.374832073673,kins
MA0106202201A0625380,풀무원푸드앤컬처한국원자력안전기술원,,I2,음식,I201,한식,I20101,백반/한정식,I56111,한식 일반 음식점업,30,대전광역시,30200,유성구,30200540,온천2동,3020012400,구성동,3020012400100190000,1,대지,19,,대전광역시 유성구 구성동 19,302003167005,대전광역시 유성구 과학로,62,,3020012400100190000009272,,대전광역시 유성구 과학로 62,305338,34142,,,,127.368461593428,36.374832073673,kins
MA0101202409A0115808,별리달리카이스트,,I2,음식,I201,한식,I20101,백반/한정식,I56111,한식 일반 음식점업,30,대전광역시,30200,유성구,30200540,온천2동,3020012400,구성동,3020012400100230000,1,대지,23,,대전광역시 유성구 구성동 23,302003167083,대전광역시 유성구 대학로,291,,3020012300100230000000001,학생회관,대전광역시 유성구 대학로 291,305338,34141,,1,,127.356986964036,36.3682883541856,kaist
MA0101202406A0252978,조이스냅,,M1,과학·기술,M113,사진 촬영,M11301,사진촬영업,M73301,인물 사진 및 행사용 영상 촬영업,30,대전광역시,30200,유성구,30200540,온천2동,3020012400,구성동,3020012400100230000,1,대지,23,,대전광역시 유성구 구성동 23,302003167083,대전광역시 유성구 대학로,291,,3020012300100230000000001,한국과학기술원,대전광역시 유성구 대학로 291,305701,34141,,,,127.356986964036,36.3682883541856,kaist
MA010120220800699415,캠토,카이스트점,I2,음식,I210,기타 간이,I21003,피자,I56192,"피자, 햄버거, 샌드위치 및 유사 음식점업",30,대전광역시,30200,유성구,30200540,온천2동,3020012400,구성동,3020012400100230000,1,대지,23,,대전광역시 유성구 구성동 23,302003167083,대전광역시 유성구 대학로,291,,3020012300100230000000001,한국과학기술원,대전광역시 유성구 대학로 291,305701,34141,,1,,127.356986964036,36.3682883541856,kaist
MA0106202201A1796224,가온에프앤에스카이스트교수회관,,I2,음식,I201,한식,I20101,백반/한정식,I56111,한식 일반 음식점업,30,대전광역시,30200,유성구,30200540,온천2동,3020012400,구성동,3020012400100230000,1,대지,23,,대전광역시 유성구 구성동 23,302003167083,대전광역시 유성구 대학로,291,,3020012300100230000000001,,대전광역시 유성구 대학로 291,305338,34141,,,,127.356986964036,36.3682883541856,kaist
MA010120220806218142,대덕동네피자,,I2,음식,I210,기타 간이,I21003,피자,I56192,"피자, 햄버거, 샌드위치 및 유사 음식점업",30,대전광역시,30200,유성구,30200540,온천2동,3020012400,구성동,3020012400100230000,1,대지,23,,대전광역시 유성구 구성동 23,302003167083,대전광역시 유성구 대학로,291,,3020012300100230000000001,대학생회관,대전광역시 유성구 대학로 291,305338,34141,,,,127.356986964036,36.3682883541856,kaist
MA010120220806252384,웨이옵틱스주,,S2,수리·개인,S202,통신장비 수리,S20201,핸드폰/통신장비 수리업,S95120,통신장비 수리업,30,대전광역시,30200,유성구,30200540,온천2동,3020012400,구성동,3020012400100230000,1,대지,23,,대전광역시 유성구 구성동 23,302003167083,대전광역시 유성구 대학로,291,,3020012300100230000000001,나노종합기술원,대전광역시 유성구 대학로 291,305338,34141,,,,127.356986964036,36.3682883541856,kaist
MA010120220806218021,과기대안경원,,G2,소매,G216,안경·정밀기기 소매,G21602,안경렌즈 소매업,G47822,안경 및 렌즈 소매업,30,대전광역시,30200,유성구,30200540,온천2동,3020012400,구성동,3020012400100230000,1,대지,23,,대전광역시 유성구 구성동 23,302003167083,대전광역시 유성구 대학로,291,,3020012300100230000000001,,대전광역시 유성구 대학로 291,305338,34141,,1,,127.356986964036,36.3682883541856,kaist
MA010120220814340661,오샐러드,카이스트점,I2,음식,I210,기타 간이,I21005,토스트/샌드위치/샐러드,I56192,"피자, 햄버거, 샌드위치 및 유사 음식점업",30,대전광역시,30200,유성구,30200540,온천2동,3020012400,구성동,3020012400100230000,1,대지,23,,대전광역시 유성구 구성동 23,302003167083,대전광역시 유성구 대학로,291,,3020012300100230000000001,,대전광역시 유성구 대학로 291,305338,34141,,1,,127.356986964036,36.3682883541856,kaist
MA010120220806246886,태광패스트푸드,,I2,음식,I210,기타 간이,I21003,피자,I56192,"피자, 햄버거, 샌드위치 및 유사 음식점업",30,대전광역시,30200,유성구,30200540,온천2동,3020012400,구성동,3020012400100230000,1,대지,23,,대전광역시 유성구 구성동 23,302003167083,대전광역시 유성구 대학로,291,,3020012300100230000000001,,대전광역시 유성구 대학로 291,305338,34141,,,,127.356986964036,36.3682883541856,kaist
MA010120220806174735,카이스트자전거매장,,G2,소매,G213,오락용품 소매,G21305,자전거 소매업,G47632,자전거 및 기타 운송장비 소매업,30,대전광역시,30200,유성구,30200540,온천2동,3020012400,구성동,3020012400100230000,1,대지,23,,대전광역시 유성구 구성동 23,302003167083,대전광역시 유성구 대학로,291,,3020012300100230000000001,한국과학기술원,대전광역시 유성구 대학로 291,305701,34141,,,,127.356986964036,36.3682883541856,kaist
MA010120220806249592,나노종합기술원,,N1,시설관리·임대,N111,산업용품 대여,N11199,기타 산업용 기계/장비 대여업,N76390,기타 산업용 기계 및 장비 임대업,30,대전광역시,30200,유성구,30200540,온천2동,3020012400,구성동,3020012400100230000,1,대지,23,,대전광역시 유성구 구성동 23,302003167083,대전광역시 유성구 대학로,291,,3020012300100230000000001,,대전광역시 유성구 대학로 291,305338,34141,,,,127.356986964036,36.3682883541856,kaist
MA010120220806218034,대학세탁소,,S2,수리·개인,S209,세탁,S20901,세탁소,S96912,가정용 세탁업,30,대전광역시,30200,유성구,30200540,온천2동,3020012400,구성동,3020012400100230000,1,대지,23,,대전광역시 유성구 구성동 23,302003167083,대전광역시 유성구 대학로,291,,3020012300100230000000001,,대전광역시 유성구 대학로 291,305338,34141,,1,,127.356986964036,36.3682883541856,kaist
MA010120220800151352,카이스트대학원미용실,,S2,수리·개인,S207,이용·미용,S20701,미용실,S96112,두발 미용업,30,대전광역시,30200,유성구,30200540,온천2동,3020012400,구성동,3020012400100230000,1,대지,23,,대전광역시 유성구 구성동 23,302003167083,대전광역시 유성구 대학로,291,,3020012300100230000000001,한국과학기술원,대전광역시 유성구 대학로 291,305701,34141,,2,,127.356986964036,36.3682883541856,kaist
MA0106202201A0010038,오가다,,I2,음식,I212,비알코올 ,I21201,카페,I56221,커피 전문점,30,대전광역시,30200,유성구,30200540,온천2동,3020012400,구성동,3020012400100230000,1,대지,23,,대전광역시 유성구 구성동 23,302003167083,대전광역시 유성구 대학로,291,,3020012300100230000000001,,대전광역시 유성구 대학로 291,305338,34141,,,,127.356986964036,36.3682883541856,kaist
MA010120220806194254,한국과학기술원학부이용원,,S2,수리·개인,S207,이용·미용,S20701,미용실,S96111,이용업,30,대전광역시,30200,유성구,30200540,온천2동,3020012400,구성동,3020012400100230000,1,대지,23,,대전광역시 유성구 구성동 23,302003167083,대전광역시 유성구 대학로,291,,3020012300100230000000001,한국과학기술원,대전광역시 유성구 대학로 291,305701,34141,,1,,127.356986964036,36.3682883541856,kaist
MA010120220811734451,리틀하노이,카이스트점,I2,음식,I205,동남아시아,I20501,베트남식 전문,I56129,기타 외국식 음식점업,30,대전광역시,30200,유성구,30200540,온천2동,3020012400,구성동,3020012400100230000,1,대지,23,,대전광역시 유성구 구성동 23,302003167083,대전광역시 유성구 대학로,291,,3020012300100230000000001,한국과학기술원,대전광역시 유성구 대학로 291,305701,34141,,1,,127.356986964036,36.3682883541856,kaist
MA010120220806228817,헨델과그레텔,,I2,음식,I212,비알코올 ,I21201,카페,I56229,기타 비알코올 음료점업,30,대전광역시,30200,유성구,30200540,온천2동,3020012400,구성동,3020012400100230000,1,대지,23,,대전광역시 유성구 구성동 23,302003167083,대전광역시 유성구 대학로,291,,3020012300100230000000001,카이스트내기계공학동,대전광역시 유성구 대학로 291,305338,34141,,1,,127.356986964036,36.3682883541856,kaist
MA010120220803248700,풀빛마루카이스트협동조합,,I2,음식,I210,기타 간이,I21003,피자,I56192,"피자, 햄버거, 샌드위치 및 유사 음식점업",30,대전광역시,30200,유성구,30200540,온천2동,3020012400,구성동,3020012400100230000,1,대지,23,,대전광역시 유성구 구성동 23,302003167083,대전광역시 유성구 대학로,291,,3020012300100230000000001,한국과학기술원,대전광역시 유성구 대학로 291,305701,34141,,1,,127.356986964036,36.3682883541856,kaist
MA010120220810598418,카페드림카이스트기계공,학동점,I2,음식,I212,비알코올 ,I21201,카페,I56221,커피 전문점,30,대전광역시,30200,유성구,30200540,온천2동,3020012400,구성동,3020012400100230000,1,대지,23,,대전광역시 유성구 구성동 23,302003167083,대전광역시 유성구 대학로,291,,3020012300100230000000001,카이스트기계공학동,대전광역시 유성구 대학로 291,305338,34141,,1,,127.356986964036,36.3682883541856,kaist
MA010120220811805761,탐앤탐스대전,카이스트점,I2,음식,I212,비알코올 ,I21201,카페,I56221,커피 전문점,30,대전광역시,30200,유성구,30200540,온천2동,3020012400,구성동,3020012400100230000,1,대지,23,,대전광역시 유성구 구성동 23,302003167083,대전광역시 유성구 대학로,291,,3020012300100230000000001,김병호IT융합센터,대전광역시 유성구 대학로 291,305338,34141,,3,,127.356986964036,36.3682883541856,kaist
MA010120220809215886,캘리포니아,카이스트점,I2,음식,I210,기타 간이,I21001,빵/도넛,I56191,제과점업,30,대전광역시,30200,유성구,30200540,온천2동,3020012400,구성동,3020012400104650001,1,대지,465,1,대전광역시 유성구 구성동 465-1,302003167083,대전광역시 유성구 대학로,291,,3020012300100230000000001,,대전광역시 유성구 대학로 291,305338,34141,,,,127.356986964036,36.3682883541856,kaist
MA010120220806194096,이오닷컴,,G2,소매,G208,가전·통신 소매,G20801,컴퓨터/소프트웨어 소매업,G47311,"컴퓨터 및 주변장치, 소프트웨어 소매업",30,대전광역시,30200,유성구,30200540,온천2동,3020012400,구성동,3020012400100230000,1,대지,23,,대전광역시 유성구 구성동 23,302003167083,대전광역시 유성구 대학로,291,,3020012300100230000000001,한국과학기술원,대전광역시 유성구 대학로 291,305701,34141,,1,,127.356986964036,36.3682883541856,kaist
MA010120220814365805,제이제이엔에스,,M1,과학·기술,M109,기술 서비스,M10904,환경 관련 엔지니어링 서비스업,M72122,환경 관련 엔지니어링 서비스업,30,대전광역시,30200,유성구,30200540,온천2동,3020012400,구성동,3020012400100230000,1,대지,23,,대전광역시 유성구 구성동 23,302003167083,대전광역시 유성구 대학로,291,,3020012300100230000000001,대전창조경제혁신센터,대전광역시 유성구 대학로 291,305338,34141,,9,,127.356986964036,36.3682883541856,kaist
MA010120220805762565,카이스트약국,,G2,소매,G215,의약·화장품 소매,G21501,약국,G47811,의약품 및 의료용품 소매업,30,대전광역시,30200,유성구,30200540,온천2동,3020012400,구성동,3020012400100230000,1,대지,23,,대전광역시 유성구 구성동 23,302003167083,대전광역시 유성구 대학로,291,,3020012300100230000000001,,대전광역시 유성구 대학로 291,305338,34141,,,,127.356986964036,36.3682883541856,kaist
MA0106202201A0976315,대한여성과학기술인회,,M1,과학·기술,M115,기타 전문 과학,M11502,번역/통역 서비스업,M73902,번역 및 통역 서비스업,30,대전광역시,30200,유성구,30200540,온천2동,3020012400,구성동,3020012400100230000,1,대지,23,,대전광역시 유성구 구성동 23,302003167083,대전광역시 유성구 대학로,291,,3020012300100230000000001,,대전광역시 유성구 대학로 291,305338,34141,,,,127.356986964036,36.3682883541856,kaist
MA010120220806179947,석.박사세탁소,,S2,수리·개인,S209,세탁,S20901,세탁소,S96912,가정용 세탁업,30,대전광역시,30200,유성구,30200540,온천2동,3020012400,구성동,3020012400100230000,1,대지,23,,대전광역시 유성구 구성동 23,302003167083,대전광역시 유성구 대학로,291,,3020012300100230000000001,,대전광역시 유성구 대학로 291,305338,34141,,,,127.356986964036,36.3682883541856,kaist
MA010120220809767918,더드림카페드림카이스트기계공,학동점,I2,음식,I212,비알코올 ,I21201,카페,I56221,커피 전문점,30,대전광역시,30200,유성구,30200540,온천2동,3020012400,구성동,3020012400100230000,1,대지,23,,대전광역시 유성구 구성동 23,302003167083,대전광역시 유성구 대학로,291,,3020012300100230000000001,기계공학동,대전광역시 유성구 대학로 291,305338,34141,,1,,127.356986964036,36.3682883541856,kaist
MA0101202604A0044980,써브웨이대전,카이스트점,I2,음식,I210,기타 간이,I21005,토스트/샌드위치/샐러드,I56192,"피자, 햄버거, 샌드위치 및 유사 음식점업",30,대전광역시,30200,유성구,30200540,온천2동,3020012400,구성동,3020012400100230000,1,대지,23,,대전광역시 유성구 구성동 23,302003167083,대전광역시 유성구 대학로,291,,3020012300100230000000001,한국과학기술원,대전광역시 유성구 대학로 291,305701,34141,,1,,127.356986964036,36.3682883541856,kaist
MA010120220811475979,쥬스킹,카이스트점,I2,음식,I212,비알코올 ,I21201,카페,I56229,기타 비알코올 음료점업,30,대전광역시,30200,유성구,30200540,온천2동,3020012400,구성동,3020012400100230000,1,대지,23,,대전광역시 유성구 구성동 23,302003167083,대전광역시 유성구 대학로,291,,3020012300100230000000001,한국과학기술원,대전광역시 유성구 대학로 291,305701,34141,,1,,127.356986964036,36.3682883541856,kaist
MA010120220803264096,파스쿠찌대전,카이스트점,I2,음식,I212,비알코올 ,I21201,카페,I56221,커피 전문점,30,대전광역시,30200,유성구,30200540,온천2동,3020012400,구성동,3020012400100230000,1,대지,23,,대전광역시 유성구 구성동 23,302003167083,대전광역시 유성구 대학로,291,,3020012300100230000000001,한국과학기술원,대전광역시 유성구 대학로 291,305701,34141,,1,,127.356986964036,36.3682883541856,kaist
MA010120220806250996,신일과학기술원점주,,G2,소매,G204,종합 소매,G20404,슈퍼마켓,G47121,슈퍼마켓,30,대전광역시,30200,유성구,30200540,온천2동,3020012400,구성동,3020012400100230000,1,대지,23,,대전광역시 유성구 구성동 23,302003167083,대전광역시 유성구 대학로,291,,3020012300100230000000001,,대전광역시 유성구 대학로 291,305338,34141,,,,127.356986964036,36.3682883541856,kaist
MA010120220803131684,제순식당앤인생설렁탕대전,카이스트점,I2,음식,I201,한식,I20102,국/탕/찌개류,I56111,한식 일반 음식점업,30,대전광역시,30200,유성구,30200540,온천2동,3020012400,구성동,3020012400100230000,1,대지,23,,대전광역시 유성구 구성동 23,302003167083,대전광역시 유성구 대학로,291,,3020012300100230000000001,한국과학기술원,대전광역시 유성구 대학로 291,305701,34141,,2,,127.356986964036,36.3682883541856,kaist
MA0101202509A0005512,유니버스푸드,,I2,음식,I210,기타 간이,I21003,피자,I56192,"피자, 햄버거, 샌드위치 및 유사 음식점업",30,대전광역시,30200,유성구,30200540,온천2동,3020012400,구성동,3020012400100230000,1,대지,23,,대전광역시 유성구 구성동 23,302003167083,대전광역시 유성구 대학로,291,,3020012300100230000000001,한국과학기술원,대전광역시 유성구 대학로 291,305701,34141,,,,127.356986964036,36.3682883541856,kaist
MA010120220806347397,더큰도시락카이스트그랑떼점,,I2,음식,I201,한식,I20101,백반/한정식,I56111,한식 일반 음식점업,30,대전광역시,30200,유성구,30200540,온천2동,3020012400,구성동,3020012400100230000,1,대지,23,,대전광역시 유성구 구성동 23,302003167083,대전광역시 유성구 대학로,291,,3020012300100230000000001,한국과학기술원,대전광역시 유성구 대학로 291,305701,34141,,2,,127.356986964036,36.3682883541856,kaist
MA0101202412A0033556,베어스타코카이스트카이마루점,,I2,음식,I204,서양식,I20499,기타 서양식 음식점,I56123,서양식 음식점업,30,대전광역시,30200,유성구,30200540,온천2동,3020012400,구성동,3020012400100230000,1,대지,23,,대전광역시 유성구 구성동 23,302003167083,대전광역시 유성구 대학로,291,,3020012300100230000000001,한국과학기술원,대전광역시 유성구 대학로 291,305701,34141,,1,,127.356986964036,36.3682883541856,kaist
MA0101202412A0072195,오니기리와이규동,카이스트점,I2,음식,I203,일식,I20302,일식 카레/돈가스/덮밥,I56122,일식 음식점업,30,대전광역시,30200,유성구,30200540,온천2동,3020012400,구성동,3020012400100230000,1,대지,23,,대전광역시 유성구 구성동 23,302003167083,대전광역시 유성구 대학로,291,,3020012300100230000000001,한국과학기술원,대전광역시 유성구 대학로 291,305701,34141,,1,,127.356986964036,36.3682883541856,kaist
MA010120220811884695,그라찌에,카이스트점,I2,음식,I212,비알코올 ,I21201,카페,I56221,커피 전문점,30,대전광역시,30200,유성구,30200540,온천2동,3020012400,구성동,3020012400100230000,1,대지,23,,대전광역시 유성구 구성동 23,302003167083,대전광역시 유성구 대학로,291,,3020012300100230000000001,KI빌딩,대전광역시 유성구 대학로 291,305338,34141,,1,,127.356986964036,36.3682883541856,kaist
MA010120220808031593,카페잇,카이스트점,I2,음식,I212,비알코올 ,I21201,카페,I56221,커피 전문점,30,대전광역시,30200,유성구,30200540,온천2동,3020012400,구성동,3020012400100230000,1,대지,23,,대전광역시 유성구 구성동 23,302003167083,대전광역시 유성구 대학로,291,,3020012300100230000000001,인터내셔날센터,대전광역시 유성구 대학로 291,305338,34141,,1,,127.356986964036,36.3682883541856,kaist
MA010120220806249516,카이스트발전재단,,P1,교육,P107,교육 지원,P10799,기타 교육지원 서비스업,P85709,기타 교육지원 서비스업,30,대전광역시,30200,유성구,30200540,온천2동,3020012400,구성동,3020012400100230000,1,대지,23,,대전광역시 유성구 구성동 23,302003167083,대전광역시 유성구 대학로,291,,3020012300100230000000001,한국과학기술원,대전광역시 유성구 대학로 291,305701,34141,,,,127.356986964036,36.3682883541856,kaist
MA0101202409A0009511,더큰식탁,카이스트점,I2,음식,I210,기타 간이,I21007,김밥/만두/분식,I56194,김밥 및 기타 간이 음식점업,30,대전광역시,30200,유성구,30200540,온천2동,3020012400,구성동,3020012400100230000,1,대지,23,,대전광역시 유성구 구성동 23,302003167083,대전광역시 유성구 대학로,291,,3020012300100230000000001,학생회관,대전광역시 유성구 대학로 291,305338,34141,,1,,127.356986964036,36.3682883541856,kaist
MA0101202308A0029295,점선면컴퍼니,,M1,과학·기술,M112,전문 디자인,M11203,시각 디자인업,M73203,시각 디자인업,30,대전광역시,30200,유성구,30200540,온천2동,3020012400,구성동,3020012400100230000,1,대지,23,,대전광역시 유성구 구성동 23,302003167083,대전광역시 유성구 대학로,291,,3020012300100230000000001,외국인교수아파트,대전광역시 유성구 대학로 291,305338,34141,,,,127.357131325738,36.3681797819886,kaist
MA0101202307A0013211,엔제리너스북카페,카이스트점,I2,음식,I212,비알코올 ,I21201,카페,I56221,커피 전문점,30,대전광역시,30200,유성구,30200540,온천2동,3020012400,구성동,3020012400100230000,1,대지,23,,대전광역시 유성구 구성동 23,302003167083,대전광역시 유성구 대학로,291,,3020012300100230000000001,한국과학기술원,대전광역시 유성구 대학로 291,305701,34141,,2,,127.357131325738,36.3681797819886,kaist
MA0101202209A0071676,리앤이라마띠네,,I2,음식,I207,구내식당·뷔페,I20701,구내식당,I56130,기관 구내식당업,30,대전광역시,30200,유성구,30200540,온천2동,3020012400,구성동,3020012400100230000,1,대지,23,,대전광역시 유성구 구성동 23,302003167083,대전광역시 유성구 대학로,291,,3020012300100230000000001,서측식당,대전광역시 유성구 대학로 291,305338,34141,,,,127.357131325738,36.3681797819886,kaist
MA0101202502A0037187,유현수과학개인교습,,P1,교육,P105,일반 교육,P10501,입시·교과학원,P85501,일반 교과학원,30,대전광역시,30200,유성구,30200540,온천2동,3020012400,구성동,3020012400100230000,1,대지,23,,대전광역시 유성구 구성동 23,302003167083,대전광역시 유성구 대학로,291,,3020012300100230000000001,한국과학기술원,대전광역시 유성구 대학로 291,305701,34141,,,,127.357131325738,36.3681797819886,kaist
MA0101202504A0035982,던킨도너츠대전,카이스트점,I2,음식,I210,기타 간이,I21001,빵/도넛,I56192,"피자, 햄버거, 샌드위치 및 유사 음식점업",30,대전광역시,30200,유성구,30200540,온천2동,3020012400,구성동,3020012400100230000,1,대지,23,,대전광역시 유성구 구성동 23,302003167083,대전광역시 유성구 대학로,291,,3020012300100230000000001,한국과학기술원,대전광역시 유성구 대학로 291,305701,34141,,1,,127.357131325738,36.3681797819886,kaist
MA0101202501A0027475,롤링파스타대전,카이스트점,I2,음식,I204,서양식,I20402,파스타/스테이크,I56123,서양식 음식점업,30,대전광역시,30200,유성구,30200540,온천2동,3020012400,구성동,3020012400100230000,1,대지,23,,대전광역시 유성구 구성동 23,302003167083,대전광역시 유성구 대학로,291,,3020012300100230000000001,한국과학기술원,대전광역시 유성구 대학로 291,305701,34141,,1,,127.357131325738,36.3681797819886,kaist
MA010120220806205955,남해수산,,I2,음식,I201,한식,I20111,횟집,I56114,한식 해산물 요리 전문점,30,대전광역시,30200,유성구,30200540,온천2동,3020011700,장대동,3020011700103620005,1,대지,362,5,대전광역시 유성구 장대동 362-5,302003167047,대전광역시 유성구 온천서로,61,,3020011700103620005011302,,대전광역시 유성구 온천서로 61,305308,34171,,2,,127.339098970367,36.3597522748332,cnu
MA010120220806200919,이수세탁,,S2,수리·개인,S209,세탁,S20901,세탁소,S96912,가정용 세탁업,30,대전광역시,30200,유성구,30200540,온천2동,3020011700,장대동,3020011700103470011,1,대지,347,11,대전광역시 유성구 장대동 347-11,302004301155,대전광역시 유성구 문화원로19번길,28,,3020011700103470011011326,이수타워,대전광역시 유성구 문화원로19번길 28,305308,34166,,1,,127.339388700133,36.3623288115064,cnu
MA0101202406A0037452,지에스25,장대이수점,G2,소매,G204,종합 소매,G20405,편의점,G46800,상품 종합 도매업,30,대전광역시,30200,유성구,30200540,온천2동,3020011700,장대동,3020011700103470001,1,대지,347,1,대전광역시 유성구 장대동 347-1,302004301155,대전광역시 유성구 문화원로19번길,34,4,3020011700103470001010991,,대전광역시 유성구 문화원로19번길 34-4,305308,34166,,,,127.339500706628,36.3624636694531,cnu
MA010120220805386517,연필로아트미술교습소,,P1,교육,P106,기타 교육,P10611,미술학원,P85622,미술학원,30,대전광역시,30200,유성구,30200540,온천2동,3020011700,장대동,3020011700103470001,1,대지,347,1,대전광역시 유성구 장대동 347-1,302004301155,대전광역시 유성구 문화원로19번길,34,4,3020011700103470001010991,,대전광역시 유성구 문화원로19번길 34-4,305308,34166,,1,,127.339500706628,36.3624636694531,cnu
MA010120220808037344,YJ스포츠,,G2,소매,G213,오락용품 소매,G21304,운동용품 소매업,G47631,운동 및 경기용품 소매업,30,대전광역시,30200,유성구,30200540,온천2동,3020011700,장대동,3020011700103460008,1,대지,346,8,대전광역시 유성구 장대동 346-8,302004301155,대전광역시 유성구 문화원로19번길,36,,3020011700103460008011229,YJ스포츠,대전광역시 유성구 문화원로19번길 36,305308,34166,,2,,127.339579639967,36.3626797269826,cnu
MA010120220806227342,빅토닉스,,G2,소매,G212,기타 생활용품 소매,G21201,전기용품/조명장치 소매업,G47591,전기용품 및 조명장치 소매업,30,대전광역시,30200,유성구,30200540,온천2동,3020011700,장대동,3020011700103460008,1,대지,346,8,대전광역시 유성구 장대동 346-8,302004301155,대전광역시 유성구 문화원로19번길,36,,3020011700103460008011229,,대전광역시 유성구 문화원로19번길 36,305308,34166,,,,127.339579639967,36.3626797269826,cnu
MA010120220806362104,유성까사미아,,G2,소매,G211,가구 소매,G21101,가구 소매업,G47520,가구 소매업,30,대전광역시,30200,유성구,30200540,온천2동,3020011700,장대동,3020011700103170008,1,대지,317,8,대전광역시 유성구 장대동 317-8,302004301363,대전광역시 유성구 유성대로822번길,36,6,3020011700103170008009994,,대전광역시 유성구 유성대로822번길 36-6,305308,34136,,1,,127.339598064934,36.3643558586165,cnu
MA010120220806182656,아뜰리에까사,,G2,소매,G211,가구 소매,G21101,가구 소매업,G47520,가구 소매업,30,대전광역시,30200,유성구,30200540,온천2동,3020011700,장대동,3020011700103170008,1,대지,317,8,대전광역시 유성구 장대동 317-8,302004301363,대전광역시 유성구 유성대로822번길,36,6,3020011700103170008009994,까사미아,대전광역시 유성구 유성대로822번길 36-6,305308,34136,,4,,127.339598064934,36.3643558586165,cnu
MA010120220811778139,신영기획,,M1,과학·기술,M105,광고,M10504,광고물 설계/제작업,M71393,"광고물 문안, 도안, 설계 등 작성업",30,대전광역시,30200,유성구,30200540,온천2동,3020011700,장대동,3020011700103170007,1,대지,317,7,대전광역시 유성구 장대동 317-7,302004301363,대전광역시 유성구 유성대로822번길,32,,3020011700103170007009991,,대전광역시 유성구 유성대로822번길 32,305308,34136,,1,,127.339809649626,36.3643282218147,cnu
MA010120220806225682,아카데미고시텔,,I1,숙박,I102,기타 숙박,I10201,기숙사/고시원,I55901,기숙사 및 고시원 운영업,30,대전광역시,30200,유성구,30200540,온천2동,3020011700,장대동,3020011700103170007,1,대지,317,7,대전광역시 유성구 장대동 317-7,302004301363,대전광역시 유성구 유성대로822번길,32,,3020011700103170007009991,,대전광역시 유성구 유성대로822번길 32,305308,34136,,,,127.339809649626,36.3643282218147,cnu
MA010120220800994770,충성푸드,,I2,음식,I210,기타 간이,I21006,치킨,I56193,치킨 전문점,30,대전광역시,30200,유성구,30200540,온천2동,3020011700,장대동,3020011700103170007,1,대지,317,7,대전광역시 유성구 장대동 317-7,302004301363,대전광역시 유성구 유성대로822번길,32,,3020011700103170007009991,,대전광역시 유성구 유성대로822번길 32,305308,34136,,1,,127.339809649626,36.3643282218147,cnu
MA0101202411A0135699,하늘돈까스백반,,I2,음식,I201,한식,I20101,백반/한정식,I56111,한식 일반 음식점업,30,대전광역시,30200,유성구,30200540,온천2동,3020011700,장대동,3020011700103170007,1,대지,317,7,대전광역시 유성구 장대동 317-7,302004301363,대전광역시 유성구 유성대로822번길,32,,3020011700103170007009991,,대전광역시 유성구 유성대로822번길 32,305308,34136,,1,,127.339809649626,36.3643282218147,cnu
MA0101202306A0107699,더라인,,G2,소매,G209,섬유·의복·신발 소매,G20905,기타 의류 소매업,G47414,셔츠 및 블라우스 소매업,30,대전광역시,30200,유성구,30200540,온천2동,3020011700,장대동,3020011700103470003,1,대지,347,3,대전광역시 유성구 장대동 347-3,302004301155,대전광역시 유성구 문화원로19번길,34,10,3020011700103470003011333,평화빌라,대전광역시 유성구 문화원로19번길 34-10,305308,34166,,,,127.339845441066,36.3623094897682,cnu
MA010120220806229744,엠에스랩,,G2,소매,G215,의약·화장품 소매,G21502,의료기기 소매업,G47812,의료용 기구 소매업,30,대전광역시,30200,유성구,30200540,온천2동,3020011700,장대동,3020011700103470003,1,대지,347,3,대전광역시 유성구 장대동 347-3,302004301155,대전광역시 유성구 문화원로19번길,34,10,3020011700103470003011333,평화빌라,대전광역시 유성구 문화원로19번길 34-10,305308,34166,,1,,127.339845441066,36.3623094897682,cnu
MA010120220805364981,아이디솔루션,,L1,부동산,L102,부동산 서비스,L10203,부동산 중개/대리업,L68221,부동산 중개 및 대리업,30,대전광역시,30200,유성구,30200540,온천2동,3020011700,장대동,3020011700103470003,1,대지,347,3,대전광역시 유성구 장대동 347-3,302004301155,대전광역시 유성구 문화원로19번길,34,10,3020011700103470003011333,,대전광역시 유성구 문화원로19번길 34-10,305308,34166,,1,,127.339845441066,36.3623094897682,cnu
MA0101202305A0013805,모두에듀,,P1,교육,P107,교육 지원,P10799,기타 교육지원 서비스업,P85709,기타 교육지원 서비스업,30,대전광역시,30200,유성구,30200540,온천2동,3020011700,장대동,3020011700103460006,1,대지,346,6,대전광역시 유성구 장대동 346-6,302004301155,대전광역시 유성구 문화원로19번길,34,7,3020011700103460006011382,,대전광역시 유성구 문화원로19번길 34-7,305308,34166,,,,127.339846538198,36.3625618154657,cnu
MA0101202411A0161442,드림장묘,,S2,수리·개인,S210,장례식장 ,S21001,장례식장,S96921,장례식장 및 장의관련 서비스업,30,대전광역시,30200,유성구,30200540,온천2동,3020011700,장대동,3020011700103760001,1,대지,376,1,대전광역시 유성구 장대동 376-1,302004301354,대전광역시 유성구 유성대로736번길,112,,3020011700103760001020960,,대전광역시 유성구 유성대로736번길 112,305308,34170,,,,127.3399749996,36.3587945401312,cnu
MA010120220806247648,경일자동차관리주,,N1,시설관리·임대,N109,운송장비 대여,N10901,자동차 대여업,N76110,자동차 임대업,30,대전광역시,30200,유성구,30200540,온천2동,3020011700,장대동,3020011700103470006,1,대지,347,6,대전광역시 유성구 장대동 347-6,302003167047,대전광역시 유성구 온천서로,87,,3020011700103470006008814,,대전광역시 유성구 온천서로 87,305308,34166,,,,127.340089191164,36.3619933851777,cnu
MA0101202510A0005858,에이치케이나라렌트카유성,세종지점,N1,시설관리·임대,N109,운송장비 대여,N10901,자동차 대여업,N76110,자동차 임대업,30,대전광역시,30200,유성구,30200540,온천2동,3020011700,장대동,3020011700103470006,1,대지,347,6,대전광역시 유성구 장대동 347-6,302003167047,대전광역시 유성구 온천서로,87,,3020011700103470006008814,재원타워,대전광역시 유성구 온천서로 87,305308,34166,,,,127.340089191164,36.3619933851777,cnu
MA010120220806231853,유성자동차관리,,N1,시설관리·임대,N109,운송장비 대여,N10901,자동차 대여업,N76110,자동차 임대업,30,대전광역시,30200,유성구,30200540,온천2동,3020011700,장대동,3020011700103470006,1,대지,347,6,대전광역시 유성구 장대동 347-6,302003167047,대전광역시 유성구 온천서로,87,,3020011700103470006008814,,대전광역시 유성구 온천서로 87,305308,34166,,,,127.340089191164,36.3619933851777,cnu
MA010120220812532535,준희헤어,,S2,수리·개인,S207,이용·미용,S20701,미용실,S96112,두발 미용업,30,대전광역시,30200,유성구,30200540,온천2동,3020011700,장대동,3020011700103460004,1,대지,346,4,대전광역시 유성구 장대동 346-4,302003167047,대전광역시 유성구 온천서로,93,,3020011700103460004010886,,대전광역시 유성구 온천서로 93,305308,34166,,,,127.340102254457,36.3624349234386,cnu
MA0101202406A0011887,순수스튜디오,,M1,과학·기술,M113,사진 촬영,M11301,사진촬영업,M73301,인물 사진 및 행사용 영상 촬영업,30,대전광역시,30200,유성구,30200540,온천2동,3020011700,장대동,3020011700103460004,1,대지,346,4,대전광역시 유성구 장대동 346-4,302003167047,대전광역시 유성구 온천서로,93,,3020011700103460004010886,견진빌라,대전광역시 유성구 온천서로 93,305308,34166,,1,,127.340102254457,36.3624349234386,cnu
MA0101202305A0148866,이키커피웍스,,I2,음식,I212,비알코올 ,I21201,카페,I56221,커피 전문점,30,대전광역시,30200,유성구,30200540,온천2동,3020011700,장대동,3020011700103470005,1,대지,347,5,대전광역시 유성구 장대동 347-5,302003167047,대전광역시 유성구 온천서로,91,,3020011700103470005011456,,대전광역시 유성구 온천서로 91,305308,34166,,1,,127.340123401115,36.3621735226779,cnu
MA0101202604A0056883,에스무드헤어,,S2,수리·개인,S207,이용·미용,S20701,미용실,S96112,두발 미용업,30,대전광역시,30200,유성구,30200540,온천2동,3020012200,궁동,3020012200104650004,1,대지,465,4,대전광역시 유성구 궁동 465-4,302004301157,대전광역시 유성구 문화원로38번길,9,,3020012200104650004012042,대종에버뷰,대전광역시 유성구 문화원로38번길 9,305335,34167,,1,,127.340147140353,36.3599475539619,cnu
MA0101202406A0050120,국민인력,,N1,시설관리·임대,N104,고용 알선,N10402,임시/일용 인력 공급업,N75121,임시 및 일용 인력 공급업,30,대전광역시,30200,유성구,30200540,온천2동,3020012200,궁동,3020012200104650002,1,대지,465,2,대전광역시 유성구 궁동 465-2,302004301157,대전광역시 유성구 문화원로38번길,5,,3020012200104650002012507,궁동,대전광역시 유성구 문화원로38번길 5,305335,34167,,2,,127.340225837536,36.3601095413483,cnu
MA010120220812728409,재남씨네일,,S2,수리·개인,S207,이용·미용,S20703,네일숍,S96119,기타 미용업,30,대전광역시,30200,유성구,30200540,온천2동,3020012200,궁동,3020012200104650002,1,대지,465,2,대전광역시 유성구 궁동 465-2,302004301157,대전광역시 유성구 문화원로38번길,5,,3020012200104650002012507,,대전광역시 유성구 문화원로38번길 5,305335,34167,,1,,127.340225837536,36.3601095413483,cnu
MA0101202308A0102157,공명,,I2,음식,I212,비알코올 ,I21201,카페,I56221,커피 전문점,30,대전광역시,30200,유성구,30200540,온천2동,3020011700,장대동,3020011700103140003,1,대지,314,3,대전광역시 유성구 장대동 314-3,302004301365,대전광역시 유성구 유성대로828번길,27,,3020011700103140003010382,,대전광역시 유성구 유성대로828번길 27,305308,34136,,1,,127.340246863964,36.3649397758607,cnu
MA010120220807134299,학사공인중개사사무소,,L1,부동산,L102,부동산 서비스,L10203,부동산 중개/대리업,L68221,부동산 중개 및 대리업,30,대전광역시,30200,유성구,30200540,온천2동,3020011700,장대동,3020011700103140003,1,대지,314,3,대전광역시 유성구 장대동 314-3,302004301365,대전광역시 유성구 유성대로828번길,27,,3020011700103140003010382,,대전광역시 유성구 유성대로828번길 27,305308,34136,,1,,127.340246863964,36.3649397758607,cnu
MA0101202406A0404491,학사부동산컨설팅,,L1,부동산,L102,부동산 서비스,L10203,부동산 중개/대리업,L68221,부동산 중개 및 대리업,30,대전광역시,30200,유성구,30200540,온천2동,3020011700,장대동,3020011700103140003,1,대지,314,3,대전광역시 유성구 장대동 314-3,302004301365,대전광역시 유성구 유성대로828번길,27,,3020011700103140003010382,,대전광역시 유성구 유성대로828번길 27,305308,34136,,1,,127.340246863964,36.3649397758607,cnu
MA010120220803232493,해든새김공방,,P1,교육,P106,기타 교육,P10613,기타 예술/스포츠 교육기관,P85629,기타 예술학원,30,대전광역시,30200,유성구,30200540,온천2동,3020011700,장대동,3020011700103160006,1,대지,316,6,대전광역시 유성구 장대동 316-6,302004301365,대전광역시 유성구 유성대로828번길,52,,3020011700103160006010444,,대전광역시 유성구 유성대로828번길 52,305308,34136,,,,127.340265578203,36.3641196542043,cnu
MA010120220810486711,해프닝,,I2,음식,I204,서양식,I20401,경양식,I56123,서양식 음식점업,30,대전광역시,30200,유성구,30200540,온천2동,3020011700,장대동,3020011700103160006,1,대지,316,6,대전광역시 유성구 장대동 316-6,302004301365,대전광역시 유성구 유성대로828번길,52,,3020011700103160006010444,,대전광역시 유성구 유성대로828번길 52,305308,34136,,1,,127.340265578203,36.3641196542043,cnu
MA010120220806250311,대전광역시테니스협회,,R1,예술·스포츠,R103,스포츠 서비스,R10312,테니스장,S94990,그 외 기타 협회 및 단체,30,대전광역시,30200,유성구,30200540,온천2동,3020011700,장대동,3020011700103160006,1,대지,316,6,대전광역시 유성구 장대동 316-6,302004301365,대전광역시 유성구 유성대로828번길,52,,3020011700103160006010444,,대전광역시 유성구 유성대로828번길 52,305308,34136,,2,,127.340265578203,36.3641196542043,cnu
MA0101202209A0015536,대한민국서각예술세계화협회,,P1,교육,P106,기타 교육,P10625,기타 기술/직업 훈련학원,P85669,기타 기술 및 직업 훈련학원,30,대전광역시,30200,유성구,30200540,온천2동,3020011700,장대동,3020011700103160006,1,대지,316,6,대전광역시 유성구 장대동 316-6,302004301365,대전광역시 유성구 유성대로828번길,52,,3020011700103160006010444,초산빌딩,대전광역시 유성구 유성대로828번길 52,305308,34136,,,,127.340265578203,36.3641196542043,cnu
MA010120220805128377,스픽지영어교습소,,P1,교육,P105,일반 교육,P10501,입시·교과학원,P85501,일반 교과학원,30,대전광역시,30200,유성구,30200540,온천2동,3020011700,장대동,3020011700103160006,1,대지,316,6,대전광역시 유성구 장대동 316-6,302004301365,대전광역시 유성구 유성대로828번길,52,,3020011700103160006010444,초산빌딩,대전광역시 유성구 유성대로828번길 52,305308,34136,,,,127.340265578203,36.3641196542043,cnu
MA0101202509A0040091,블루스테이,,I1,숙박,I101,일반 숙박,I10103,펜션,I55104,민박업,30,대전광역시,30200,유성구,30200540,온천2동,3020011700,장대동,3020011700103160006,1,대지,316,6,대전광역시 유성구 장대동 316-6,302004301365,대전광역시 유성구 유성대로828번길,52,,3020011700103160006010444,,대전광역시 유성구 유성대로828번길 52,305308,34136,,,,127.340265578203,36.3641196542043,cnu
MA010120220806229883,503자전거,,G2,소매,G213,오락용품 소매,G21305,자전거 소매업,G47632,자전거 및 기타 운송장비 소매업,30,대전광역시,30200,유성구,30200540,온천2동,3020012200,궁동,3020012200104650007,1,대지,465,7,대전광역시 유성구 궁동 465-7,302004301157,대전광역시 유성구 문화원로38번길,19,,3020012200104650007012704,세인빌딩,대전광역시 유성구 문화원로38번길 19,305335,34167,,1,,127.34030139646,36.3595505978415,cnu
MA010120220810648226,바론디자인건축사사무소,,M1,과학·기술,M109,기술 서비스,M10901,건축 설계 및 관련 서비스업,M72111,건축 설계 및 관련 서비스업,30,대전광역시,30200,유성구,30200540,온천2동,3020012200,궁동,3020012200104650001,1,대지,465,1,대전광역시 유성구 궁동 465-1,302003167023,대전광역시 유성구 문화원로,40,,3020012200104650001011044,,대전광역시 유성구 문화원로 40,305335,34167,,,,127.340326582915,36.3602173953999,cnu
MA010120220806185642,신진건축적산사무소,,M1,과학·기술,M109,기술 서비스,M10901,건축 설계 및 관련 서비스업,M72111,건축 설계 및 관련 서비스업,30,대전광역시,30200,유성구,30200540,온천2동,3020012200,궁동,3020012200104650001,1,대지,465,1,대전광역시 유성구 궁동 465-1,302003167023,대전광역시 유성구 문화원로,40,,3020012200104650001011044,,대전광역시 유성구 문화원로 40,305335,34167,,2,,127.340326582915,36.3602173953999,cnu
MA0101202409A0193984,동양킥복싱MMA,,R1,예술·스포츠,R103,스포츠 서비스,R10307,헬스장,R91132,체력 단련시설 운영업,30,대전광역시,30200,유성구,30200540,온천2동,3020012200,궁동,3020012200104650001,1,대지,465,1,대전광역시 유성구 궁동 465-1,302003167023,대전광역시 유성구 문화원로,40,,3020012200104650001011044,,대전광역시 유성구 문화원로 40,305335,34167,,,,127.340326582915,36.3602173953999,cnu
MA010120220806201634,한돌건축사사무소,,M1,과학·기술,M109,기술 서비스,M10901,건축 설계 및 관련 서비스업,M72111,건축 설계 및 관련 서비스업,30,대전광역시,30200,유성구,30200540,온천2동,3020012200,궁동,3020012200104650001,1,대지,465,1,대전광역시 유성구 궁동 465-1,302003167023,대전광역시 유성구 문화원로,40,,3020012200104650001011044,,대전광역시 유성구 문화원로 40,305335,34167,,,,127.340326582915,36.3602173953999,cnu
MA0101202604A0022797,네모종합클린,유성점,N1,시설관리·임대,N102,청소·방제,N10201,건축물 일반 청소업,N74211,건축물 일반 청소업,30,대전광역시,30200,유성구,30200540,온천2동,3020012200,궁동,3020012200104650001,1,대지,465,1,대전광역시 유성구 궁동 465-1,302003167023,대전광역시 유성구 문화원로,40,,3020012200104650001011044,,대전광역시 유성구 문화원로 40,305335,34167,,1,,127.340326582915,36.3602173953999,cnu
MA010120220813478291,우리집으로와,,I2,음식,I210,기타 간이,I21001,빵/도넛,I56191,제과점업,30,대전광역시,30200,유성구,30200540,온천2동,3020012200,궁동,3020012200104650001,1,대지,465,1,대전광역시 유성구 궁동 465-1,302003167023,대전광역시 유성구 문화원로,40,,3020012200104650001011044,,대전광역시 유성구 문화원로 40,305335,34167,,1,,127.340326582915,36.3602173953999,cnu
MA010120220802948453,담을,,I2,음식,I212,비알코올 ,I21201,카페,I56221,커피 전문점,30,대전광역시,30200,유성구,30200540,온천2동,3020012200,궁동,3020012200104650001,1,대지,465,1,대전광역시 유성구 궁동 465-1,302003167023,대전광역시 유성구 문화원로,40,,3020012200104650001011044,,대전광역시 유성구 문화원로 40,305335,34167,,1,,127.340326582915,36.3602173953999,cnu
MA0101202503A0039387,돈카츠마켙대전,유성점,I2,음식,I203,일식,I20302,일식 카레/돈가스/덮밥,I56122,일식 음식점업,30,대전광역시,30200,유성구,30200540,온천2동,3020012200,궁동,3020012200104650015,1,대지,465,15,대전광역시 유성구 궁동 465-15,302004301158,대전광역시 유성구 문화원로46번길,6,,3020012200104650015012123,청예빌라,대전광역시 유성구 문화원로46번길 6,305335,34167,,1,,127.340403161551,36.3598927543671,cnu
MA0101202512A0030948,쏠라시티,,G2,소매,G215,의약·화장품 소매,G21503,화장품 소매업,G47813,"화장품, 비누 및 방향제 소매업",30,대전광역시,30200,유성구,30200540,온천2동,3020012200,궁동,3020012200104650016,1,대지,465,16,대전광역시 유성구 궁동 465-16,302004301158,대전광역시 유성구 문화원로46번길,4,,3020012200104650016012556,,대전광역시 유성구 문화원로46번길 4,305335,34167,,3,,127.340425915682,36.3600008305051,cnu
MA010120220813213428,미다스,,S2,수리·개인,S207,이용·미용,S20702,피부 관리실,S96113,피부 미용업,30,대전광역시,30200,유성구,30200540,온천2동,3020012200,궁동,3020012200104650016,1,대지,465,16,대전광역시 유성구 궁동 465-16,302004301158,대전광역시 유성구 문화원로46번길,4,,3020012200104650016012556,,대전광역시 유성구 문화원로46번길 4,305335,34167,,3,,127.340425915682,36.3600008305051,cnu
MA0101202406A0421676,대전종합주택관리,,N1,시설관리·임대,N102,청소·방제,N10201,건축물 일반 청소업,N74211,건축물 일반 청소업,30,대전광역시,30200,유성구,30200540,온천2동,3020012200,궁동,3020012200104650013,1,대지,465,13,대전광역시 유성구 궁동 465-13,302004301158,대전광역시 유성구 문화원로46번길,10,,3020012200104650013012139,,대전광역시 유성구 문화원로46번길 10,305335,34167,,1,,127.340469029783,36.3596672730119,cnu
MA010120220806208060,더한,,M1,과학·기술,M112,전문 디자인,M11203,시각 디자인업,M73203,시각 디자인업,30,대전광역시,30200,유성구,30200540,온천2동,3020012200,궁동,3020012200104650017,1,대지,465,17,대전광역시 유성구 궁동 465-17,302003167023,대전광역시 유성구 문화원로,42,,3020012200104650017012492,,대전광역시 유성구 문화원로 42,305335,34167,,1,,127.340526661194,36.3601086843893,cnu
MA010120220808677141,최지성의해물칼국수,,I2,음식,I201,한식,I20105,국수/칼국수,I56112,한식 면 요리 전문점,30,대전광역시,30200,유성구,30200540,온천2동,3020012200,궁동,3020012200104650017,1,대지,465,17,대전광역시 유성구 궁동 465-17,302003167023,대전광역시 유성구 문화원로,42,,3020012200104650017012492,,대전광역시 유성구 문화원로 42,305335,34167,,1,,127.340526661194,36.3601086843893,cnu
MA0101202302A0058445,신화파트너스종합건축사사무소,,M1,과학·기술,M109,기술 서비스,M10901,건축 설계 및 관련 서비스업,M72111,건축 설계 및 관련 서비스업,30,대전광역시,30200,유성구,30200540,온천2동,3020012200,궁동,3020012200104620012,1,대지,462,12,대전광역시 유성구 궁동 462-12,302003167023,대전광역시 유성구 문화원로,39,,3020012200104620012010780,,대전광역시 유성구 문화원로 39,305335,34167,,6,,127.340561656549,36.36046905451,cnu
MA010120220807036364,와이즐리,,G2,소매,G205,식료품 소매,G20509,반찬/식료품 소매업,G47219,기타 식료품 소매업,30,대전광역시,30200,유성구,30200540,온천2동,3020012200,궁동,3020012200104620012,1,대지,462,12,대전광역시 유성구 궁동 462-12,302003167023,대전광역시 유성구 문화원로,39,,3020012200104620012010780,,대전광역시 유성구 문화원로 39,305335,34167,,2,,127.340561656549,36.36046905451,cnu
MA010120220806251551,이비가푸드,,I2,음식,I202,중식,I20201,중국집,I56121,중식 음식점업,30,대전광역시,30200,유성구,30200540,온천2동,3020012200,궁동,3020012200104620012,1,대지,462,12,대전광역시 유성구 궁동 462-12,302003167023,대전광역시 유성구 문화원로,39,,3020012200104620012010780,,대전광역시 유성구 문화원로 39,305335,34167,,,,127.340561656549,36.36046905451,cnu
MA010120220805877208,수선화뷰티샵,,S2,수리·개인,S207,이용·미용,S20702,피부 관리실,S96113,피부 미용업,30,대전광역시,30200,유성구,30200540,온천2동,3020012200,궁동,3020012200104620012,1,대지,462,12,대전광역시 유성구 궁동 462-12,302003167023,대전광역시 유성구 문화원로,39,,3020012200104620012010780,,대전광역시 유성구 문화원로 39,305335,34167,,2,,127.340561656549,36.36046905451,cnu
MA0101202502A0098514,사시사철,,I2,음식,I201,한식,I20101,백반/한정식,I56111,한식 일반 음식점업,30,대전광역시,30200,유성구,30200540,온천2동,3020012200,궁동,3020012200104650010,1,대지,465,10,대전광역시 유성구 궁동 465-10,302004301157,대전광역시 유성구 문화원로38번길,27,,3020012200104650010012747,,대전광역시 유성구 문화원로38번길 27,305335,34167,,1,,127.340579267409,36.3593966064118,cnu
MA010120220806155252,티와이,,G2,소매,G208,가전·통신 소매,G20802,핸드폰 소매업,G47312,통신기기 소매업,30,대전광역시,30200,유성구,30200540,온천2동,3020012200,궁동,3020012200104650010,1,대지,465,10,대전광역시 유성구 궁동 465-10,302004301157,대전광역시 유성구 문화원로38번길,27,,3020012200104650010012747,황금빌라,대전광역시 유성구 문화원로38번길 27,305335,34167,,,,127.340579267409,36.3593966064118,cnu
MA010120220806233667,유성맛집민들레집뜰,,I2,음식,I201,한식,I20101,백반/한정식,I56111,한식 일반 음식점업,30,대전광역시,30200,유성구,30200540,온천2동,3020012200,궁동,3020012200104650012,1,대지,465,12,대전광역시 유성구 궁동 465-12,302004301158,대전광역시 유성구 문화원로46번길,12,,3020012200104650012011995,,대전광역시 유성구 문화원로46번길 12,305335,34167,,1,,127.340591194223,36.3595768073699,cnu
MA0101202303A0120913,샤샤네일,,S2,수리·개인,S207,이용·미용,S20703,네일숍,S96119,기타 미용업,30,대전광역시,30200,유성구,30200540,온천2동,3020012200,궁동,3020012200104650011,1,대지,465,11,대전광역시 유성구 궁동 465-11,302004301158,대전광역시 유성구 문화원로46번길,14,,3020012200104650011012722,,대전광역시 유성구 문화원로46번길 14,305335,34167,,,,127.340702452518,36.3595404431869,cnu
MA0101202604A0011574,도리짱,유성점,I2,음식,I201,한식,I20101,백반/한정식,I56111,한식 일반 음식점업,30,대전광역시,30200,유성구,30200540,온천2동,3020012200,궁동,3020012200104650011,1,대지,465,11,대전광역시 유성구 궁동 465-11,302004301158,대전광역시 유성구 문화원로46번길,14,,3020012200104650011012722,,대전광역시 유성구 문화원로46번길 14,305335,34167,,1,,127.340702452518,36.3595404431869,cnu
MA0101202601A0024214,회쳐모여,,I2,음식,I201,한식,I20111,횟집,I56114,한식 해산물 요리 전문점,30,대전광역시,30200,유성구,30200540,온천2동,3020012200,궁동,3020012200104620011,1,대지,462,11,대전광역시 유성구 궁동 462-11,302003167023,대전광역시 유성구 문화원로,41,,3020012200104620011012090,,대전광역시 유성구 문화원로 41,305335,34167,,1,,127.340728624438,36.3604325315045,cnu
MA010120220805761731,명가구조기술사사무소,,M1,과학·기술,M109,기술 서비스,M10901,건축 설계 및 관련 서비스업,M72111,건축 설계 및 관련 서비스업,30,대전광역시,30200,유성구,30200540,온천2동,3020012200,궁동,3020012200104620011,1,대지,462,11,대전광역시 유성구 궁동 462-11,302003167023,대전광역시 유성구 문화원로,41,,3020012200104620011012090,,대전광역시 유성구 문화원로 41,305335,34167,,,,127.340728624438,36.3604325315045,cnu
MA010120220812520314,배터지는생동까스,,I2,음식,I204,서양식,I20401,경양식,I56194,김밥 및 기타 간이 음식점업,30,대전광역시,30200,유성구,30200540,온천2동,3020012200,궁동,3020012200104600005,1,대지,460,5,대전광역시 유성구 궁동 460-5,302004301139,대전광역시 유성구 대학로75번길,58,,3020012200104600005011902,,대전광역시 유성구 대학로75번길 58,305335,34167,,1,,127.340819604503,36.3608558240836,cnu
MA0101202411A0185413,쥬쥬,대전지점,G2,소매,G222,중고 상품 소매,G22201,중고 상품 소매업,G47862,중고 가전제품 및 통신장비 소매업,30,대전광역시,30200,유성구,30200540,온천2동,3020012200,궁동,3020012200104600005,1,대지,460,5,대전광역시 유성구 궁동 460-5,302004301139,대전광역시 유성구 대학로75번길,58,,3020012200104600005011902,,대전광역시 유성구 대학로75번길 58,305335,34167,,,,127.340819604503,36.3608558240836,cnu
MA0101202502A0081809,반야돌솥밥,,I2,음식,I201,한식,I20101,백반/한정식,I56111,한식 일반 음식점업,30,대전광역시,30200,유성구,30200540,온천2동,3020012200,궁동,3020012200104680001,1,대지,468,1,대전광역시 유성구 궁동 468-1,302004301157,대전광역시 유성구 문화원로38번길,31,,3020012200104680001012775,,대전광역시 유성구 문화원로38번길 31,305335,34167,,1,,127.340823909238,36.359287767863,cnu
MA010120220809004740,한국타악문화예술진흥원,,N1,시설관리·임대,N108,기타 사업 서비스,N10802,전시/컨벤션/행사 대행 서비스업,N75992,"전시, 컨벤션 및 행사 대행업",30,대전광역시,30200,유성구,30200540,온천2동,3020012200,궁동,3020012200104620010,1,대지,462,10,대전광역시 유성구 궁동 462-10,302003167023,대전광역시 유성구 문화원로,41,1,3020012200104620010012178,,대전광역시 유성구 문화원로 41-1,305335,34167,,,,127.340839805294,36.3603781439242,cnu
MA0101202308A0072924,잇츠스시,,I2,음식,I203,일식,I20301,일식 회/초밥,I56122,일식 음식점업,30,대전광역시,30200,유성구,30200540,온천2동,3020012200,궁동,3020012200104620009,1,대지,462,9,대전광역시 유성구 궁동 462-9,302003167023,대전광역시 유성구 문화원로,43,,3020012200104620009010743,스크린게이트,대전광역시 유성구 문화원로 43,305335,34167,,1,,127.340939883653,36.3603327996674,cnu
MA0101202411A0129031,1983마이푸드,,I2,음식,I202,중식,I20201,중국집,I56121,중식 음식점업,30,대전광역시,30200,유성구,30200540,온천2동,3020012200,궁동,3020012200104620009,1,대지,462,9,대전광역시 유성구 궁동 462-9,302003167023,대전광역시 유성구 문화원로,43,,3020012200104620009010743,,대전광역시 유성구 문화원로 43,305335,34167,,1,,127.340939883653,36.3603327996674,cnu
MA0101202303A0115955,나린,,N1,시설관리·임대,N110,가정용품 대여,N11004,의류 대여업,N76292,의류 임대업,30,대전광역시,30200,유성구,30200540,온천2동,3020012200,궁동,3020012200104600004,1,대지,460,4,대전광역시 유성구 궁동 460-4,302004301156,대전광역시 유성구 문화원로37번길,16,,3020012200104600004011830,,대전광역시 유성구 문화원로37번길 16,305335,34167,,,,127.340954169971,36.3610536985669,cnu
MA010120220800453765,런던피오니,,G2,소매,G209,섬유·의복·신발 소매,G20902,여성 의류 소매업,G47412,여자용 겉옷 소매업,30,대전광역시,30200,유성구,30200540,온천2동,3020012200,궁동,3020012200104600002,1,대지,460,2,대전광역시 유성구 궁동 460-2,302004301156,대전광역시 유성구 문화원로37번길,20,,3020012200104600002011790,BS빌,대전광역시 유성구 문화원로37번길 20,305335,34167,,,,127.340977043149,36.3611888094719,cnu
MA010120220807406440,대전지쿠터,,G2,소매,G203,모터사이클 소매,G20301,모터사이클 및 부품 소매업,N76190,기타 운송장비 임대업,30,대전광역시,30200,유성구,30200540,온천2동,3020012200,궁동,3020012200104600001,1,대지,460,1,대전광역시 유성구 궁동 460-1,302004301156,대전광역시 유성구 문화원로37번길,22,,3020012200104600001011102,,대전광역시 유성구 문화원로37번길 22,305335,34167,,,,127.340988813932,36.3613329637994,cnu
MA010120220808757243,하이스윙,,S2,수리·개인,S206,기타 가정용품 수리,S20699,그 외 기타 개인/가정용품 수리업,N75999,그 외 기타 분류 안된 사업 지원 서비스업,30,대전광역시,30200,유성구,30200540,온천2동,3020012200,궁동,3020012200104600001,1,대지,460,1,대전광역시 유성구 궁동 460-1,302004301156,대전광역시 유성구 문화원로37번길,22,,3020012200104600001011102,,대전광역시 유성구 문화원로37번길 22,305335,34167,,,,127.340988813932,36.3613329637994,cnu
MA0101202603A0045339,벨로팡,,G2,소매,G213,오락용품 소매,G21305,자전거 소매업,G47632,자전거 및 기타 운송장비 소매업,30,대전광역시,30200,유성구,30200540,온천2동,3020012200,궁동,3020012200104600001,1,대지,460,1,대전광역시 유성구 궁동 460-1,302004301156,대전광역시 유성구 문화원로37번길,22,,3020012200104600001011102,,대전광역시 유성구 문화원로37번길 22,305335,34167,,1,,127.340988813932,36.3613329637994,cnu
MA010120220804826401,후라이드참잘하는집,,I2,음식,I210,기타 간이,I21006,치킨,I56193,치킨 전문점,30,대전광역시,30200,유성구,30200540,온천2동,3020012200,궁동,3020012200104680015,1,대지,468,15,대전광역시 유성구 궁동 468-15,302004301158,대전광역시 유성구 문화원로46번길,18,,3020012200104680015012421,,대전광역시 유성구 문화원로46번길 18,305335,34167,,1,,127.340991700012,36.3594404888464,cnu
MA010120220812804361,좋은피부,,S2,수리·개인,S207,이용·미용,S20702,피부 관리실,S96113,피부 미용업,30,대전광역시,30200,유성구,30200540,온천2동,3020012200,궁동,3020012200104680015,1,대지,468,15,대전광역시 유성구 궁동 468-15,302004301158,대전광역시 유성구 문화원로46번길,18,,3020012200104680015012421,,대전광역시 유성구 문화원로46번길 18,305335,34167,,2,,127.340991700012,36.3594404888464,cnu
MA0101202512A0042733,복촌닭도리탕,,I2,음식,I201,한식,I20101,백반/한정식,I56111,한식 일반 음식점업,30,대전광역시,30200,유성구,30200540,온천2동,3020012200,궁동,3020012200104600007,1,대지,460,7,대전광역시 유성구 궁동 460-7,302004301139,대전광역시 유성구 대학로75번길,52,,3020012200104600007010504,,대전광역시 유성구 대학로75번길 52,305335,34167,,1,,127.340997321674,36.3607291525842,cnu
MA010120220806361861,건축사사무소대명,,M1,과학·기술,M109,기술 서비스,M10901,건축 설계 및 관련 서비스업,M72111,건축 설계 및 관련 서비스업,30,대전광역시,30200,유성구,30200540,온천2동,3020012200,궁동,3020012200104620008,1,대지,462,8,대전광역시 유성구 궁동 462-8,302003167023,대전광역시 유성구 문화원로,45,,3020012200104620008012175,길어빌딩,대전광역시 유성구 문화원로 45,305335,34167,,2,,127.341062087898,36.3602513451857,cnu
MA0101202506A0039174,가락식당,,I2,음식,I201,한식,I20101,백반/한정식,I56111,한식 일반 음식점업,30,대전광역시,30200,유성구,30200540,온천2동,3020012200,궁동,3020012200104620008,1,대지,462,8,대전광역시 유성구 궁동 462-8,302003167023,대전광역시 유성구 문화원로,45,,3020012200104620008012175,,대전광역시 유성구 문화원로 45,305335,34167,,1,,127.341062087898,36.3602513451857,cnu
MA010120220812667261,고대닭도리,,I2,음식,I201,한식,I20101,백반/한정식,I56111,한식 일반 음식점업,30,대전광역시,30200,유성구,30200540,온천2동,3020012200,궁동,3020012200104620008,1,대지,462,8,대전광역시 유성구 궁동 462-8,302003167023,대전광역시 유성구 문화원로,45,,3020012200104620008012175,,대전광역시 유성구 문화원로 45,305335,34167,,1,,127.341062087898,36.3602513451857,cnu
MA010120220804985073,렌트카진,,G2,소매,G209,섬유·의복·신발 소매,G20906,침구류/커튼 소매업,G47421,가정용 직물제품 소매업,30,대전광역시,30200,유성구,30200540,온천2동,3020012200,궁동,3020012200104600008,1,대지,460,8,대전광역시 유성구 궁동 460-8,302004301139,대전광역시 유성구 대학로75번길,52,5,3020012200104600008011926,무지개하우스,대전광역시 유성구 대학로75번길 52-5,305335,34167,,303,,127.341075746155,36.360828057943,cnu
MA010120220806191036,대신,,I1,숙박,I102,기타 숙박,I10201,기숙사/고시원,I55901,기숙사 및 고시원 운영업,30,대전광역시,30200,유성구,30200540,온천2동,3020012200,궁동,3020012200104570002,1,대지,457,2,대전광역시 유성구 궁동 457-2,302004301156,대전광역시 유성구 문화원로37번길,40,,3020012200104570002011554,,대전광역시 유성구 문화원로37번길 40,305335,34167,,,,127.341103456653,36.3620715995976,cnu
MA010120220803241003,인터뷰,,I2,음식,I212,비알코올 ,I21201,카페,I56221,커피 전문점,30,대전광역시,30200,유성구,30200540,온천2동,3020012200,궁동,3020012200102450001,1,대지,245,1,대전광역시 유성구 궁동 245-1,302004301443,대전광역시 유성구 한밭대로371번길,25,1,,,대전광역시 유성구 한밭대로371번길 25-1,305335,34136,,1,,127.341158762761,36.3645316472139,cnu
MA0101202209A0083504,인터뷰,,I2,음식,I212,비알코올 ,I21201,카페,I56221,커피 전문점,30,대전광역시,30200,유성구,30200540,온천2동,3020012200,궁동,3020012200102450001,1,대지,245,1,대전광역시 유성구 궁동 245-1,302004301443,대전광역시 유성구 한밭대로371번길,25,1,3020012200102450003016184,,대전광역시 유성구 한밭대로371번길 25-1,305335,34136,,1,,127.34116982633,36.3645135921425,cnu
MA010120220812177558,라꼬레,,I2,음식,I204,서양식,I20401,경양식,I56123,서양식 음식점업,30,대전광역시,30200,유성구,30200540,온천2동,3020012200,궁동,3020012200102480001,1,대지,248,1,대전광역시 유성구 궁동 248-1,302004301443,대전광역시 유성구 한밭대로371번길,38,,3020012200102480001000001,,대전광역시 유성구 한밭대로371번길 38,305335,34136,,1,,127.341188924216,36.3637835866229,cnu
MA0101202301A0080111,대신부동산중개사무소,,L1,부동산,L102,부동산 서비스,L10203,부동산 중개/대리업,L68221,부동산 중개 및 대리업,30,대전광역시,30200,유성구,30200540,온천2동,3020012200,궁동,3020012200104620004,1,대지,462,4,대전광역시 유성구 궁동 462-4,302004301139,대전광역시 유성구 대학로75번길,47,,3020012200104620004012348,,대전광역시 유성구 대학로75번길 47,305335,34167,,1,,127.341185314586,36.3604041930645,cnu
MA010120220806189811,대광철물,,G2,소매,G210,철물·건설자재 소매,G21001,철물/공구 소매업,G47511,철물 및 난방용구 소매업,30,대전광역시,30200,유성구,30200540,온천2동,3020012200,궁동,3020012200104620007,1,대지,462,7,대전광역시 유성구 궁동 462-7,302003167023,대전광역시 유성구 문화원로,47,,3020012200104620007012412,상가,대전광역시 유성구 문화원로 47,305335,34167,,,,127.341228819047,36.3601607516783,cnu
MA0101202406A0530961,세븐유성장대인산점,코리아,G2,소매,G204,종합 소매,G20405,편의점,G47122,체인화 편의점,30,대전광역시,30200,유성구,30200540,온천2동,3020012200,궁동,3020012200104620007,1,대지,462,7,대전광역시 유성구 궁동 462-7,302003167023,대전광역시 유성구 문화원로,47,,3020012200104620007012412,,대전광역시 유성구 문화원로 47,305335,34167,,1,,127.341228819047,36.3601607516783,cnu
MA0101202505A0030080,세븐일레븐,유성장대인산점,G2,소매,G204,종합 소매,G20405,편의점,G46103,"섬유, 의복, 신발 및 가죽제품 중개업",30,대전광역시,30200,유성구,30200540,온천2동,3020012200,궁동,3020012200104620007,1,대지,462,7,대전광역시 유성구 궁동 462-7,302003167023,대전광역시 유성구 문화원로,47,,3020012200104620007012412,,대전광역시 유성구 문화원로 47,305335,34167,,,,127.341228819047,36.3601607516783,cnu
MA010120220801523302,희카페,,I2,음식,I210,기타 간이,I21007,김밥/만두/분식,I56194,김밥 및 기타 간이 음식점업,30,대전광역시,30200,유성구,30200540,온천2동,3020012200,궁동,3020012200104600012,1,대지,460,12,대전광역시 유성구 궁동 460-12,302004301139,대전광역시 유성구 대학로75번길,52,17,3020012200104600012011137,,대전광역시 유성구 대학로75번길 52-17,305335,34167,,1,,127.341233933322,36.3613322640083,cnu
MA0101202501A0073189,골목길돼지김치찜,유성점,I2,음식,I201,한식,I20101,백반/한정식,I56111,한식 일반 음식점업,30,대전광역시,30200,유성구,30200540,온천2동,3020012200,궁동,3020012200104600012,1,대지,460,12,대전광역시 유성구 궁동 460-12,302004301139,대전광역시 유성구 대학로75번길,52,17,3020012200104600012011137,,대전광역시 유성구 대학로75번길 52-17,305335,34167,,1,,127.341233933322,36.3613322640083,cnu
MA0101202310A0084984,이마트24대전궁동,희망점,G2,소매,G204,종합 소매,G20405,편의점,G47122,체인화 편의점,30,대전광역시,30200,유성구,30200540,온천2동,3020012200,궁동,3020012200104570007,1,대지,457,7,대전광역시 유성구 궁동 457-7,302004301139,대전광역시 유성구 대학로75번길,52,21,3020012200104570008011407,,대전광역시 유성구 대학로75번길 52-21,305335,34167,,,,127.341234680818,36.3615034850218,cnu
MA0101202506A0000463,이마트24대전궁동,희망점,G2,소매,G204,종합 소매,G20405,편의점,G47122,체인화 편의점,30,대전광역시,30200,유성구,30200540,온천2동,3020012200,궁동,3020012200104570007,1,대지,457,7,대전광역시 유성구 궁동 457-7,302004301139,대전광역시 유성구 대학로75번길,52,21,3020012200104570008011407,,대전광역시 유성구 대학로75번길 52-21,305335,34167,,,,127.341234680818,36.3615034850218,cnu
MA010120220814314134,돈까애,,I2,음식,I204,서양식,I20401,경양식,I56123,서양식 음식점업,30,대전광역시,30200,유성구,30200540,온천2동,3020012200,궁동,3020012200104570001,1,대지,457,1,대전광역시 유성구 궁동 457-1,302004301142,대전광역시 유성구 대학로81번길,65,,3020012200104570001011258,,대전광역시 유성구 대학로81번길 65,305335,34167,,1,,127.341248970155,36.3622243837292,cnu
MA0101202406A0258022,신입파스타,궁동점,I2,음식,I204,서양식,I20402,파스타/스테이크,I56123,서양식 음식점업,30,대전광역시,30200,유성구,30200540,온천2동,3020012200,궁동,3020012200104570001,1,대지,457,1,대전광역시 유성구 궁동 457-1,302004301142,대전광역시 유성구 대학로81번길,65,,3020012200104570001011258,궁동코아,대전광역시 유성구 대학로81번길 65,305335,34167,,1,,127.341248970155,36.3622243837292,cnu
MA0101202406A0169838,문화예술기획디딤,,P1,교육,P107,교육 지원,P10799,기타 교육지원 서비스업,P85709,기타 교육지원 서비스업,30,대전광역시,30200,유성구,30200540,온천2동,3020012200,궁동,3020012200104570001,1,대지,457,1,대전광역시 유성구 궁동 457-1,302004301142,대전광역시 유성구 대학로81번길,65,,3020012200104570001011258,,대전광역시 유성구 대학로81번길 65,305335,34167,,,,127.341248970155,36.3622243837292,cnu
MA0106202308A0490103,다온키친,,I2,음식,I201,한식,I20101,백반/한정식,I56111,한식 일반 음식점업,30,대전광역시,30200,유성구,30200540,온천2동,3020012200,궁동,3020012200104570001,1,대지,457,1,대전광역시 유성구 궁동 457-1,302004301142,대전광역시 유성구 대학로81번길,65,,3020012200104570001011258,,대전광역시 유성구 대학로81번길 65,305335,34167,,,,127.341248970155,36.3622243837292,cnu
MA010120220801139026,스바라시라멘,충대점,I2,음식,I203,일식,I20303,일식 면 요리,I56122,일식 음식점업,30,대전광역시,30200,유성구,30200540,온천2동,3020012200,궁동,3020012200104570001,1,대지,457,1,대전광역시 유성구 궁동 457-1,302004301142,대전광역시 유성구 대학로81번길,65,,3020012200104570001011258,아,대전광역시 유성구 대학로81번길 65,305335,34167,,1,,127.341248970155,36.3622243837292,cnu
MA0106202605A0432936,완메이마라탕,충남대점,I2,음식,I202,중식,I20202,마라탕/훠궈,I56121,중식 음식점업,30,대전광역시,30200,유성구,30200540,온천2동,3020012200,궁동,3020012200104570001,1,대지,457,1,대전광역시 유성구 궁동 457-1,302004301142,대전광역시 유성구 대학로81번길,65,,3020012200104570001011258,,대전광역시 유성구 대학로81번길 65,305335,34167,,,,127.341248970155,36.3622243837292,cnu
MA0101202512A0029560,최고집푸드,,I2,음식,I201,한식,I20101,백반/한정식,I56111,한식 일반 음식점업,30,대전광역시,30200,유성구,30200540,온천2동,3020012200,궁동,3020012200104570001,1,대지,457,1,대전광역시 유성구 궁동 457-1,302004301142,대전광역시 유성구 대학로81번길,65,,3020012200104570001011258,궁동코아,대전광역시 유성구 대학로81번길 65,305335,34167,,1,,127.341248970155,36.3622243837292,cnu
MA0101202604A0018788,인프리페이드,,G2,소매,G208,가전·통신 소매,G20802,핸드폰 소매업,G47312,통신기기 소매업,30,대전광역시,30200,유성구,30200540,온천2동,3020012200,궁동,3020012200104570001,1,대지,457,1,대전광역시 유성구 궁동 457-1,302004301142,대전광역시 유성구 대학로81번길,65,,3020012200104570001011258,궁동코아,대전광역시 유성구 대학로81번길 65,305335,34167,,1,,127.341248970155,36.3622243837292,cnu
MA010120220812184586,유캔두잇,,I2,음식,I212,비알코올 ,I21201,카페,I56221,커피 전문점,30,대전광역시,30200,유성구,30200540,온천2동,3020012200,궁동,3020012200104570001,1,대지,457,1,대전광역시 유성구 궁동 457-1,302004301142,대전광역시 유성구 대학로81번길,65,,3020012200104570001011258,궁동코아,대전광역시 유성구 대학로81번길 65,305335,34167,,,,127.341248970155,36.3622243837292,cnu
MA010120220806231838,콩알,,I2,음식,I212,비알코올 ,I21201,카페,I56221,커피 전문점,30,대전광역시,30200,유성구,30200540,온천2동,3020012200,궁동,3020012200104610006,1,대지,461,6,대전광역시 유성구 궁동 461-6,302004301139,대전광역시 유성구 대학로75번길,50,,3020012200104610006010881,,대전광역시 유성구 대학로75번길 50,305335,34167,,,,127.341253069416,36.3606112697304,cnu
MA010120220809707494,콩알2,,I2,음식,I212,비알코올 ,I21201,카페,I56221,커피 전문점,30,대전광역시,30200,유성구,30200540,온천2동,3020012200,궁동,3020012200104610006,1,대지,461,6,대전광역시 유성구 궁동 461-6,302004301139,대전광역시 유성구 대학로75번길,50,,3020012200104610006010881,,대전광역시 유성구 대학로75번길 50,305335,34167,,2,,127.341253069416,36.3606112697304,cnu
MA0101202409A0214502,이게김치찌개&김치찜,,I2,음식,I201,한식,I20102,국/탕/찌개류,I56111,한식 일반 음식점업,30,대전광역시,30200,유성구,30200540,온천2동,3020012200,궁동,3020012200104570011,1,대지,457,11,대전광역시 유성구 궁동 457-11,302004301139,대전광역시 유성구 대학로75번길,52,29,3020012200104570011011613,,대전광역시 유성구 대학로75번길 52-29,305335,34167,,,,127.341269798152,36.3618908897251,cnu
MA0101202503A0064613,"하루,커피",,I2,음식,I212,비알코올 ,I21201,카페,I56221,커피 전문점,30,대전광역시,30200,유성구,30200540,온천2동,3020012200,궁동,3020012200104620006,1,대지,462,6,대전광역시 유성구 궁동 462-6,302004301159,대전광역시 유성구 문화원로47번길,3,,3020012200104620006011991,,대전광역시 유성구 문화원로47번길 3,305335,34167,,1,,127.341273857677,36.3602687640038,cnu
MA0101202411A0078558,와인스토리,,G2,소매,G204,종합 소매,G20404,슈퍼마켓,G47129,기타 음ㆍ식료품 위주 종합 소매업,30,대전광역시,30200,유성구,30200540,온천2동,3020012200,궁동,3020012200104680003,1,대지,468,3,대전광역시 유성구 궁동 468-3,302004301157,대전광역시 유성구 문화원로38번길,43,,3020012200104680003000001,,대전광역시 유성구 문화원로38번길 43,305335,34167,,1,,127.341291891541,36.3592954438073,cnu
MA010120220806170929,성원세탁소,,S2,수리·개인,S209,세탁,S20901,세탁소,S96912,가정용 세탁업,30,대전광역시,30200,유성구,30200540,온천2동,3020012200,궁동,3020012200104680004,1,대지,468,4,대전광역시 유성구 궁동 468-4,302004301157,대전광역시 유성구 문화원로38번길,45,,3020012200104680004012764,,대전광역시 유성구 문화원로38번길 45,305335,34167,,,,127.341392283111,36.3593221922553,cnu
MA0106202605A1120660,레인보우카페,,I2,음식,I201,한식,I20101,백반/한정식,I56111,한식 일반 음식점업,30,대전광역시,30200,유성구,30200540,온천2동,3020012200,궁동,3020012200102340001,1,대지,234,1,대전광역시 유성구 궁동 234-1,302004301443,대전광역시 유성구 한밭대로371번길,31,,3020012200102340001008644,,대전광역시 유성구 한밭대로371번길 31,305335,34136,,,,127.341413105454,36.3640893454228,cnu
MA010120220813029562,탑브릭스,충남대점,G2,소매,G205,식료품 소매,G20506,채소/과일 소매업,I56229,기타 비알코올 음료점업,30,대전광역시,30200,유성구,30200540,온천2동,3020012200,궁동,3020012200104620005,1,대지,462,5,대전광역시 유성구 궁동 462-5,302004301139,대전광역시 유성구 대학로75번길,41,,3020012200104620005012404,,대전광역시 유성구 대학로75번길 41,305335,34167,,1,,127.341407911582,36.3603494867567,cnu
MA0101202310A0049814,오브네일,,S2,수리·개인,S207,이용·미용,S20703,네일숍,S96119,기타 미용업,30,대전광역시,30200,유성구,30200540,온천2동,3020012200,궁동,3020012200104620005,1,대지,462,5,대전광역시 유성구 궁동 462-5,302004301139,대전광역시 유성구 대학로75번길,41,,3020012200104620005012404,,대전광역시 유성구 대학로75번길 41,305335,34167,,1,,127.341407911582,36.3603494867567,cnu
MA010120220806351288,유성제일공인중개사사무소,,L1,부동산,L102,부동산 서비스,L10203,부동산 중개/대리업,L68221,부동산 중개 및 대리업,30,대전광역시,30200,유성구,30200540,온천2동,3020012200,궁동,3020012200104620005,1,대지,462,5,대전광역시 유성구 궁동 462-5,302004301139,대전광역시 유성구 대학로75번길,41,,3020012200104620005012404,,대전광역시 유성구 대학로75번길 41,305335,34167,,,,127.341407911582,36.3603494867567,cnu
MA010120220806962712,기대컴퍼니,,M1,과학·기술,M105,광고,M10501,광고 대행업,M71310,광고 대행업,30,대전광역시,30200,유성구,30200540,온천2동,3020012200,궁동,3020012200104620005,1,대지,462,5,대전광역시 유성구 궁동 462-5,302004301139,대전광역시 유성구 대학로75번길,41,,3020012200104620005012404,진빌라,대전광역시 유성구 대학로75번길 41,305335,34167,,2,,127.341407911582,36.3603494867567,cnu
MA010120220812270539,힐링스토리,,S2,수리·개인,S207,이용·미용,S20702,피부 관리실,S96113,피부 미용업,30,대전광역시,30200,유성구,30200540,온천2동,3020012200,궁동,3020012200104620005,1,대지,462,5,대전광역시 유성구 궁동 462-5,302004301139,대전광역시 유성구 대학로75번길,41,,3020012200104620005012404,,대전광역시 유성구 대학로75번길 41,305335,34167,,2,,127.341407911582,36.3603494867567,cnu
MA0101202406A0007050,릴리안플라워,,G2,소매,G219,식물 소매,G21901,꽃집,G47851,화초 및 식물 소매업,30,대전광역시,30200,유성구,30200540,온천2동,3020012200,궁동,3020012200104620005,1,대지,462,5,대전광역시 유성구 궁동 462-5,302004301139,대전광역시 유성구 대학로75번길,41,,3020012200104620005012404,,대전광역시 유성구 대학로75번길 41,305335,34167,,1,,127.341407911582,36.3603494867567,cnu
MA010120220805751517,서들경헤어샵,,S2,수리·개인,S207,이용·미용,S20701,미용실,S96112,두발 미용업,30,대전광역시,30200,유성구,30200540,온천2동,3020012200,궁동,3020012200104610007,1,대지,461,7,대전광역시 유성구 궁동 461-7,302004301139,대전광역시 유성구 대학로75번길,46,,3020012200104610007012332,,대전광역시 유성구 대학로75번길 46,305335,34167,,1,,127.341419840468,36.3605296875925,cnu
MA010120220806049573,SAILWINTEK,,M1,과학·기술,M109,기술 서비스,M10999,기타 엔지니어링 서비스업,M72129,기타 엔지니어링 서비스업,30,대전광역시,30200,유성구,30200540,온천2동,3020012200,궁동,3020012200104610018,1,대지,461,18,대전광역시 유성구 궁동 461-18,302004301139,대전광역시 유성구 대학로75번길,52,8,3020012200104610018011914,무지개하우스,대전광역시 유성구 대학로75번길 52-8,305335,34167,,,,127.341432399233,36.3608540745504,cnu
MA010120220812236512,준코테이블,,I2,음식,I204,서양식,I20401,경양식,I56123,서양식 음식점업,30,대전광역시,30200,유성구,30200540,온천2동,3020012200,궁동,3020012200104680011,1,대지,468,11,대전광역시 유성구 궁동 468-11,302004301158,대전광역시 유성구 문화원로46번길,28,,3020012200104680011012701,,대전광역시 유성구 문화원로46번길 28,305335,34167,,1,,127.341516099537,36.3596102143445,cnu
MA0101202406A0166041,두개천골운동센터,,S2,수리·개인,S208,욕탕·신체관리,S20803,체형/비만 관리,S96129,체형 등 기타 신체 관리 서비스업,30,대전광역시,30200,유성구,30200540,온천2동,3020012200,궁동,3020012200104710014,1,대지,471,14,대전광역시 유성구 궁동 471-14,302003167023,대전광역시 유성구 문화원로,49,,3020012200104710014012517,,대전광역시 유성구 문화원로 49,305335,34167,,4,,127.341518068147,36.3600607960653,cnu
MA010120220804925006,워시엔조이셀프빨래방유성문화원점,,S2,수리·개인,S209,세탁,S20902,셀프 빨래방,S96912,가정용 세탁업,30,대전광역시,30200,유성구,30200540,온천2동,3020012200,궁동,3020012200104710014,1,대지,471,14,대전광역시 유성구 궁동 471-14,302003167023,대전광역시 유성구 문화원로,49,,3020012200104710014012517,인산빌딩,대전광역시 유성구 문화원로 49,305335,34167,,,,127.341518068147,36.3600607960653,cnu
MA0101202505A0068083,미가,,I2,음식,I201,한식,I20101,백반/한정식,I56111,한식 일반 음식점업,30,대전광역시,30200,유성구,30200540,온천2동,3020012200,궁동,3020012200104710014,1,대지,471,14,대전광역시 유성구 궁동 471-14,302003167023,대전광역시 유성구 문화원로,49,,3020012200104710014012517,,대전광역시 유성구 문화원로 49,305335,34167,,1,,127.341518068147,36.3600607960653,cnu
MA0101202210A0082299,연합자동차유리,,S2,수리·개인,S203,자동차 수리·세차,S20302,자동차 세차장,G45219,기타 자동차 신품 부품 및 내장품 판매업,30,대전광역시,30200,유성구,30200540,온천2동,3020012200,궁동,3020012200104480005,1,대지,448,5,대전광역시 유성구 궁동 448-5,302004301142,대전광역시 유성구 대학로81번길,64,,3020012200104480005011239,,대전광역시 유성구 대학로81번길 64,305335,34167,,1,,127.341528345003,36.3624128320936,cnu
MA010120220800617893,연합자동차유리,,G2,소매,G202,자동차 부품 소매,G20202,자동차 부품 소매업,G45219,기타 자동차 신품 부품 및 내장품 판매업,30,대전광역시,30200,유성구,30200540,온천2동,3020012200,궁동,3020012200104480005,1,대지,448,5,대전광역시 유성구 궁동 448-5,302004301142,대전광역시 유성구 대학로81번길,64,,3020012200104480005011239,,대전광역시 유성구 대학로81번길 64,305335,34167,,1,,127.341528345003,36.3624128320936,cnu
MA0101202411A0134566,요거트월드대전,유성점,I2,음식,I210,기타 간이,I21008,아이스크림/빙수,I56221,커피 전문점,30,대전광역시,30200,유성구,30200540,온천2동,3020012200,궁동,3020012200104580007,1,대지,458,7,대전광역시 유성구 궁동 458-7,302004301139,대전광역시 유성구 대학로75번길,52,22,3020012200104580007010657,,대전광역시 유성구 대학로75번길 52-22,305335,34167,,1,,127.341557675299,36.3614755269002,cnu
MA0101202406A0281502,대학로공인중개사사무소,,L1,부동산,L102,부동산 서비스,L10203,부동산 중개/대리업,L68221,부동산 중개 및 대리업,30,대전광역시,30200,유성구,30200540,온천2동,3020012200,궁동,3020012200104610008,1,대지,461,8,대전광역시 유성구 궁동 461-8,302004301159,대전광역시 유성구 문화원로47번길,11,,3020012200104610008010783,,대전광역시 유성구 문화원로47번길 11,305335,34167,,1,,127.341575587646,36.3604751719747,cnu
MA010120220805961069,민이컴닥터,,S2,수리·개인,S201,컴퓨터 수리,S20101,컴퓨터/노트북/프린터 수리업,S95110,컴퓨터 및 주변 기기 수리업,30,대전광역시,30200,유성구,30200540,온천2동,3020012200,궁동,3020012200104580006,1,대지,458,6,대전광역시 유성구 궁동 458-6,302004301139,대전광역시 유성구 대학로75번길,52,24,3020012200104580006011094,그린빌,대전광역시 유성구 대학로75번길 52-24,305335,34167,,2,,127.341591730862,36.3616196174524,cnu
MA0101202406A0189569,무마진덮밥,유성궁동점,I2,음식,I201,한식,I20199,기타 한식 음식점,I56111,한식 일반 음식점업,30,대전광역시,30200,유성구,30200540,온천2동,3020012200,궁동,3020012200104580001,1,대지,458,1,대전광역시 유성구 궁동 458-1,302004301142,대전광역시 유성구 대학로81번길,59,,3020012200104580001011464,,대전광역시 유성구 대학로81번길 59,305335,34167,,1,,127.341605078261,36.3621242369485,cnu
MA0101202502A0069750,카페에스티퍼스트,,I2,음식,I212,비알코올 ,I21201,카페,I56221,커피 전문점,30,대전광역시,30200,유성구,30200540,온천2동,3020012200,궁동,3020012200104580001,1,대지,458,1,대전광역시 유성구 궁동 458-1,302004301142,대전광역시 유성구 대학로81번길,59,,3020012200104580001011464,,대전광역시 유성구 대학로81번길 59,305335,34167,,1,,127.341605078261,36.3621242369485,cnu
MA0101202310A0074807,쓱통신,,G2,소매,G208,가전·통신 소매,G20802,핸드폰 소매업,G47312,통신기기 소매업,30,대전광역시,30200,유성구,30200540,온천2동,3020012200,궁동,3020012200104710001,1,대지,471,1,대전광역시 유성구 궁동 471-1,302004301139,대전광역시 유성구 대학로75번길,37,,3020012200104710001010929,,대전광역시 유성구 대학로75번길 37,305335,34167,,,,127.341641216646,36.3601956202081,cnu
MA0101202210A0079080,신세계공인중개사사무소,,L1,부동산,L102,부동산 서비스,L10203,부동산 중개/대리업,L68221,부동산 중개 및 대리업,30,대전광역시,30200,유성구,30200540,온천2동,3020012200,궁동,3020012200104710001,1,대지,471,1,대전광역시 유성구 궁동 471-1,302004301139,대전광역시 유성구 대학로75번길,37,,3020012200104710001010929,,대전광역시 유성구 대학로75번길 37,305335,34167,,1,,127.341641216646,36.3601956202081,cnu
MA0101202302A0072556,바디업테라피,,S2,수리·개인,S208,욕탕·신체관리,S20802,마사지/안마,S96122,마사지업,30,대전광역시,30200,유성구,30200540,온천2동,3020012200,궁동,3020012200104710001,1,대지,471,1,대전광역시 유성구 궁동 471-1,302004301139,대전광역시 유성구 대학로75번길,37,,3020012200104710001010929,,대전광역시 유성구 대학로75번길 37,305335,34167,,,,127.341641216646,36.3601956202081,cnu
MA010120220802477327,신세계공인중개사사무소,,L1,부동산,L102,부동산 서비스,L10203,부동산 중개/대리업,L68221,부동산 중개 및 대리업,30,대전광역시,30200,유성구,30200540,온천2동,3020012200,궁동,3020012200104710001,1,대지,471,1,대전광역시 유성구 궁동 471-1,302004301139,대전광역시 유성구 대학로75번길,37,,3020012200104710001010929,,대전광역시 유성구 대학로75번길 37,305335,34167,,1,,127.341641216646,36.3601956202081,cnu
MA010120220810409746,땡큐노래연습장,,R1,예술·스포츠,R104,유원지·오락,R10407,노래방,R91223,노래 연습장 운영업,30,대전광역시,30200,유성구,30200540,온천2동,3020012200,궁동,3020012200104680010,1,대지,468,10,대전광역시 유성구 궁동 468-10,302003167023,대전광역시 유성구 문화원로,54,,3020012200104680010012682,,대전광역시 유성구 문화원로 54,305335,34167,,1,,127.341672356887,36.3596728498528,cnu
MA010120220814289512,옥희네떡볶이,,I2,음식,I210,기타 간이,I21007,김밥/만두/분식,I56194,김밥 및 기타 간이 음식점업,30,대전광역시,30200,유성구,30200540,온천2동,3020012200,궁동,3020012200104680010,1,대지,468,10,대전광역시 유성구 궁동 468-10,302003167023,대전광역시 유성구 문화원로,54,,3020012200104680010012682,,대전광역시 유성구 문화원로 54,305335,34167,,1,,127.341672356887,36.3596728498528,cnu
MA0101202504A0104001,에이스렌탈,,N1,시설관리·임대,N109,운송장비 대여,N10999,기타 운송장비 대여업,N76190,기타 운송장비 임대업,30,대전광역시,30200,유성구,30200540,온천2동,3020012200,궁동,3020012200104680010,1,대지,468,10,대전광역시 유성구 궁동 468-10,302003167023,대전광역시 유성구 문화원로,54,,3020012200104680010012682,,대전광역시 유성구 문화원로 54,305335,34167,,,,127.341672356887,36.3596728498528,cnu
MA0101202506A0007105,왕대박복권판매점,,R1,예술·스포츠,R104,유원지·오락,R10410,복권 발행/판매업,R91241,복권 발행 및 판매업,30,대전광역시,30200,유성구,30200540,온천2동,3020012200,궁동,3020012200104680010,1,대지,468,10,대전광역시 유성구 궁동 468-10,302003167023,대전광역시 유성구 문화원로,54,,3020012200104680010012682,서은빌딩,대전광역시 유성구 문화원로 54,305335,34167,,,,127.341672356887,36.3596728498528,cnu
MA0101202411A0119376,노랑물고기,,I2,음식,I203,일식,I20301,일식 회/초밥,I56122,일식 음식점업,30,대전광역시,30200,유성구,30200540,온천2동,3020012200,궁동,3020012200104710013,1,대지,471,13,대전광역시 유성구 궁동 471-13,302003167023,대전광역시 유성구 문화원로,51,,3020012200104710013012539,,대전광역시 유성구 문화원로 51,305335,34167,,1,,127.341696097526,36.3600062165981,cnu
MA010120220802138362,크린주택관리,,N1,시설관리·임대,N102,청소·방제,N10201,건축물 일반 청소업,N74211,건축물 일반 청소업,30,대전광역시,30200,유성구,30200540,온천2동,3020012200,궁동,3020012200104610014,1,대지,461,14,대전광역시 유성구 궁동 461-14,302004301156,대전광역시 유성구 문화원로37번길,24,18,3020012200104610014010488,,대전광역시 유성구 문화원로37번길 24-18,305335,34167,,,,127.341723738698,36.3612317349651,cnu
MA0101202305A0082355,구헤어,,S2,수리·개인,S207,이용·미용,S20701,미용실,S96112,두발 미용업,30,대전광역시,30200,유성구,30200540,온천2동,3020012200,궁동,3020012200104580008,1,대지,458,8,대전광역시 유성구 궁동 458-8,302004301156,대전광역시 유성구 문화원로37번길,24,15,3020012200104580008011406,,대전광역시 유성구 문화원로37번길 24-15,305335,34167,,,,127.341736101861,36.3615110636874,cnu
MA0101202306A0076091,제이원시스템,,N1,시설관리·임대,N107,사무 지원,N10703,복사업,N75912,복사업,30,대전광역시,30200,유성구,30200540,온천2동,3020012200,궁동,3020012200104580008,1,대지,458,8,대전광역시 유성구 궁동 458-8,302004301156,대전광역시 유성구 문화원로37번길,24,15,3020012200104580008011406,,대전광역시 유성구 문화원로37번길 24-15,305335,34167,,1,,127.341736101861,36.3615110636874,cnu
MA010120220806087127,수정세탁소,,S2,수리·개인,S209,세탁,S20901,세탁소,S96912,가정용 세탁업,30,대전광역시,30200,유성구,30200540,온천2동,3020012200,궁동,3020012200104580008,1,대지,458,8,대전광역시 유성구 궁동 458-8,302004301156,대전광역시 유성구 문화원로37번길,24,15,3020012200104580008011406,,대전광역시 유성구 문화원로37번길 24-15,305335,34167,,,,127.341736101861,36.3615110636874,cnu
MA010120220811768246,아유르헤어,,S2,수리·개인,S207,이용·미용,S20701,미용실,S96112,두발 미용업,30,대전광역시,30200,유성구,30200540,온천2동,3020012200,궁동,3020012200104610013,1,대지,461,13,대전광역시 유성구 궁동 461-13,302004301159,대전광역시 유성구 문화원로47번길,25,,3020012200104610013011827,,대전광역시 유성구 문화원로47번길 25,305335,34167,,1,,127.341756336589,36.3610423950866,cnu
MA010120220813343033,목련이야기카페,,I2,음식,I212,비알코올 ,I21201,카페,I56221,커피 전문점,30,대전광역시,30200,유성구,30200540,온천2동,3020012200,궁동,3020012200104680008,1,대지,468,8,대전광역시 유성구 궁동 468-8,302004301157,대전광역시 유성구 문화원로38번길,55,,3020012200104680008011999,,대전광역시 유성구 문화원로38번길 55,305335,34167,,1,,127.341783260184,36.3595553799548,cnu
MA010120220805760855,신궁동공인중개사사무소,,L1,부동산,L102,부동산 서비스,L10203,부동산 중개/대리업,L68221,부동산 중개 및 대리업,30,대전광역시,30200,유성구,30200540,온천2동,3020012200,궁동,3020012200104740002,1,대지,474,2,대전광역시 유성구 궁동 474-2,302004301159,대전광역시 유성구 문화원로47번길,12,,3020012200104740002012395,,대전광역시 유성구 문화원로47번길 12,305335,34167,,,,127.341798026942,36.3603844184077,cnu
MA010120220809341197,지에스25충남대,빌리지점,G2,소매,G204,종합 소매,G20405,편의점,G47122,체인화 편의점,30,대전광역시,30200,유성구,30200540,온천2동,3020012200,궁동,3020012200104580013,1,대지,458,13,대전광역시 유성구 궁동 458-13,302004301159,대전광역시 유성구 문화원로47번길,47,,3020012200104580013011559,,대전광역시 유성구 문화원로47번길 47,305335,34167,,,,127.341827679845,36.3620695298501,cnu
MA0101202406A0456332,대전에어컨설치세척가스충전기찬에어컨,,S2,수리·개인,S205,가전제품 수리,S20501,가전제품 수리업,S95310,가전제품 수리업,30,대전광역시,30200,유성구,30200540,온천2동,3020012200,궁동,3020012200104610015,1,대지,461,15,대전광역시 유성구 궁동 461-15,302004301156,대전광역시 유성구 문화원로37번길,24,20,3020012200104610015010500,상명빌라,대전광역시 유성구 문화원로37번길 24-20,305335,34167,,,,127.341846258815,36.3612223727474,cnu
MA010120220803371660,은하별감파스타,,I2,음식,I204,서양식,I20402,파스타/스테이크,I56123,서양식 음식점업,30,대전광역시,30200,유성구,30200540,온천2동,3020012200,궁동,3020012200104610015,1,대지,461,15,대전광역시 유성구 궁동 461-15,302004301156,대전광역시 유성구 문화원로37번길,24,20,3020012200104610015010500,상명빌라,대전광역시 유성구 문화원로37번길 24-20,305335,34167,,,,127.341846258815,36.3612223727474,cnu
MA010120220809951182,궁동행복한공인중개사사무소,,L1,부동산,L102,부동산 서비스,L10203,부동산 중개/대리업,L68221,부동산 중개 및 대리업,30,대전광역시,30200,유성구,30200540,온천2동,3020012200,궁동,3020012200104610015,1,대지,461,15,대전광역시 유성구 궁동 461-15,302004301156,대전광역시 유성구 문화원로37번길,24,20,3020012200104610015010500,,대전광역시 유성구 문화원로37번길 24-20,305335,34167,,,,127.341846258815,36.3612223727474,cnu
MA0101202604A0044447,국밥의진수,,I2,음식,I201,한식,I20102,국/탕/찌개류,I56111,한식 일반 음식점업,30,대전광역시,30200,유성구,30200540,온천2동,3020012200,궁동,3020012200104610015,1,대지,461,15,대전광역시 유성구 궁동 461-15,302004301156,대전광역시 유성구 문화원로37번길,24,20,3020012200104610015010500,상명빌라,대전광역시 유성구 문화원로37번길 24-20,305335,34167,,,,127.341846258815,36.3612223727474,cnu
MA010120220806223091,피자나라치킨공주,,I2,음식,I210,기타 간이,I21003,피자,I56192,"피자, 햄버거, 샌드위치 및 유사 음식점업",30,대전광역시,30200,유성구,30200540,온천2동,3020012200,궁동,3020012200104580014,1,대지,458,14,대전광역시 유성구 궁동 458-14,302004301159,대전광역시 유성구 문화원로47번길,35,,3020012200104580014009262,,대전광역시 유성구 문화원로47번길 35,305335,34167,,1,,127.341869606566,36.3614656230497,cnu
MA0101202601A0028856,한식밥상,,I2,음식,I201,한식,I20101,백반/한정식,I56111,한식 일반 음식점업,30,대전광역시,30200,유성구,30200540,온천2동,3020012200,궁동,3020012200104580014,1,대지,458,14,대전광역시 유성구 궁동 458-14,302004301159,대전광역시 유성구 문화원로47번길,35,,3020012200104580014009262,,대전광역시 유성구 문화원로47번길 35,305335,34167,,1,,127.341869606566,36.3614656230497,cnu
MA0101202311A0029165,유성대박공인중개사사무소,,L1,부동산,L102,부동산 서비스,L10203,부동산 중개/대리업,L68221,부동산 중개 및 대리업,30,대전광역시,30200,유성구,30200540,온천2동,3020012200,궁동,3020012200104710012,1,대지,471,12,대전광역시 유성구 궁동 471-12,302003167023,대전광역시 유성구 문화원로,53,,3020012200104710012012045,,대전광역시 유성구 문화원로 53,305335,34167,,1,,127.341874205481,36.3599696601343,cnu
MA010120220811760552,제이에스뷰티,,S2,수리·개인,S207,이용·미용,S20702,피부 관리실,S96113,피부 미용업,30,대전광역시,30200,유성구,30200540,온천2동,3020012200,궁동,3020012200104710012,1,대지,471,12,대전광역시 유성구 궁동 471-12,302003167023,대전광역시 유성구 문화원로,53,,3020012200104710012012045,,대전광역시 유성구 문화원로 53,305335,34167,,2,,127.341874205481,36.3599696601343,cnu
MA010120220813144458,한강수한우육개장,,I2,음식,I201,한식,I20101,백반/한정식,I56111,한식 일반 음식점업,30,대전광역시,30200,유성구,30200540,온천2동,3020012200,궁동,3020012200104710012,1,대지,471,12,대전광역시 유성구 궁동 471-12,302003167023,대전광역시 유성구 문화원로,53,,3020012200104710012012045,,대전광역시 유성구 문화원로 53,305335,34167,,1,,127.341874205481,36.3599696601343,cnu
MA010120220805407683,카페-세라미카,,I2,음식,I212,비알코올 ,I21201,카페,I56221,커피 전문점,30,대전광역시,30200,유성구,30200540,온천2동,3020012200,궁동,3020012200104710012,1,대지,471,12,대전광역시 유성구 궁동 471-12,302003167023,대전광역시 유성구 문화원로,53,,3020012200104710012012045,,대전광역시 유성구 문화원로 53,305335,34167,,,,127.341874205481,36.3599696601343,cnu
MA0101202509A0037331,금박사,대전점,G2,소매,G217,시계·귀금속 소매,G21701,시계/귀금속 소매업,G47830,시계 및 귀금속 소매업,30,대전광역시,30200,유성구,30200540,온천2동,3020012200,궁동,3020012200104710012,1,대지,471,12,대전광역시 유성구 궁동 471-12,302003167023,대전광역시 유성구 문화원로,53,,3020012200104710012012045,,대전광역시 유성구 문화원로 53,305335,34167,,1,,127.341874205481,36.3599696601343,cnu
MA010120220805755501,씨유유성,빌리지점,G2,소매,G204,종합 소매,G20405,편의점,G47122,체인화 편의점,30,대전광역시,30200,유성구,30200540,온천2동,3020012200,궁동,3020012200104740001,1,대지,474,1,대전광역시 유성구 궁동 474-1,302004301159,대전광역시 유성구 문화원로47번길,16,,3020012200104740001012326,,대전광역시 유성구 문화원로47번길 16,305335,34167,,,,127.341876649156,36.3605283814084,cnu
MA010120220808338351,탐라돌구이,,I2,음식,I201,한식,I20107,돼지고기 구이/찜,I56113,한식 육류 요리 전문점,30,대전광역시,30200,유성구,30200530,온천1동,3020011100,봉명동,3020011100106070005,1,대지,607,5,대전광역시 유성구 봉명동 607-5,302003167083,대전광역시 유성구 대학로,39,14,3020011100106070005000001,엔터팰리스2차,대전광역시 유성구 대학로 39-14,305301,34168,,,,127.34189793411,36.3577527021537,cnu
MA0101202302A0078291,부대통령뚝배기,,I2,음식,I201,한식,I20102,국/탕/찌개류,I56111,한식 일반 음식점업,30,대전광역시,30200,유성구,30200540,온천2동,3020012200,궁동,3020012200104680009,1,대지,468,9,대전광역시 유성구 궁동 468-9,302003167023,대전광역시 유성구 문화원로,56,,3020012200104680009012702,,대전광역시 유성구 문화원로 56,305335,34167,,1,,127.341939596477,36.3596360383823,cnu
MA010120220804941911,소풍노래연습장,,R1,예술·스포츠,R104,유원지·오락,R10407,노래방,R91223,노래 연습장 운영업,30,대전광역시,30200,유성구,30200540,온천2동,3020012200,궁동,3020012200104680009,1,대지,468,9,대전광역시 유성구 궁동 468-9,302003167023,대전광역시 유성구 문화원로,56,,3020012200104680009012702,,대전광역시 유성구 문화원로 56,305335,34167,,,,127.341939596477,36.3596360383823,cnu
MA010120220806187808,대전통닭,,I2,음식,I210,기타 간이,I21006,치킨,I56193,치킨 전문점,30,대전광역시,30200,유성구,30200540,온천2동,3020012200,궁동,3020012200104710011,1,대지,471,11,대전광역시 유성구 궁동 471-11,302003167023,대전광역시 유성구 문화원로,53,1,3020012200104710011012059,,대전광역시 유성구 문화원로 53-1,305335,34167,,1,,127.341996605317,36.3599332628695,cnu
MA010120220806206803,컴퓨터119,,S2,수리·개인,S201,컴퓨터 수리,S20101,컴퓨터/노트북/프린터 수리업,S95110,컴퓨터 및 주변 기기 수리업,30,대전광역시,30200,유성구,30200540,온천2동,3020012200,궁동,3020012200104740011,1,대지,474,11,대전광역시 유성구 궁동 474-11,302004301139,대전광역시 유성구 대학로75번길,34,,3020012200104740011012176,,대전광역시 유성구 대학로75번길 34,305335,34167,,,,127.341998497864,36.360365821277,cnu
MA0101202307A0071730,정직전단배포,,M1,과학·기술,M105,광고,M10599,기타 광고 관련 서비스업,M71399,그 외 기타 광고 관련 서비스업,30,대전광역시,30200,유성구,30200540,온천2동,3020012200,궁동,3020012200104750008,1,대지,475,8,대전광역시 유성구 궁동 475-8,302004301159,대전광역시 유성구 문화원로47번길,20,,3020012200104750008010506,,대전광역시 유성구 문화원로47번길 20,305335,34167,,,,127.342022318991,36.3607172111756,cnu
MA010120220806170582,동큐칼국수3000원,,I2,음식,I201,한식,I20105,국수/칼국수,I56112,한식 면 요리 전문점,30,대전광역시,30200,유성구,30200540,온천2동,3020012200,궁동,3020012200104750008,1,대지,475,8,대전광역시 유성구 궁동 475-8,302004301159,대전광역시 유성구 문화원로47번길,20,,3020012200104750008010506,,대전광역시 유성구 문화원로47번길 20,305335,34167,,1,,127.342022318991,36.3607172111756,cnu
MA010120220813442424,자우리호텔,유성점,I1,숙박,I101,일반 숙박,I10102,여관/모텔,I55102,여관업,30,대전광역시,30200,유성구,30200530,온천1동,3020011100,봉명동,3020011100106050003,1,대지,605,3,대전광역시 유성구 봉명동 605-3,302003167083,대전광역시 유성구 대학로,47,18,3020011100106050003012426,우리호텔,대전광역시 유성구 대학로 47-18,305301,34168,,,,127.342023090418,36.3583471194364,cnu
MA010120220806593377,자우리호텔,유성점,I1,숙박,I101,일반 숙박,I10102,여관/모텔,I55102,여관업,30,대전광역시,30200,유성구,30200530,온천1동,3020011100,봉명동,3020011100106050003,1,대지,605,3,대전광역시 유성구 봉명동 605-3,302003167083,대전광역시 유성구 대학로,47,18,3020011100106050003012426,,대전광역시 유성구 대학로 47-18,305301,34168,,,,127.342023090418,36.3583471194364,cnu
MA010120220813507997,석세스뮤직,,P1,교육,P106,기타 교육,P10609,음악학원,R90199,그 외 기타 창작 및 예술관련 서비스업,30,대전광역시,30200,유성구,30200540,온천2동,3020012200,궁동,3020012200104750013,1,대지,475,13,대전광역시 유성구 궁동 475-13,302004301159,대전광역시 유성구 문화원로47번길,24,,3020012200104750013011498,청운학사,대전광역시 유성구 문화원로47번길 24,305335,34167,,,,127.342134722127,36.3609421830003,cnu
MA010120220806190244,유레카피시방,,R1,예술·스포츠,R104,유원지·오락,R10406,PC방,R91222,컴퓨터 게임방 운영업,30,대전광역시,30200,유성구,30200540,온천2동,3020012200,궁동,3020012200104710009,1,대지,471,9,대전광역시 유성구 궁동 471-9,302003167023,대전광역시 유성구 문화원로,55,,3020012200104710009012121,,대전광역시 유성구 문화원로 55,305335,34167,,2,,127.342174594618,36.3598696710577,cnu
MA010120220806205647,피자뉴스,,I2,음식,I210,기타 간이,I21003,피자,I56192,"피자, 햄버거, 샌드위치 및 유사 음식점업",30,대전광역시,30200,유성구,30200540,온천2동,3020012200,궁동,3020012200104710009,1,대지,471,9,대전광역시 유성구 궁동 471-9,302003167023,대전광역시 유성구 문화원로,55,,3020012200104710009012121,,대전광역시 유성구 문화원로 55,305335,34167,,,,127.342174594618,36.3598696710577,cnu
MA010120220802280047,옛집,,I2,음식,I201,한식,I20101,백반/한정식,I56111,한식 일반 음식점업,30,대전광역시,30200,유성구,30200540,온천2동,3020012200,궁동,3020012200104710009,1,대지,471,9,대전광역시 유성구 궁동 471-9,302003167023,대전광역시 유성구 문화원로,55,,3020012200104710009012121,,대전광역시 유성구 문화원로 55,305335,34167,,1,,127.342174594618,36.3598696710577,cnu
MA010120220806216003,5.5닭갈비,유성점,I2,음식,I201,한식,I20110,닭/오리고기 구이/찜,I56113,한식 육류 요리 전문점,30,대전광역시,30200,유성구,30200540,온천2동,3020012200,궁동,3020012200104710009,1,대지,471,9,대전광역시 유성구 궁동 471-9,302003167023,대전광역시 유성구 문화원로,55,,3020012200104710009012121,,대전광역시 유성구 문화원로 55,305335,34167,,,,127.342174594618,36.3598696710577,cnu
MA0101202505A0082889,진양곱창,봉명점,I2,음식,I201,한식,I20109,곱창 전골/구이,I56111,한식 일반 음식점업,30,대전광역시,30200,유성구,30200540,온천2동,3020012200,궁동,3020012200104710009,1,대지,471,9,대전광역시 유성구 궁동 471-9,302003167023,대전광역시 유성구 문화원로,55,,3020012200104710009012121,,대전광역시 유성구 문화원로 55,305335,34167,,1,,127.342174594618,36.3598696710577,cnu
MA010120220811931037,하이랜드,,I1,숙박,I102,기타 숙박,I10201,기숙사/고시원,I55901,기숙사 및 고시원 운영업,30,대전광역시,30200,유성구,30200540,온천2동,3020012200,궁동,3020012200104750003,1,대지,475,3,대전광역시 유성구 궁동 475-3,302004301159,대전광역시 유성구 문화원로47번길,40,,3020012200104750003009184,,대전광역시 유성구 문화원로47번길 40,305335,34167,,1,,127.342182681838,36.3617170556885,cnu
MA010120220806214947,유성사랑녹즙,,G2,소매,G204,종합 소매,G20404,슈퍼마켓,G47129,기타 음ㆍ식료품 위주 종합 소매업,30,대전광역시,30200,유성구,30200540,온천2동,3020012200,궁동,3020012200104510002,1,대지,451,2,대전광역시 유성구 궁동 451-2,302004301142,대전광역시 유성구 대학로81번길,54,,3020012200104510002011335,,대전광역시 유성구 대학로81번길 54,305335,34167,,,,127.342207372266,36.3622667013297,cnu
MA0101202601A0008757,경포,,M1,과학·기술,M107,본사·경영 컨설팅,M10703,경영 컨설팅업,M71531,경영 컨설팅업,30,대전광역시,30200,유성구,30200540,온천2동,3020012200,궁동,3020012200104510002,1,대지,451,2,대전광역시 유성구 궁동 451-2,302004301142,대전광역시 유성구 대학로81번길,54,,3020012200104510002011335,,대전광역시 유성구 대학로81번길 54,305335,34167,,1,,127.342207372266,36.3622667013297,cnu
MA010120220805454979,입주청소,,N1,시설관리·임대,N102,청소·방제,N10201,건축물 일반 청소업,N74211,건축물 일반 청소업,30,대전광역시,30200,유성구,30200540,온천2동,3020012200,궁동,3020012200104750006,1,대지,475,6,대전광역시 유성구 궁동 475-6,302004301159,대전광역시 유성구 문화원로47번길,34,,3020012200104750006010476,,대전광역시 유성구 문화원로47번길 34,305335,34167,,,,127.342225670957,36.3613564627976,cnu
MA0101202303A0058684,빌려줘홈짐,,R1,예술·스포츠,R103,스포츠 서비스,R10307,헬스장,R91132,체력 단련시설 운영업,30,대전광역시,30200,유성구,30200540,온천2동,3020012200,궁동,3020012200104750004,1,대지,475,4,대전광역시 유성구 궁동 475-4,302004301159,대전광역시 유성구 문화원로47번길,38,,3020012200104750004011705,,대전광역시 유성구 문화원로47번길 38,305335,34167,,,,127.342282327025,36.3615725823712,cnu
MA010120220809709589,워시팡팡무인셀프빨래방대전,충남대점,S2,수리·개인,S209,세탁,S20902,셀프 빨래방,S96912,가정용 세탁업,30,대전광역시,30200,유성구,30200540,온천2동,3020012200,궁동,3020012200104750004,1,대지,475,4,대전광역시 유성구 궁동 475-4,302004301159,대전광역시 유성구 문화원로47번길,38,,3020012200104750004011705,스위트빌,대전광역시 유성구 문화원로47번길 38,305335,34167,,1,,127.342282327025,36.3615725823712,cnu
MA010120220806187625,지.엠건축사사무소,,M1,과학·기술,M109,기술 서비스,M10901,건축 설계 및 관련 서비스업,M72111,건축 설계 및 관련 서비스업,30,대전광역시,30200,유성구,30200530,온천1동,3020011100,봉명동,3020011100106070004,1,대지,607,4,대전광역시 유성구 봉명동 607-4,302003167083,대전광역시 유성구 대학로,39,10,3020011100106070004012110,엔터팰리스1차,대전광역시 유성구 대학로 39-10,305301,34168,,3,,127.342320987016,36.3576793968936,cnu
MA0101202406A0231647,우리는탕그리고국,,I2,음식,I201,한식,I20101,백반/한정식,I56111,한식 일반 음식점업,30,대전광역시,30200,유성구,30200530,온천1동,3020011100,봉명동,3020011100106070004,1,대지,607,4,대전광역시 유성구 봉명동 607-4,302003167083,대전광역시 유성구 대학로,39,10,3020011100106070004012110,엔터팰리스1차,대전광역시 유성구 대학로 39-10,305301,34168,,,,127.342320987016,36.3576793968936,cnu
MA0101202409A0062861,와이케이,,M1,과학·기술,M107,본사·경영 컨설팅,M10703,경영 컨설팅업,M71531,경영 컨설팅업,30,대전광역시,30200,유성구,30200530,온천1동,3020011100,봉명동,3020011100106070004,1,대지,607,4,대전광역시 유성구 봉명동 607-4,302003167083,대전광역시 유성구 대학로,39,10,3020011100106070004012110,엔터팰리스1차,대전광역시 유성구 대학로 39-10,305301,34168,,3,,127.342320987016,36.3576793968936,cnu
MA0101202406A0594727,서영,,N1,시설관리·임대,N104,고용 알선,N10402,임시/일용 인력 공급업,N75121,임시 및 일용 인력 공급업,30,대전광역시,30200,유성구,30200530,온천1동,3020011100,봉명동,3020011100106070004,1,대지,607,4,대전광역시 유성구 봉명동 607-4,302003167083,대전광역시 유성구 대학로,39,10,3020011100106070004012110,엔터팰리스1차,대전광역시 유성구 대학로 39-10,305301,34168,,3,,127.342320987016,36.3576793968936,cnu
MA010120220802687482,파이룸,,I2,음식,I210,기타 간이,I21001,빵/도넛,I56191,제과점업,30,대전광역시,30200,유성구,30200530,온천1동,3020011100,봉명동,3020011100106070004,1,대지,607,4,대전광역시 유성구 봉명동 607-4,302003167083,대전광역시 유성구 대학로,39,10,3020011100106070004012110,엔터팰리스1차,대전광역시 유성구 대학로 39-10,305301,34168,,,,127.342320987016,36.3576793968936,cnu
MA010120220807962746,탑엔터팰리스공인중개사사무소,,L1,부동산,L102,부동산 서비스,L10203,부동산 중개/대리업,L68221,부동산 중개 및 대리업,30,대전광역시,30200,유성구,30200530,온천1동,3020011100,봉명동,3020011100106070004,1,대지,607,4,대전광역시 유성구 봉명동 607-4,302003167083,대전광역시 유성구 대학로,39,10,3020011100106070004012110,엔터팰리스1차,대전광역시 유성구 대학로 39-10,305301,34168,,1,,127.342320987016,36.3576793968936,cnu
MA0101202501A0004221,향미각,유성점,I2,음식,I202,중식,I20201,중국집,I56121,중식 음식점업,30,대전광역시,30200,유성구,30200530,온천1동,3020011100,봉명동,3020011100106070004,1,대지,607,4,대전광역시 유성구 봉명동 607-4,302003167083,대전광역시 유성구 대학로,39,10,3020011100106070004012110,엔터팰리스1차,대전광역시 유성구 대학로 39-10,305301,34168,,1,,127.342320987016,36.3576793968936,cnu
MA010120220807079921,바르미샤브샤브앤칼국수,,I2,음식,I201,한식,I20105,국수/칼국수,I56112,한식 면 요리 전문점,30,대전광역시,30200,유성구,30200530,온천1동,3020011100,봉명동,3020011100106070004,1,대지,607,4,대전광역시 유성구 봉명동 607-4,302003167083,대전광역시 유성구 대학로,39,10,3020011100106070004012110,엔터팰리스1차,대전광역시 유성구 대학로 39-10,305301,34168,,,,127.342320987016,36.3576793968936,cnu
MA010120220806230069,건축사사무소해오,,M1,과학·기술,M109,기술 서비스,M10901,건축 설계 및 관련 서비스업,M72111,건축 설계 및 관련 서비스업,30,대전광역시,30200,유성구,30200540,온천2동,3020012200,궁동,3020012200104710008,1,대지,471,8,대전광역시 유성구 궁동 471-8,302003167023,대전광역시 유성구 문화원로,57,,3020012200104710008012124,,대전광역시 유성구 문화원로 57,305335,34167,,3,,127.342363922548,36.3598511052259,cnu
MA010120220808464020,천복순대국밥,,I2,음식,I201,한식,I20101,백반/한정식,I56111,한식 일반 음식점업,30,대전광역시,30200,유성구,30200540,온천2동,3020012200,궁동,3020012200104710008,1,대지,471,8,대전광역시 유성구 궁동 471-8,302003167023,대전광역시 유성구 문화원로,57,,3020012200104710008012124,,대전광역시 유성구 문화원로 57,305335,34167,,,,127.342363922548,36.3598511052259,cnu
MA0101202511A0011019,태후,,G2,소매,G215,의약·화장품 소매,G21503,화장품 소매업,G47813,"화장품, 비누 및 방향제 소매업",30,대전광역시,30200,유성구,30200540,온천2동,3020012200,궁동,3020012200104710008,1,대지,471,8,대전광역시 유성구 궁동 471-8,302003167023,대전광역시 유성구 문화원로,57,,3020012200104710008012124,,대전광역시 유성구 문화원로 57,305335,34167,,2,,127.342363922548,36.3598511052259,cnu
MA010120220805813630,(세종이엔엘기술연구소,,M1,과학·기술,M109,기술 서비스,M10903,건물 및 토목 엔지니어링 서비스업,M72121,건물 및 토목 엔지니어링 서비스업,30,대전광역시,30200,유성구,30200530,온천1동,3020011100,봉명동,3020011100106070003,1,대지,607,3,대전광역시 유성구 봉명동 607-3,302003167083,대전광역시 유성구 대학로,45,,3020011100106070003011976,스카이뷰로드,대전광역시 유성구 대학로 45,305301,34168,,2,,127.342422679483,36.3580035284997,cnu
MA010120220809816997,굽네치킨,유성온천점,I2,음식,I210,기타 간이,I21006,치킨,I56193,치킨 전문점,30,대전광역시,30200,유성구,30200530,온천1동,3020011100,봉명동,3020011100106070003,1,대지,607,3,대전광역시 유성구 봉명동 607-3,302003167083,대전광역시 유성구 대학로,45,,3020011100106070003011976,스카이뷰로드,대전광역시 유성구 대학로 45,305301,34168,,,,127.342422679483,36.3580035284997,cnu
MA0101202512A0035434,무모한초밥대전,봉명점,I2,음식,I203,일식,I20301,일식 회/초밥,I56122,일식 음식점업,30,대전광역시,30200,유성구,30200530,온천1동,3020011100,봉명동,3020011100106070003,1,대지,607,3,대전광역시 유성구 봉명동 607-3,302003167083,대전광역시 유성구 대학로,45,,3020011100106070003011976,스카이뷰로드,대전광역시 유성구 대학로 45,305301,34168,,,,127.342422679483,36.3580035284997,cnu
MA0101202505A0064224,헤세드스튜디오,,M1,과학·기술,M112,전문 디자인,M11203,시각 디자인업,M73203,시각 디자인업,30,대전광역시,30200,유성구,30200540,온천2동,3020012200,궁동,3020012200104710006,1,대지,471,6,대전광역시 유성구 궁동 471-6,302004301139,대전광역시 유성구 대학로75번길,21,,3020012200104710006000001,,대전광역시 유성구 대학로75번길 21,305335,34167,,,,127.342464828453,36.3599950039987,cnu
MA010120220806710605,쏠르씨엘헤어,,S2,수리·개인,S207,이용·미용,S20701,미용실,S96112,두발 미용업,30,대전광역시,30200,유성구,30200530,온천1동,3020011100,봉명동,3020011100106050001,1,대지,605,1,대전광역시 유성구 봉명동 605-1,302003167083,대전광역시 유성구 대학로,55,41,3020011100106050001012876,,대전광역시 유성구 대학로 55-41,305301,34168,,,,127.342492764925,36.3587422910385,cnu
MA010120220808520620,쏠르씨엘,,I2,음식,I212,비알코올 ,I21201,카페,I56221,커피 전문점,30,대전광역시,30200,유성구,30200530,온천1동,3020011100,봉명동,3020011100106050001,1,대지,605,1,대전광역시 유성구 봉명동 605-1,302003167083,대전광역시 유성구 대학로,55,41,3020011100106050001012876,,대전광역시 유성구 대학로 55-41,305301,34168,,,,127.342492764925,36.3587422910385,cnu
MA010120220806170225,오백호모텔,,I1,숙박,I101,일반 숙박,I10102,여관/모텔,I55102,여관업,30,대전광역시,30200,유성구,30200530,온천1동,3020011100,봉명동,3020011100106040003,1,대지,604,3,대전광역시 유성구 봉명동 604-3,302003167083,대전광역시 유성구 대학로,55,10,3020011100106040003012837,브럭,대전광역시 유성구 대학로 55-10,305301,34168,,,,127.34256064021,36.3589764019141,cnu
MA0101202601A0010957,하우어,,I2,음식,I212,비알코올 ,I21201,카페,I56221,커피 전문점,30,대전광역시,30200,유성구,30200540,온천2동,3020012200,궁동,3020012200104710007,1,대지,471,7,대전광역시 유성구 궁동 471-7,302004301139,대전광역시 유성구 대학로75번길,17,,3020012200104710007012040,,대전광역시 유성구 대학로75번길 17,305335,34167,,2,,127.342620731827,36.3599765335562,cnu
MA010120220809533266,대감댁왕뼈해장국/뼈다방,,I2,음식,I201,한식,I20102,국/탕/찌개류,I56111,한식 일반 음식점업,30,대전광역시,30200,유성구,30200540,온천2동,3020012200,궁동,3020012200104710007,1,대지,471,7,대전광역시 유성구 궁동 471-7,302004301139,대전광역시 유성구 대학로75번길,17,,3020012200104710007012040,,대전광역시 유성구 대학로75번길 17,305335,34167,,,,127.342620731827,36.3599765335562,cnu
MA010120220806191534,송하,,I1,숙박,I102,기타 숙박,I10201,기숙사/고시원,I55901,기숙사 및 고시원 운영업,30,대전광역시,30200,유성구,30200540,온천2동,3020012200,궁동,3020012200104510004,1,대지,451,4,대전광역시 유성구 궁동 451-4,302004301142,대전광역시 유성구 대학로81번길,32,21,3020012200104510004011257,,대전광역시 유성구 대학로81번길 32-21,305335,34167,,,,127.342642065246,36.3623015025061,cnu
MA0101202505A0019453,루엔브네일,,S2,수리·개인,S207,이용·미용,S20703,네일숍,S96119,기타 미용업,30,대전광역시,30200,유성구,30200540,온천2동,3020012200,궁동,3020012200104510004,1,대지,451,4,대전광역시 유성구 궁동 451-4,302004301142,대전광역시 유성구 대학로81번길,32,21,3020012200104510004011257,,대전광역시 유성구 대학로81번길 32-21,305335,34167,,1,,127.342642065246,36.3623015025061,cnu
MA010120220813780404,드림,,I2,음식,I212,비알코올 ,I21201,카페,I56221,커피 전문점,30,대전광역시,30200,유성구,30200540,온천2동,3020012200,궁동,3020012200104510004,1,대지,451,4,대전광역시 유성구 궁동 451-4,302004301142,대전광역시 유성구 대학로81번길,32,21,3020012200104510004011257,,대전광역시 유성구 대학로81번길 32-21,305335,34167,,1,,127.342642065246,36.3623015025061,cnu
MA010120220806213226,지에스25유성스카이,,G2,소매,G204,종합 소매,G20405,편의점,G47122,체인화 편의점,30,대전광역시,30200,유성구,30200530,온천1동,3020011100,봉명동,3020011100106060002,1,대지,606,2,대전광역시 유성구 봉명동 606-2,302003167083,대전광역시 유성구 대학로,49,,3020011100106060002012443,,대전광역시 유성구 대학로 49,305301,34168,,1,,127.342679798792,36.358201049861,cnu
MA010120220810372596,크린토피아코인워시대전유성충대,봉명점,S2,수리·개인,S209,세탁,S20902,셀프 빨래방,S96912,가정용 세탁업,30,대전광역시,30200,유성구,30200530,온천1동,3020011100,봉명동,3020011100106060002,1,대지,606,2,대전광역시 유성구 봉명동 606-2,302003167083,대전광역시 유성구 대학로,49,,3020011100106060002012443,,대전광역시 유성구 대학로 49,305301,34168,,,,127.342679798792,36.358201049861,cnu
MA010120220806235650,뜰위채,,I2,음식,I211,주점,I21104,요리 주점,I56219,기타 주점업,30,대전광역시,30200,유성구,30200530,온천1동,3020011100,봉명동,3020011100106060002,1,대지,606,2,대전광역시 유성구 봉명동 606-2,302003167083,대전광역시 유성구 대학로,49,,3020011100106060002012443,,대전광역시 유성구 대학로 49,305301,34168,,2,,127.342679798792,36.358201049861,cnu
MA0101202604A0016684,육면옥대전,봉명점,I2,음식,I201,한식,I20106,냉면/밀면,I56112,한식 면 요리 전문점,30,대전광역시,30200,유성구,30200530,온천1동,3020011100,봉명동,3020011100106060002,1,대지,606,2,대전광역시 유성구 봉명동 606-2,302003167083,대전광역시 유성구 대학로,49,,3020011100106060002012443,,대전광역시 유성구 대학로 49,305301,34168,,,,127.342679798792,36.358201049861,cnu
MA010120220811492369,우리동네,,P1,교육,P107,교육 지원,P10701,교육컨설팅업,P85701,교육관련 자문 및 평가업,30,대전광역시,30200,유성구,30200540,온천2동,3020012200,궁동,3020012200104510005,1,대지,451,5,대전광역시 유성구 궁동 451-5,302004301142,대전광역시 유성구 대학로81번길,32,19,3020012200104510005011419,,대전광역시 유성구 대학로81번길 32-19,305335,34167,,4,,127.342764231245,36.3622110346738,cnu
MA0101202309A0030365,피아노스학원,,P1,교육,P106,기타 교육,P10609,음악학원,P85621,음악학원,30,대전광역시,30200,유성구,30200540,온천2동,3020012200,궁동,3020012200104510005,1,대지,451,5,대전광역시 유성구 궁동 451-5,302004301142,대전광역시 유성구 대학로81번길,32,19,3020012200104510005011419,,대전광역시 유성구 대학로81번길 32-19,305335,34167,,3,,127.342764231245,36.3622110346738,cnu
MA010120220800116205,한빛디지털유통,,M1,과학·기술,M107,본사·경영 컨설팅,M10703,경영 컨설팅업,M71531,경영 컨설팅업,30,대전광역시,30200,유성구,30200540,온천2동,3020012200,궁동,3020012200104510005,1,대지,451,5,대전광역시 유성구 궁동 451-5,302004301142,대전광역시 유성구 대학로81번길,32,19,3020012200104510005011419,,대전광역시 유성구 대학로81번길 32-19,305335,34167,,4,,127.342764231245,36.3622110346738,cnu
MA010120220800857962,늘푸른,,I1,숙박,I102,기타 숙박,I10201,기숙사/고시원,I55901,기숙사 및 고시원 운영업,30,대전광역시,30200,유성구,30200540,온천2동,3020012200,궁동,3020012200104510005,1,대지,451,5,대전광역시 유성구 궁동 451-5,302004301142,대전광역시 유성구 대학로81번길,32,19,3020012200104510005011419,,대전광역시 유성구 대학로81번길 32-19,305335,34167,,,,127.342764231245,36.3622110346738,cnu
MA010120220808331956,어벤져스,,N1,시설관리·임대,N102,청소·방제,N10203,"소독, 구충 및 방제 서비스업",N74220,"소독, 구충 및 방제 서비스업",30,대전광역시,30200,유성구,30200540,온천2동,3020012200,궁동,3020012200104510005,1,대지,451,5,대전광역시 유성구 궁동 451-5,302004301142,대전광역시 유성구 대학로81번길,32,19,3020012200104510005011419,늘푸른빌딩,대전광역시 유성구 대학로81번길 32-19,305335,34167,,1,,127.342764231245,36.3622110346738,cnu
MA010120220813965663,비앤플,,P1,교육,P107,교육 지원,P10701,교육컨설팅업,P85701,교육관련 자문 및 평가업,30,대전광역시,30200,유성구,30200540,온천2동,3020012200,궁동,3020012200104740010,1,대지,474,10,대전광역시 유성구 궁동 474-10,302004301139,대전광역시 유성구 대학로75번길,20,1,3020012200104740010012403,,대전광역시 유성구 대학로75번길 20-1,305335,34167,,,,127.342767153234,36.3603365834492,cnu
MA010120220807115366,와플칸,,I2,음식,I210,기타 간이,I21001,빵/도넛,I56191,제과점업,30,대전광역시,30200,유성구,30200530,온천1동,3020011100,봉명동,3020011100106060001,1,대지,606,1,대전광역시 유성구 봉명동 606-1,302003167083,대전광역시 유성구 대학로,53,,3020011100106060001000001,솔리안,대전광역시 유성구 대학로 53,305301,34168,,1,,127.34282597995,36.358507029994,cnu
MA0101202601A0041248,세븐유성센터점,코리아,G2,소매,G204,종합 소매,G20405,편의점,G47122,체인화 편의점,30,대전광역시,30200,유성구,30200530,온천1동,3020011100,봉명동,3020011100106060001,1,대지,606,1,대전광역시 유성구 봉명동 606-1,302003167083,대전광역시 유성구 대학로,53,,3020011100106060001000001,솔리안,대전광역시 유성구 대학로 53,305301,34168,,1,,127.34282597995,36.358507029994,cnu
MA0101202509A0008637,돈벼락로또명당,,R1,예술·스포츠,R104,유원지·오락,R10410,복권 발행/판매업,R91241,복권 발행 및 판매업,30,대전광역시,30200,유성구,30200530,온천1동,3020011100,봉명동,3020011100106060001,1,대지,606,1,대전광역시 유성구 봉명동 606-1,302003167083,대전광역시 유성구 대학로,53,,3020011100106060001000001,솔리안,대전광역시 유성구 대학로 53,305301,34168,,1,,127.34282597995,36.358507029994,cnu
MA010120220805254193,예닮엔지니어링,,M1,과학·기술,M109,기술 서비스,M10903,건물 및 토목 엔지니어링 서비스업,M72121,건물 및 토목 엔지니어링 서비스업,30,대전광역시,30200,유성구,30200540,온천2동,3020012200,궁동,3020012200104510009,1,대지,451,9,대전광역시 유성구 궁동 451-9,302004301142,대전광역시 유성구 대학로81번길,38,,3020012200104510009011571,,대전광역시 유성구 대학로81번길 38,305335,34167,,,,127.34289690631,36.361976348665,cnu
MA010120220806209541,샬롬,,I1,숙박,I102,기타 숙박,I10201,기숙사/고시원,I55901,기숙사 및 고시원 운영업,30,대전광역시,30200,유성구,30200540,온천2동,3020012200,궁동,3020012200104510009,1,대지,451,9,대전광역시 유성구 궁동 451-9,302004301142,대전광역시 유성구 대학로81번길,38,,3020012200104510009011571,,대전광역시 유성구 대학로81번길 38,305335,34167,,,,127.34289690631,36.361976348665,cnu
MA0101202603A0011265,와이디이엔지,,M1,과학·기술,M109,기술 서비스,M10903,건물 및 토목 엔지니어링 서비스업,M72121,건물 및 토목 엔지니어링 서비스업,30,대전광역시,30200,유성구,30200540,온천2동,3020012200,궁동,3020012200104510009,1,대지,451,9,대전광역시 유성구 궁동 451-9,302004301142,대전광역시 유성구 대학로81번길,38,,3020012200104510009011571,,대전광역시 유성구 대학로81번길 38,305335,34167,,2,,127.34289690631,36.361976348665,cnu
MA0101202503A0036201,트래블캔버스,,N1,시설관리·임대,N105,여행사·보조,N10501,여행사,N75210,여행사업,30,대전광역시,30200,유성구,30200540,온천2동,3020012200,궁동,3020012200104510009,1,대지,451,9,대전광역시 유성구 궁동 451-9,302004301142,대전광역시 유성구 대학로81번길,38,,3020012200104510009011571,,대전광역시 유성구 대학로81번길 38,305335,34167,,,,127.34289690631,36.361976348665,cnu
MA010120220809646488,가보소짬뽕,,I2,음식,I202,중식,I20201,중국집,I56121,중식 음식점업,30,대전광역시,30200,유성구,30200530,온천1동,3020011100,봉명동,3020011100106040002,1,대지,604,2,대전광역시 유성구 봉명동 604-2,302003167083,대전광역시 유성구 대학로,59,,3020011100106040002012801,샹그릴라오피스텔,대전광역시 유성구 대학로 59,305301,34168,,1,,127.342917601553,36.3590745072139,cnu
MA010120220812748186,인제이벤트대행,,N1,시설관리·임대,N108,기타 사업 서비스,N10802,전시/컨벤션/행사 대행 서비스업,N75992,"전시, 컨벤션 및 행사 대행업",30,대전광역시,30200,유성구,30200530,온천1동,3020011100,봉명동,3020011100106040002,1,대지,604,2,대전광역시 유성구 봉명동 604-2,302003167083,대전광역시 유성구 대학로,59,,3020011100106040002012801,샹그릴라오피스텔,대전광역시 유성구 대학로 59,305301,34168,,15,,127.342917601553,36.3590745072139,cnu
MA0101202305A0146258,유성인력사무소,,N1,시설관리·임대,N104,고용 알선,N10401,고용 알선업,N75110,고용 알선업,30,대전광역시,30200,유성구,30200530,온천1동,3020011100,봉명동,3020011100106040002,1,대지,604,2,대전광역시 유성구 봉명동 604-2,302003167083,대전광역시 유성구 대학로,59,,3020011100106040002012801,,대전광역시 유성구 대학로 59,305301,34168,,,,127.342917601553,36.3590745072139,cnu
MA0101202406A0272871,청소탐정소,,N1,시설관리·임대,N102,청소·방제,N10202,"산업설비, 운송장비 및 공공장소 청소업",N74212,"산업설비, 운송장비 및 공공장소 청소업",30,대전광역시,30200,유성구,30200530,온천1동,3020011100,봉명동,3020011100106040002,1,대지,604,2,대전광역시 유성구 봉명동 604-2,302003167083,대전광역시 유성구 대학로,59,,3020011100106040002012801,샹그릴라플러스빌,대전광역시 유성구 대학로 59,305301,34168,,,,127.342917601553,36.3590745072139,cnu
MA0101202406A0238028,샹그릴라공인중개사사무소,,L1,부동산,L102,부동산 서비스,L10203,부동산 중개/대리업,L68221,부동산 중개 및 대리업,30,대전광역시,30200,유성구,30200530,온천1동,3020011100,봉명동,3020011100106040002,1,대지,604,2,대전광역시 유성구 봉명동 604-2,302003167083,대전광역시 유성구 대학로,59,,3020011100106040002012801,샹그릴라오피스텔,대전광역시 유성구 대학로 59,305301,34168,,,,127.342917601553,36.3590745072139,cnu
MA0101202406A0589347,마인드밴드,,M1,과학·기술,M107,본사·경영 컨설팅,M10703,경영 컨설팅업,M71531,경영 컨설팅업,30,대전광역시,30200,유성구,30200530,온천1동,3020011100,봉명동,3020011100106040002,1,대지,604,2,대전광역시 유성구 봉명동 604-2,302003167083,대전광역시 유성구 대학로,59,,3020011100106040002012801,,대전광역시 유성구 대학로 59,305301,34168,,15,,127.342917601553,36.3590745072139,cnu
MA010120220814276731,비아이티,,M1,과학·기술,M107,본사·경영 컨설팅,M10703,경영 컨설팅업,M71531,경영 컨설팅업,30,대전광역시,30200,유성구,30200530,온천1동,3020011100,봉명동,3020011100106040002,1,대지,604,2,대전광역시 유성구 봉명동 604-2,302003167083,대전광역시 유성구 대학로,59,,3020011100106040002012801,샹그릴라오피스텔,대전광역시 유성구 대학로 59,305301,34168,,6,,127.342917601553,36.3590745072139,cnu
MA010120220800929638,닥터셀케이,,G2,소매,G205,식료품 소매,G20508,건강보조식품 소매업,G47217,건강 보조식품 소매업,30,대전광역시,30200,유성구,30200530,온천1동,3020011100,봉명동,3020011100106040002,1,대지,604,2,대전광역시 유성구 봉명동 604-2,302003167083,대전광역시 유성구 대학로,59,,3020011100106040002012801,샹그릴라오피스텔,대전광역시 유성구 대학로 59,305301,34168,,,,127.342917601553,36.3590745072139,cnu
MA010120220809757209,"샹그릴라공인중개사사무소,행정사이상노사무소",,L1,부동산,L102,부동산 서비스,L10203,부동산 중개/대리업,L68221,부동산 중개 및 대리업,30,대전광역시,30200,유성구,30200530,온천1동,3020011100,봉명동,3020011100106040002,1,대지,604,2,대전광역시 유성구 봉명동 604-2,302003167083,대전광역시 유성구 대학로,59,,3020011100106040002012801,샹그릴라플러스빌,대전광역시 유성구 대학로 59,305301,34168,,,,127.342917601553,36.3590745072139,cnu
MA010120220805989105,소잉아카데미,,P1,교육,P106,기타 교육,P10625,기타 기술/직업 훈련학원,P85669,기타 기술 및 직업 훈련학원,30,대전광역시,30200,유성구,30200530,온천1동,3020011100,봉명동,3020011100106040002,1,대지,604,2,대전광역시 유성구 봉명동 604-2,302003167083,대전광역시 유성구 대학로,59,,3020011100106040002012801,샹그릴라플러스빌,대전광역시 유성구 대학로 59,305301,34168,,,,127.342917601553,36.3590745072139,cnu
MA010120220806899870,정경훈국제특허법률사무소,,M1,과학·기술,M103,법무관련 ,M10302,변리사,M71102,변리사업,30,대전광역시,30200,유성구,30200530,온천1동,3020011100,봉명동,3020011100106040002,1,대지,604,2,대전광역시 유성구 봉명동 604-2,302003167083,대전광역시 유성구 대학로,59,,3020011100106040002012801,샹그릴라오피스텔,대전광역시 유성구 대학로 59,305301,34168,,2,,127.342917601553,36.3590745072139,cnu
MA010120220806490760,온코칭컴퍼니,,P1,교육,P107,교육 지원,P10799,기타 교육지원 서비스업,P85709,기타 교육지원 서비스업,30,대전광역시,30200,유성구,30200530,온천1동,3020011100,봉명동,3020011100106040002,1,대지,604,2,대전광역시 유성구 봉명동 604-2,302003167083,대전광역시 유성구 대학로,59,,3020011100106040002012801,,대전광역시 유성구 대학로 59,305301,34168,,,,127.342917601553,36.3590745072139,cnu
MA010120220803446378,세븐팩토리모먼트,,I2,음식,I212,비알코올 ,I21201,카페,I56229,기타 비알코올 음료점업,30,대전광역시,30200,유성구,30200530,온천1동,3020011100,봉명동,3020011100106040002,1,대지,604,2,대전광역시 유성구 봉명동 604-2,302003167083,대전광역시 유성구 대학로,59,,3020011100106040002012801,샹그릴라오피스텔,대전광역시 유성구 대학로 59,305301,34168,,1599,,127.342917601553,36.3590745072139,cnu
MA010120220812028840,올투데이디자인,,M1,과학·기술,M112,전문 디자인,M11203,시각 디자인업,M73203,시각 디자인업,30,대전광역시,30200,유성구,30200530,온천1동,3020011100,봉명동,3020011100106040002,1,대지,604,2,대전광역시 유성구 봉명동 604-2,302003167083,대전광역시 유성구 대학로,59,,3020011100106040002012801,샹그릴라오피스텔,대전광역시 유성구 대학로 59,305301,34168,,9,,127.342917601553,36.3590745072139,cnu
MA010120220806223259,리브리브,,G2,소매,G215,의약·화장품 소매,G21503,화장품 소매업,G47813,"화장품, 비누 및 방향제 소매업",30,대전광역시,30200,유성구,30200530,온천1동,3020011100,봉명동,3020011100106040002,1,대지,604,2,대전광역시 유성구 봉명동 604-2,302003167083,대전광역시 유성구 대학로,59,,3020011100106040002012801,,대전광역시 유성구 대학로 59,305301,34168,,15,,127.342917601553,36.3590745072139,cnu
MA010120220805746214,신원휘트니스,,R1,예술·스포츠,R103,스포츠 서비스,R10306,종합 스포츠시설,R91131,종합 스포츠시설 운영업,30,대전광역시,30200,유성구,30200530,온천1동,3020011100,봉명동,3020011100106040002,1,대지,604,2,대전광역시 유성구 봉명동 604-2,302003167083,대전광역시 유성구 대학로,59,,3020011100106040002012801,샹그릴라플러스빌,대전광역시 유성구 대학로 59,305301,34168,,14,,127.342917601553,36.3590745072139,cnu
MA0101202602A0034553,라시엘로,,G2,소매,G215,의약·화장품 소매,G21503,화장품 소매업,G47813,"화장품, 비누 및 방향제 소매업",30,대전광역시,30200,유성구,30200530,온천1동,3020011100,봉명동,3020011100106040002,1,대지,604,2,대전광역시 유성구 봉명동 604-2,302003167083,대전광역시 유성구 대학로,59,,3020011100106040002012801,샹그릴라오피스텔,대전광역시 유성구 대학로 59,305301,34168,,2,,127.342917601553,36.3590745072139,cnu
MA010120220806231057,제이에스이엔씨,,M1,과학·기술,M109,기술 서비스,M10903,건물 및 토목 엔지니어링 서비스업,M72121,건물 및 토목 엔지니어링 서비스업,30,대전광역시,30200,유성구,30200530,온천1동,3020011100,봉명동,3020011100106040002,1,대지,604,2,대전광역시 유성구 봉명동 604-2,302003167083,대전광역시 유성구 대학로,59,,3020011100106040002012801,샹그릴라플러스빌,대전광역시 유성구 대학로 59,305301,34168,,,,127.342917601553,36.3590745072139,cnu
MA010120220811898550,이유필라테스,,P1,교육,P106,기타 교육,P10603,요가/필라테스 학원,P85612,기타 스포츠 교육기관,30,대전광역시,30200,유성구,30200530,온천1동,3020011100,봉명동,3020011100106040002,1,대지,604,2,대전광역시 유성구 봉명동 604-2,302003167083,대전광역시 유성구 대학로,59,,3020011100106040002012801,샹그릴라플러스빌,대전광역시 유성구 대학로 59,305301,34168,,,,127.342917601553,36.3590745072139,cnu
MA0101202504A0082944,아우라뷰,,G2,소매,G215,의약·화장품 소매,G21503,화장품 소매업,G47813,"화장품, 비누 및 방향제 소매업",30,대전광역시,30200,유성구,30200530,온천1동,3020011100,봉명동,3020011100106040002,1,대지,604,2,대전광역시 유성구 봉명동 604-2,302003167083,대전광역시 유성구 대학로,59,,3020011100106040002012801,샹그릴라오피스텔,대전광역시 유성구 대학로 59,305301,34168,,2,,127.342917601553,36.3590745072139,cnu
MA0101202303A0054949,유성베스트공인중개사사무소,,L1,부동산,L102,부동산 서비스,L10203,부동산 중개/대리업,L68221,부동산 중개 및 대리업,30,대전광역시,30200,유성구,30200530,온천1동,3020011100,봉명동,3020011100106040001,1,대지,604,1,대전광역시 유성구 봉명동 604-1,302003167083,대전광역시 유성구 대학로,61,,3020011100106040001012776,,대전광역시 유성구 대학로 61,305301,34168,,,,127.343063192055,36.3592453124913,cnu
MA010120220806882287,베스트힐링약국,,G2,소매,G215,의약·화장품 소매,G21501,약국,G47811,의약품 및 의료용품 소매업,30,대전광역시,30200,유성구,30200530,온천1동,3020011100,봉명동,3020011100106040001,1,대지,604,1,대전광역시 유성구 봉명동 604-1,302003167083,대전광역시 유성구 대학로,61,,3020011100106040001012776,,대전광역시 유성구 대학로 61,305301,34168,,,,127.343063192055,36.3592453124913,cnu
MA0101202406A0183371,오라이카레,,I2,음식,I203,일식,I20301,일식 회/초밥,I56122,일식 음식점업,30,대전광역시,30200,유성구,30200540,온천2동,3020012200,궁동,3020012200104510007,1,대지,451,7,대전광역시 유성구 궁동 451-7,302004301142,대전광역시 유성구 대학로81번길,32,11,3020012200104510007011470,,대전광역시 유성구 대학로81번길 32-11,305335,34167,,1,,127.343153604753,36.3620747408749,cnu
MA0101202311A0088845,덴하그,,I2,음식,I212,비알코올 ,I21201,카페,I56221,커피 전문점,30,대전광역시,30200,유성구,30200540,온천2동,3020012200,궁동,3020012200104510007,1,대지,451,7,대전광역시 유성구 궁동 451-7,302004301142,대전광역시 유성구 대학로81번길,32,11,3020012200104510007011470,,대전광역시 유성구 대학로81번길 32-11,305335,34167,,2,,127.343153604753,36.3620747408749,cnu
MA0101202211A0076367,다사랑치킨,유성점,I2,음식,I210,기타 간이,I21006,치킨,I56193,치킨 전문점,30,대전광역시,30200,유성구,30200540,온천2동,3020012200,궁동,3020012200104510007,1,대지,451,7,대전광역시 유성구 궁동 451-7,302004301142,대전광역시 유성구 대학로81번길,32,11,3020012200104510007011470,,대전광역시 유성구 대학로81번길 32-11,305335,34167,,1,,127.343153604753,36.3620747408749,cnu
MA010120220805751331,케이테크,,N1,시설관리·임대,N111,산업용품 대여,N11102,컴퓨터/사무기기 대여업,N76320,컴퓨터 및 사무용 기계ㆍ장비 임대업,30,대전광역시,30200,유성구,30200540,온천2동,3020012200,궁동,3020012200104510007,1,대지,451,7,대전광역시 유성구 궁동 451-7,302004301142,대전광역시 유성구 대학로81번길,32,11,3020012200104510007011470,제,대전광역시 유성구 대학로81번길 32-11,305335,34167,,1,,127.343153604753,36.3620747408749,cnu
MA010120220806222724,건강재활연구원,,Q1,보건의료,Q104,기타 보건,Q10402,유사 의료업,Q86902,유사 의료업,30,대전광역시,30200,유성구,30200540,온천2동,3020012200,궁동,3020012200104510007,1,대지,451,7,대전광역시 유성구 궁동 451-7,302004301142,대전광역시 유성구 대학로81번길,32,11,3020012200104510007011470,,대전광역시 유성구 대학로81번길 32-11,305335,34167,,3,,127.343153604753,36.3620747408749,cnu
MA0101202409A0189246,청춘돼지,,I2,음식,I201,한식,I20107,돼지고기 구이/찜,I56111,한식 일반 음식점업,30,대전광역시,30200,유성구,30200540,온천2동,3020012200,궁동,3020012200104510007,1,대지,451,7,대전광역시 유성구 궁동 451-7,302004301142,대전광역시 유성구 대학로81번길,32,11,3020012200104510007011470,,대전광역시 유성구 대학로81번길 32-11,305335,34167,,1,,127.343153604753,36.3620747408749,cnu
MA0101202409A0171387,지에스25충남대파크점,,G2,소매,G204,종합 소매,G20405,편의점,G47122,체인화 편의점,30,대전광역시,30200,유성구,30200540,온천2동,3020012200,궁동,3020012200104800004,1,대지,480,4,대전광역시 유성구 궁동 480-4,302004301139,대전광역시 유성구 대학로75번길,10,,3020012200104800004011043,,대전광역시 유성구 대학로75번길 10,305335,34167,,1,,127.343268171139,36.3602540394034,cnu
MA010120220804786342,유성365약국,,G2,소매,G215,의약·화장품 소매,G21501,약국,G47811,의약품 및 의료용품 소매업,30,대전광역시,30200,유성구,30200530,온천1동,3020011100,봉명동,3020011100106170001,1,대지,617,1,대전광역시 유성구 봉명동 617-1,302003167083,대전광역시 유성구 대학로,44,,3020011100106170001013021,,대전광역시 유성구 대학로 44,305301,34185,,,,127.343390034095,36.3575591766399,cnu
MA010120220811696929,특허법인스마트,,M1,과학·기술,M103,법무관련 ,M10302,변리사,M71102,변리사업,30,대전광역시,30200,유성구,30200530,온천1동,3020011100,봉명동,3020011100106170001,1,대지,617,1,대전광역시 유성구 봉명동 617-1,302003167083,대전광역시 유성구 대학로,44,,3020011100106170001013021,대림빌딩,대전광역시 유성구 대학로 44,305301,34185,,,,127.343390034095,36.3575591766399,cnu
MA0101202306A0026758,연세굿바이사랑니치과,,Q1,보건의료,Q102,의원,Q10210,치과의원,Q86202,치과의원,30,대전광역시,30200,유성구,30200530,온천1동,3020011100,봉명동,3020011100106170001,1,대지,617,1,대전광역시 유성구 봉명동 617-1,302003167083,대전광역시 유성구 대학로,44,,3020011100106170001013021,대림빌딩,대전광역시 유성구 대학로 44,305301,34185,,,,127.343390034095,36.3575591766399,cnu
MA010120220809666247,좋아서하는의원,,Q1,보건의료,Q102,의원,Q10201,내과/소아과 의원,Q86201,일반의원,30,대전광역시,30200,유성구,30200530,온천1동,3020011100,봉명동,3020011100106170001,1,대지,617,1,대전광역시 유성구 봉명동 617-1,302003167083,대전광역시 유성구 대학로,44,,3020011100106170001013021,,대전광역시 유성구 대학로 44,305301,34185,,,,127.343390034095,36.3575591766399,cnu
MA010120220809967573,메이크인대전지사,,N1,시설관리·임대,N104,고용 알선,N10402,임시/일용 인력 공급업,N75121,임시 및 일용 인력 공급업,30,대전광역시,30200,유성구,30200530,온천1동,3020011100,봉명동,3020011100106170001,1,대지,617,1,대전광역시 유성구 봉명동 617-1,302003167083,대전광역시 유성구 대학로,44,,3020011100106170001013021,,대전광역시 유성구 대학로 44,305301,34185,,6,,127.343390034095,36.3575591766399,cnu
MA010120220808057872,서울뷰의원,,Q1,보건의료,Q102,의원,Q10204,피부/비뇨기과 의원,Q86201,일반의원,30,대전광역시,30200,유성구,30200530,온천1동,3020011100,봉명동,3020011100106170001,1,대지,617,1,대전광역시 유성구 봉명동 617-1,302003167083,대전광역시 유성구 대학로,44,,3020011100106170001013021,,대전광역시 유성구 대학로 44,305301,34185,,3,,127.343390034095,36.3575591766399,cnu
MA010120220812186369,좋아서하는의원,,Q1,보건의료,Q102,의원,Q10201,내과/소아과 의원,Q86201,일반의원,30,대전광역시,30200,유성구,30200530,온천1동,3020011100,봉명동,3020011100106170001,1,대지,617,1,대전광역시 유성구 봉명동 617-1,302003167083,대전광역시 유성구 대학로,44,,3020011100106170001013021,,대전광역시 유성구 대학로 44,305301,34185,,,,127.343390034095,36.3575591766399,cnu
MA010120220809895492,좋아서하는의원,,Q1,보건의료,Q102,의원,Q10201,내과/소아과 의원,Q86201,일반의원,30,대전광역시,30200,유성구,30200530,온천1동,3020011100,봉명동,3020011100106170001,1,대지,617,1,대전광역시 유성구 봉명동 617-1,302003167083,대전광역시 유성구 대학로,44,,3020011100106170001013021,,대전광역시 유성구 대학로 44,305301,34185,,,,127.343390034095,36.3575591766399,cnu
MA0106202201A0393616,세라젬웰카페대전,유성점,I2,음식,I201,한식,I20101,백반/한정식,I56111,한식 일반 음식점업,30,대전광역시,30200,유성구,30200530,온천1동,3020011100,봉명동,3020011100106170001,1,대지,617,1,대전광역시 유성구 봉명동 617-1,302003167083,대전광역시 유성구 대학로,44,,3020011100106170001013021,,대전광역시 유성구 대학로 44,305301,34185,,,,127.343390034095,36.3575591766399,cnu
MA010120220804886589,비욘드필라테스,유성온천점,P1,교육,P106,기타 교육,P10603,요가/필라테스 학원,P85612,기타 스포츠 교육기관,30,대전광역시,30200,유성구,30200530,온천1동,3020011100,봉명동,3020011100106170001,1,대지,617,1,대전광역시 유성구 봉명동 617-1,302003167083,대전광역시 유성구 대학로,44,,3020011100106170001013021,,대전광역시 유성구 대학로 44,305301,34185,,,,127.343390034095,36.3575591766399,cnu
MA010120220808278337,상무초밥,유성점,I2,음식,I203,일식,I20301,일식 회/초밥,I56122,일식 음식점업,30,대전광역시,30200,유성구,30200530,온천1동,3020011100,봉명동,3020011100106170001,1,대지,617,1,대전광역시 유성구 봉명동 617-1,302003167083,대전광역시 유성구 대학로,44,,3020011100106170001013021,,대전광역시 유성구 대학로 44,305301,34185,,1,,127.343390034095,36.3575591766399,cnu
MA0101202601A0019620,본보떼,,S2,수리·개인,S207,이용·미용,S20701,미용실,S96112,두발 미용업,30,대전광역시,30200,유성구,30200530,온천1동,3020011100,봉명동,3020011100106170001,1,대지,617,1,대전광역시 유성구 봉명동 617-1,302003167083,대전광역시 유성구 대학로,44,,3020011100106170001013021,,대전광역시 유성구 대학로 44,305301,34185,,2,,127.343390034095,36.3575591766399,cnu
MA010120220806247864,유성현대서비스주,,S2,수리·개인,S203,자동차 수리·세차,S20301,자동차 정비소,S95212,자동차 전문 수리업,30,대전광역시,30200,유성구,30200540,온천2동,3020012200,궁동,3020012200104520002,1,대지,452,2,대전광역시 유성구 궁동 452-2,302002010004,대전광역시 유성구 한밭대로,398,,3020012200104520002010467,,대전광역시 유성구 한밭대로 398,305335,34167,,,,127.343431835325,36.3620018475239,cnu
MA010120220809269997,충남대부동산공인중개사사무소,,L1,부동산,L102,부동산 서비스,L10203,부동산 중개/대리업,L68221,부동산 중개 및 대리업,30,대전광역시,30200,유성구,30200540,온천2동,3020012200,궁동,3020012200104800002,1,대지,480,2,대전광역시 유성구 궁동 480-2,302004301139,대전광역시 유성구 대학로75번길,12,16,3020012200104800002010512,카리나오피스텔,대전광역시 유성구 대학로75번길 12-16,305335,34167,,,,127.343459281585,36.3606409952618,cnu
MA0101202501A0064208,나와민오리국수,,I2,음식,I201,한식,I20105,국수/칼국수,I56129,기타 외국식 음식점업,30,대전광역시,30200,유성구,30200540,온천2동,3020012200,궁동,3020012200104800002,1,대지,480,2,대전광역시 유성구 궁동 480-2,302004301139,대전광역시 유성구 대학로75번길,12,16,3020012200104800002010512,,대전광역시 유성구 대학로75번길 12-16,305335,34167,,1,,127.343459281585,36.3606409952618,cnu
MA010120220803271772,롤링파스타대전,봉명점,I2,음식,I204,서양식,I20402,파스타/스테이크,I56123,서양식 음식점업,30,대전광역시,30200,유성구,30200530,온천1동,3020011100,봉명동,3020011100106150004,1,대지,615,4,대전광역시 유성구 봉명동 615-4,302003167083,대전광역시 유성구 대학로,50,,3020011100106150004000001,,대전광역시 유성구 대학로 50,305301,34185,,2,,127.343491889214,36.3579193538619,cnu
MA0101202309A0038506,엔젤스코인노래연습장,,R1,예술·스포츠,R104,유원지·오락,R10407,노래방,R91223,노래 연습장 운영업,30,대전광역시,30200,유성구,30200530,온천1동,3020011100,봉명동,3020011100106150004,1,대지,615,4,대전광역시 유성구 봉명동 615-4,302003167083,대전광역시 유성구 대학로,50,,3020011100106150004000001,,대전광역시 유성구 대학로 50,305301,34185,,3,,127.343491889214,36.3579193538619,cnu
MA0101202301A0093952,소담촌,유성점,I2,음식,I205,동남아시아,I20599,기타 동남아식 전문,I56111,한식 일반 음식점업,30,대전광역시,30200,유성구,30200530,온천1동,3020011100,봉명동,3020011100106150004,1,대지,615,4,대전광역시 유성구 봉명동 615-4,302003167083,대전광역시 유성구 대학로,50,,3020011100106150004000001,,대전광역시 유성구 대학로 50,305301,34185,,4,,127.343491889214,36.3579193538619,cnu
MA010120220810384910,올랑헤어,,S2,수리·개인,S207,이용·미용,S20701,미용실,S96112,두발 미용업,30,대전광역시,30200,유성구,30200530,온천1동,3020011100,봉명동,3020011100106150004,1,대지,615,4,대전광역시 유성구 봉명동 615-4,302003167083,대전광역시 유성구 대학로,50,,3020011100106150004000001,,대전광역시 유성구 대학로 50,305301,34185,,1,,127.343491889214,36.3579193538619,cnu
MA010120220808114446,커버박스,봉명점,G2,소매,G221,기타 상품 소매,G22199,그 외 기타 상품 전문 소매업,G47859,그 외 기타 분류 안된 상품 전문 소매업,30,대전광역시,30200,유성구,30200530,온천1동,3020011100,봉명동,3020011100106150004,1,대지,615,4,대전광역시 유성구 봉명동 615-4,302003167083,대전광역시 유성구 대학로,50,,3020011100106150004000001,미담빌딩,대전광역시 유성구 대학로 50,305301,34185,,,,127.343491889214,36.3579193538619,cnu
MA010120220812775346,오이공,,S2,수리·개인,S207,이용·미용,S20703,네일숍,S96119,기타 미용업,30,대전광역시,30200,유성구,30200530,온천1동,3020011100,봉명동,3020011100106150004,1,대지,615,4,대전광역시 유성구 봉명동 615-4,302003167083,대전광역시 유성구 대학로,50,,3020011100106150004000001,미담빌딩,대전광역시 유성구 대학로 50,305301,34185,,6,,127.343491889214,36.3579193538619,cnu
MA010120220803289240,오하운폴댄스학원,,P1,교육,P106,기타 교육,P10605,레크리에이션 교육기관,P85613,레크리에이션 교육기관,30,대전광역시,30200,유성구,30200530,온천1동,3020011100,봉명동,3020011100106150004,1,대지,615,4,대전광역시 유성구 봉명동 615-4,302003167083,대전광역시 유성구 대학로,50,,3020011100106150004000001,미담빌딩,대전광역시 유성구 대학로 50,305301,34185,,2,,127.343491889214,36.3579193538619,cnu
MA0101202603A0015554,씨유대전봉명,센터점,G2,소매,G204,종합 소매,G20405,편의점,G47122,체인화 편의점,30,대전광역시,30200,유성구,30200530,온천1동,3020011100,봉명동,3020011100106150004,1,대지,615,4,대전광역시 유성구 봉명동 615-4,302003167083,대전광역시 유성구 대학로,50,,3020011100106150004000001,,대전광역시 유성구 대학로 50,305301,34185,,,,127.343491889214,36.3579193538619,cnu
MA0101202502A0000859,웍인,,I2,음식,I202,중식,I20201,중국집,I56121,중식 음식점업,30,대전광역시,30200,유성구,30200530,온천1동,3020011100,봉명동,3020011100106150004,1,대지,615,4,대전광역시 유성구 봉명동 615-4,302003167083,대전광역시 유성구 대학로,50,,3020011100106150004000001,,대전광역시 유성구 대학로 50,305301,34185,,1,,127.343491889214,36.3579193538619,cnu
MA010120220807189451,시루향기,유성점,I2,음식,I201,한식,I20102,국/탕/찌개류,I56111,한식 일반 음식점업,30,대전광역시,30200,유성구,30200540,온천2동,3020012200,궁동,3020012200104800005,1,대지,480,5,대전광역시 유성구 궁동 480-5,302004301139,대전광역시 유성구 대학로75번길,2,,3020012200104800005011523,,대전광역시 유성구 대학로75번길 2,305335,34167,,,,127.343558526963,36.360406404558,cnu
MA0101202305A0028487,모랑,,I2,음식,I201,한식,I20101,백반/한정식,I56111,한식 일반 음식점업,30,대전광역시,30200,유성구,30200540,온천2동,3020012200,궁동,3020012200104790005,1,대지,479,5,대전광역시 유성구 궁동 479-5,302004301142,대전광역시 유성구 대학로81번길,22,,3020012200104790005009256,,대전광역시 유성구 대학로81번길 22,305335,34167,,,,127.343629853626,36.3614245266019,cnu
MA0101202511A0000281,맛집여행,,I2,음식,I201,한식,I20101,백반/한정식,I56111,한식 일반 음식점업,30,대전광역시,30200,유성구,30200540,온천2동,3020012200,궁동,3020012200104790005,1,대지,479,5,대전광역시 유성구 궁동 479-5,302004301142,대전광역시 유성구 대학로81번길,22,,3020012200104790005009256,,대전광역시 유성구 대학로81번길 22,305335,34167,,1,,127.343629853626,36.3614245266019,cnu
MA010120220806634331,스타애드,,M1,과학·기술,M105,광고,M10501,광고 대행업,M71310,광고 대행업,30,대전광역시,30200,유성구,30200540,온천2동,3020012200,궁동,3020012200104790005,1,대지,479,5,대전광역시 유성구 궁동 479-5,302004301142,대전광역시 유성구 대학로81번길,22,,3020012200104790005009256,갤럭시오피스텔,대전광역시 유성구 대학로81번길 22,305335,34167,,,,127.343629853626,36.3614245266019,cnu
MA010120220809600361,충대스마트세차,,S2,수리·개인,S203,자동차 수리·세차,S20302,자동차 세차장,S95213,자동차 세차업,30,대전광역시,30200,유성구,30200540,온천2동,3020012200,궁동,3020012200104790006,1,대지,479,6,대전광역시 유성구 궁동 479-6,302004301142,대전광역시 유성구 대학로81번길,14,,3020012200104790006010871,,대전광역시 유성구 대학로81번길 14,305335,34167,,,,127.34366153568,36.3610279187336,cnu
MA010120220806363326,라인오토,,N1,시설관리·임대,N109,운송장비 대여,N10901,자동차 대여업,N76110,자동차 임대업,30,대전광역시,30200,유성구,30200540,온천2동,3020012200,궁동,3020012200104800006,1,대지,480,6,대전광역시 유성구 궁동 480-6,302003167083,대전광역시 유성구 대학로,77,,3020012200104800006010878,준원빌딩,대전광역시 유성구 대학로 77,305335,34167,,,,127.343681877627,36.3605862847247,cnu
MA0101202406A0332782,웨스턴제이빈,,I2,음식,I204,서양식,I20401,경양식,I56123,서양식 음식점업,30,대전광역시,30200,유성구,30200530,온천1동,3020011100,봉명동,3020011100106150005,1,대지,615,5,대전광역시 유성구 봉명동 615-5,302003167083,대전광역시 유성구 대학로,48,9,3020011100106150005000001,,대전광역시 유성구 대학로 48-9,305301,34185,,1,,127.343736839335,36.3578826024514,cnu
MA010120220806250928,지에스칼텍스충대앞주유소주,,G2,소매,G214,연료 소매,G21401,주유소,G47711,운송장비용 주유소 운영업,30,대전광역시,30200,유성구,30200540,온천2동,3020012200,궁동,3020012200104790007,1,대지,479,7,대전광역시 유성구 궁동 479-7,302003167083,대전광역시 유성구 대학로,85,,3020012200104790007011736,,대전광역시 유성구 대학로 85,305335,34167,,,,127.343773745804,36.3612078308261,cnu
MA010120220805759028,양탄가,,I2,음식,I201,한식,I20107,돼지고기 구이/찜,I56113,한식 육류 요리 전문점,30,대전광역시,30200,유성구,30200530,온천1동,3020011100,봉명동,3020011100106150001,1,대지,615,1,대전광역시 유성구 봉명동 615-1,302003167083,대전광역시 유성구 대학로,56,,3020011100106150001012909,만수빌딩,대전광역시 유성구 대학로 56,305301,34185,,3,,127.343772641002,36.358423204384,cnu
MA0101202504A0108613,문화산업개발,,N1,시설관리·임대,N102,청소·방제,N10201,건축물 일반 청소업,N74211,건축물 일반 청소업,30,대전광역시,30200,유성구,30200530,온천1동,3020011100,봉명동,3020011100106150001,1,대지,615,1,대전광역시 유성구 봉명동 615-1,302003167083,대전광역시 유성구 대학로,56,,3020011100106150001012909,,대전광역시 유성구 대학로 56,305301,34185,,4,,127.343772641002,36.358423204384,cnu
MA010120220806235807,크래버,,I2,음식,I201,한식,I20101,백반/한정식,I56111,한식 일반 음식점업,30,대전광역시,30200,유성구,30200530,온천1동,3020011100,봉명동,3020011100106150001,1,대지,615,1,대전광역시 유성구 봉명동 615-1,302003167083,대전광역시 유성구 대학로,56,,3020011100106150001012909,,대전광역시 유성구 대학로 56,305301,34185,,,,127.343772641002,36.358423204384,cnu
MA0101202509A0016339,대게나라,,I2,음식,I201,한식,I20112,해산물 구이/찜,I56114,한식 해산물 요리 전문점,30,대전광역시,30200,유성구,30200530,온천1동,3020011100,봉명동,3020011100106150001,1,대지,615,1,대전광역시 유성구 봉명동 615-1,302003167083,대전광역시 유성구 대학로,56,,3020011100106150001012909,,대전광역시 유성구 대학로 56,305301,34185,,1,,127.343772641002,36.358423204384,cnu
MA010120220806198389,유성악기,,G2,소매,G212,기타 생활용품 소매,G21203,악기 소매업,G47593,악기 소매업,30,대전광역시,30200,유성구,30200540,온천2동,3020012200,궁동,3020012200104790001,1,대지,479,1,대전광역시 유성구 궁동 479-1,302002010004,대전광역시 유성구 한밭대로,400,,3020012200104790001000001,세연빌딩,대전광역시 유성구 한밭대로 400,305335,34167,,,,127.343844203921,36.3620276967533,cnu
MA010120220812281233,놀숲,충남대점,I2,음식,I212,비알코올 ,I21201,카페,I56221,커피 전문점,30,대전광역시,30200,유성구,30200540,온천2동,3020012200,궁동,3020012200104790001,1,대지,479,1,대전광역시 유성구 궁동 479-1,302002010004,대전광역시 유성구 한밭대로,400,,3020012200104790001000001,세연빌딩,대전광역시 유성구 한밭대로 400,305335,34167,,3,,127.343844203921,36.3620276967533,cnu
MA010120220812434124,골프프라자대전,,G2,소매,G213,오락용품 소매,G21304,운동용품 소매업,G47631,운동 및 경기용품 소매업,30,대전광역시,30200,유성구,30200540,온천2동,3020012200,궁동,3020012200104790001,1,대지,479,1,대전광역시 유성구 궁동 479-1,302002010004,대전광역시 유성구 한밭대로,400,,3020012200104790001000001,세연빌딩,대전광역시 유성구 한밭대로 400,305335,34167,,,,127.343844203921,36.3620276967533,cnu
MA0101202507A0034649,실리온,,G2,소매,G215,의약·화장품 소매,G21502,의료기기 소매업,G47812,의료용 기구 소매업,30,대전광역시,30200,유성구,30200540,온천2동,3020012200,궁동,3020012200104790001,1,대지,479,1,대전광역시 유성구 궁동 479-1,302002010004,대전광역시 유성구 한밭대로,400,,3020012200104790001000001,,대전광역시 유성구 한밭대로 400,305335,34167,,2,,127.343844203921,36.3620276967533,cnu
MA0101202502A0016287,바삭공장유성,봉명점,I2,음식,I201,한식,I20101,백반/한정식,I56111,한식 일반 음식점업,30,대전광역시,30200,유성구,30200530,온천1동,3020011100,봉명동,3020011100106170004,1,대지,617,4,대전광역시 유성구 봉명동 617-4,302003167046,대전광역시 유성구 온천북로,7,,3020011100106170004013171,레자미멀티홈,대전광역시 유성구 온천북로 7,305301,34185,,1,,127.343846627143,36.3575128048369,cnu
MA010120220807160156,투썸플레이스,충남대점,I2,음식,I212,비알코올 ,I21201,카페,I56221,커피 전문점,30,대전광역시,30200,유성구,30200540,온천2동,3020012200,궁동,3020012200104790008,1,대지,479,8,대전광역시 유성구 궁동 479-8,302003167083,대전광역시 유성구 대학로,87,,3020012200104790008010900,,대전광역시 유성구 대학로 87,305335,34167,,1,,127.343885797856,36.3613516962855,cnu
MA010120220806204328,알파문구대전충남점,,G2,소매,G213,오락용품 소매,G21302,문구/회화용품 소매업,G47612,문구용품 및 회화용품 소매업,30,대전광역시,30200,유성구,30200540,온천2동,3020012200,궁동,3020012200104790008,1,대지,479,8,대전광역시 유성구 궁동 479-8,302003167083,대전광역시 유성구 대학로,87,,3020012200104790008010900,,대전광역시 유성구 대학로 87,305335,34167,,2,,127.343885797856,36.3613516962855,cnu
MA010120220811426779,유학파인더,,P1,교육,P107,교육 지원,P10799,기타 교육지원 서비스업,P85709,기타 교육지원 서비스업,30,대전광역시,30200,유성구,30200540,온천2동,3020012200,궁동,3020012200104790008,1,대지,479,8,대전광역시 유성구 궁동 479-8,302003167083,대전광역시 유성구 대학로,87,,3020012200104790008010900,파인빌딩,대전광역시 유성구 대학로 87,305335,34167,,5,,127.343885797856,36.3613516962855,cnu
MA010120220807906617,다니엘시스템,,S2,수리·개인,S202,통신장비 수리,S20201,핸드폰/통신장비 수리업,S95120,통신장비 수리업,30,대전광역시,30200,유성구,30200540,온천2동,3020012200,궁동,3020012200104790009,1,대지,479,9,대전광역시 유성구 궁동 479-9,302003167083,대전광역시 유성구 대학로,87,1,3020012200104790009011411,드림빌딩,대전광역시 유성구 대학로 87-1,305335,34167,,,,127.343942061962,36.3614776987518,cnu
MA010120220807489236,벨크로PC방,,R1,예술·스포츠,R104,유원지·오락,R10406,PC방,R91222,컴퓨터 게임방 운영업,30,대전광역시,30200,유성구,30200540,온천2동,3020012200,궁동,3020012200104790009,1,대지,479,9,대전광역시 유성구 궁동 479-9,302003167083,대전광역시 유성구 대학로,87,1,3020012200104790009011411,,대전광역시 유성구 대학로 87-1,305335,34167,,2,,127.343942061962,36.3614776987518,cnu
MA010120220810216365,화도갈비바이모란정,,I2,음식,I201,한식,I20107,돼지고기 구이/찜,I56113,한식 육류 요리 전문점,30,대전광역시,30200,유성구,30200530,온천1동,3020011100,봉명동,3020011100106150008,1,대지,615,8,대전광역시 유성구 봉명동 615-8,302003167083,대전광역시 유성구 대학로,48,13,3020011100106150008000001,,대전광역시 유성구 대학로 48-13,305301,34185,,5,,127.343970647932,36.3578458826129,cnu
MA0101202302A0098105,두리단란주점,,I2,음식,I211,주점,I21104,요리 주점,I56219,기타 주점업,30,대전광역시,30200,유성구,30200530,온천1동,3020011100,봉명동,3020011100106150008,1,대지,615,8,대전광역시 유성구 봉명동 615-8,302003167083,대전광역시 유성구 대학로,48,13,3020011100106150008000001,,대전광역시 유성구 대학로 48-13,305301,34185,,3,,127.343970647932,36.3578458826129,cnu
MA0101202302A0017896,두리노래연습장,,R1,예술·스포츠,R104,유원지·오락,R10407,노래방,R91223,노래 연습장 운영업,30,대전광역시,30200,유성구,30200530,온천1동,3020011100,봉명동,3020011100106150008,1,대지,615,8,대전광역시 유성구 봉명동 615-8,302003167083,대전광역시 유성구 대학로,48,13,3020011100106150008000001,,대전광역시 유성구 대학로 48-13,305301,34185,,,,127.343970647932,36.3578458826129,cnu
MA010120220805781637,에이씨씨훌라우쿨렐레,,G2,소매,G213,오락용품 소매,G21302,문구/회화용품 소매업,G47612,문구용품 및 회화용품 소매업,30,대전광역시,30200,유성구,30200530,온천1동,3020011100,봉명동,3020011100106150008,1,대지,615,8,대전광역시 유성구 봉명동 615-8,302003167083,대전광역시 유성구 대학로,48,13,3020011100106150008000001,,대전광역시 유성구 대학로 48-13,305301,34185,,4,,127.343970647932,36.3578458826129,cnu
MA0101202511A0005498,선주가대전,봉명점,I2,음식,I201,한식,I20101,백반/한정식,I56111,한식 일반 음식점업,30,대전광역시,30200,유성구,30200530,온천1동,3020011100,봉명동,3020011100106150008,1,대지,615,8,대전광역시 유성구 봉명동 615-8,302003167083,대전광역시 유성구 대학로,48,13,3020011100106150008000001,,대전광역시 유성구 대학로 48-13,305301,34185,,,,127.343970647932,36.3578458826129,cnu
MA0101202502A0106825,차이나픽3900원,,I2,음식,I204,서양식,I20401,경양식,I56123,서양식 음식점업,30,대전광역시,30200,유성구,30200530,온천1동,3020011100,봉명동,3020011100106150008,1,대지,615,8,대전광역시 유성구 봉명동 615-8,302003167083,대전광역시 유성구 대학로,48,13,3020011100106150008000001,,대전광역시 유성구 대학로 48-13,305301,34185,,1,,127.343970647932,36.3578458826129,cnu
MA0101202506A0025851,에이티엔피봉명아트터닝포인트,,S2,수리·개인,S207,이용·미용,S20701,미용실,S96112,두발 미용업,30,대전광역시,30200,유성구,30200530,온천1동,3020011100,봉명동,3020011100106150008,1,대지,615,8,대전광역시 유성구 봉명동 615-8,302003167083,대전광역시 유성구 대학로,48,13,3020011100106150008000001,,대전광역시 유성구 대학로 48-13,305301,34185,,4,,127.343970647932,36.3578458826129,cnu
MA010120220811452104,훈불,,I2,음식,I201,한식,I20107,돼지고기 구이/찜,I56113,한식 육류 요리 전문점,30,대전광역시,30200,유성구,30200540,온천2동,3020012200,궁동,3020012200102220000,1,대지,222,,대전광역시 유성구 궁동 222,302002010004,대전광역시 유성구 한밭대로,407,18,3020012200102220000010828,,대전광역시 유성구 한밭대로 407-18,305335,34136,,,,127.344072317825,36.3632256017605,cnu
MA0101202308A0039148,홍명상회,,I2,음식,I201,한식,I20107,돼지고기 구이/찜,I56113,한식 육류 요리 전문점,30,대전광역시,30200,유성구,30200530,온천1동,3020011100,봉명동,3020011100106170004,1,대지,617,4,대전광역시 유성구 봉명동 617-4,302003167046,대전광역시 유성구 온천북로,7,,3020011100106170004013171,레자미멀티홈,대전광역시 유성구 온천북로 7,305301,34185,,1,,127.344058112445,36.3574671373152,cnu
MA0101202406A0280873,나루,,I2,음식,I203,일식,I20301,일식 회/초밥,I56122,일식 음식점업,30,대전광역시,30200,유성구,30200530,온천1동,3020011100,봉명동,3020011100106170004,1,대지,617,4,대전광역시 유성구 봉명동 617-4,302003167046,대전광역시 유성구 온천북로,7,,3020011100106170004013171,레자미멀티홈,대전광역시 유성구 온천북로 7,305301,34185,,1,,127.344058112445,36.3574671373152,cnu
MA010120220809841133,무양도원,,I2,음식,I201,한식,I20107,돼지고기 구이/찜,I56113,한식 육류 요리 전문점,30,대전광역시,30200,유성구,30200530,온천1동,3020011100,봉명동,3020011100106170004,1,대지,617,4,대전광역시 유성구 봉명동 617-4,302003167046,대전광역시 유성구 온천북로,7,,3020011100106170004013171,레자미멀티홈,대전광역시 유성구 온천북로 7,305301,34185,,1,,127.344058112445,36.3574671373152,cnu
MA010120220808570575,쁘리모,,I2,음식,I204,서양식,I20401,경양식,I56123,서양식 음식점업,30,대전광역시,30200,유성구,30200530,온천1동,3020011100,봉명동,3020011100106170004,1,대지,617,4,대전광역시 유성구 봉명동 617-4,302003167046,대전광역시 유성구 온천북로,7,,3020011100106170004013171,레자미멀티홈,대전광역시 유성구 온천북로 7,305301,34185,,,,127.344058112445,36.3574671373152,cnu
MA010120220803174401,김앤이프로젝트,,M1,과학·기술,M105,광고,M10599,기타 광고 관련 서비스업,M71531,경영 컨설팅업,30,대전광역시,30200,유성구,30200530,온천1동,3020011100,봉명동,3020011100106170004,1,대지,617,4,대전광역시 유성구 봉명동 617-4,302003167046,대전광역시 유성구 온천북로,7,,3020011100106170004013171,레자미멀티홈,대전광역시 유성구 온천북로 7,305301,34185,,2,,127.344058112445,36.3574671373152,cnu
MA0101202308A0018969,골드건강관리,,G2,소매,G215,의약·화장품 소매,G21503,화장품 소매업,G47813,"화장품, 비누 및 방향제 소매업",30,대전광역시,30200,유성구,30200530,온천1동,3020011100,봉명동,3020011100106170004,1,대지,617,4,대전광역시 유성구 봉명동 617-4,302003167046,대전광역시 유성구 온천북로,7,,3020011100106170004013171,레자미멀티홈,대전광역시 유성구 온천북로 7,305301,34185,,2,,127.344058112445,36.3574671373152,cnu
MA0101202307A0087871,꾸아대전,유성점,I2,음식,I205,동남아시아,I20501,베트남식 전문,I56129,기타 외국식 음식점업,30,대전광역시,30200,유성구,30200530,온천1동,3020011100,봉명동,3020011100106170004,1,대지,617,4,대전광역시 유성구 봉명동 617-4,302003167046,대전광역시 유성구 온천북로,7,,3020011100106170004013171,레자미멀티홈,대전광역시 유성구 온천북로 7,305301,34185,,1,,127.344058112445,36.3574671373152,cnu
MA0101202210A0047697,1987MARCHE,유성점,I2,음식,I211,주점,I21104,요리 주점,I56219,기타 주점업,30,대전광역시,30200,유성구,30200530,온천1동,3020011100,봉명동,3020011100106170004,1,대지,617,4,대전광역시 유성구 봉명동 617-4,302003167046,대전광역시 유성구 온천북로,7,,3020011100106170004013171,레자미멀티홈,대전광역시 유성구 온천북로 7,305301,34185,,1,,127.344058112445,36.3574671373152,cnu
MA0101202210A0046100,퐁당,유성점,I2,음식,I201,한식,I20101,백반/한정식,I56111,한식 일반 음식점업,30,대전광역시,30200,유성구,30200530,온천1동,3020011100,봉명동,3020011100106170004,1,대지,617,4,대전광역시 유성구 봉명동 617-4,302003167046,대전광역시 유성구 온천북로,7,,3020011100106170004013171,레자미멀티홈,대전광역시 유성구 온천북로 7,305301,34185,,,,127.344058112445,36.3574671373152,cnu
MA010120220812519894,리포엘헤어,,S2,수리·개인,S207,이용·미용,S20701,미용실,S96112,두발 미용업,30,대전광역시,30200,유성구,30200530,온천1동,3020011100,봉명동,3020011100106170004,1,대지,617,4,대전광역시 유성구 봉명동 617-4,302003167046,대전광역시 유성구 온천북로,7,,3020011100106170004013171,레자미멀티홈,대전광역시 유성구 온천북로 7,305301,34185,,2,,127.344058112445,36.3574671373152,cnu
MA010120220813698234,카페민트,,I2,음식,I212,비알코올 ,I21201,카페,I56221,커피 전문점,30,대전광역시,30200,유성구,30200530,온천1동,3020011100,봉명동,3020011100106170004,1,대지,617,4,대전광역시 유성구 봉명동 617-4,302003167046,대전광역시 유성구 온천북로,7,,3020011100106170004013171,레자미멀티홈,대전광역시 유성구 온천북로 7,305301,34185,,1,,127.344058112445,36.3574671373152,cnu
MA010120220809775596,타마,,I2,음식,I203,일식,I20301,일식 회/초밥,I56122,일식 음식점업,30,대전광역시,30200,유성구,30200530,온천1동,3020011100,봉명동,3020011100106170004,1,대지,617,4,대전광역시 유성구 봉명동 617-4,302003167046,대전광역시 유성구 온천북로,7,,3020011100106170004013171,레자미멀티홈,대전광역시 유성구 온천북로 7,305301,34185,,1,,127.344058112445,36.3574671373152,cnu
MA010120220814085084,퐁당,유성점,I2,음식,I201,한식,I20101,백반/한정식,I56111,한식 일반 음식점업,30,대전광역시,30200,유성구,30200530,온천1동,3020011100,봉명동,3020011100106170004,1,대지,617,4,대전광역시 유성구 봉명동 617-4,302003167046,대전광역시 유성구 온천북로,7,,3020011100106170004013171,레자미멀티홈,대전광역시 유성구 온천북로 7,305301,34185,,1,,127.344058112445,36.3574671373152,cnu
MA010120220806968646,스마일PC,,R1,예술·스포츠,R104,유원지·오락,R10406,PC방,R91222,컴퓨터 게임방 운영업,30,대전광역시,30200,유성구,30200530,온천1동,3020011100,봉명동,3020011100106170004,1,대지,617,4,대전광역시 유성구 봉명동 617-4,302003167046,대전광역시 유성구 온천북로,7,,3020011100106170004013171,레자미멀티홈,대전광역시 유성구 온천북로 7,305301,34185,,1,,127.344058112445,36.3574671373152,cnu
MA0101202603A0035033,브이엘헤어유성,봉명점,S2,수리·개인,S207,이용·미용,S20701,미용실,S96112,두발 미용업,30,대전광역시,30200,유성구,30200530,온천1동,3020011100,봉명동,3020011100106170004,1,대지,617,4,대전광역시 유성구 봉명동 617-4,302003167046,대전광역시 유성구 온천북로,7,,3020011100106170004013171,레자미멀티홈,대전광역시 유성구 온천북로 7,305301,34185,,2,,127.344058112445,36.3574671373152,cnu
MA0101202509A0026549,타치노미럽밤,,I2,음식,I203,일식,I20301,일식 회/초밥,I56122,일식 음식점업,30,대전광역시,30200,유성구,30200530,온천1동,3020011100,봉명동,3020011100106170004,1,대지,617,4,대전광역시 유성구 봉명동 617-4,302003167046,대전광역시 유성구 온천북로,7,,3020011100106170004013171,레자미멀티홈,대전광역시 유성구 온천북로 7,305301,34185,,1,,127.344058112445,36.3574671373152,cnu
MA0101202604A0029406,광주서울곱창대전,봉명점,I2,음식,I201,한식,I20109,곱창 전골/구이,I56111,한식 일반 음식점업,30,대전광역시,30200,유성구,30200530,온천1동,3020011100,봉명동,3020011100106170004,1,대지,617,4,대전광역시 유성구 봉명동 617-4,302003167046,대전광역시 유성구 온천북로,7,,3020011100106170004013171,레자미멀티홈,대전광역시 유성구 온천북로 7,305301,34185,,1,,127.344058112445,36.3574671373152,cnu
MA0101202512A0022910,바다노상,,I2,음식,I203,일식,I20301,일식 회/초밥,I56122,일식 음식점업,30,대전광역시,30200,유성구,30200530,온천1동,3020011100,봉명동,3020011100106170004,1,대지,617,4,대전광역시 유성구 봉명동 617-4,302003167046,대전광역시 유성구 온천북로,7,,3020011100106170004013171,레자미멀티홈,대전광역시 유성구 온천북로 7,305301,34185,,1,,127.344058112445,36.3574671373152,cnu
MA0101202602A0007640,코너,,I2,음식,I211,주점,I21104,요리 주점,I56219,기타 주점업,30,대전광역시,30200,유성구,30200530,온천1동,3020011100,봉명동,3020011100106170004,1,대지,617,4,대전광역시 유성구 봉명동 617-4,302003167046,대전광역시 유성구 온천북로,7,,3020011100106170004013171,레자미멀티홈,대전광역시 유성구 온천북로 7,305301,34185,,1,,127.344058112445,36.3574671373152,cnu
MA0101202507A0027686,"오늘,우리",,I2,음식,I211,주점,I21104,요리 주점,I56123,서양식 음식점업,30,대전광역시,30200,유성구,30200530,온천1동,3020011100,봉명동,3020011100106170004,1,대지,617,4,대전광역시 유성구 봉명동 617-4,302003167046,대전광역시 유성구 온천북로,7,,3020011100106170004013171,레자미멀티홈,대전광역시 유성구 온천북로 7,305301,34185,,1,,127.344058112445,36.3574671373152,cnu
MA0101202509A0025748,해미집,,I2,음식,I201,한식,I20101,백반/한정식,I56111,한식 일반 음식점업,30,대전광역시,30200,유성구,30200530,온천1동,3020011100,봉명동,3020011100106170004,1,대지,617,4,대전광역시 유성구 봉명동 617-4,302003167046,대전광역시 유성구 온천북로,7,,3020011100106170004013171,레자미멀티홈,대전광역시 유성구 온천북로 7,305301,34185,,1,,127.344058112445,36.3574671373152,cnu
MA0101202503A0025542,1990야끼니꾸도쿄화로대전,봉명동점,I2,음식,I203,일식,I20301,일식 회/초밥,I56122,일식 음식점업,30,대전광역시,30200,유성구,30200530,온천1동,3020011100,봉명동,3020011100106170004,1,대지,617,4,대전광역시 유성구 봉명동 617-4,302003167046,대전광역시 유성구 온천북로,7,,3020011100106170004013171,레자미멀티홈,대전광역시 유성구 온천북로 7,305301,34185,,1,,127.344058112445,36.3574671373152,cnu
MA0101202504A0039431,깻잎막회,,I2,음식,I201,한식,I20111,횟집,I56114,한식 해산물 요리 전문점,30,대전광역시,30200,유성구,30200530,온천1동,3020011100,봉명동,3020011100106170004,1,대지,617,4,대전광역시 유성구 봉명동 617-4,302003167046,대전광역시 유성구 온천북로,7,,3020011100106170004013171,레자미멀티홈,대전광역시 유성구 온천북로 7,305301,34185,,1,,127.344058112445,36.3574671373152,cnu
MA0101202308A0055666,위퍼스트스터디카페,충남대점,R1,예술·스포츠,R102,도서관·사적지,R10202,독서실/스터디 카페,R90212,독서실 운영업,30,대전광역시,30200,유성구,30200540,온천2동,3020012200,궁동,3020012200104790011,1,대지,479,11,대전광역시 유성구 궁동 479-11,302002010004,대전광역시 유성구 한밭대로,404,,3020012200104790011011617,,대전광역시 유성구 한밭대로 404,305335,34167,,3,,127.344144201606,36.3618375864413,cnu
MA010120220806941828,대전손짜장,,I2,음식,I202,중식,I20201,중국집,I56121,중식 음식점업,30,대전광역시,30200,유성구,30200540,온천2동,3020012200,궁동,3020012200104790011,1,대지,479,11,대전광역시 유성구 궁동 479-11,302002010004,대전광역시 유성구 한밭대로,404,,3020012200104790011011617,,대전광역시 유성구 한밭대로 404,305335,34167,,1,,127.344144201606,36.3618375864413,cnu
MA010120220811730318,어썸피트니스,,R1,예술·스포츠,R103,스포츠 서비스,R10307,헬스장,R91132,체력 단련시설 운영업,30,대전광역시,30200,유성구,30200540,온천2동,3020012200,궁동,3020012200104790011,1,대지,479,11,대전광역시 유성구 궁동 479-11,302002010004,대전광역시 유성구 한밭대로,404,,3020012200104790011011617,,대전광역시 유성구 한밭대로 404,305335,34167,,,,127.344144201606,36.3618375864413,cnu
MA010120220806233559,이디야커피충대,정문점,I2,음식,I212,비알코올 ,I21201,카페,I56221,커피 전문점,30,대전광역시,30200,유성구,30200540,온천2동,3020012200,궁동,3020012200104790011,1,대지,479,11,대전광역시 유성구 궁동 479-11,302002010004,대전광역시 유성구 한밭대로,404,,3020012200104790011011617,,대전광역시 유성구 한밭대로 404,305335,34167,,1,,127.344144201606,36.3618375864413,cnu
MA010120220806175345,경돈문화사,,N1,시설관리·임대,N107,사무 지원,N10703,복사업,N75912,복사업,30,대전광역시,30200,유성구,30200540,온천2동,3020012200,궁동,3020012200104790011,1,대지,479,11,대전광역시 유성구 궁동 479-11,302002010004,대전광역시 유성구 한밭대로,404,,3020012200104790011011617,,대전광역시 유성구 한밭대로 404,305335,34167,,1,,127.344144201606,36.3618375864413,cnu
MA0101202504A0004493,코알라부동산공인중개사사무소,,L1,부동산,L102,부동산 서비스,L10203,부동산 중개/대리업,L68221,부동산 중개 및 대리업,30,대전광역시,30200,유성구,30200540,온천2동,3020012200,궁동,3020012200104790011,1,대지,479,11,대전광역시 유성구 궁동 479-11,302002010004,대전광역시 유성구 한밭대로,404,,3020012200104790011011617,,대전광역시 유성구 한밭대로 404,305335,34167,,,,127.344144201606,36.3618375864413,cnu
MA010120220811881430,아랑,,I2,음식,I201,한식,I20111,횟집,I56114,한식 해산물 요리 전문점,30,대전광역시,30200,유성구,30200530,온천1동,3020011100,봉명동,3020011100106120001,1,대지,612,1,대전광역시 유성구 봉명동 612-1,302003167083,대전광역시 유성구 대학로,62,,3020011100106120001012823,,대전광역시 유성구 대학로 62,305301,34185,,1,,127.344232096058,36.3590256687169,cnu
MA010120220813269926,9회말스크린야구장,유성점,R1,예술·스포츠,R103,스포츠 서비스,R10314,기타 스포츠시설 운영업,R91139,그 외 기타 스포츠시설 운영업,30,대전광역시,30200,유성구,30200530,온천1동,3020011100,봉명동,3020011100106120001,1,대지,612,1,대전광역시 유성구 봉명동 612-1,302003167083,대전광역시 유성구 대학로,62,,3020011100106120001012823,,대전광역시 유성구 대학로 62,305301,34185,,3,,127.344232096058,36.3590256687169,cnu
MA010120220806849798,옐로우스트릿,,I2,음식,I201,한식,I20111,횟집,I56114,한식 해산물 요리 전문점,30,대전광역시,30200,유성구,30200530,온천1동,3020011100,봉명동,3020011100106120001,1,대지,612,1,대전광역시 유성구 봉명동 612-1,302003167083,대전광역시 유성구 대학로,62,,3020011100106120001012823,,대전광역시 유성구 대학로 62,305301,34185,,4,,127.344232096058,36.3590256687169,cnu
MA0101202412A0071227,옐로우스트릿,,I2,음식,I201,한식,I20101,백반/한정식,I56111,한식 일반 음식점업,30,대전광역시,30200,유성구,30200530,온천1동,3020011100,봉명동,3020011100106120001,1,대지,612,1,대전광역시 유성구 봉명동 612-1,302003167083,대전광역시 유성구 대학로,62,,3020011100106120001012823,,대전광역시 유성구 대학로 62,305301,34185,,4,,127.344232096058,36.3590256687169,cnu
MA0101202308A0005145,웬즈데이위스키,,I2,음식,I211,주점,I21104,요리 주점,I56219,기타 주점업,30,대전광역시,30200,유성구,30200530,온천1동,3020011100,봉명동,3020011100106120003,1,대지,612,3,대전광역시 유성구 봉명동 612-3,302003167083,대전광역시 유성구 대학로,60,,3020011100106120003012126,,대전광역시 유성구 대학로 60,305301,34185,,2,,127.34424200728,36.3587462759868,cnu
MA0101202309A0074691,블루웨일코인노래연습장,,R1,예술·스포츠,R104,유원지·오락,R10407,노래방,R91223,노래 연습장 운영업,30,대전광역시,30200,유성구,30200530,온천1동,3020011100,봉명동,3020011100106120003,1,대지,612,3,대전광역시 유성구 봉명동 612-3,302003167083,대전광역시 유성구 대학로,60,,3020011100106120003012126,매드블럭,대전광역시 유성구 대학로 60,305301,34185,,,,127.34424200728,36.3587462759868,cnu
MA0101202309A0045605,카이젠1985,,I2,음식,I210,기타 간이,I21099,그 외 기타 간이 음식점,I56199,간이 음식 포장 판매 전문점,30,대전광역시,30200,유성구,30200530,온천1동,3020011100,봉명동,3020011100106120003,1,대지,612,3,대전광역시 유성구 봉명동 612-3,302003167083,대전광역시 유성구 대학로,60,,3020011100106120003012126,매드블럭,대전광역시 유성구 대학로 60,305301,34185,,,,127.34424200728,36.3587462759868,cnu
MA0101202309A0058891,국밥참맛있는집대전,봉명점,I2,음식,I201,한식,I20102,국/탕/찌개류,I56111,한식 일반 음식점업,30,대전광역시,30200,유성구,30200530,온천1동,3020011100,봉명동,3020011100106120003,1,대지,612,3,대전광역시 유성구 봉명동 612-3,302003167083,대전광역시 유성구 대학로,60,,3020011100106120003012126,,대전광역시 유성구 대학로 60,305301,34185,,2,,127.34424200728,36.3587462759868,cnu
MA0101202406A0555161,모두,,R1,예술·스포츠,R103,스포츠 서비스,R10311,골프 연습장,R91136,골프 연습장 운영업,30,대전광역시,30200,유성구,30200530,온천1동,3020011100,봉명동,3020011100106120003,1,대지,612,3,대전광역시 유성구 봉명동 612-3,302003167083,대전광역시 유성구 대학로,60,,3020011100106120003012126,,대전광역시 유성구 대학로 60,305301,34185,,,,127.34424200728,36.3587462759868,cnu
MA0101202406A0177471,이마트24유성매드블럭,,G2,소매,G204,종합 소매,G20405,편의점,G47122,체인화 편의점,30,대전광역시,30200,유성구,30200530,온천1동,3020011100,봉명동,3020011100106120003,1,대지,612,3,대전광역시 유성구 봉명동 612-3,302003167083,대전광역시 유성구 대학로,60,,3020011100106120003012126,,대전광역시 유성구 대학로 60,305301,34185,,,,127.34424200728,36.3587462759868,cnu
MA010120220814242273,차밍네일,,S2,수리·개인,S207,이용·미용,S20703,네일숍,S96119,기타 미용업,30,대전광역시,30200,유성구,30200530,온천1동,3020011100,봉명동,3020011100106120003,1,대지,612,3,대전광역시 유성구 봉명동 612-3,302003167083,대전광역시 유성구 대학로,60,,3020011100106120003012126,매드블럭,대전광역시 유성구 대학로 60,305301,34185,,2,,127.34424200728,36.3587462759868,cnu
MA010120220809741900,용용선생대전,봉명점,I2,음식,I211,주점,I21104,요리 주점,I56121,중식 음식점업,30,대전광역시,30200,유성구,30200530,온천1동,3020011100,봉명동,3020011100106120003,1,대지,612,3,대전광역시 유성구 봉명동 612-3,302003167083,대전광역시 유성구 대학로,60,,3020011100106120003012126,매드블럭,대전광역시 유성구 대학로 60,305301,34185,,1,,127.34424200728,36.3587462759868,cnu
MA0101202305A0148723,와드,,G2,소매,G209,섬유·의복·신발 소매,G20901,남성 의류 소매업,G47411,남자용 겉옷 소매업,30,대전광역시,30200,유성구,30200530,온천1동,3020011100,봉명동,3020011100106120003,1,대지,612,3,대전광역시 유성구 봉명동 612-3,302003167083,대전광역시 유성구 대학로,60,,3020011100106120003012126,,대전광역시 유성구 대학로 60,305301,34185,,,,127.34424200728,36.3587462759868,cnu
MA0101202309A0056087,라쿠엔,,I2,음식,I203,일식,I20301,일식 회/초밥,I56122,일식 음식점업,30,대전광역시,30200,유성구,30200530,온천1동,3020011100,봉명동,3020011100106120003,1,대지,612,3,대전광역시 유성구 봉명동 612-3,302003167083,대전광역시 유성구 대학로,60,,3020011100106120003012126,,대전광역시 유성구 대학로 60,305301,34185,,2,,127.34424200728,36.3587462759868,cnu
MA010120220806161852,매드블럭볼링장,,R1,예술·스포츠,R103,스포츠 서비스,R10309,볼링장,R91134,볼링장 운영업,30,대전광역시,30200,유성구,30200530,온천1동,3020011100,봉명동,3020011100106120003,1,대지,612,3,대전광역시 유성구 봉명동 612-3,302003167083,대전광역시 유성구 대학로,60,,3020011100106120003012126,,대전광역시 유성구 대학로 60,305301,34185,,4,,127.34424200728,36.3587462759868,cnu
MA010120220806484674,올스킨,,S2,수리·개인,S207,이용·미용,S20702,피부 관리실,S96113,피부 미용업,30,대전광역시,30200,유성구,30200530,온천1동,3020011100,봉명동,3020011100106120003,1,대지,612,3,대전광역시 유성구 봉명동 612-3,302003167083,대전광역시 유성구 대학로,60,,3020011100106120003012126,,대전광역시 유성구 대학로 60,305301,34185,,,,127.34424200728,36.3587462759868,cnu
MA010120220805783589,빈느,,G2,소매,G209,섬유·의복·신발 소매,G20905,기타 의류 소매업,G47414,셔츠 및 블라우스 소매업,30,대전광역시,30200,유성구,30200530,온천1동,3020011100,봉명동,3020011100106120003,1,대지,612,3,대전광역시 유성구 봉명동 612-3,302003167083,대전광역시 유성구 대학로,60,,3020011100106120003012126,매드블럭,대전광역시 유성구 대학로 60,305301,34185,,3,,127.34424200728,36.3587462759868,cnu
MA0101202305A0129965,윤가황소곱창,,I2,음식,I201,한식,I20109,곱창 전골/구이,I56113,한식 육류 요리 전문점,30,대전광역시,30200,유성구,30200530,온천1동,3020011100,봉명동,3020011100106120003,1,대지,612,3,대전광역시 유성구 봉명동 612-3,302003167083,대전광역시 유성구 대학로,60,,3020011100106120003012126,,대전광역시 유성구 대학로 60,305301,34185,,1,,127.34424200728,36.3587462759868,cnu
MA0101202302A0000012,매드블럭,,R1,예술·스포츠,R104,유원지·오락,R10407,노래방,R91223,노래 연습장 운영업,30,대전광역시,30200,유성구,30200530,온천1동,3020011100,봉명동,3020011100106120003,1,대지,612,3,대전광역시 유성구 봉명동 612-3,302003167083,대전광역시 유성구 대학로,60,,3020011100106120003012126,매드블럭,대전광역시 유성구 대학로 60,305301,34185,,,,127.34424200728,36.3587462759868,cnu
MA010120220808509568,수안초밥,,I2,음식,I203,일식,I20301,일식 회/초밥,I56122,일식 음식점업,30,대전광역시,30200,유성구,30200530,온천1동,3020011100,봉명동,3020011100106120003,1,대지,612,3,대전광역시 유성구 봉명동 612-3,302003167083,대전광역시 유성구 대학로,60,,3020011100106120003012126,,대전광역시 유성구 대학로 60,305301,34185,,2,,127.34424200728,36.3587462759868,cnu
MA0106202201A2214602,씨제이올리브영대전,봉명점,G2,소매,G221,기타 상품 소매,G22199,그 외 기타 상품 전문 소매업,G47859,그 외 기타 분류 안된 상품 전문 소매업,30,대전광역시,30200,유성구,30200530,온천1동,3020011100,봉명동,3020011100106120003,1,대지,612,3,대전광역시 유성구 봉명동 612-3,302003167083,대전광역시 유성구 대학로,60,,3020011100106120003012126,,대전광역시 유성구 대학로 60,305301,34185,,,,127.34424200728,36.3587462759868,cnu
MA010120220812097357,우리북,,G2,소매,G213,오락용품 소매,G21301,서점,G47611,"서적, 신문 및 잡지류 소매업",30,대전광역시,30200,유성구,30200530,온천1동,3020011100,봉명동,3020011100106120003,1,대지,612,3,대전광역시 유성구 봉명동 612-3,302003167083,대전광역시 유성구 대학로,60,,3020011100106120003012126,영풍문고유성점,대전광역시 유성구 대학로 60,305301,34185,,3,,127.34424200728,36.3587462759868,cnu
MA010120220802993000,모쿠요비,,I2,음식,I203,일식,I20301,일식 회/초밥,I56122,일식 음식점업,30,대전광역시,30200,유성구,30200530,온천1동,3020011100,봉명동,3020011100106120003,1,대지,612,3,대전광역시 유성구 봉명동 612-3,302003167083,대전광역시 유성구 대학로,60,,3020011100106120003012126,LOC,대전광역시 유성구 대학로 60,305301,34185,,2,,127.34424200728,36.3587462759868,cnu
MA010120220806511866,"오늘,그리고네일",,S2,수리·개인,S207,이용·미용,S20703,네일숍,S96119,기타 미용업,30,대전광역시,30200,유성구,30200530,온천1동,3020011100,봉명동,3020011100106120003,1,대지,612,3,대전광역시 유성구 봉명동 612-3,302003167083,대전광역시 유성구 대학로,60,,3020011100106120003012126,,대전광역시 유성구 대학로 60,305301,34185,,1,,127.34424200728,36.3587462759868,cnu
MA010120220805222706,영롱헤어,,S2,수리·개인,S207,이용·미용,S20701,미용실,S96112,두발 미용업,30,대전광역시,30200,유성구,30200530,온천1동,3020011100,봉명동,3020011100106120003,1,대지,612,3,대전광역시 유성구 봉명동 612-3,302003167083,대전광역시 유성구 대학로,60,,3020011100106120003012126,M아파트,대전광역시 유성구 대학로 60,305301,34185,,2,,127.34424200728,36.3587462759868,cnu
MA010120220803569484,노군꼬치,,I2,음식,I211,주점,I21104,요리 주점,I56219,기타 주점업,30,대전광역시,30200,유성구,30200530,온천1동,3020011100,봉명동,3020011100106120003,1,대지,612,3,대전광역시 유성구 봉명동 612-3,302003167083,대전광역시 유성구 대학로,60,,3020011100106120003012126,,대전광역시 유성구 대학로 60,305301,34185,,1,,127.34424200728,36.3587462759868,cnu
MA0101202512A0039786,숨테라피센터,,P1,교육,P106,기타 교육,P10625,기타 기술/직업 훈련학원,P85669,기타 기술 및 직업 훈련학원,30,대전광역시,30200,유성구,30200530,온천1동,3020011100,봉명동,3020011100106120003,1,대지,612,3,대전광역시 유성구 봉명동 612-3,302003167083,대전광역시 유성구 대학로,60,,3020011100106120003012126,일부매드블럭,대전광역시 유성구 대학로 60,305301,34185,,5,,127.34424200728,36.3587462759868,cnu
MA0101202601A0032582,석암생소금구이대전,봉명점,I2,음식,I201,한식,I20107,돼지고기 구이/찜,I56113,한식 육류 요리 전문점,30,대전광역시,30200,유성구,30200530,온천1동,3020011100,봉명동,3020011100106120003,1,대지,612,3,대전광역시 유성구 봉명동 612-3,302003167083,대전광역시 유성구 대학로,60,,3020011100106120003012126,매드블럭,대전광역시 유성구 대학로 60,305301,34185,,,,127.34424200728,36.3587462759868,cnu
MA0101202511A0007434,맛찬들선앤루트,,I2,음식,I201,한식,I20101,백반/한정식,I56111,한식 일반 음식점업,30,대전광역시,30200,유성구,30200530,온천1동,3020011100,봉명동,3020011100106120003,1,대지,612,3,대전광역시 유성구 봉명동 612-3,302003167083,대전광역시 유성구 대학로,60,,3020011100106120003012126,,대전광역시 유성구 대학로 60,305301,34185,,,,127.34424200728,36.3587462759868,cnu
MA0101202506A0013257,필버거,,I2,음식,I210,기타 간이,I21004,버거,I56123,서양식 음식점업,30,대전광역시,30200,유성구,30200530,온천1동,3020011100,봉명동,3020011100106120003,1,대지,612,3,대전광역시 유성구 봉명동 612-3,302003167083,대전광역시 유성구 대학로,60,,3020011100106120003012126,,대전광역시 유성구 대학로 60,305301,34185,,2,,127.34424200728,36.3587462759868,cnu
MA0101202507A0022529,와이디케이,,M1,과학·기술,M107,본사·경영 컨설팅,M10703,경영 컨설팅업,M71531,경영 컨설팅업,30,대전광역시,30200,유성구,30200530,온천1동,3020011100,봉명동,3020011100106120003,1,대지,612,3,대전광역시 유성구 봉명동 612-3,302003167083,대전광역시 유성구 대학로,60,,3020011100106120003012126,매드블럭,대전광역시 유성구 대학로 60,305301,34185,,2,,127.34424200728,36.3587462759868,cnu
MA0101202506A0015035,봉명가든,,I2,음식,I201,한식,I20101,백반/한정식,I56111,한식 일반 음식점업,30,대전광역시,30200,유성구,30200530,온천1동,3020011100,봉명동,3020011100106120003,1,대지,612,3,대전광역시 유성구 봉명동 612-3,302003167083,대전광역시 유성구 대학로,60,,3020011100106120003012126,M아파트,대전광역시 유성구 대학로 60,305301,34185,,6,,127.34424200728,36.3587462759868,cnu
MA0101202508A0035200,모노트헤어,,S2,수리·개인,S207,이용·미용,S20701,미용실,S96112,두발 미용업,30,대전광역시,30200,유성구,30200530,온천1동,3020011100,봉명동,3020011100106120003,1,대지,612,3,대전광역시 유성구 봉명동 612-3,302003167083,대전광역시 유성구 대학로,60,,3020011100106120003012126,,대전광역시 유성구 대학로 60,305301,34185,,2,,127.34424200728,36.3587462759868,cnu
MA0101202509A0001393,비비큐치킨엔비어우크야올떡,,I2,음식,I210,기타 간이,I21006,치킨,I56193,치킨 전문점,30,대전광역시,30200,유성구,30200530,온천1동,3020011100,봉명동,3020011100106120003,1,대지,612,3,대전광역시 유성구 봉명동 612-3,302003167083,대전광역시 유성구 대학로,60,,3020011100106120003012126,매드블럭,대전광역시 유성구 대학로 60,305301,34185,,2,,127.34424200728,36.3587462759868,cnu
MA0101202509A0029380,보드게임카페홈즈앤루팡대전,봉명점,R1,예술·스포츠,R104,유원지·오락,R10405,기타 오락장,R91229,기타 오락장 운영업,30,대전광역시,30200,유성구,30200530,온천1동,3020011100,봉명동,3020011100106120003,1,대지,612,3,대전광역시 유성구 봉명동 612-3,302003167083,대전광역시 유성구 대학로,60,,3020011100106120003012126,매드블럭제,대전광역시 유성구 대학로 60,305301,34185,,2,,127.34424200728,36.3587462759868,cnu
MA0101202508A0034346,원더바레,유성점,P1,교육,P106,기타 교육,P10603,요가/필라테스 학원,P85612,기타 스포츠 교육기관,30,대전광역시,30200,유성구,30200530,온천1동,3020011100,봉명동,3020011100106120003,1,대지,612,3,대전광역시 유성구 봉명동 612-3,302003167083,대전광역시 유성구 대학로,60,,3020011100106120003012126,매드블럭,대전광역시 유성구 대학로 60,305301,34185,,2,,127.34424200728,36.3587462759868,cnu
MA0101202504A0101005,평화로운집대전,봉명점,I2,음식,I201,한식,I20101,백반/한정식,I56111,한식 일반 음식점업,30,대전광역시,30200,유성구,30200530,온천1동,3020011100,봉명동,3020011100106120003,1,대지,612,3,대전광역시 유성구 봉명동 612-3,302003167083,대전광역시 유성구 대학로,60,,3020011100106120003012126,,대전광역시 유성구 대학로 60,305301,34185,,1,,127.34424200728,36.3587462759868,cnu
MA0101202502A0068830,랭킹홀덤,,I2,음식,I211,주점,I21101,일반 유흥 주점,I56211,일반 유흥 주점업,30,대전광역시,30200,유성구,30200530,온천1동,3020011100,봉명동,3020011100106120003,1,대지,612,3,대전광역시 유성구 봉명동 612-3,302003167083,대전광역시 유성구 대학로,60,,3020011100106120003012126,매드블럭,대전광역시 유성구 대학로 60,305301,34185,,5,,127.34424200728,36.3587462759868,cnu
MA0101202412A0072509,헌터독,봉명점,R1,예술·스포츠,R104,유원지·오락,R10404,전자 게임장,R91221,전자 게임장 운영업,30,대전광역시,30200,유성구,30200530,온천1동,3020011100,봉명동,3020011100106120003,1,대지,612,3,대전광역시 유성구 봉명동 612-3,302003167083,대전광역시 유성구 대학로,60,,3020011100106120003012126,매드블럭,대전광역시 유성구 대학로 60,305301,34185,,1,,127.34424200728,36.3587462759868,cnu
MA010120220803704752,더카페,,I2,음식,I212,비알코올 ,I21201,카페,I56221,커피 전문점,30,대전광역시,30200,유성구,30200530,온천1동,3020011100,봉명동,3020011100106120003,1,대지,612,3,대전광역시 유성구 봉명동 612-3,302003167083,대전광역시 유성구 대학로,60,,3020011100106120003012126,LOC,대전광역시 유성구 대학로 60,305301,34185,,3,,127.34424200728,36.3587462759868,cnu
MA0101202412A0075729,해물점대전봉명,,I2,음식,I201,한식,I20101,백반/한정식,I56111,한식 일반 음식점업,30,대전광역시,30200,유성구,30200530,온천1동,3020011100,봉명동,3020011100106120003,1,대지,612,3,대전광역시 유성구 봉명동 612-3,302003167083,대전광역시 유성구 대학로,60,,3020011100106120003012126,,대전광역시 유성구 대학로 60,305301,34185,,1,,127.34424200728,36.3587462759868,cnu
MA0101202501A0007984,스튜디오브이,,M1,과학·기술,M113,사진 촬영,M11301,사진촬영업,M73301,인물 사진 및 행사용 영상 촬영업,30,대전광역시,30200,유성구,30200530,온천1동,3020011100,봉명동,3020011100106120003,1,대지,612,3,대전광역시 유성구 봉명동 612-3,302003167083,대전광역시 유성구 대학로,60,,3020011100106120003012126,,대전광역시 유성구 대학로 60,305301,34185,,,,127.34424200728,36.3587462759868,cnu
MA010120220808183753,나인콧,,I2,음식,I210,기타 간이,I21007,김밥/만두/분식,I56194,김밥 및 기타 간이 음식점업,30,대전광역시,30200,유성구,30200530,온천1동,3020011100,봉명동,3020011100106120003,1,대지,612,3,대전광역시 유성구 봉명동 612-3,302003167083,대전광역시 유성구 대학로,60,,3020011100106120003012126,매드블럭,대전광역시 유성구 대학로 60,305301,34185,,4,,127.34424200728,36.3587462759868,cnu
MA010120220803443988,아케이드커피봉명,,I2,음식,I212,비알코올 ,I21201,카페,I56221,커피 전문점,30,대전광역시,30200,유성구,30200530,온천1동,3020011100,봉명동,3020011100106150006,1,대지,615,6,대전광역시 유성구 봉명동 615-6,302003167083,대전광역시 유성구 대학로,48,17,3020011100106150006010368,,대전광역시 유성구 대학로 48-17,305301,34185,,,,127.344293864408,36.3578719869728,cnu
MA010120220806974281,봉명인터내셔널304,,M1,과학·기술,M115,기타 전문 과학,M11502,번역/통역 서비스업,M73902,번역 및 통역 서비스업,30,대전광역시,30200,유성구,30200530,온천1동,3020011100,봉명동,3020011100106170004,1,대지,617,4,대전광역시 유성구 봉명동 617-4,302003167046,대전광역시 유성구 온천북로,7,,3020011100106170004013171,레자미멀티홈,대전광역시 유성구 온천북로 7,305301,34185,,3,,127.344325462414,36.3574573554475,cnu
MA0101202306A0110728,투모어휘트니스,,R1,예술·스포츠,R103,스포츠 서비스,R10307,헬스장,R91132,체력 단련시설 운영업,30,대전광역시,30200,유성구,30200530,온천1동,3020011100,봉명동,3020011100106150002,1,대지,615,2,대전광역시 유성구 봉명동 615-2,302004301286,대전광역시 유성구 온천북로13번길,21,,3020011100106150002011756,스카이뷰시티,대전광역시 유성구 온천북로13번길 21,305301,34185,,3,,127.344406071392,36.3580518985829,cnu
MA010120220813913643,고쿠,,I2,음식,I211,주점,I21104,요리 주점,I56219,기타 주점업,30,대전광역시,30200,유성구,30200530,온천1동,3020011100,봉명동,3020011100106150002,1,대지,615,2,대전광역시 유성구 봉명동 615-2,302004301286,대전광역시 유성구 온천북로13번길,21,,3020011100106150002011756,스카이뷰시티,대전광역시 유성구 온천북로13번길 21,305301,34185,,1,,127.344406071392,36.3580518985829,cnu
MA010120220803172248,화봉살롱,,S2,수리·개인,S207,이용·미용,S20703,네일숍,S96119,기타 미용업,30,대전광역시,30200,유성구,30200530,온천1동,3020011100,봉명동,3020011100106150002,1,대지,615,2,대전광역시 유성구 봉명동 615-2,302004301286,대전광역시 유성구 온천북로13번길,21,,3020011100106150002011756,스카이뷰시티,대전광역시 유성구 온천북로13번길 21,305301,34185,,2,,127.344406071392,36.3580518985829,cnu
MA0101202209A0064950,포토플렉스,봉명점,M1,과학·기술,M113,사진 촬영,M11301,사진촬영업,S96999,그 외 기타 달리 분류되지 않은 개인 서비스업,30,대전광역시,30200,유성구,30200530,온천1동,3020011100,봉명동,3020011100106150002,1,대지,615,2,대전광역시 유성구 봉명동 615-2,302004301286,대전광역시 유성구 온천북로13번길,21,,3020011100106150002011756,스카이뷰시티,대전광역시 유성구 온천북로13번길 21,305301,34185,,1,,127.344406071392,36.3580518985829,cnu
MA010120220813560027,옐로우택시,,I2,음식,I211,주점,I21104,요리 주점,I56219,기타 주점업,30,대전광역시,30200,유성구,30200530,온천1동,3020011100,봉명동,3020011100106150002,1,대지,615,2,대전광역시 유성구 봉명동 615-2,302004301286,대전광역시 유성구 온천북로13번길,21,,3020011100106150002011756,스카이뷰시티,대전광역시 유성구 온천북로13번길 21,305301,34185,,1,,127.344406071392,36.3580518985829,cnu
MA0101202306A0054335,투모어휘트니스,,R1,예술·스포츠,R103,스포츠 서비스,R10307,헬스장,R91132,체력 단련시설 운영업,30,대전광역시,30200,유성구,30200530,온천1동,3020011100,봉명동,3020011100106150002,1,대지,615,2,대전광역시 유성구 봉명동 615-2,302004301286,대전광역시 유성구 온천북로13번길,21,,3020011100106150002011756,스카이뷰시티,대전광역시 유성구 온천북로13번길 21,305301,34185,,3,,127.344406071392,36.3580518985829,cnu
MA0101202306A0012448,메가엠지씨커피대전,봉명점,I2,음식,I212,비알코올 ,I21201,카페,I56221,커피 전문점,30,대전광역시,30200,유성구,30200530,온천1동,3020011100,봉명동,3020011100106150002,1,대지,615,2,대전광역시 유성구 봉명동 615-2,302004301286,대전광역시 유성구 온천북로13번길,21,,3020011100106150002011756,스카이뷰시티,대전광역시 유성구 온천북로13번길 21,305301,34185,,1,,127.344406071392,36.3580518985829,cnu
MA0101202212A0096126,플레오헤어,,S2,수리·개인,S207,이용·미용,S20701,미용실,S96112,두발 미용업,30,대전광역시,30200,유성구,30200530,온천1동,3020011100,봉명동,3020011100106150002,1,대지,615,2,대전광역시 유성구 봉명동 615-2,302004301286,대전광역시 유성구 온천북로13번길,21,,3020011100106150002011756,스카이뷰시티,대전광역시 유성구 온천북로13번길 21,305301,34185,,2,,127.344406071392,36.3580518985829,cnu
MA0101202303A0064344,픽닷대전,봉명점,M1,과학·기술,M113,사진 촬영,M11301,사진촬영업,S96999,그 외 기타 달리 분류되지 않은 개인 서비스업,30,대전광역시,30200,유성구,30200530,온천1동,3020011100,봉명동,3020011100106150002,1,대지,615,2,대전광역시 유성구 봉명동 615-2,302004301286,대전광역시 유성구 온천북로13번길,21,,3020011100106150002011756,스카이뷰시티,대전광역시 유성구 온천북로13번길 21,305301,34185,,1,,127.344406071392,36.3580518985829,cnu
MA010120220806205778,건축사사무소상상건축,,M1,과학·기술,M109,기술 서비스,M10901,건축 설계 및 관련 서비스업,M72111,건축 설계 및 관련 서비스업,30,대전광역시,30200,유성구,30200530,온천1동,3020011100,봉명동,3020011100106150002,1,대지,615,2,대전광역시 유성구 봉명동 615-2,302004301286,대전광역시 유성구 온천북로13번길,21,,3020011100106150002011756,스카이뷰시티,대전광역시 유성구 온천북로13번길 21,305301,34185,,2,,127.344406071392,36.3580518985829,cnu
MA010120220802939163,젬단란주점,,I2,음식,I211,주점,I21104,요리 주점,I56219,기타 주점업,30,대전광역시,30200,유성구,30200530,온천1동,3020011100,봉명동,3020011100106150002,1,대지,615,2,대전광역시 유성구 봉명동 615-2,302004301286,대전광역시 유성구 온천북로13번길,21,,3020011100106150002011756,스카이뷰시티,대전광역시 유성구 온천북로13번길 21,305301,34185,,,,127.344406071392,36.3580518985829,cnu
MA010120220813591190,꾸밈,,G2,소매,G215,의약·화장품 소매,G21503,화장품 소매업,G47813,"화장품, 비누 및 방향제 소매업",30,대전광역시,30200,유성구,30200530,온천1동,3020011100,봉명동,3020011100106150002,1,대지,615,2,대전광역시 유성구 봉명동 615-2,302004301286,대전광역시 유성구 온천북로13번길,21,,3020011100106150002011756,스카이뷰시티,대전광역시 유성구 온천북로13번길 21,305301,34185,,2,,127.344406071392,36.3580518985829,cnu
MA010120220813360794,젬노래연습장,,R1,예술·스포츠,R104,유원지·오락,R10407,노래방,R91223,노래 연습장 운영업,30,대전광역시,30200,유성구,30200530,온천1동,3020011100,봉명동,3020011100106150002,1,대지,615,2,대전광역시 유성구 봉명동 615-2,302004301286,대전광역시 유성구 온천북로13번길,21,,3020011100106150002011756,스카이뷰시티,대전광역시 유성구 온천북로13번길 21,305301,34185,,2,,127.344406071392,36.3580518985829,cnu
MA0101202209A0000262,세겹식당,봉명점,I2,음식,I201,한식,I20107,돼지고기 구이/찜,I56113,한식 육류 요리 전문점,30,대전광역시,30200,유성구,30200530,온천1동,3020011100,봉명동,3020011100106150002,1,대지,615,2,대전광역시 유성구 봉명동 615-2,302004301286,대전광역시 유성구 온천북로13번길,21,,3020011100106150002011756,스카이뷰시티,대전광역시 유성구 온천북로13번길 21,305301,34185,,1,,127.344406071392,36.3580518985829,cnu
MA010120220810596380,생활맥주대전,봉명점,I2,음식,I211,주점,I21103,생맥주 전문,I56213,생맥주 전문점,30,대전광역시,30200,유성구,30200530,온천1동,3020011100,봉명동,3020011100106150002,1,대지,615,2,대전광역시 유성구 봉명동 615-2,302004301286,대전광역시 유성구 온천북로13번길,21,,3020011100106150002011756,스카이뷰시티,대전광역시 유성구 온천북로13번길 21,305301,34185,,1,,127.344406071392,36.3580518985829,cnu
MA010120220814103311,요술관,,I2,음식,I201,한식,I20107,돼지고기 구이/찜,I56113,한식 육류 요리 전문점,30,대전광역시,30200,유성구,30200530,온천1동,3020011100,봉명동,3020011100106150002,1,대지,615,2,대전광역시 유성구 봉명동 615-2,302004301286,대전광역시 유성구 온천북로13번길,21,,3020011100106150002011756,스카이뷰시티,대전광역시 유성구 온천북로13번길 21,305301,34185,,1,,127.344406071392,36.3580518985829,cnu
MA010120220810591416,디나인피트니스,,R1,예술·스포츠,R103,스포츠 서비스,R10307,헬스장,R91132,체력 단련시설 운영업,30,대전광역시,30200,유성구,30200530,온천1동,3020011100,봉명동,3020011100106150002,1,대지,615,2,대전광역시 유성구 봉명동 615-2,302004301286,대전광역시 유성구 온천북로13번길,21,,3020011100106150002011756,스카이뷰시티,대전광역시 유성구 온천북로13번길 21,305301,34185,,3,,127.344406071392,36.3580518985829,cnu
MA0101202511A0017325,메이드,,I2,음식,I204,서양식,I20401,경양식,I56123,서양식 음식점업,30,대전광역시,30200,유성구,30200530,온천1동,3020011100,봉명동,3020011100106150002,1,대지,615,2,대전광역시 유성구 봉명동 615-2,302004301286,대전광역시 유성구 온천북로13번길,21,,3020011100106150002011756,스카이뷰시티,대전광역시 유성구 온천북로13번길 21,305301,34185,,1,,127.344406071392,36.3580518985829,cnu
MA010120220813404647,살롱드뱅,,I2,음식,I211,주점,I21104,요리 주점,I56219,기타 주점업,30,대전광역시,30200,유성구,30200530,온천1동,3020011100,봉명동,3020011100106150002,1,대지,615,2,대전광역시 유성구 봉명동 615-2,302004301286,대전광역시 유성구 온천북로13번길,21,,3020011100106150002011756,스카이뷰시티,대전광역시 유성구 온천북로13번길 21,305301,34185,,3,,127.344406071392,36.3580518985829,cnu
MA010120220814110748,비비아리츠,,S2,수리·개인,S207,이용·미용,S20702,피부 관리실,S96113,피부 미용업,30,대전광역시,30200,유성구,30200530,온천1동,3020011100,봉명동,3020011100106150002,1,대지,615,2,대전광역시 유성구 봉명동 615-2,302004301286,대전광역시 유성구 온천북로13번길,21,,3020011100106150002011756,스카이뷰시티,대전광역시 유성구 온천북로13번길 21,305301,34185,,2,,127.344406071392,36.3580518985829,cnu
MA0101202511A0035045,원,,G2,소매,G215,의약·화장품 소매,G21503,화장품 소매업,G47813,"화장품, 비누 및 방향제 소매업",30,대전광역시,30200,유성구,30200530,온천1동,3020011100,봉명동,3020011100106150002,1,대지,615,2,대전광역시 유성구 봉명동 615-2,302004301286,대전광역시 유성구 온천북로13번길,21,,3020011100106150002011756,스카이뷰시티,대전광역시 유성구 온천북로13번길 21,305301,34185,,2,,127.344406071392,36.3580518985829,cnu
MA0101202505A0075600,비엠더프라이빗,유성점,R1,예술·스포츠,R103,스포츠 서비스,R10307,헬스장,R91132,체력 단련시설 운영업,30,대전광역시,30200,유성구,30200530,온천1동,3020011100,봉명동,3020011100106150002,1,대지,615,2,대전광역시 유성구 봉명동 615-2,302004301286,대전광역시 유성구 온천북로13번길,21,,3020011100106150002011756,스카이뷰시티,대전광역시 유성구 온천북로13번길 21,305301,34185,,3,,127.344406071392,36.3580518985829,cnu
MA0101202512A0030044,루미테라,,I2,음식,I204,서양식,I20401,경양식,I56123,서양식 음식점업,30,대전광역시,30200,유성구,30200530,온천1동,3020011100,봉명동,3020011100106150002,1,대지,615,2,대전광역시 유성구 봉명동 615-2,302004301286,대전광역시 유성구 온천북로13번길,21,,3020011100106150002011756,스카이뷰시티,대전광역시 유성구 온천북로13번길 21,305301,34185,,3,,127.344406071392,36.3580518985829,cnu
MA0101202411A0100947,앨리스인원더랜드앨리스inwonderland,,G2,소매,G213,오락용품 소매,G21306,장난감 소매업,G47640,"게임용구, 인형 및 장난감 소매업",30,대전광역시,30200,유성구,30200530,온천1동,3020011100,봉명동,3020011100106150002,1,대지,615,2,대전광역시 유성구 봉명동 615-2,302004301286,대전광역시 유성구 온천북로13번길,21,,3020011100106150002011756,스카이뷰시티,대전광역시 유성구 온천북로13번길 21,305301,34185,,1,,127.344406071392,36.3580518985829,cnu
MA0101202510A0024049,맛도리꼬마김밥,,I2,음식,I210,기타 간이,I21007,김밥/만두/분식,I56194,김밥 및 기타 간이 음식점업,30,대전광역시,30200,유성구,30200530,온천1동,3020011100,봉명동,3020011100106150002,1,대지,615,2,대전광역시 유성구 봉명동 615-2,302004301286,대전광역시 유성구 온천북로13번길,21,,3020011100106150002011756,스카이뷰시티,대전광역시 유성구 온천북로13번길 21,305301,34185,,1,,127.344406071392,36.3580518985829,cnu
MA0101202511A0020623,미소식당,,I2,음식,I201,한식,I20107,돼지고기 구이/찜,I56113,한식 육류 요리 전문점,30,대전광역시,30200,유성구,30200530,온천1동,3020011100,봉명동,3020011100106150002,1,대지,615,2,대전광역시 유성구 봉명동 615-2,302004301286,대전광역시 유성구 온천북로13번길,21,,3020011100106150002011756,스카이뷰시티,대전광역시 유성구 온천북로13번길 21,305301,34185,,1,,127.344406071392,36.3580518985829,cnu
MA0101202411A0131453,충청식,,I2,음식,I201,한식,I20101,백반/한정식,I56111,한식 일반 음식점업,30,대전광역시,30200,유성구,30200530,온천1동,3020011100,봉명동,3020011100106150002,1,대지,615,2,대전광역시 유성구 봉명동 615-2,302004301286,대전광역시 유성구 온천북로13번길,21,,3020011100106150002011756,스카이뷰시티,대전광역시 유성구 온천북로13번길 21,305301,34185,,1,,127.344406071392,36.3580518985829,cnu
MA0101202411A0119644,봉명심야약국,,G2,소매,G215,의약·화장품 소매,G21501,약국,G47811,의약품 및 의료용품 소매업,30,대전광역시,30200,유성구,30200530,온천1동,3020011100,봉명동,3020011100106150002,1,대지,615,2,대전광역시 유성구 봉명동 615-2,302004301286,대전광역시 유성구 온천북로13번길,21,,3020011100106150002011756,스카이뷰시티,대전광역시 유성구 온천북로13번길 21,305301,34185,,1,,127.344406071392,36.3580518985829,cnu
MA0101202308A0031187,에이치1070,,M1,과학·기술,M107,본사·경영 컨설팅,M10703,경영 컨설팅업,M71531,경영 컨설팅업,30,대전광역시,30200,유성구,30200540,온천2동,3020012200,궁동,3020012200104820008,1,대지,482,8,대전광역시 유성구 궁동 482-8,302003167083,대전광역시 유성구 대학로,78,,3020012200104820008012036,,대전광역시 유성구 대학로 78,305335,34183,,2,,127.344427973133,36.3604940188827,cnu
MA010120220812723753,케이제이컴퍼니,,L1,부동산,L102,부동산 서비스,L10203,부동산 중개/대리업,L68221,부동산 중개 및 대리업,30,대전광역시,30200,유성구,30200540,온천2동,3020012200,궁동,3020012200104820008,1,대지,482,8,대전광역시 유성구 궁동 482-8,302003167083,대전광역시 유성구 대학로,78,,3020012200104820008012036,,대전광역시 유성구 대학로 78,305335,34183,,,,127.344427973133,36.3604940188827,cnu
MA010120220806219456,연래춘대반점식당,,I2,음식,I202,중식,I20201,중국집,I56121,중식 음식점업,30,대전광역시,30200,유성구,30200540,온천2동,3020012200,궁동,3020012200104820008,1,대지,482,8,대전광역시 유성구 궁동 482-8,302003167083,대전광역시 유성구 대학로,78,,3020012200104820008012036,,대전광역시 유성구 대학로 78,305335,34183,,,,127.344427973133,36.3604940188827,cnu
MA0101202502A0103200,임산,,N1,시설관리·임대,N101,시설관리,N10101,사업시설 유지·관리 서비스업,N74100,사업시설 유지ㆍ관리 서비스업,30,대전광역시,30200,유성구,30200540,온천2동,3020012200,궁동,3020012200104820008,1,대지,482,8,대전광역시 유성구 궁동 482-8,302003167083,대전광역시 유성구 대학로,78,,3020012200104820008012036,,대전광역시 유성구 대학로 78,305335,34183,,,,127.344427973133,36.3604940188827,cnu
MA010120220812072032,본가푸드,,I2,음식,I201,한식,I20101,백반/한정식,I56111,한식 일반 음식점업,30,대전광역시,30200,유성구,30200530,온천1동,3020011100,봉명동,3020011100106150007,1,대지,615,7,대전광역시 유성구 봉명동 615-7,302003167083,대전광역시 유성구 대학로,48,23,3020011100106150007013004,,대전광역시 유성구 대학로 48-23,305301,34185,,2,,127.3444273217,36.3578175318559,cnu
MA010120220812949653,마장동김씨,봉명점,I2,음식,I201,한식,I20107,돼지고기 구이/찜,I56113,한식 육류 요리 전문점,30,대전광역시,30200,유성구,30200530,온천1동,3020011100,봉명동,3020011100106150007,1,대지,615,7,대전광역시 유성구 봉명동 615-7,302003167083,대전광역시 유성구 대학로,48,23,3020011100106150007013004,,대전광역시 유성구 대학로 48-23,305301,34185,,1,,127.3444273217,36.3578175318559,cnu
MA0101202504A0031139,대구3대유성갈비찜김치찜막퍼주는오리삼대장인보쌈,곱창전골,I2,음식,I201,한식,I20107,돼지고기 구이/찜,I56111,한식 일반 음식점업,30,대전광역시,30200,유성구,30200530,온천1동,3020011100,봉명동,3020011100106150007,1,대지,615,7,대전광역시 유성구 봉명동 615-7,302003167083,대전광역시 유성구 대학로,48,23,3020011100106150007013004,,대전광역시 유성구 대학로 48-23,305301,34185,,2,,127.3444273217,36.3578175318559,cnu
MA010120220808991930,잇마이타이,,I2,음식,I205,동남아시아,I20501,베트남식 전문,I56129,기타 외국식 음식점업,30,대전광역시,30200,유성구,30200530,온천1동,3020011100,봉명동,3020011100106110001,1,대지,611,1,대전광역시 유성구 봉명동 611-1,302003167023,대전광역시 유성구 문화원로,77,,3020011100106110001012416,그랑펠리체,대전광역시 유성구 문화원로 77,305301,34184,,1,,127.344456513618,36.3593854918539,cnu
MA0101202212A0024707,할머니딸곱창,봉명점,I2,음식,I201,한식,I20109,곱창 전골/구이,I56113,한식 육류 요리 전문점,30,대전광역시,30200,유성구,30200530,온천1동,3020011100,봉명동,3020011100106110001,1,대지,611,1,대전광역시 유성구 봉명동 611-1,302003167023,대전광역시 유성구 문화원로,77,,3020011100106110001012416,그랑펠리체,대전광역시 유성구 문화원로 77,305301,34184,,1,,127.344456513618,36.3593854918539,cnu
MA010120220806220845,스바라시라멘,,I2,음식,I203,일식,I20303,일식 면 요리,I56122,일식 음식점업,30,대전광역시,30200,유성구,30200530,온천1동,3020011100,봉명동,3020011100106110001,1,대지,611,1,대전광역시 유성구 봉명동 611-1,302003167023,대전광역시 유성구 문화원로,77,,3020011100106110001012416,그랑펠리체,대전광역시 유성구 문화원로 77,305301,34184,,,,127.344456513618,36.3593854918539,cnu
MA010120220805060246,아리소바제면소,,I2,음식,I203,일식,I20303,일식 면 요리,I56122,일식 음식점업,30,대전광역시,30200,유성구,30200530,온천1동,3020011100,봉명동,3020011100106110001,1,대지,611,1,대전광역시 유성구 봉명동 611-1,302003167023,대전광역시 유성구 문화원로,77,,3020011100106110001012416,그랑펠리체,대전광역시 유성구 문화원로 77,305301,34184,,,,127.344456513618,36.3593854918539,cnu
MA010120220806230708,메이트로즈카페,,I2,음식,I212,비알코올 ,I21201,카페,I56221,커피 전문점,30,대전광역시,30200,유성구,30200530,온천1동,3020011100,봉명동,3020011100106110001,1,대지,611,1,대전광역시 유성구 봉명동 611-1,302003167023,대전광역시 유성구 문화원로,77,,3020011100106110001012416,그랑펠리체,대전광역시 유성구 문화원로 77,305301,34184,,1,,127.344456513618,36.3593854918539,cnu
MA0101202505A0043759,하리그룹,,I2,음식,I212,비알코올 ,I21201,카페,I56221,커피 전문점,30,대전광역시,30200,유성구,30200530,온천1동,3020011100,봉명동,3020011100106110001,1,대지,611,1,대전광역시 유성구 봉명동 611-1,302003167023,대전광역시 유성구 문화원로,77,,3020011100106110001012416,그랑펠리체,대전광역시 유성구 문화원로 77,305301,34184,,1,,127.344456513618,36.3593854918539,cnu
MA0101202603A0008380,구라파통닭,본점,I2,음식,I210,기타 간이,I21006,치킨,I56123,서양식 음식점업,30,대전광역시,30200,유성구,30200530,온천1동,3020011100,봉명동,3020011100106110001,1,대지,611,1,대전광역시 유성구 봉명동 611-1,302003167023,대전광역시 유성구 문화원로,77,,3020011100106110001012416,그랑펠리체,대전광역시 유성구 문화원로 77,305301,34184,,2,,127.344456513618,36.3593854918539,cnu
MA010120220813816811,슬로우캘리,봉명점,I2,음식,I210,기타 간이,I21005,토스트/샌드위치/샐러드,I56192,"피자, 햄버거, 샌드위치 및 유사 음식점업",30,대전광역시,30200,유성구,30200530,온천1동,3020011100,봉명동,3020011100106110001,1,대지,611,1,대전광역시 유성구 봉명동 611-1,302003167023,대전광역시 유성구 문화원로,77,,3020011100106110001012416,그랑펠리체,대전광역시 유성구 문화원로 77,305301,34184,,1,,127.344456513618,36.3593854918539,cnu
MA010120220801146509,하루팡,,I2,음식,I210,기타 간이,I21001,빵/도넛,I56191,제과점업,30,대전광역시,30200,유성구,30200530,온천1동,3020011100,봉명동,3020011100106110001,1,대지,611,1,대전광역시 유성구 봉명동 611-1,302003167023,대전광역시 유성구 문화원로,77,,3020011100106110001012416,그랑펠리체,대전광역시 유성구 문화원로 77,305301,34184,,1,,127.344456513618,36.3593854918539,cnu
MA010120220802647777,육회왕자연어공주,,I2,음식,I201,한식,I20108,소고기 구이/찜,I56114,한식 해산물 요리 전문점,30,대전광역시,30200,유성구,30200530,온천1동,3020011100,봉명동,3020011100106120002,1,대지,612,2,대전광역시 유성구 봉명동 612-2,302003167023,대전광역시 유성구 문화원로,80,,3020011100106120002000001,드리미아,대전광역시 유성구 문화원로 80,305301,34185,,1,,127.344610706982,36.3589795186224,cnu
MA010120220810022232,장미맨숀,봉명점,I2,음식,I211,주점,I21104,요리 주점,I56111,한식 일반 음식점업,30,대전광역시,30200,유성구,30200530,온천1동,3020011100,봉명동,3020011100106120002,1,대지,612,2,대전광역시 유성구 봉명동 612-2,302003167023,대전광역시 유성구 문화원로,80,,3020011100106120002000001,드리미아,대전광역시 유성구 문화원로 80,305301,34185,,1,,127.344610706982,36.3589795186224,cnu
MA0101202604A0011089,더맛있는족발보쌈대전,봉명점,I2,음식,I201,한식,I20103,족발/보쌈,I56111,한식 일반 음식점업,30,대전광역시,30200,유성구,30200530,온천1동,3020011100,봉명동,3020011100106120002,1,대지,612,2,대전광역시 유성구 봉명동 612-2,302003167023,대전광역시 유성구 문화원로,80,,3020011100106120002000001,드리미아,대전광역시 유성구 문화원로 80,305301,34185,,1,,127.344610706982,36.3589795186224,cnu
MA0101202409A0190419,반석구조이엔지,,M1,과학·기술,M109,기술 서비스,M10999,기타 엔지니어링 서비스업,M72129,기타 엔지니어링 서비스업,30,대전광역시,30200,유성구,30200540,온천2동,3020012200,궁동,3020012200104820007,1,대지,482,7,대전광역시 유성구 궁동 482-7,302003167083,대전광역시 유성구 대학로,82,,3020012200104820007000003,,대전광역시 유성구 대학로 82,305335,34183,,5,,127.344640459471,36.3606736410728,cnu
MA0101202306A0096159,하수구막힘,,S2,수리·개인,S206,기타 가정용품 수리,S20699,그 외 기타 개인/가정용품 수리업,S95399,그 외 기타 개인 및 가정용품 수리업,30,대전광역시,30200,유성구,30200540,온천2동,3020012200,궁동,3020012200104820007,1,대지,482,7,대전광역시 유성구 궁동 482-7,302003167083,대전광역시 유성구 대학로,82,,3020012200104820007000003,궁동인산빌딩,대전광역시 유성구 대학로 82,305335,34183,,4,,127.344640459471,36.3606736410728,cnu
MA0101202406A0145348,가온,,M1,과학·기술,M112,전문 디자인,M11202,제품 디자인업,M73202,제품 디자인업,30,대전광역시,30200,유성구,30200540,온천2동,3020012200,궁동,3020012200104820007,1,대지,482,7,대전광역시 유성구 궁동 482-7,302003167083,대전광역시 유성구 대학로,82,,3020012200104820007000003,아파트,대전광역시 유성구 대학로 82,305335,34183,,4,,127.344640459471,36.3606736410728,cnu
MA010120220813495960,제이비커리어대전센터,,N1,시설관리·임대,N104,고용 알선,N10401,고용 알선업,N75110,고용 알선업,30,대전광역시,30200,유성구,30200540,온천2동,3020012200,궁동,3020012200104820007,1,대지,482,7,대전광역시 유성구 궁동 482-7,302003167083,대전광역시 유성구 대학로,82,,3020012200104820007000003,,대전광역시 유성구 대학로 82,305335,34183,,4,,127.344640459471,36.3606736410728,cnu
MA010120220803434351,닥터휴스포츠의학연구소,,S2,수리·개인,S208,욕탕·신체관리,S20803,체형/비만 관리,S96129,체형 등 기타 신체 관리 서비스업,30,대전광역시,30200,유성구,30200540,온천2동,3020012200,궁동,3020012200104820007,1,대지,482,7,대전광역시 유성구 궁동 482-7,302003167083,대전광역시 유성구 대학로,82,,3020012200104820007000003,인산빌딩,대전광역시 유성구 대학로 82,305335,34183,,7,,127.344640459471,36.3606736410728,cnu
MA0101202310A0018620,잡카데미,,M1,과학·기술,M107,본사·경영 컨설팅,M10703,경영 컨설팅업,M71531,경영 컨설팅업,30,대전광역시,30200,유성구,30200540,온천2동,3020012200,궁동,3020012200104820007,1,대지,482,7,대전광역시 유성구 궁동 482-7,302003167083,대전광역시 유성구 대학로,82,,3020012200104820007000003,,대전광역시 유성구 대학로 82,305335,34183,,,,127.344640459471,36.3606736410728,cnu
MA0101202309A0020538,하수구막힘,,S2,수리·개인,S206,기타 가정용품 수리,S20699,그 외 기타 개인/가정용품 수리업,S95399,그 외 기타 개인 및 가정용품 수리업,30,대전광역시,30200,유성구,30200540,온천2동,3020012200,궁동,3020012200104820007,1,대지,482,7,대전광역시 유성구 궁동 482-7,302003167083,대전광역시 유성구 대학로,82,,3020012200104820007000003,아파트,대전광역시 유성구 대학로 82,305335,34183,,4,,127.344640459471,36.3606736410728,cnu
MA0101202409A0066820,마루크로셰,,M1,과학·기술,M113,사진 촬영,M11301,사진촬영업,M73301,인물 사진 및 행사용 영상 촬영업,30,대전광역시,30200,유성구,30200540,온천2동,3020012200,궁동,3020012200104820007,1,대지,482,7,대전광역시 유성구 궁동 482-7,302003167083,대전광역시 유성구 대학로,82,,3020012200104820007000003,,대전광역시 유성구 대학로 82,305335,34183,,4,,127.344640459471,36.3606736410728,cnu
MA0101202408A0010939,골드맘산후도우미대전세종지사,,P1,교육,P107,교육 지원,P10799,기타 교육지원 서비스업,P85709,기타 교육지원 서비스업,30,대전광역시,30200,유성구,30200540,온천2동,3020012200,궁동,3020012200104820007,1,대지,482,7,대전광역시 유성구 궁동 482-7,302003167083,대전광역시 유성구 대학로,82,,3020012200104820007000003,,대전광역시 유성구 대학로 82,305335,34183,,4,,127.344640459471,36.3606736410728,cnu
MA0101202406A0048666,워크엔플레이,,M1,과학·기술,M105,광고,M10501,광고 대행업,M71310,광고 대행업,30,대전광역시,30200,유성구,30200540,온천2동,3020012200,궁동,3020012200104820007,1,대지,482,7,대전광역시 유성구 궁동 482-7,302003167083,대전광역시 유성구 대학로,82,,3020012200104820007000003,,대전광역시 유성구 대학로 82,305335,34183,,5,,127.344640459471,36.3606736410728,cnu
MA0101202406A0548567,에프디비,,G2,소매,G209,섬유·의복·신발 소매,G20905,기타 의류 소매업,G47414,셔츠 및 블라우스 소매업,30,대전광역시,30200,유성구,30200540,온천2동,3020012200,궁동,3020012200104820007,1,대지,482,7,대전광역시 유성구 궁동 482-7,302003167083,대전광역시 유성구 대학로,82,,3020012200104820007000003,안산빌딩,대전광역시 유성구 대학로 82,305335,34183,,5,,127.344640459471,36.3606736410728,cnu
MA0101202311A0064404,엠에스엠,,M1,과학·기술,M107,본사·경영 컨설팅,M10703,경영 컨설팅업,M71531,경영 컨설팅업,30,대전광역시,30200,유성구,30200540,온천2동,3020012200,궁동,3020012200104820007,1,대지,482,7,대전광역시 유성구 궁동 482-7,302003167083,대전광역시 유성구 대학로,82,,3020012200104820007000003,,대전광역시 유성구 대학로 82,305335,34183,,4,,127.344640459471,36.3606736410728,cnu
MA0101202406A0511368,찬호소방,,G2,소매,G221,기타 상품 소매,G22199,그 외 기타 상품 전문 소매업,G47859,그 외 기타 분류 안된 상품 전문 소매업,30,대전광역시,30200,유성구,30200540,온천2동,3020012200,궁동,3020012200104820007,1,대지,482,7,대전광역시 유성구 궁동 482-7,302003167083,대전광역시 유성구 대학로,82,,3020012200104820007000003,,대전광역시 유성구 대학로 82,305335,34183,,4,,127.344640459471,36.3606736410728,cnu
MA0101202311A0071247,스마일피씨테크,,S2,수리·개인,S201,컴퓨터 수리,S20101,컴퓨터/노트북/프린터 수리업,S95110,컴퓨터 및 주변 기기 수리업,30,대전광역시,30200,유성구,30200540,온천2동,3020012200,궁동,3020012200104820007,1,대지,482,7,대전광역시 유성구 궁동 482-7,302003167083,대전광역시 유성구 대학로,82,,3020012200104820007000003,아파트,대전광역시 유성구 대학로 82,305335,34183,,4,,127.344640459471,36.3606736410728,cnu
MA0101202406A0576581,트레저앤비,대전점,G2,소매,G212,기타 생활용품 소매,G21202,주방/가정용품 소매업,G47599,그 외 기타 분류 안된 가정용품 소매업,30,대전광역시,30200,유성구,30200540,온천2동,3020012200,궁동,3020012200104820007,1,대지,482,7,대전광역시 유성구 궁동 482-7,302003167083,대전광역시 유성구 대학로,82,,3020012200104820007000003,,대전광역시 유성구 대학로 82,305335,34183,,4,,127.344640459471,36.3606736410728,cnu
MA0101202406A0163258,에이블컴퍼니,,G2,소매,G215,의약·화장품 소매,G21502,의료기기 소매업,G47811,의약품 및 의료용품 소매업,30,대전광역시,30200,유성구,30200540,온천2동,3020012200,궁동,3020012200104820007,1,대지,482,7,대전광역시 유성구 궁동 482-7,302003167083,대전광역시 유성구 대학로,82,,3020012200104820007000003,A,대전광역시 유성구 대학로 82,305335,34183,,4,,127.344640459471,36.3606736410728,cnu
MA0101202406A0292827,리치스크린,,R1,예술·스포츠,R103,스포츠 서비스,R10311,골프 연습장,R91136,골프 연습장 운영업,30,대전광역시,30200,유성구,30200540,온천2동,3020012200,궁동,3020012200104820007,1,대지,482,7,대전광역시 유성구 궁동 482-7,302003167083,대전광역시 유성구 대학로,82,,3020012200104820007000003,,대전광역시 유성구 대학로 82,305335,34183,,,,127.344640459471,36.3606736410728,cnu
MA0101202406A0025826,하이라이트기획,,N1,시설관리·임대,N108,기타 사업 서비스,N10802,전시/컨벤션/행사 대행 서비스업,N75992,"전시, 컨벤션 및 행사 대행업",30,대전광역시,30200,유성구,30200540,온천2동,3020012200,궁동,3020012200104820007,1,대지,482,7,대전광역시 유성구 궁동 482-7,302003167083,대전광역시 유성구 대학로,82,,3020012200104820007000003,,대전광역시 유성구 대학로 82,305335,34183,,5,,127.344640459471,36.3606736410728,cnu
MA0101202406A0531622,유니브이앤씨대전,,P1,교육,P107,교육 지원,P10799,기타 교육지원 서비스업,P85709,기타 교육지원 서비스업,30,대전광역시,30200,유성구,30200540,온천2동,3020012200,궁동,3020012200104820007,1,대지,482,7,대전광역시 유성구 궁동 482-7,302003167083,대전광역시 유성구 대학로,82,,3020012200104820007000003,,대전광역시 유성구 대학로 82,305335,34183,,5,,127.344640459471,36.3606736410728,cnu
MA0101202310A0009176,제이수컴퍼니,,M1,과학·기술,M105,광고,M10501,광고 대행업,M71310,광고 대행업,30,대전광역시,30200,유성구,30200540,온천2동,3020012200,궁동,3020012200104820007,1,대지,482,7,대전광역시 유성구 궁동 482-7,302003167083,대전광역시 유성구 대학로,82,,3020012200104820007000003,,대전광역시 유성구 대학로 82,305335,34183,,4,,127.344640459471,36.3606736410728,cnu
MA0101202307A0096962,메쎄유람,,N1,시설관리·임대,N108,기타 사업 서비스,N10802,전시/컨벤션/행사 대행 서비스업,N75992,"전시, 컨벤션 및 행사 대행업",30,대전광역시,30200,유성구,30200540,온천2동,3020012200,궁동,3020012200104820007,1,대지,482,7,대전광역시 유성구 궁동 482-7,302003167083,대전광역시 유성구 대학로,82,,3020012200104820007000003,층,대전광역시 유성구 대학로 82,305335,34183,,4,,127.344640459471,36.3606736410728,cnu
MA0101202308A0057784,페이스파트너스,,M1,과학·기술,M107,본사·경영 컨설팅,M10703,경영 컨설팅업,M71531,경영 컨설팅업,30,대전광역시,30200,유성구,30200540,온천2동,3020012200,궁동,3020012200104820007,1,대지,482,7,대전광역시 유성구 궁동 482-7,302003167083,대전광역시 유성구 대학로,82,,3020012200104820007000003,인산빌딩,대전광역시 유성구 대학로 82,305335,34183,,5,,127.344640459471,36.3606736410728,cnu
MA0101202311A0091556,풋풋한,,M1,과학·기술,M105,광고,M10501,광고 대행업,M71310,광고 대행업,30,대전광역시,30200,유성구,30200540,온천2동,3020012200,궁동,3020012200104820007,1,대지,482,7,대전광역시 유성구 궁동 482-7,302003167083,대전광역시 유성구 대학로,82,,3020012200104820007000003,,대전광역시 유성구 대학로 82,305335,34183,,4,,127.344640459471,36.3606736410728,cnu
MA0101202310A0027419,빛나라홈케어119대전,유성점,N1,시설관리·임대,N102,청소·방제,N10201,건축물 일반 청소업,N74211,건축물 일반 청소업,30,대전광역시,30200,유성구,30200540,온천2동,3020012200,궁동,3020012200104820007,1,대지,482,7,대전광역시 유성구 궁동 482-7,302003167083,대전광역시 유성구 대학로,82,,3020012200104820007000003,,대전광역시 유성구 대학로 82,305335,34183,,5,,127.344640459471,36.3606736410728,cnu
MA0101202303A0109541,플레이그라운드,,N1,시설관리·임대,N108,기타 사업 서비스,N10802,전시/컨벤션/행사 대행 서비스업,N75992,"전시, 컨벤션 및 행사 대행업",30,대전광역시,30200,유성구,30200540,온천2동,3020012200,궁동,3020012200104820007,1,대지,482,7,대전광역시 유성구 궁동 482-7,302003167083,대전광역시 유성구 대학로,82,,3020012200104820007000003,,대전광역시 유성구 대학로 82,305335,34183,,4,,127.344640459471,36.3606736410728,cnu
MA0101202303A0044076,하우어썸,,P1,교육,P106,기타 교육,P10629,그 외 기타 교육기관,P85699,그 외 기타 분류 안된 교육기관,30,대전광역시,30200,유성구,30200540,온천2동,3020012200,궁동,3020012200104820007,1,대지,482,7,대전광역시 유성구 궁동 482-7,302003167083,대전광역시 유성구 대학로,82,,3020012200104820007000003,,대전광역시 유성구 대학로 82,305335,34183,,4,,127.344640459471,36.3606736410728,cnu
MA0101202303A0072301,크라투스,,M1,과학·기술,M105,광고,M10501,광고 대행업,M71310,광고 대행업,30,대전광역시,30200,유성구,30200540,온천2동,3020012200,궁동,3020012200104820007,1,대지,482,7,대전광역시 유성구 궁동 482-7,302003167083,대전광역시 유성구 대학로,82,,3020012200104820007000003,,대전광역시 유성구 대학로 82,305335,34183,,4,,127.344640459471,36.3606736410728,cnu
MA0101202308A0050107,건마어때컴퍼니,,M1,과학·기술,M105,광고,M10501,광고 대행업,M71310,광고 대행업,30,대전광역시,30200,유성구,30200540,온천2동,3020012200,궁동,3020012200104820007,1,대지,482,7,대전광역시 유성구 궁동 482-7,302003167083,대전광역시 유성구 대학로,82,,3020012200104820007000003,,대전광역시 유성구 대학로 82,305335,34183,,4,,127.344640459471,36.3606736410728,cnu
MA0101202308A0102065,광장회원권충청,,M1,과학·기술,M115,기타 전문 과학,M11504,사업/무형 재산권 중개업,M73903,사업 및 무형 재산권 중개업,30,대전광역시,30200,유성구,30200540,온천2동,3020012200,궁동,3020012200104820007,1,대지,482,7,대전광역시 유성구 궁동 482-7,302003167083,대전광역시 유성구 대학로,82,,3020012200104820007000003,,대전광역시 유성구 대학로 82,305335,34183,,4,,127.344640459471,36.3606736410728,cnu
MA010120220812275416,비아이티랩,,G2,소매,G208,가전·통신 소매,G20802,핸드폰 소매업,G47312,통신기기 소매업,30,대전광역시,30200,유성구,30200540,온천2동,3020012200,궁동,3020012200104820007,1,대지,482,7,대전광역시 유성구 궁동 482-7,302003167083,대전광역시 유성구 대학로,82,,3020012200104820007000003,,대전광역시 유성구 대학로 82,305335,34183,,5,,127.344640459471,36.3606736410728,cnu
MA0101202306A0078923,세진닥트청소화재덕트공장청소,대전점,N1,시설관리·임대,N102,청소·방제,N10202,"산업설비, 운송장비 및 공공장소 청소업",N74212,"산업설비, 운송장비 및 공공장소 청소업",30,대전광역시,30200,유성구,30200540,온천2동,3020012200,궁동,3020012200104820007,1,대지,482,7,대전광역시 유성구 궁동 482-7,302003167083,대전광역시 유성구 대학로,82,,3020012200104820007000003,,대전광역시 유성구 대학로 82,305335,34183,,4,,127.344640459471,36.3606736410728,cnu
MA0101202305A0093645,행복한선물EM,,G2,소매,G215,의약·화장품 소매,G21503,화장품 소매업,G47813,"화장품, 비누 및 방향제 소매업",30,대전광역시,30200,유성구,30200540,온천2동,3020012200,궁동,3020012200104820007,1,대지,482,7,대전광역시 유성구 궁동 482-7,302003167083,대전광역시 유성구 대학로,82,,3020012200104820007000003,,대전광역시 유성구 대학로 82,305335,34183,,4,,127.344640459471,36.3606736410728,cnu
MA0101202306A0028184,믹스루루,,S2,수리·개인,S206,기타 가정용품 수리,S20601,의류/이불 수선업,S95391,의복 및 기타 가정용 직물제품 수리업,30,대전광역시,30200,유성구,30200540,온천2동,3020012200,궁동,3020012200104820007,1,대지,482,7,대전광역시 유성구 궁동 482-7,302003167083,대전광역시 유성구 대학로,82,,3020012200104820007000003,,대전광역시 유성구 대학로 82,305335,34183,,4,,127.344640459471,36.3606736410728,cnu
MA010120220812938372,법률사무소진언,,M1,과학·기술,M103,법무관련 ,M10301,변호사,M71101,변호사업,30,대전광역시,30200,유성구,30200540,온천2동,3020012200,궁동,3020012200104820007,1,대지,482,7,대전광역시 유성구 궁동 482-7,302003167083,대전광역시 유성구 대학로,82,,3020012200104820007000003,인산빌딩,대전광역시 유성구 대학로 82,305335,34183,,5,,127.344640459471,36.3606736410728,cnu
MA0106202301A2416333,스타벅스,충남대정문,I2,음식,I212,비알코올 ,I21201,카페,I56221,커피 전문점,30,대전광역시,30200,유성구,30200540,온천2동,3020012200,궁동,3020012200104820007,1,대지,482,7,대전광역시 유성구 궁동 482-7,302003167083,대전광역시 유성구 대학로,82,,3020012200104820007000003,,대전광역시 유성구 대학로 82,305335,34183,,,,127.344640459471,36.3606736410728,cnu
MA0101202303A0079956,유스타터,,P1,교육,P106,기타 교육,P10629,그 외 기타 교육기관,P85699,그 외 기타 분류 안된 교육기관,30,대전광역시,30200,유성구,30200540,온천2동,3020012200,궁동,3020012200104820007,1,대지,482,7,대전광역시 유성구 궁동 482-7,302003167083,대전광역시 유성구 대학로,82,,3020012200104820007000003,,대전광역시 유성구 대학로 82,305335,34183,,,,127.344640459471,36.3606736410728,cnu
MA010120220800830914,사과나무,,M1,과학·기술,M105,광고,M10501,광고 대행업,N75999,그 외 기타 분류 안된 사업 지원 서비스업,30,대전광역시,30200,유성구,30200540,온천2동,3020012200,궁동,3020012200104820007,1,대지,482,7,대전광역시 유성구 궁동 482-7,302003167083,대전광역시 유성구 대학로,82,,3020012200104820007000003,,대전광역시 유성구 대학로 82,305335,34183,,3,,127.344640459471,36.3606736410728,cnu
MA010120220807006832,킹덤바이블칼리지,,P1,교육,P106,기타 교육,P10629,그 외 기타 교육기관,P85699,그 외 기타 분류 안된 교육기관,30,대전광역시,30200,유성구,30200540,온천2동,3020012200,궁동,3020012200104820007,1,대지,482,7,대전광역시 유성구 궁동 482-7,302003167083,대전광역시 유성구 대학로,82,,3020012200104820007000003,,대전광역시 유성구 대학로 82,305335,34183,,7,,127.344640459471,36.3606736410728,cnu
MA010120220813667822,플랜무드니,,S2,수리·개인,S211,기타 개인,S21105,결혼 상담 서비스업,S96994,결혼 상담 및 준비 서비스업,30,대전광역시,30200,유성구,30200540,온천2동,3020012200,궁동,3020012200104820007,1,대지,482,7,대전광역시 유성구 궁동 482-7,302003167083,대전광역시 유성구 대학로,82,,3020012200104820007000003,인산빌딩,대전광역시 유성구 대학로 82,305335,34183,,5,,127.344640459471,36.3606736410728,cnu
MA010120220806229988,다온텔레콤,,G2,소매,G208,가전·통신 소매,G20802,핸드폰 소매업,G47312,통신기기 소매업,30,대전광역시,30200,유성구,30200540,온천2동,3020012200,궁동,3020012200104820007,1,대지,482,7,대전광역시 유성구 궁동 482-7,302003167083,대전광역시 유성구 대학로,82,,3020012200104820007000003,,대전광역시 유성구 대학로 82,305335,34183,,1,,127.344640459471,36.3606736410728,cnu
MA010120220803512436,풀스터디카페,충남대점,R1,예술·스포츠,R102,도서관·사적지,R10202,독서실/스터디 카페,R90212,독서실 운영업,30,대전광역시,30200,유성구,30200540,온천2동,3020012200,궁동,3020012200104820007,1,대지,482,7,대전광역시 유성구 궁동 482-7,302003167083,대전광역시 유성구 대학로,82,,3020012200104820007000003,,대전광역시 유성구 대학로 82,305335,34183,,6,,127.344640459471,36.3606736410728,cnu
MA010120220801613378,컴퓨터수리,,S2,수리·개인,S201,컴퓨터 수리,S20101,컴퓨터/노트북/프린터 수리업,S95110,컴퓨터 및 주변 기기 수리업,30,대전광역시,30200,유성구,30200540,온천2동,3020012200,궁동,3020012200104820007,1,대지,482,7,대전광역시 유성구 궁동 482-7,302003167083,대전광역시 유성구 대학로,82,,3020012200104820007000003,,대전광역시 유성구 대학로 82,305335,34183,,5,,127.344640459471,36.3606736410728,cnu
MA010120220811954396,스터디플러스유성,충남대점,R1,예술·스포츠,R102,도서관·사적지,R10202,독서실/스터디 카페,R90212,독서실 운영업,30,대전광역시,30200,유성구,30200540,온천2동,3020012200,궁동,3020012200104820007,1,대지,482,7,대전광역시 유성구 궁동 482-7,302003167083,대전광역시 유성구 대학로,82,,3020012200104820007000003,인산빌딩,대전광역시 유성구 대학로 82,305335,34183,,,,127.344640459471,36.3606736410728,cnu
MA010120220807430856,24시열쇠,,S2,수리·개인,S206,기타 가정용품 수리,S20699,그 외 기타 개인/가정용품 수리업,S95399,그 외 기타 개인 및 가정용품 수리업,30,대전광역시,30200,유성구,30200540,온천2동,3020012200,궁동,3020012200104820007,1,대지,482,7,대전광역시 유성구 궁동 482-7,302003167083,대전광역시 유성구 대학로,82,,3020012200104820007000003,인산빌딩,대전광역시 유성구 대학로 82,305335,34183,,5,,127.344640459471,36.3606736410728,cnu
MA0101202510A0007173,청소마술사대전지사,,N1,시설관리·임대,N102,청소·방제,N10201,건축물 일반 청소업,N74211,건축물 일반 청소업,30,대전광역시,30200,유성구,30200540,온천2동,3020012200,궁동,3020012200104820007,1,대지,482,7,대전광역시 유성구 궁동 482-7,302003167083,대전광역시 유성구 대학로,82,,3020012200104820007000003,층,대전광역시 유성구 대학로 82,305335,34183,,4,,127.344640459471,36.3606736410728,cnu
MA0101202511A0035596,비상주사무실비상주닷컴대전유성구,1호점,M1,과학·기술,M107,본사·경영 컨설팅,M10703,경영 컨설팅업,M71531,경영 컨설팅업,30,대전광역시,30200,유성구,30200540,온천2동,3020012200,궁동,3020012200104820007,1,대지,482,7,대전광역시 유성구 궁동 482-7,302003167083,대전광역시 유성구 대학로,82,,3020012200104820007000003,,대전광역시 유성구 대학로 82,305335,34183,,4,,127.344640459471,36.3606736410728,cnu
MA0101202603A0040996,하이바이란,,M1,과학·기술,M105,광고,M10501,광고 대행업,M71310,광고 대행업,30,대전광역시,30200,유성구,30200540,온천2동,3020012200,궁동,3020012200104820007,1,대지,482,7,대전광역시 유성구 궁동 482-7,302003167083,대전광역시 유성구 대학로,82,,3020012200104820007000003,,대전광역시 유성구 대학로 82,305335,34183,,4,,127.344640459471,36.3606736410728,cnu
MA0101202602A0031475,프로마인드충청도지사,,N1,시설관리·임대,N101,시설관리,N10101,사업시설 유지·관리 서비스업,N74100,사업시설 유지ㆍ관리 서비스업,30,대전광역시,30200,유성구,30200540,온천2동,3020012200,궁동,3020012200104820007,1,대지,482,7,대전광역시 유성구 궁동 482-7,302003167083,대전광역시 유성구 대학로,82,,3020012200104820007000003,,대전광역시 유성구 대학로 82,305335,34183,,4,,127.344640459471,36.3606736410728,cnu
MA0101202507A0004637,에이치더블유,,M1,과학·기술,M107,본사·경영 컨설팅,M10703,경영 컨설팅업,M71531,경영 컨설팅업,30,대전광역시,30200,유성구,30200540,온천2동,3020012200,궁동,3020012200104820007,1,대지,482,7,대전광역시 유성구 궁동 482-7,302003167083,대전광역시 유성구 대학로,82,,3020012200104820007000003,아파트,대전광역시 유성구 대학로 82,305335,34183,,4,,127.344640459471,36.3606736410728,cnu
MA0101202603A0003864,더재월,,M1,과학·기술,M107,본사·경영 컨설팅,M10703,경영 컨설팅업,M71531,경영 컨설팅업,30,대전광역시,30200,유성구,30200540,온천2동,3020012200,궁동,3020012200104820007,1,대지,482,7,대전광역시 유성구 궁동 482-7,302003167083,대전광역시 유성구 대학로,82,,3020012200104820007000003,,대전광역시 유성구 대학로 82,305335,34183,,,,127.344640459471,36.3606736410728,cnu
MA0101202503A0006889,입주청소,,N1,시설관리·임대,N102,청소·방제,N10201,건축물 일반 청소업,N74211,건축물 일반 청소업,30,대전광역시,30200,유성구,30200540,온천2동,3020012200,궁동,3020012200104820007,1,대지,482,7,대전광역시 유성구 궁동 482-7,302003167083,대전광역시 유성구 대학로,82,,3020012200104820007000003,A,대전광역시 유성구 대학로 82,305335,34183,,4,,127.344640459471,36.3606736410728,cnu
MA0101202502A0117742,파라봄,,G2,소매,G216,안경·정밀기기 소매,G21603,사진기/기타 광학기기 소매업,G47823,사진기 및 사진용품 소매업,30,대전광역시,30200,유성구,30200540,온천2동,3020012200,궁동,3020012200104820007,1,대지,482,7,대전광역시 유성구 궁동 482-7,302003167083,대전광역시 유성구 대학로,82,,3020012200104820007000003,인산빌딩,대전광역시 유성구 대학로 82,305335,34183,,4,,127.344640459471,36.3606736410728,cnu
MA0101202504A0109265,케이에이티,,M1,과학·기술,M105,광고,M10504,광고물 설계/제작업,M71393,"광고물 문안, 도안, 설계 등 작성업",30,대전광역시,30200,유성구,30200540,온천2동,3020012200,궁동,3020012200104820007,1,대지,482,7,대전광역시 유성구 궁동 482-7,302003167083,대전광역시 유성구 대학로,82,,3020012200104820007000003,,대전광역시 유성구 대학로 82,305335,34183,,4,,127.344640459471,36.3606736410728,cnu
MA0101202411A0181118,순수마케팅,대전지점,M1,과학·기술,M105,광고,M10501,광고 대행업,M71310,광고 대행업,30,대전광역시,30200,유성구,30200540,온천2동,3020012200,궁동,3020012200104820007,1,대지,482,7,대전광역시 유성구 궁동 482-7,302003167083,대전광역시 유성구 대학로,82,,3020012200104820007000003,,대전광역시 유성구 대학로 82,305335,34183,,5,,127.344640459471,36.3606736410728,cnu
MA0101202509A0016054,행복한여행,대전지점,N1,시설관리·임대,N105,여행사·보조,N10501,여행사,N75210,여행사업,30,대전광역시,30200,유성구,30200540,온천2동,3020012200,궁동,3020012200104820007,1,대지,482,7,대전광역시 유성구 궁동 482-7,302003167083,대전광역시 유성구 대학로,82,,3020012200104820007000003,인산빌딩,대전광역시 유성구 대학로 82,305335,34183,,,,127.344640459471,36.3606736410728,cnu
MA0101202411A0150737,미래에듀,,G2,소매,G213,오락용품 소매,G21301,서점,G47611,"서적, 신문 및 잡지류 소매업",30,대전광역시,30200,유성구,30200540,온천2동,3020012200,궁동,3020012200104820007,1,대지,482,7,대전광역시 유성구 궁동 482-7,302003167083,대전광역시 유성구 대학로,82,,3020012200104820007000003,,대전광역시 유성구 대학로 82,305335,34183,,4,,127.344640459471,36.3606736410728,cnu
MA0101202503A0060566,대전아이폰아이패드수리,충남대점,S2,수리·개인,S202,통신장비 수리,S20201,핸드폰/통신장비 수리업,S95120,통신장비 수리업,30,대전광역시,30200,유성구,30200540,온천2동,3020012200,궁동,3020012200104820007,1,대지,482,7,대전광역시 유성구 궁동 482-7,302003167083,대전광역시 유성구 대학로,82,,3020012200104820007000003,아파트,대전광역시 유성구 대학로 82,305335,34183,,4,,127.344640459471,36.3606736410728,cnu
MA0101202504A0028860,메이드,,M1,과학·기술,M105,광고,M10504,광고물 설계/제작업,M71393,"광고물 문안, 도안, 설계 등 작성업",30,대전광역시,30200,유성구,30200540,온천2동,3020012200,궁동,3020012200104820007,1,대지,482,7,대전광역시 유성구 궁동 482-7,302003167083,대전광역시 유성구 대학로,82,,3020012200104820007000003,,대전광역시 유성구 대학로 82,305335,34183,,5,,127.344640459471,36.3606736410728,cnu
MA010120220812539464,나눔,,N1,시설관리·임대,N104,고용 알선,N10403,상용 인력 공급 및 인사관리 서비스업,N75122,상용 인력 공급 및 인사관리 서비스업,30,대전광역시,30200,유성구,30200540,온천2동,3020012200,궁동,3020012200104820007,1,대지,482,7,대전광역시 유성구 궁동 482-7,302003167083,대전광역시 유성구 대학로,82,,3020012200104820007000003,인산빌딩,대전광역시 유성구 대학로 82,305335,34183,,5,,127.344640459471,36.3606736410728,cnu
MA010120220813722644,뷰티뷰,,S2,수리·개인,S207,이용·미용,S20701,미용실,S96112,두발 미용업,30,대전광역시,30200,유성구,30200540,온천2동,3020012200,궁동,3020012200104820007,1,대지,482,7,대전광역시 유성구 궁동 482-7,302003167083,대전광역시 유성구 대학로,82,,3020012200104820007000003,,대전광역시 유성구 대학로 82,305335,34183,,1,,127.344640459471,36.3606736410728,cnu
MA010120220805843836,피씨토랑,충남대점,R1,예술·스포츠,R104,유원지·오락,R10406,PC방,R91222,컴퓨터 게임방 운영업,30,대전광역시,30200,유성구,30200540,온천2동,3020012200,궁동,3020012200104820006,1,대지,482,6,대전광역시 유성구 궁동 482-6,302003167083,대전광역시 유성구 대학로,84,,3020012200104820006011506,베스트탑빌딩,대전광역시 유성구 대학로 84,305335,34183,,2,,127.344696922994,36.3608447013437,cnu
MA0101202209A0071881,랭스영대전센터,,P1,교육,P106,기타 교육,P10615,외국어학원,P85631,외국어학원,30,대전광역시,30200,유성구,30200540,온천2동,3020012200,궁동,3020012200104820006,1,대지,482,6,대전광역시 유성구 궁동 482-6,302003167083,대전광역시 유성구 대학로,84,,3020012200104820006011506,,대전광역시 유성구 대학로 84,305335,34183,,,,127.344696922994,36.3608447013437,cnu
MA010120220808628233,랭스영대전센터,,P1,교육,P106,기타 교육,P10615,외국어학원,P85631,외국어학원,30,대전광역시,30200,유성구,30200540,온천2동,3020012200,궁동,3020012200104820006,1,대지,482,6,대전광역시 유성구 궁동 482-6,302003167083,대전광역시 유성구 대학로,84,,3020012200104820006011506,베스트탑빌딩,대전광역시 유성구 대학로 84,305335,34183,,,,127.344696922994,36.3608447013437,cnu
MA010120220810275835,할리스커피,충남대점,I2,음식,I212,비알코올 ,I21201,카페,I56221,커피 전문점,30,대전광역시,30200,유성구,30200540,온천2동,3020012200,궁동,3020012200104820006,1,대지,482,6,대전광역시 유성구 궁동 482-6,302003167083,대전광역시 유성구 대학로,84,,3020012200104820006011506,,대전광역시 유성구 대학로 84,305335,34183,,,,127.344696922994,36.3608447013437,cnu
MA0101202502A0088618,어라운드스터디룸,충남대점,R1,예술·스포츠,R102,도서관·사적지,R10202,독서실/스터디 카페,R90212,독서실 운영업,30,대전광역시,30200,유성구,30200540,온천2동,3020012200,궁동,3020012200104820006,1,대지,482,6,대전광역시 유성구 궁동 482-6,302003167083,대전광역시 유성구 대학로,84,,3020012200104820006011506,베스트탑빌딩,대전광역시 유성구 대학로 84,305335,34183,,3,,127.344696922994,36.3608447013437,cnu
MA0101202504A0104132,바디앤솔필라테스,충남대점,P1,교육,P106,기타 교육,P10603,요가/필라테스 학원,P85612,기타 스포츠 교육기관,30,대전광역시,30200,유성구,30200540,온천2동,3020012200,궁동,3020012200104820006,1,대지,482,6,대전광역시 유성구 궁동 482-6,302003167083,대전광역시 유성구 대학로,84,,3020012200104820006011506,상경빌딩,대전광역시 유성구 대학로 84,305335,34183,,4,,127.344696922994,36.3608447013437,cnu
MA010120220812721220,아레나휘트니스,,R1,예술·스포츠,R103,스포츠 서비스,R10307,헬스장,R91132,체력 단련시설 운영업,30,대전광역시,30200,유성구,30200540,온천2동,3020012200,궁동,3020012200104820004,1,대지,482,4,대전광역시 유성구 궁동 482-4,302003167083,대전광역시 유성구 대학로,86,,3020012200104820004010498,,대전광역시 유성구 대학로 86,305335,34183,,8,,127.344775948498,36.3610787786901,cnu
MA0101202409A0129006,던킨도너츠대전,충남대점,I2,음식,I210,기타 간이,I21001,빵/도넛,I56194,김밥 및 기타 간이 음식점업,30,대전광역시,30200,유성구,30200540,온천2동,3020012200,궁동,3020012200104820004,1,대지,482,4,대전광역시 유성구 궁동 482-4,302003167083,대전광역시 유성구 대학로,86,,3020012200104820004010498,,대전광역시 유성구 대학로 86,305335,34183,,1,,127.344775948498,36.3610787786901,cnu
MA010120220813323197,아담스꼬마김밥,충남대점,I2,음식,I210,기타 간이,I21007,김밥/만두/분식,I56194,김밥 및 기타 간이 음식점업,30,대전광역시,30200,유성구,30200540,온천2동,3020012200,궁동,3020012200104820004,1,대지,482,4,대전광역시 유성구 궁동 482-4,302003167083,대전광역시 유성구 대학로,86,,3020012200104820004010498,포커스타운,대전광역시 유성구 대학로 86,305335,34183,,1,,127.344775948498,36.3610787786901,cnu
MA010120220805149873,세컨페이스,유성점,G2,소매,G216,안경·정밀기기 소매,G21602,안경렌즈 소매업,G47822,안경 및 렌즈 소매업,30,대전광역시,30200,유성구,30200540,온천2동,3020012200,궁동,3020012200104820004,1,대지,482,4,대전광역시 유성구 궁동 482-4,302003167083,대전광역시 유성구 대학로,86,,3020012200104820004010498,포커스타운,대전광역시 유성구 대학로 86,305335,34183,,,,127.344775948498,36.3610787786901,cnu
MA010120220809263201,세븐일레븐,충남대정문점,G2,소매,G204,종합 소매,G20405,편의점,G47122,체인화 편의점,30,대전광역시,30200,유성구,30200540,온천2동,3020012200,궁동,3020012200104820004,1,대지,482,4,대전광역시 유성구 궁동 482-4,302003167083,대전광역시 유성구 대학로,86,,3020012200104820004010498,포커스타운,대전광역시 유성구 대학로 86,305335,34183,,,,127.344775948498,36.3610787786901,cnu
MA010120220806253284,종로유학원주,,P1,교육,P107,교육 지원,P10799,기타 교육지원 서비스업,P85709,기타 교육지원 서비스업,30,대전광역시,30200,유성구,30200540,온천2동,3020012200,궁동,3020012200104820004,1,대지,482,4,대전광역시 유성구 궁동 482-4,302003167083,대전광역시 유성구 대학로,86,,3020012200104820004010498,포커스타운,대전광역시 유성구 대학로 86,305335,34183,,2,,127.344775948498,36.3610787786901,cnu
MA0101202305A0129271,정직유부,충남대점,I2,음식,I203,일식,I20399,기타 일식 음식점,I56122,일식 음식점업,30,대전광역시,30200,유성구,30200540,온천2동,3020012200,궁동,3020012200104820004,1,대지,482,4,대전광역시 유성구 궁동 482-4,302003167083,대전광역시 유성구 대학로,86,,3020012200104820004010498,포커스타운,대전광역시 유성구 대학로 86,305335,34183,,1,,127.344775948498,36.3610787786901,cnu
MA010120220813452836,조마루감자탕,,I2,음식,I201,한식,I20102,국/탕/찌개류,I56111,한식 일반 음식점업,30,대전광역시,30200,유성구,30200540,온천2동,3020012200,궁동,3020012200104820004,1,대지,482,4,대전광역시 유성구 궁동 482-4,302003167083,대전광역시 유성구 대학로,86,,3020012200104820004010498,,대전광역시 유성구 대학로 86,305335,34183,,1,,127.344775948498,36.3610787786901,cnu
MA010120220801837302,월미당,,I2,음식,I205,동남아시아,I20501,베트남식 전문,I56129,기타 외국식 음식점업,30,대전광역시,30200,유성구,30200540,온천2동,3020012200,궁동,3020012200104820004,1,대지,482,4,대전광역시 유성구 궁동 482-4,302003167083,대전광역시 유성구 대학로,86,,3020012200104820004010498,포커스타운,대전광역시 유성구 대학로 86,305335,34183,,1,,127.344775948498,36.3610787786901,cnu
MA010120220801144227,에스에프컴퍼니,,R1,예술·스포츠,R103,스포츠 서비스,R10307,헬스장,R91132,체력 단련시설 운영업,30,대전광역시,30200,유성구,30200540,온천2동,3020012200,궁동,3020012200104820004,1,대지,482,4,대전광역시 유성구 궁동 482-4,302003167083,대전광역시 유성구 대학로,86,,3020012200104820004010498,,대전광역시 유성구 대학로 86,305335,34183,,,,127.344775948498,36.3610787786901,cnu
MA010120220812940412,제이에스컴퍼니,,R1,예술·스포츠,R103,스포츠 서비스,R10307,헬스장,R91132,체력 단련시설 운영업,30,대전광역시,30200,유성구,30200540,온천2동,3020012200,궁동,3020012200104820004,1,대지,482,4,대전광역시 유성구 궁동 482-4,302003167083,대전광역시 유성구 대학로,86,,3020012200104820004010498,포커스타운,대전광역시 유성구 대학로 86,305335,34183,,8,,127.344775948498,36.3610787786901,cnu
MA010120220802691825,포러스부동산중개법인,,L1,부동산,L102,부동산 서비스,L10203,부동산 중개/대리업,L68221,부동산 중개 및 대리업,30,대전광역시,30200,유성구,30200540,온천2동,3020012200,궁동,3020012200104820004,1,대지,482,4,대전광역시 유성구 궁동 482-4,302003167083,대전광역시 유성구 대학로,86,,3020012200104820004010498,포커스타운,대전광역시 유성구 대학로 86,305335,34183,,,,127.344775948498,36.3610787786901,cnu
MA0101202604A0037333,아동청소년발달연구소온브레인,,R1,예술·스포츠,R103,스포츠 서비스,R10314,기타 스포츠시설 운영업,R91139,그 외 기타 스포츠시설 운영업,30,대전광역시,30200,유성구,30200540,온천2동,3020012200,궁동,3020012200104820004,1,대지,482,4,대전광역시 유성구 궁동 482-4,302003167083,대전광역시 유성구 대학로,86,,3020012200104820004010498,포커스타운,대전광역시 유성구 대학로 86,305335,34183,,4,,127.344775948498,36.3610787786901,cnu
MA010120220807453950,세븐일레븐,충남대정문점,G2,소매,G204,종합 소매,G20405,편의점,G47122,체인화 편의점,30,대전광역시,30200,유성구,30200540,온천2동,3020012200,궁동,3020012200104820004,1,대지,482,4,대전광역시 유성구 궁동 482-4,302003167083,대전광역시 유성구 대학로,86,,3020012200104820004010498,포커스타운,대전광역시 유성구 대학로 86,305335,34183,,,,127.344775948498,36.3610787786901,cnu
MA0101202511A0019922,움버거앤윙스대전,충남대점,I2,음식,I210,기타 간이,I21004,버거,I56192,"피자, 햄버거, 샌드위치 및 유사 음식점업",30,대전광역시,30200,유성구,30200540,온천2동,3020012200,궁동,3020012200104820004,1,대지,482,4,대전광역시 유성구 궁동 482-4,302003167083,대전광역시 유성구 대학로,86,,3020012200104820004010498,포커스타운,대전광역시 유성구 대학로 86,305335,34183,,,,127.344775948498,36.3610787786901,cnu
MA0101202502A0015347,팀제이에스,유성점,P1,교육,P106,기타 교육,P10603,요가/필라테스 학원,P85612,기타 스포츠 교육기관,30,대전광역시,30200,유성구,30200540,온천2동,3020012200,궁동,3020012200104820004,1,대지,482,4,대전광역시 유성구 궁동 482-4,302003167083,대전광역시 유성구 대학로,86,,3020012200104820004010498,포커스타운,대전광역시 유성구 대학로 86,305335,34183,,5,,127.344775948498,36.3610787786901,cnu
MA010120220806226136,웰메이드짐,,R1,예술·스포츠,R103,스포츠 서비스,R10307,헬스장,R91132,체력 단련시설 운영업,30,대전광역시,30200,유성구,30200540,온천2동,3020012200,궁동,3020012200104820004,1,대지,482,4,대전광역시 유성구 궁동 482-4,302003167083,대전광역시 유성구 대학로,86,,3020012200104820004010498,동포커스타운,대전광역시 유성구 대학로 86,305335,34183,,5,,127.344775948498,36.3610787786901,cnu
MA0101202502A0090910,빽다방,충남대정문점,I2,음식,I212,비알코올 ,I21201,카페,I56221,커피 전문점,30,대전광역시,30200,유성구,30200540,온천2동,3020012200,궁동,3020012200104820004,1,대지,482,4,대전광역시 유성구 궁동 482-4,302003167083,대전광역시 유성구 대학로,86,,3020012200104820004010498,포커스타운,대전광역시 유성구 대학로 86,305335,34183,,1,,127.344775948498,36.3610787786901,cnu
MA010120220812023892,더키움공인중개사사무소,,L1,부동산,L102,부동산 서비스,L10203,부동산 중개/대리업,L68221,부동산 중개 및 대리업,30,대전광역시,30200,유성구,30200540,온천2동,3020012200,궁동,3020012200104820002,1,대지,482,2,대전광역시 유성구 궁동 482-2,302003167083,대전광역시 유성구 대학로,88,,3020012200104820002010453,리더스빌딩,대전광역시 유성구 대학로 88,305335,34183,,1,,127.344810606116,36.3613580427405,cnu
MA0101202310A0055668,유럽샐러드,,I2,음식,I210,기타 간이,I21003,피자,I56192,"피자, 햄버거, 샌드위치 및 유사 음식점업",30,대전광역시,30200,유성구,30200540,온천2동,3020012200,궁동,3020012200104820002,1,대지,482,2,대전광역시 유성구 궁동 482-2,302003167083,대전광역시 유성구 대학로,88,,3020012200104820002010453,리더스,대전광역시 유성구 대학로 88,305335,34183,,1,,127.344810606116,36.3613580427405,cnu
MA010120220813235879,네이처백,,G2,소매,G204,종합 소매,G20499,그 외 기타 종합 소매업,G47190,그 외 기타 종합 소매업,30,대전광역시,30200,유성구,30200540,온천2동,3020012200,궁동,3020012200104820002,1,대지,482,2,대전광역시 유성구 궁동 482-2,302003167083,대전광역시 유성구 대학로,88,,3020012200104820002010453,,대전광역시 유성구 대학로 88,305335,34183,,1,,127.344810606116,36.3613580427405,cnu
MA0101202310A0010831,영차티컴퍼니,,G2,소매,G205,식료품 소매,G20509,반찬/식료품 소매업,G47219,기타 식료품 소매업,30,대전광역시,30200,유성구,30200540,온천2동,3020012200,궁동,3020012200104820002,1,대지,482,2,대전광역시 유성구 궁동 482-2,302003167083,대전광역시 유성구 대학로,88,,3020012200104820002010453,,대전광역시 유성구 대학로 88,305335,34183,,1,,127.344810606116,36.3613580427405,cnu
MA010120220806817444,여농팔레트,,S2,수리·개인,S207,이용·미용,S20702,피부 관리실,S96113,피부 미용업,30,대전광역시,30200,유성구,30200540,온천2동,3020012200,궁동,3020012200104820002,1,대지,482,2,대전광역시 유성구 궁동 482-2,302003167083,대전광역시 유성구 대학로,88,,3020012200104820002010453,,대전광역시 유성구 대학로 88,305335,34183,,1,,127.344810606116,36.3613580427405,cnu
MA010120220811969964,당당과자점,,I2,음식,I212,비알코올 ,I21201,카페,I56221,커피 전문점,30,대전광역시,30200,유성구,30200540,온천2동,3020012200,궁동,3020012200104820002,1,대지,482,2,대전광역시 유성구 궁동 482-2,302003167083,대전광역시 유성구 대학로,88,,3020012200104820002010453,꿈이룸유성점,대전광역시 유성구 대학로 88,305335,34183,,1,,127.344810606116,36.3613580427405,cnu
MA010120220806353037,스튜디오은수,,M1,과학·기술,M113,사진 촬영,M11301,사진촬영업,M73301,인물 사진 및 행사용 영상 촬영업,30,대전광역시,30200,유성구,30200540,온천2동,3020012200,궁동,3020012200104820002,1,대지,482,2,대전광역시 유성구 궁동 482-2,302003167083,대전광역시 유성구 대학로,88,,3020012200104820002010453,리더스빌딩,대전광역시 유성구 대학로 88,305335,34183,,3,,127.344810606116,36.3613580427405,cnu
MA0101202411A0025171,블루크루즈,,N1,시설관리·임대,N105,여행사·보조,N10599,기타 여행 보조/예약 서비스업,N75290,기타 여행 보조 및 예약 서비스업,30,대전광역시,30200,유성구,30200540,온천2동,3020012200,궁동,3020012200104820002,1,대지,482,2,대전광역시 유성구 궁동 482-2,302003167083,대전광역시 유성구 대학로,88,,3020012200104820002010453,공유가게,대전광역시 유성구 대학로 88,305335,34183,,1,,127.344810606116,36.3613580427405,cnu
MA0101202503A0020214,미소컨설팅,,M1,과학·기술,M107,본사·경영 컨설팅,M10703,경영 컨설팅업,M71531,경영 컨설팅업,30,대전광역시,30200,유성구,30200540,온천2동,3020012200,궁동,3020012200104820002,1,대지,482,2,대전광역시 유성구 궁동 482-2,302003167083,대전광역시 유성구 대학로,88,,3020012200104820002010453,,대전광역시 유성구 대학로 88,305335,34183,,,,127.344810606116,36.3613580427405,cnu
MA010120220814331702,유학네트대전센터,,P1,교육,P107,교육 지원,P10799,기타 교육지원 서비스업,P85709,기타 교육지원 서비스업,30,대전광역시,30200,유성구,30200540,온천2동,3020012200,궁동,3020012200104820002,1,대지,482,2,대전광역시 유성구 궁동 482-2,302003167083,대전광역시 유성구 대학로,88,,3020012200104820002010453,리더스빌딩,대전광역시 유성구 대학로 88,305335,34183,,5,,127.344810606116,36.3613580427405,cnu
MA0101202409A0254820,인투어학원,,P1,교육,P106,기타 교육,P10615,외국어학원,P85631,외국어학원,30,대전광역시,30200,유성구,30200540,온천2동,3020012200,궁동,3020012200104820002,1,대지,482,2,대전광역시 유성구 궁동 482-2,302003167083,대전광역시 유성구 대학로,88,,3020012200104820002010453,,대전광역시 유성구 대학로 88,305335,34183,,4,,127.344810606116,36.3613580427405,cnu
MA010120220813413203,청담이상대전,봉명점,I2,음식,I211,주점,I21104,요리 주점,I56114,한식 해산물 요리 전문점,30,대전광역시,30200,유성구,30200530,온천1동,3020011100,봉명동,3020011100106270003,1,대지,627,3,대전광역시 유성구 봉명동 627-3,302003167046,대전광역시 유성구 온천북로,15,,3020011100106270003013192,,대전광역시 유성구 온천북로 15,305301,34185,,2,,127.34482622169,36.3573207351247,cnu
MA0101202511A0000294,샤방노래연습장,,R1,예술·스포츠,R104,유원지·오락,R10407,노래방,R91223,노래 연습장 운영업,30,대전광역시,30200,유성구,30200530,온천1동,3020011100,봉명동,3020011100106270003,1,대지,627,3,대전광역시 유성구 봉명동 627-3,302003167046,대전광역시 유성구 온천북로,15,,3020011100106270003013192,,대전광역시 유성구 온천북로 15,305301,34185,,3,,127.34482622169,36.3573207351247,cnu
MA010120220808777384,파스쿠찌,,I2,음식,I212,비알코올 ,I21201,카페,I56221,커피 전문점,30,대전광역시,30200,유성구,30200530,온천1동,3020011100,봉명동,3020011100106270003,1,대지,627,3,대전광역시 유성구 봉명동 627-3,302003167046,대전광역시 유성구 온천북로,15,,3020011100106270003013192,,대전광역시 유성구 온천북로 15,305301,34185,,1,,127.34482622169,36.3573207351247,cnu
MA010120220811862398,꼬치는밤,,I2,음식,I201,한식,I20111,횟집,I56114,한식 해산물 요리 전문점,30,대전광역시,30200,유성구,30200530,온천1동,3020011100,봉명동,3020011100106270002,1,대지,627,2,대전광역시 유성구 봉명동 627-2,302004301286,대전광역시 유성구 온천북로13번길,10,,3020011100106270002000001,,대전광역시 유성구 온천북로13번길 10,305301,34185,,1,,127.34488304095,36.3575729001272,cnu
MA010120220813994803,촌놈들연탄구이,,I2,음식,I201,한식,I20107,돼지고기 구이/찜,I56113,한식 육류 요리 전문점,30,대전광역시,30200,유성구,30200530,온천1동,3020011100,봉명동,3020011100106270002,1,대지,627,2,대전광역시 유성구 봉명동 627-2,302004301286,대전광역시 유성구 온천북로13번길,10,,3020011100106270002000001,,대전광역시 유성구 온천북로13번길 10,305301,34185,,1,,127.34488304095,36.3575729001272,cnu
MA0101202306A0070336,로드락비어대전,봉명점,I2,음식,I211,주점,I21103,생맥주 전문,I56213,생맥주 전문점,30,대전광역시,30200,유성구,30200530,온천1동,3020011100,봉명동,3020011100106270002,1,대지,627,2,대전광역시 유성구 봉명동 627-2,302004301286,대전광역시 유성구 온천북로13번길,10,,3020011100106270002000001,,대전광역시 유성구 온천북로13번길 10,305301,34185,,1,,127.34488304095,36.3575729001272,cnu
MA0101202409A0080623,컴퓨터수리,,S2,수리·개인,S201,컴퓨터 수리,S20101,컴퓨터/노트북/프린터 수리업,S95110,컴퓨터 및 주변 기기 수리업,30,대전광역시,30200,유성구,30200530,온천1동,3020011100,봉명동,3020011100106270002,1,대지,627,2,대전광역시 유성구 봉명동 627-2,302004301286,대전광역시 유성구 온천북로13번길,10,,3020011100106270002000001,,대전광역시 유성구 온천북로13번길 10,305301,34185,,,,127.34488304095,36.3575729001272,cnu
MA010120220808249047,뚜레쥬르대전,충남대점,I2,음식,I210,기타 간이,I21001,빵/도넛,I56191,제과점업,30,대전광역시,30200,유성구,30200540,온천2동,3020012200,궁동,3020012200104820001,1,대지,482,1,대전광역시 유성구 궁동 482-1,302003167083,대전광역시 유성구 대학로,90,,3020012200104820001011598,누드캐슬빌딩,대전광역시 유성구 대학로 90,305335,34183,,1,,127.344922859123,36.3615469653558,cnu
MA0101202406A0374789,유부동,,I2,음식,I203,일식,I20301,일식 회/초밥,I56122,일식 음식점업,30,대전광역시,30200,유성구,30200540,온천2동,3020012200,궁동,3020012200104820001,1,대지,482,1,대전광역시 유성구 궁동 482-1,302003167083,대전광역시 유성구 대학로,90,,3020012200104820001011598,누드캐슬빌딩,대전광역시 유성구 대학로 90,305335,34183,,1,,127.344922859123,36.3615469653558,cnu
MA010120220808461622,매직PC방,,R1,예술·스포츠,R104,유원지·오락,R10406,PC방,R91222,컴퓨터 게임방 운영업,30,대전광역시,30200,유성구,30200540,온천2동,3020012200,궁동,3020012200104820001,1,대지,482,1,대전광역시 유성구 궁동 482-1,302003167083,대전광역시 유성구 대학로,90,,3020012200104820001011598,누드캐슬빌딩,대전광역시 유성구 대학로 90,305335,34183,,1,,127.344922859123,36.3615469653558,cnu
MA0101202307A0048346,메가엠지씨커피대전,충남대정문점,I2,음식,I212,비알코올 ,I21201,카페,I56221,커피 전문점,30,대전광역시,30200,유성구,30200540,온천2동,3020012200,궁동,3020012200104820001,1,대지,482,1,대전광역시 유성구 궁동 482-1,302003167083,대전광역시 유성구 대학로,90,,3020012200104820001011598,누드캐슬빌딩,대전광역시 유성구 대학로 90,305335,34183,,1,,127.344922859123,36.3615469653558,cnu
MA010120220809322438,궁동열쇠,,S2,수리·개인,S206,기타 가정용품 수리,S20699,그 외 기타 개인/가정용품 수리업,S95399,그 외 기타 개인 및 가정용품 수리업,30,대전광역시,30200,유성구,30200540,온천2동,3020012200,궁동,3020012200104820001,1,대지,482,1,대전광역시 유성구 궁동 482-1,302003167083,대전광역시 유성구 대학로,90,,3020012200104820001011598,,대전광역시 유성구 대학로 90,305335,34183,,,,127.344922859123,36.3615469653558,cnu
MA010120220806976015,바실라,코리아,L1,부동산,L102,부동산 서비스,L10203,부동산 중개/대리업,L68221,부동산 중개 및 대리업,30,대전광역시,30200,유성구,30200540,온천2동,3020012200,궁동,3020012200104820001,1,대지,482,1,대전광역시 유성구 궁동 482-1,302003167083,대전광역시 유성구 대학로,90,,3020012200104820001011598,누드캐슬빌딩,대전광역시 유성구 대학로 90,305335,34183,,,,127.344922859123,36.3615469653558,cnu
MA0106202201A0108726,에스케이렌터카㈜,,N1,시설관리·임대,N109,운송장비 대여,N10901,자동차 대여업,N76110,자동차 임대업,30,대전광역시,30200,유성구,30200540,온천2동,3020012200,궁동,3020012200104820001,1,대지,482,1,대전광역시 유성구 궁동 482-1,302003167083,대전광역시 유성구 대학로,90,,3020012200104820001011598,,대전광역시 유성구 대학로 90,305335,34183,,,,127.344922859123,36.3615469653558,cnu
MA010120220809688386,글로벌여행사,,N1,시설관리·임대,N105,여행사·보조,N10599,기타 여행 보조/예약 서비스업,N75290,기타 여행 보조 및 예약 서비스업,30,대전광역시,30200,유성구,30200540,온천2동,3020012200,궁동,3020012200104820001,1,대지,482,1,대전광역시 유성구 궁동 482-1,302003167083,대전광역시 유성구 대학로,90,,3020012200104820001011598,,대전광역시 유성구 대학로 90,305335,34183,,6,,127.344922859123,36.3615469653558,cnu
MA010120220810690526,감자유학,,P1,교육,P107,교육 지원,P10799,기타 교육지원 서비스업,P85709,기타 교육지원 서비스업,30,대전광역시,30200,유성구,30200540,온천2동,3020012200,궁동,3020012200104820001,1,대지,482,1,대전광역시 유성구 궁동 482-1,302003167083,대전광역시 유성구 대학로,90,,3020012200104820001011598,누드캐슬빌딩,대전광역시 유성구 대학로 90,305335,34183,,,,127.344922859123,36.3615469653558,cnu
MA010120220813430810,영롱헤어,충대점,S2,수리·개인,S207,이용·미용,S20701,미용실,S96112,두발 미용업,30,대전광역시,30200,유성구,30200540,온천2동,3020012200,궁동,3020012200104820001,1,대지,482,1,대전광역시 유성구 궁동 482-1,302003167083,대전광역시 유성구 대학로,90,,3020012200104820001011598,,대전광역시 유성구 대학로 90,305335,34183,,,,127.344922859123,36.3615469653558,cnu
MA0101202210A0053977,르하임스터디카페,충남대점,R1,예술·스포츠,R102,도서관·사적지,R10202,독서실/스터디 카페,R90212,독서실 운영업,30,대전광역시,30200,유성구,30200540,온천2동,3020012200,궁동,3020012200104820001,1,대지,482,1,대전광역시 유성구 궁동 482-1,302003167083,대전광역시 유성구 대학로,90,,3020012200104820001011598,누드캐슬빌딩,대전광역시 유성구 대학로 90,305335,34183,,4,,127.344922859123,36.3615469653558,cnu
MA010120220805089452,스튜디오나무,,M1,과학·기술,M113,사진 촬영,M11301,사진촬영업,M73301,인물 사진 및 행사용 영상 촬영업,30,대전광역시,30200,유성구,30200540,온천2동,3020012200,궁동,3020012200104820001,1,대지,482,1,대전광역시 유성구 궁동 482-1,302003167083,대전광역시 유성구 대학로,90,,3020012200104820001011598,누드캐슬빌딩,대전광역시 유성구 대학로 90,305335,34183,,2,,127.344922859123,36.3615469653558,cnu
MA010120220806256853,타임투어,,N1,시설관리·임대,N105,여행사·보조,N10501,여행사,N75210,여행사업,30,대전광역시,30200,유성구,30200540,온천2동,3020012200,궁동,3020012200104820001,1,대지,482,1,대전광역시 유성구 궁동 482-1,302003167083,대전광역시 유성구 대학로,90,,3020012200104820001011598,누드캐슬,대전광역시 유성구 대학로 90,305335,34183,,,,127.344922859123,36.3615469653558,cnu
MA010120220813009731,프린트카페,충남대정문점,N1,시설관리·임대,N107,사무 지원,N10703,복사업,N75912,복사업,30,대전광역시,30200,유성구,30200540,온천2동,3020012200,궁동,3020012200104820001,1,대지,482,1,대전광역시 유성구 궁동 482-1,302003167083,대전광역시 유성구 대학로,90,,3020012200104820001011598,누드캐슬빌딩,대전광역시 유성구 대학로 90,305335,34183,,1,,127.344922859123,36.3615469653558,cnu
MA010120220813128992,정음대전사무소,,M1,과학·기술,M103,법무관련 ,M10307,공인노무사,M71109,기타 법무관련 서비스업,30,대전광역시,30200,유성구,30200540,온천2동,3020012200,궁동,3020012200104820001,1,대지,482,1,대전광역시 유성구 궁동 482-1,302003167083,대전광역시 유성구 대학로,90,,3020012200104820001011598,누드캐슬빌딩,대전광역시 유성구 대학로 90,305335,34183,,6,,127.344922859123,36.3615469653558,cnu
MA010120220812382405,르하임스터디카페,충남대점,R1,예술·스포츠,R102,도서관·사적지,R10202,독서실/스터디 카페,R90212,독서실 운영업,30,대전광역시,30200,유성구,30200540,온천2동,3020012200,궁동,3020012200104820001,1,대지,482,1,대전광역시 유성구 궁동 482-1,302003167083,대전광역시 유성구 대학로,90,,3020012200104820001011598,누드캐슬빌딩,대전광역시 유성구 대학로 90,305335,34183,,,,127.344922859123,36.3615469653558,cnu
MA010120220806352814,런닝맨휘트니스,,R1,예술·스포츠,R103,스포츠 서비스,R10307,헬스장,R91132,체력 단련시설 운영업,30,대전광역시,30200,유성구,30200540,온천2동,3020012200,궁동,3020012200104820001,1,대지,482,1,대전광역시 유성구 궁동 482-1,302003167083,대전광역시 유성구 대학로,90,,3020012200104820001011598,누드캐슬빌딩,대전광역시 유성구 대학로 90,305335,34183,,7,,127.344922859123,36.3615469653558,cnu
MA0101202603A0019540,플레이박스,,R1,예술·스포츠,R103,스포츠 서비스,R10310,당구장,R91135,당구장 운영업,30,대전광역시,30200,유성구,30200540,온천2동,3020012200,궁동,3020012200104820001,1,대지,482,1,대전광역시 유성구 궁동 482-1,302003167083,대전광역시 유성구 대학로,90,,3020012200104820001011598,누드캐슬빌딩,대전광역시 유성구 대학로 90,305335,34183,,,,127.344922859123,36.3615469653558,cnu
MA0101202604A0020457,껍질,,G2,소매,G204,종합 소매,G20499,그 외 기타 종합 소매업,G47190,그 외 기타 종합 소매업,30,대전광역시,30200,유성구,30200540,온천2동,3020012200,궁동,3020012200104820001,1,대지,482,1,대전광역시 유성구 궁동 482-1,302003167083,대전광역시 유성구 대학로,90,,3020012200104820001011598,누드캐슬빌딩,대전광역시 유성구 대학로 90,305335,34183,,1,,127.344922859123,36.3615469653558,cnu
MA010120220807335496,이마트24,충남대정문점,G2,소매,G204,종합 소매,G20405,편의점,G47122,체인화 편의점,30,대전광역시,30200,유성구,30200540,온천2동,3020012200,궁동,3020012200104820001,1,대지,482,1,대전광역시 유성구 궁동 482-1,302003167083,대전광역시 유성구 대학로,90,,3020012200104820001011598,누드캐슬빌딩,대전광역시 유성구 대학로 90,305335,34183,,1,,127.344922859123,36.3615469653558,cnu
MA0101202501A0031437,지니앤유슈가왁싱,,S2,수리·개인,S207,이용·미용,S20702,피부 관리실,S96113,피부 미용업,30,대전광역시,30200,유성구,30200540,온천2동,3020012200,궁동,3020012200104820001,1,대지,482,1,대전광역시 유성구 궁동 482-1,302003167083,대전광역시 유성구 대학로,90,,3020012200104820001011598,누드캐슬빌딩,대전광역시 유성구 대학로 90,305335,34183,,2,,127.344922859123,36.3615469653558,cnu
MA010120220804810540,봉명동오징어나라,,I2,음식,I201,한식,I20111,횟집,I56122,일식 음식점업,30,대전광역시,30200,유성구,30200530,온천1동,3020011100,봉명동,3020011100106270001,1,대지,627,1,대전광역시 유성구 봉명동 627-1,302004301286,대전광역시 유성구 온천북로13번길,14,,3020011100106270001012811,봉명동,대전광역시 유성구 온천북로13번길 14,305301,34185,,,,127.344917299682,36.357762047974,cnu
MA0101202511A0024381,부산댁대전,봉명점,I2,음식,I201,한식,I20107,돼지고기 구이/찜,I56111,한식 일반 음식점업,30,대전광역시,30200,유성구,30200530,온천1동,3020011100,봉명동,3020011100106270001,1,대지,627,1,대전광역시 유성구 봉명동 627-1,302004301286,대전광역시 유성구 온천북로13번길,14,,3020011100106270001012811,,대전광역시 유성구 온천북로13번길 14,305301,34185,,1,,127.344917299682,36.357762047974,cnu
MA0101202603A0015905,러너펍,봉명점,I2,음식,I201,한식,I20101,백반/한정식,I56111,한식 일반 음식점업,30,대전광역시,30200,유성구,30200530,온천1동,3020011100,봉명동,3020011100106270001,1,대지,627,1,대전광역시 유성구 봉명동 627-1,302004301286,대전광역시 유성구 온천북로13번길,14,,3020011100106270001012811,,대전광역시 유성구 온천북로13번길 14,305301,34185,,2,,127.344917299682,36.357762047974,cnu
MA0101202507A0027678,시장을여는사람들대전,봉명점,I2,음식,I211,주점,I21104,요리 주점,I56111,한식 일반 음식점업,30,대전광역시,30200,유성구,30200530,온천1동,3020011100,봉명동,3020011100106270001,1,대지,627,1,대전광역시 유성구 봉명동 627-1,302004301286,대전광역시 유성구 온천북로13번길,14,,3020011100106270001012811,,대전광역시 유성구 온천북로13번길 14,305301,34185,,,,127.344917299682,36.357762047974,cnu
MA0101202508A0030143,남다른대구막창대전,봉명점,I2,음식,I201,한식,I20109,곱창 전골/구이,I56111,한식 일반 음식점업,30,대전광역시,30200,유성구,30200530,온천1동,3020011100,봉명동,3020011100106270001,1,대지,627,1,대전광역시 유성구 봉명동 627-1,302004301286,대전광역시 유성구 온천북로13번길,14,,3020011100106270001012811,,대전광역시 유성구 온천북로13번길 14,305301,34185,,,,127.344917299682,36.357762047974,cnu
MA010120220806581203,파도수산,,I2,음식,I201,한식,I20111,횟집,I56114,한식 해산물 요리 전문점,30,대전광역시,30200,유성구,30200530,온천1동,3020011100,봉명동,3020011100106260002,1,대지,626,2,대전광역시 유성구 봉명동 626-2,302004301286,대전광역시 유성구 온천북로13번길,20,,3020011100106260002000001,,대전광역시 유성구 온천북로13번길 20,305301,34185,,1,,127.344974079799,36.3580052012773,cnu
MA0101202305A0134398,오사카데스,,I2,음식,I203,일식,I20301,일식 회/초밥,I56122,일식 음식점업,30,대전광역시,30200,유성구,30200530,온천1동,3020011100,봉명동,3020011100106260002,1,대지,626,2,대전광역시 유성구 봉명동 626-2,302004301286,대전광역시 유성구 온천북로13번길,20,,3020011100106260002000001,,대전광역시 유성구 온천북로13번길 20,305301,34185,,1,,127.344974079799,36.3580052012773,cnu
MA010120220810798725,크라운호프,봉명점,I2,음식,I211,주점,I21103,생맥주 전문,I56213,생맥주 전문점,30,대전광역시,30200,유성구,30200530,온천1동,3020011100,봉명동,3020011100106260002,1,대지,626,2,대전광역시 유성구 봉명동 626-2,302004301286,대전광역시 유성구 온천북로13번길,20,,3020011100106260002000001,,대전광역시 유성구 온천북로13번길 20,305301,34185,,1,,127.344974079799,36.3580052012773,cnu
MA010120220803540186,루이스,,I2,음식,I211,주점,I21104,요리 주점,I56219,기타 주점업,30,대전광역시,30200,유성구,30200530,온천1동,3020011100,봉명동,3020011100106260002,1,대지,626,2,대전광역시 유성구 봉명동 626-2,302004301286,대전광역시 유성구 온천북로13번길,20,,3020011100106260002000001,,대전광역시 유성구 온천북로13번길 20,305301,34185,,2,,127.344974079799,36.3580052012773,cnu
MA0101202511A0014654,포차중문대전,봉명점,I2,음식,I201,한식,I20101,백반/한정식,I56111,한식 일반 음식점업,30,대전광역시,30200,유성구,30200530,온천1동,3020011100,봉명동,3020011100106260002,1,대지,626,2,대전광역시 유성구 봉명동 626-2,302004301286,대전광역시 유성구 온천북로13번길,20,,3020011100106260002000001,,대전광역시 유성구 온천북로13번길 20,305301,34185,,1,,127.344974079799,36.3580052012773,cnu
MA0101202406A0413685,완미족발대전,봉명점,I2,음식,I201,한식,I20103,족발/보쌈,I56112,한식 면 요리 전문점,30,대전광역시,30200,유성구,30200530,온천1동,3020011100,봉명동,3020011100106110002,1,대지,611,2,대전광역시 유성구 봉명동 611-2,302003167023,대전광역시 유성구 문화원로,83,,3020011100106110002011977,,대전광역시 유성구 문화원로 83,305301,34184,,,,127.344991624209,36.3594560419922,cnu
MA010120220803821106,발렌,,I2,음식,I211,주점,I21104,요리 주점,I56219,기타 주점업,30,대전광역시,30200,유성구,30200530,온천1동,3020011100,봉명동,3020011100106110002,1,대지,611,2,대전광역시 유성구 봉명동 611-2,302003167023,대전광역시 유성구 문화원로,83,,3020011100106110002011977,,대전광역시 유성구 문화원로 83,305301,34184,,,,127.344991624209,36.3594560419922,cnu
MA010120220806580328,유성주먹구이,,I2,음식,I201,한식,I20107,돼지고기 구이/찜,I56113,한식 육류 요리 전문점,30,대전광역시,30200,유성구,30200530,온천1동,3020011100,봉명동,3020011100106110002,1,대지,611,2,대전광역시 유성구 봉명동 611-2,302003167023,대전광역시 유성구 문화원로,83,,3020011100106110002011977,,대전광역시 유성구 문화원로 83,305301,34184,,1,,127.344991624209,36.3594560419922,cnu
MA0101202510A0025260,오감테라피,,S2,수리·개인,S208,욕탕·신체관리,S20803,체형/비만 관리,S96129,체형 등 기타 신체 관리 서비스업,30,대전광역시,30200,유성구,30200530,온천1동,3020011100,봉명동,3020011100106110002,1,대지,611,2,대전광역시 유성구 봉명동 611-2,302003167023,대전광역시 유성구 문화원로,83,,3020011100106110002011977,,대전광역시 유성구 문화원로 83,305301,34184,,2,,127.344991624209,36.3594560419922,cnu
MA010120220800235598,달노래연습장,,R1,예술·스포츠,R104,유원지·오락,R10407,노래방,R91223,노래 연습장 운영업,30,대전광역시,30200,유성구,30200530,온천1동,3020011100,봉명동,3020011100106110002,1,대지,611,2,대전광역시 유성구 봉명동 611-2,302003167023,대전광역시 유성구 문화원로,83,,3020011100106110002011977,,대전광역시 유성구 문화원로 83,305301,34184,,3,,127.344991624209,36.3594560419922,cnu
MA010120220805480409,하프레스트,,I2,음식,I212,비알코올 ,I21201,카페,I56221,커피 전문점,30,대전광역시,30200,유성구,30200540,온천2동,3020012200,궁동,3020012200104820005,1,대지,482,5,대전광역시 유성구 궁동 482-5,302004301141,대전광역시 유성구 대학로76번안길,17,,3020012200104820005011783,,대전광역시 유성구 대학로76번안길 17,305335,34183,,1,,127.345010283235,36.3611592079691,cnu
MA0101202306A0046187,서요일,,I2,음식,I212,비알코올 ,I21201,카페,I56221,커피 전문점,30,대전광역시,30200,유성구,30200540,온천2동,3020012200,궁동,3020012200104820005,1,대지,482,5,대전광역시 유성구 궁동 482-5,302004301141,대전광역시 유성구 대학로76번안길,17,,3020012200104820005011783,,대전광역시 유성구 대학로76번안길 17,305335,34183,,1,,127.345010283235,36.3611592079691,cnu
MA010120220803164648,우정한우곱창,,I2,음식,I201,한식,I20107,돼지고기 구이/찜,I56113,한식 육류 요리 전문점,30,대전광역시,30200,유성구,30200530,온천1동,3020011100,봉명동,3020011100106260001,1,대지,626,1,대전광역시 유성구 봉명동 626-1,302004301286,대전광역시 유성구 온천북로13번길,26,,3020011100106260001012127,,대전광역시 유성구 온천북로13번길 26,305301,34185,,1,,127.345019639382,36.3582303634461,cnu
MA010120220811556949,목구멍,,I2,음식,I201,한식,I20107,돼지고기 구이/찜,I56113,한식 육류 요리 전문점,30,대전광역시,30200,유성구,30200530,온천1동,3020011100,봉명동,3020011100106260001,1,대지,626,1,대전광역시 유성구 봉명동 626-1,302004301286,대전광역시 유성구 온천북로13번길,26,,3020011100106260001012127,,대전광역시 유성구 온천북로13번길 26,305301,34185,,1,,127.345019639382,36.3582303634461,cnu
MA010120220811826773,나이스개발,,L1,부동산,L102,부동산 서비스,L10203,부동산 중개/대리업,L68221,부동산 중개 및 대리업,30,대전광역시,30200,유성구,30200530,온천1동,3020011100,봉명동,3020011100106260001,1,대지,626,1,대전광역시 유성구 봉명동 626-1,302004301286,대전광역시 유성구 온천북로13번길,26,,3020011100106260001012127,,대전광역시 유성구 온천북로13번길 26,305301,34185,,,,127.345019639382,36.3582303634461,cnu
MA0101202411A0112709,당나발포차대전,봉명점,I2,음식,I201,한식,I20101,백반/한정식,I56111,한식 일반 음식점업,30,대전광역시,30200,유성구,30200530,온천1동,3020011100,봉명동,3020011100106260001,1,대지,626,1,대전광역시 유성구 봉명동 626-1,302004301286,대전광역시 유성구 온천북로13번길,26,,3020011100106260001012127,,대전광역시 유성구 온천북로13번길 26,305301,34185,,1,,127.345019639382,36.3582303634461,cnu
MA010120220804433629,중화요리주점춘희,,I2,음식,I202,중식,I20201,중국집,I56121,중식 음식점업,30,대전광역시,30200,유성구,30200530,온천1동,3020011100,봉명동,3020011100106260001,1,대지,626,1,대전광역시 유성구 봉명동 626-1,302004301286,대전광역시 유성구 온천북로13번길,26,,3020011100106260001012127,,대전광역시 유성구 온천북로13번길 26,305301,34185,,1,,127.345019639382,36.3582303634461,cnu
MA0101202406A0298662,써브웨이대전,충남대정문점,I2,음식,I210,기타 간이,I21005,토스트/샌드위치/샐러드,I56192,"피자, 햄버거, 샌드위치 및 유사 음식점업",30,대전광역시,30200,유성구,30200540,온천2동,3020012200,궁동,3020012200104820003,1,대지,482,3,대전광역시 유성구 궁동 482-3,302002010004,대전광역시 유성구 한밭대로,414,,3020012200104820003011480,,대전광역시 유성구 한밭대로 414,305335,34183,,1,,127.345078446702,36.3614563986689,cnu
MA010120220807058331,엑스짐,,R1,예술·스포츠,R103,스포츠 서비스,R10307,헬스장,R91132,체력 단련시설 운영업,30,대전광역시,30200,유성구,30200540,온천2동,3020012200,궁동,3020012200104820003,1,대지,482,3,대전광역시 유성구 궁동 482-3,302002010004,대전광역시 유성구 한밭대로,414,,3020012200104820003011480,,대전광역시 유성구 한밭대로 414,305335,34183,,7,,127.345078446702,36.3614563986689,cnu
MA0101202306A0075307,씅튜브탁구클럽,,R1,예술·스포츠,R103,스포츠 서비스,R10313,탁구장,R91139,그 외 기타 스포츠시설 운영업,30,대전광역시,30200,유성구,30200540,온천2동,3020012200,궁동,3020012200104820003,1,대지,482,3,대전광역시 유성구 궁동 482-3,302002010004,대전광역시 유성구 한밭대로,414,,3020012200104820003011480,캠퍼스힐,대전광역시 유성구 한밭대로 414,305335,34183,,1,,127.345078446702,36.3614563986689,cnu
MA010120220806735864,대전공무원독학학원,,R1,예술·스포츠,R102,도서관·사적지,R10202,독서실/스터디 카페,R90212,독서실 운영업,30,대전광역시,30200,유성구,30200540,온천2동,3020012200,궁동,3020012200104820003,1,대지,482,3,대전광역시 유성구 궁동 482-3,302002010004,대전광역시 유성구 한밭대로,414,,3020012200104820003011480,,대전광역시 유성구 한밭대로 414,305335,34183,,4,,127.345078446702,36.3614563986689,cnu
MA010120220806256482,제일고시학원주,,P1,교육,P106,기타 교육,P10617,전문자격/고시학원,P85632,기타 교습학원,30,대전광역시,30200,유성구,30200540,온천2동,3020012200,궁동,3020012200104820003,1,대지,482,3,대전광역시 유성구 궁동 482-3,302002010004,대전광역시 유성구 한밭대로,414,,3020012200104820003011480,캠퍼스힐빌딩,대전광역시 유성구 한밭대로 414,305335,34183,,5,,127.345078446702,36.3614563986689,cnu
MA010120220804823306,테니스팡,,R1,예술·스포츠,R103,스포츠 서비스,R10312,테니스장,R91139,그 외 기타 스포츠시설 운영업,30,대전광역시,30200,유성구,30200540,온천2동,3020012200,궁동,3020012200104820003,1,대지,482,3,대전광역시 유성구 궁동 482-3,302002010004,대전광역시 유성구 한밭대로,414,,3020012200104820003011480,,대전광역시 유성구 한밭대로 414,305335,34183,,8,,127.345078446702,36.3614563986689,cnu
MA010120220813042104,숲soup,,I2,음식,I201,한식,I20107,돼지고기 구이/찜,I56113,한식 육류 요리 전문점,30,대전광역시,30200,유성구,30200540,온천2동,3020012200,궁동,3020012200104820003,1,대지,482,3,대전광역시 유성구 궁동 482-3,302002010004,대전광역시 유성구 한밭대로,414,,3020012200104820003011480,캠퍼스힐,대전광역시 유성구 한밭대로 414,305335,34183,,1,,127.345078446702,36.3614563986689,cnu
MA0101202507A0024136,포케올데이대전,충남대점,I2,음식,I210,기타 간이,I21005,토스트/샌드위치/샐러드,I56111,한식 일반 음식점업,30,대전광역시,30200,유성구,30200540,온천2동,3020012200,궁동,3020012200104820003,1,대지,482,3,대전광역시 유성구 궁동 482-3,302002010004,대전광역시 유성구 한밭대로,414,,3020012200104820003011480,,대전광역시 유성구 한밭대로 414,305335,34183,,1,,127.345078446702,36.3614563986689,cnu
MA0101202504A0097122,대전맥조장,,I2,음식,I204,서양식,I20401,경양식,I56123,서양식 음식점업,30,대전광역시,30200,유성구,30200540,온천2동,3020012200,궁동,3020012200104820003,1,대지,482,3,대전광역시 유성구 궁동 482-3,302002010004,대전광역시 유성구 한밭대로,414,,3020012200104820003011480,,대전광역시 유성구 한밭대로 414,305335,34183,,1,,127.345078446702,36.3614563986689,cnu
MA0101202302A0028769,담판,,I2,음식,I211,주점,I21104,요리 주점,I56219,기타 주점업,30,대전광역시,30200,유성구,30200530,온천1동,3020011100,봉명동,3020011100106190002,1,대지,619,2,대전광역시 유성구 봉명동 619-2,302004301286,대전광역시 유성구 온천북로13번길,32,,3020011100106190002000001,,대전광역시 유성구 온천북로13번길 32,305301,34185,,,,127.345076619072,36.3585185748436,cnu
MA010120220806352099,노랑통닭,봉명점,I2,음식,I210,기타 간이,I21006,치킨,I56193,치킨 전문점,30,대전광역시,30200,유성구,30200530,온천1동,3020011100,봉명동,3020011100106190002,1,대지,619,2,대전광역시 유성구 봉명동 619-2,302004301286,대전광역시 유성구 온천북로13번길,32,,3020011100106190002000001,,대전광역시 유성구 온천북로13번길 32,305301,34185,,,,127.345076619072,36.3585185748436,cnu
MA010120220812163833,수노래연습장,,R1,예술·스포츠,R104,유원지·오락,R10407,노래방,R91223,노래 연습장 운영업,30,대전광역시,30200,유성구,30200530,온천1동,3020011100,봉명동,3020011100106190002,1,대지,619,2,대전광역시 유성구 봉명동 619-2,302004301286,대전광역시 유성구 온천북로13번길,32,,3020011100106190002000001,,대전광역시 유성구 온천북로13번길 32,305301,34185,,3,,127.345076619072,36.3585185748436,cnu
MA0101202511A0006639,역전할머니맥주,봉명점,I2,음식,I211,주점,I21103,생맥주 전문,I56213,생맥주 전문점,30,대전광역시,30200,유성구,30200530,온천1동,3020011100,봉명동,3020011100106190002,1,대지,619,2,대전광역시 유성구 봉명동 619-2,302004301286,대전광역시 유성구 온천북로13번길,32,,3020011100106190002000001,,대전광역시 유성구 온천북로13번길 32,305301,34185,,1,,127.345076619072,36.3585185748436,cnu
MA010120220808577270,수단란주점,,I2,음식,I211,주점,I21104,요리 주점,I56219,기타 주점업,30,대전광역시,30200,유성구,30200530,온천1동,3020011100,봉명동,3020011100106190002,1,대지,619,2,대전광역시 유성구 봉명동 619-2,302004301286,대전광역시 유성구 온천북로13번길,32,,3020011100106190002000001,,대전광역시 유성구 온천북로13번길 32,305301,34185,,3,,127.345076619072,36.3585185748436,cnu
MA0101202505A0018243,봉명데이,,I2,음식,I201,한식,I20101,백반/한정식,I56111,한식 일반 음식점업,30,대전광역시,30200,유성구,30200530,온천1동,3020011100,봉명동,3020011100106190002,1,대지,619,2,대전광역시 유성구 봉명동 619-2,302004301286,대전광역시 유성구 온천북로13번길,32,,3020011100106190002000001,,대전광역시 유성구 온천북로13번길 32,305301,34185,,2,,127.345076619072,36.3585185748436,cnu
MA010120220812996622,피오레카페,,I2,음식,I212,비알코올 ,I21201,카페,I56221,커피 전문점,30,대전광역시,30200,유성구,30200540,온천2동,3020012200,궁동,3020012200104900018,1,대지,490,18,대전광역시 유성구 궁동 490-18,302004301140,대전광역시 유성구 대학로76번길,13,,3020012200104900018012118,,대전광역시 유성구 대학로76번길 13,305335,34183,,1,,127.345084814262,36.3603749709606,cnu
MA010120220806212146,마이스터아우토,,S2,수리·개인,S203,자동차 수리·세차,S20301,자동차 정비소,S95212,자동차 전문 수리업,30,대전광역시,30200,유성구,30200540,온천2동,3020012200,궁동,3020012200104900018,1,대지,490,18,대전광역시 유성구 궁동 490-18,302004301140,대전광역시 유성구 대학로76번길,13,,3020012200104900018012118,,대전광역시 유성구 대학로76번길 13,305335,34183,,,,127.345084814262,36.3603749709606,cnu
MA0101202406A0137358,샾노래연습장,,R1,예술·스포츠,R104,유원지·오락,R10407,노래방,R91223,노래 연습장 운영업,30,대전광역시,30200,유성구,30200530,온천1동,3020011100,봉명동,3020011100106190001,1,대지,619,1,대전광역시 유성구 봉명동 619-1,302004301286,대전광역시 유성구 온천북로13번길,40,,3020011100106190001000001,채운타운,대전광역시 유성구 온천북로13번길 40,305301,34185,,,,127.345144740617,36.3588067540154,cnu
MA0101202406A0077504,샘단란주점,,I2,음식,I211,주점,I21104,요리 주점,I56219,기타 주점업,30,대전광역시,30200,유성구,30200530,온천1동,3020011100,봉명동,3020011100106190001,1,대지,619,1,대전광역시 유성구 봉명동 619-1,302004301286,대전광역시 유성구 온천북로13번길,40,,3020011100106190001000001,채운타운,대전광역시 유성구 온천북로13번길 40,305301,34185,,2,,127.345144740617,36.3588067540154,cnu
MA010120220803120612,백만장자,,I2,음식,I201,한식,I20107,돼지고기 구이/찜,I56113,한식 육류 요리 전문점,30,대전광역시,30200,유성구,30200530,온천1동,3020011100,봉명동,3020011100106190001,1,대지,619,1,대전광역시 유성구 봉명동 619-1,302004301286,대전광역시 유성구 온천북로13번길,40,,3020011100106190001000001,채운타운,대전광역시 유성구 온천북로13번길 40,305301,34185,,,,127.345144740617,36.3588067540154,cnu
MA010120220812771179,엔틱점,봉명점,I2,음식,I211,주점,I21104,요리 주점,I56219,기타 주점업,30,대전광역시,30200,유성구,30200530,온천1동,3020011100,봉명동,3020011100106190001,1,대지,619,1,대전광역시 유성구 봉명동 619-1,302004301286,대전광역시 유성구 온천북로13번길,40,,3020011100106190001000001,,대전광역시 유성구 온천북로13번길 40,305301,34185,,3,,127.345144740617,36.3588067540154,cnu
MA010120220813320201,불이아,,I2,음식,I202,중식,I20201,중국집,I56121,중식 음식점업,30,대전광역시,30200,유성구,30200530,온천1동,3020011100,봉명동,3020011100106190001,1,대지,619,1,대전광역시 유성구 봉명동 619-1,302004301286,대전광역시 유성구 온천북로13번길,40,,3020011100106190001000001,,대전광역시 유성구 온천북로13번길 40,305301,34185,,1,,127.345144740617,36.3588067540154,cnu
MA0101202602A0023949,숯토리대전봉명,본점,I2,음식,I201,한식,I20101,백반/한정식,I56111,한식 일반 음식점업,30,대전광역시,30200,유성구,30200530,온천1동,3020011100,봉명동,3020011100106190001,1,대지,619,1,대전광역시 유성구 봉명동 619-1,302004301286,대전광역시 유성구 온천북로13번길,40,,3020011100106190001000001,,대전광역시 유성구 온천북로13번길 40,305301,34185,,1,,127.345144740617,36.3588067540154,cnu
MA010120220804404381,우산정,,I2,음식,I201,한식,I20101,백반/한정식,I56111,한식 일반 음식점업,30,대전광역시,30200,유성구,30200530,온천1동,3020011100,봉명동,3020011100106190001,1,대지,619,1,대전광역시 유성구 봉명동 619-1,302004301286,대전광역시 유성구 온천북로13번길,40,,3020011100106190001000001,채운상가,대전광역시 유성구 온천북로13번길 40,305301,34185,,1,,127.345144740617,36.3588067540154,cnu
MA010120220812637217,삼바리대전,봉명점,I2,음식,I201,한식,I20101,백반/한정식,I56111,한식 일반 음식점업,30,대전광역시,30200,유성구,30200530,온천1동,3020011100,봉명동,3020011100106190001,1,대지,619,1,대전광역시 유성구 봉명동 619-1,302004301286,대전광역시 유성구 온천북로13번길,40,,3020011100106190001000001,,대전광역시 유성구 온천북로13번길 40,305301,34185,,1,,127.345144740617,36.3588067540154,cnu
MA0101202604A0004095,청불천막집포차대전,봉명점,I2,음식,I201,한식,I20101,백반/한정식,I56111,한식 일반 음식점업,30,대전광역시,30200,유성구,30200530,온천1동,3020011100,봉명동,3020011100106190001,1,대지,619,1,대전광역시 유성구 봉명동 619-1,302004301286,대전광역시 유성구 온천북로13번길,40,,3020011100106190001000001,,대전광역시 유성구 온천북로13번길 40,305301,34185,,1,,127.345144740617,36.3588067540154,cnu
MA0101202604A0011783,굄,,I2,음식,I201,한식,I20101,백반/한정식,I56111,한식 일반 음식점업,30,대전광역시,30200,유성구,30200530,온천1동,3020011100,봉명동,3020011100106190001,1,대지,619,1,대전광역시 유성구 봉명동 619-1,302004301286,대전광역시 유성구 온천북로13번길,40,,3020011100106190001000001,채운타운,대전광역시 유성구 온천북로13번길 40,305301,34185,,1,,127.345144740617,36.3588067540154,cnu
MA010120220803182346,안철민문어대장,,I2,음식,I201,한식,I20112,해산물 구이/찜,I56114,한식 해산물 요리 전문점,30,대전광역시,30200,유성구,30200530,온천1동,3020011100,봉명동,3020011100106190001,1,대지,619,1,대전광역시 유성구 봉명동 619-1,302004301286,대전광역시 유성구 온천북로13번길,40,,3020011100106190001000001,,대전광역시 유성구 온천북로13번길 40,305301,34185,,,,127.345144740617,36.3588067540154,cnu
MA0101202501A0024748,미믹대전,봉명점,I2,음식,I211,주점,I21103,생맥주 전문,I56213,생맥주 전문점,30,대전광역시,30200,유성구,30200530,온천1동,3020011100,봉명동,3020011100106190001,1,대지,619,1,대전광역시 유성구 봉명동 619-1,302004301286,대전광역시 유성구 온천북로13번길,40,,3020011100106190001000001,채운타운,대전광역시 유성구 온천북로13번길 40,305301,34185,,2,,127.345144740617,36.3588067540154,cnu
MA010120220806964241,힐링건강관리,,S2,수리·개인,S208,욕탕·신체관리,S20802,마사지/안마,S96122,마사지업,30,대전광역시,30200,유성구,30200530,온천1동,3020011100,봉명동,3020011100106280001,1,대지,628,1,대전광역시 유성구 봉명동 628-1,302004301287,대전광역시 유성구 온천북로33번길,21,40,3020011100106280001000001,벨포스토5차,대전광역시 유성구 온천북로33번길 21-40,305301,34185,,2,,127.345171917646,36.3573918309895,cnu
MA0101202302A0104283,금별맥주,봉명점,I2,음식,I211,주점,I21103,생맥주 전문,I56111,한식 일반 음식점업,30,대전광역시,30200,유성구,30200530,온천1동,3020011100,봉명동,3020011100106110003,1,대지,611,3,대전광역시 유성구 봉명동 611-3,302003167023,대전광역시 유성구 문화원로,85,,3020011100106110003000001,,대전광역시 유성구 문화원로 85,305301,34184,,1,,127.345236339607,36.3593652177052,cnu
MA010120220806249315,성재원성세병원,,Q1,보건의료,Q101,병원,Q10102,일반병원,Q86102,일반병원,30,대전광역시,30200,유성구,30200530,온천1동,3020011100,봉명동,3020011100106290005,1,대지,629,5,대전광역시 유성구 봉명동 629-5,302004301287,대전광역시 유성구 온천북로33번길,21,32,3020011100106290005012812,봉명동,대전광역시 유성구 온천북로33번길 21-32,305301,34185,,,,127.345251418588,36.3577340477779,cnu
MA010120220813238279,피케이,,L1,부동산,L102,부동산 서비스,L10203,부동산 중개/대리업,L68221,부동산 중개 및 대리업,30,대전광역시,30200,유성구,30200540,온천2동,3020012200,궁동,3020012200104860001,1,대지,486,1,대전광역시 유성구 궁동 486-1,302004301141,대전광역시 유성구 대학로76번안길,19,12,3020012200104860001010454,,대전광역시 유성구 대학로76번안길 19-12,305335,34183,,2,,127.345267419483,36.3613567235673,cnu
MA0101202604A0028489,씨유,충남대정문점,G2,소매,G204,종합 소매,G20405,편의점,G47122,체인화 편의점,30,대전광역시,30200,유성구,30200540,온천2동,3020012200,궁동,3020012200104860001,1,대지,486,1,대전광역시 유성구 궁동 486-1,302004301141,대전광역시 유성구 대학로76번안길,19,12,3020012200104860001010454,티엔에스,대전광역시 유성구 대학로76번안길 19-12,305335,34183,,1,,127.345267419483,36.3613567235673,cnu
MA0101202604A0003019,세븐노래바,,I2,음식,I211,주점,I21104,요리 주점,I56219,기타 주점업,30,대전광역시,30200,유성구,30200530,온천1동,3020011100,봉명동,3020011100106290004,1,대지,629,4,대전광역시 유성구 봉명동 629-4,302004301287,대전광역시 유성구 온천북로33번길,21,30,3020011100106290004000001,,대전광역시 유성구 온천북로33번길 21-30,305301,34185,,,,127.345285678284,36.3579231955088,cnu
MA0101202406A0520011,그레이,,I2,음식,I201,한식,I20101,백반/한정식,I56111,한식 일반 음식점업,30,대전광역시,30200,유성구,30200530,온천1동,3020011100,봉명동,3020011100106290004,1,대지,629,4,대전광역시 유성구 봉명동 629-4,302004301287,대전광역시 유성구 온천북로33번길,21,30,3020011100106290004000001,,대전광역시 유성구 온천북로33번길 21-30,305301,34185,,3,,127.345285678284,36.3579231955088,cnu
MA0101202505A0014559,레가토디자인,,M1,과학·기술,M112,전문 디자인,M11202,제품 디자인업,M73202,제품 디자인업,30,대전광역시,30200,유성구,30200540,온천2동,3020012200,궁동,3020012200104900017,1,대지,490,17,대전광역시 유성구 궁동 490-17,302004301140,대전광역시 유성구 대학로76번길,21,,3020012200104900017012338,,대전광역시 유성구 대학로76번길 21,305335,34183,,,,127.345374736045,36.3604282037484,cnu
MA0101202409A0050700,백산화로,봉명점,I2,음식,I201,한식,I20101,백반/한정식,I56111,한식 일반 음식점업,30,대전광역시,30200,유성구,30200530,온천1동,3020011100,봉명동,3020011100106290002,1,대지,629,2,대전광역시 유성구 봉명동 629-2,302004301287,대전광역시 유성구 온천북로33번길,21,26,3020011100106290002012441,,대전광역시 유성구 온천북로33번길 21-26,305301,34185,,1,,127.345409466946,36.358202201933,cnu
MA0101202409A0187496,육사육회,,I2,음식,I201,한식,I20108,소고기 구이/찜,I56111,한식 일반 음식점업,30,대전광역시,30200,유성구,30200530,온천1동,3020011100,봉명동,3020011100106290002,1,대지,629,2,대전광역시 유성구 봉명동 629-2,302004301287,대전광역시 유성구 온천북로33번길,21,26,3020011100106290002012441,,대전광역시 유성구 온천북로33번길 21-26,305301,34185,,1,,127.345409466946,36.358202201933,cnu
MA010120220809923328,스타단란주점,,I2,음식,I211,주점,I21104,요리 주점,I56219,기타 주점업,30,대전광역시,30200,유성구,30200530,온천1동,3020011100,봉명동,3020011100106290002,1,대지,629,2,대전광역시 유성구 봉명동 629-2,302004301287,대전광역시 유성구 온천북로33번길,21,26,3020011100106290002012441,,대전광역시 유성구 온천북로33번길 21-26,305301,34185,,2,,127.345409466946,36.358202201933,cnu
MA010120220812117972,Return청춘,,R1,예술·스포츠,R103,스포츠 서비스,R10307,헬스장,R91132,체력 단련시설 운영업,30,대전광역시,30200,유성구,30200530,온천1동,3020011100,봉명동,3020011100106290002,1,대지,629,2,대전광역시 유성구 봉명동 629-2,302004301287,대전광역시 유성구 온천북로33번길,21,26,3020011100106290002012441,,대전광역시 유성구 온천북로33번길 21-26,305301,34185,,2,,127.345409466946,36.358202201933,cnu
MA010120220808794750,쏘쏘,,G2,소매,G209,섬유·의복·신발 소매,G20905,기타 의류 소매업,G47416,가죽 및 모피 의복 소매업,30,대전광역시,30200,유성구,30200530,온천1동,3020011100,봉명동,3020011100106290002,1,대지,629,2,대전광역시 유성구 봉명동 629-2,302004301287,대전광역시 유성구 온천북로33번길,21,26,3020011100106290002012441,,대전광역시 유성구 온천북로33번길 21-26,305301,34185,,,,127.345409466946,36.358202201933,cnu
MA0101202603A0039096,깨복이대전,봉명점,I2,음식,I201,한식,I20101,백반/한정식,I56111,한식 일반 음식점업,30,대전광역시,30200,유성구,30200530,온천1동,3020011100,봉명동,3020011100106290002,1,대지,629,2,대전광역시 유성구 봉명동 629-2,302004301287,대전광역시 유성구 온천북로33번길,21,26,3020011100106290002012441,,대전광역시 유성구 온천북로33번길 21-26,305301,34185,,,,127.345409466946,36.358202201933,cnu
MA0101202406A0068763,8피엠,,I2,음식,I201,한식,I20101,백반/한정식,I56111,한식 일반 음식점업,30,대전광역시,30200,유성구,30200530,온천1동,3020011100,봉명동,3020011100106290002,1,대지,629,2,대전광역시 유성구 봉명동 629-2,302004301287,대전광역시 유성구 온천북로33번길,21,26,3020011100106290002012441,,대전광역시 유성구 온천북로33번길 21-26,305301,34185,,,,127.345409466946,36.358202201933,cnu
MA0101202501A0016554,굣간,,I2,음식,I202,중식,I20201,중국집,I56121,중식 음식점업,30,대전광역시,30200,유성구,30200530,온천1동,3020011100,봉명동,3020011100106290002,1,대지,629,2,대전광역시 유성구 봉명동 629-2,302004301287,대전광역시 유성구 온천북로33번길,21,26,3020011100106290002012441,,대전광역시 유성구 온천북로33번길 21-26,305301,34185,,1,,127.345409506765,36.3582112135662,cnu
MA010120220812219001,미즈미일식,,I2,음식,I203,일식,I20301,일식 회/초밥,I56122,일식 음식점업,30,대전광역시,30200,유성구,30200540,온천2동,3020012200,궁동,3020012200104900002,1,대지,490,2,대전광역시 유성구 궁동 490-2,302004301141,대전광역시 유성구 대학로76번안길,10,,3020012200104900002011934,,대전광역시 유성구 대학로76번안길 10,305335,34183,,1,,127.345442820584,36.3607073710139,cnu
MA010120220812950740,대전세종충남청년기업가협회,,M1,과학·기술,M107,본사·경영 컨설팅,M10703,경영 컨설팅업,M71531,경영 컨설팅업,30,대전광역시,30200,유성구,30200540,온천2동,3020012200,궁동,3020012200104860002,1,대지,486,2,대전광역시 유성구 궁동 486-2,302004301141,대전광역시 유성구 대학로76번안길,23,,3020012200104860002010480,,대전광역시 유성구 대학로76번안길 23,305335,34183,,2,,127.345467732704,36.3613020740959,cnu
MA0101202601A0013521,카페프로필유성,직영점,I2,음식,I212,비알코올 ,I21201,카페,I56221,커피 전문점,30,대전광역시,30200,유성구,30200540,온천2동,3020012200,궁동,3020012200104860002,1,대지,486,2,대전광역시 유성구 궁동 486-2,302004301141,대전광역시 유성구 대학로76번안길,23,,3020012200104860002010480,,대전광역시 유성구 대학로76번안길 23,305335,34183,,,,127.345467732704,36.3613020740959,cnu
MA0101202509A0031423,인투영어카페,,I2,음식,I212,비알코올 ,I21201,카페,I56221,커피 전문점,30,대전광역시,30200,유성구,30200540,온천2동,3020012200,궁동,3020012200104860002,1,대지,486,2,대전광역시 유성구 궁동 486-2,302004301141,대전광역시 유성구 대학로76번안길,23,,3020012200104860002010480,,대전광역시 유성구 대학로76번안길 23,305335,34183,,5,,127.345467732704,36.3613020740959,cnu
MA0101202502A0000996,하늘통신,,G2,소매,G208,가전·통신 소매,G20802,핸드폰 소매업,G47312,통신기기 소매업,30,대전광역시,30200,유성구,30200540,온천2동,3020012200,궁동,3020012200104860002,1,대지,486,2,대전광역시 유성구 궁동 486-2,302004301141,대전광역시 유성구 대학로76번안길,23,,3020012200104860002010480,,대전광역시 유성구 대학로76번안길 23,305335,34183,,1,,127.345467732704,36.3613020740959,cnu
MA010120220813839460,포레스터디카페,,R1,예술·스포츠,R102,도서관·사적지,R10202,독서실/스터디 카페,L68212,비주거용 부동산 관리업,30,대전광역시,30200,유성구,30200540,온천2동,3020012200,궁동,3020012200104860002,1,대지,486,2,대전광역시 유성구 궁동 486-2,302004301141,대전광역시 유성구 대학로76번안길,23,,3020012200104860002010480,몽마르뜨빌딩,대전광역시 유성구 대학로76번안길 23,305335,34183,,2,,127.345467732704,36.3613020740959,cnu
MA010120220800532615,오2노래연습장,,R1,예술·스포츠,R104,유원지·오락,R10407,노래방,R91223,노래 연습장 운영업,30,대전광역시,30200,유성구,30200530,온천1동,3020011100,봉명동,3020011100106200000,1,대지,620,,대전광역시 유성구 봉명동 620,302003167023,대전광역시 유성구 문화원로,86,,3020011100106200000012053,채운2,대전광역시 유성구 문화원로 86,305301,34185,,,,127.345501266232,36.3588057236313,cnu
MA010120220808361722,피닉스카케어,,M1,과학·기술,M107,본사·경영 컨설팅,M10703,경영 컨설팅업,N75999,그 외 기타 분류 안된 사업 지원 서비스업,30,대전광역시,30200,유성구,30200530,온천1동,3020011100,봉명동,3020011100106200000,1,대지,620,,대전광역시 유성구 봉명동 620,302003167023,대전광역시 유성구 문화원로,86,,3020011100106200000012053,채운2,대전광역시 유성구 문화원로 86,305301,34185,,,,127.345501266232,36.3588057236313,cnu
MA0101202310A0076439,하얀물고기횟집,,I2,음식,I201,한식,I20111,횟집,I56114,한식 해산물 요리 전문점,30,대전광역시,30200,유성구,30200530,온천1동,3020011100,봉명동,3020011100106200000,1,대지,620,,대전광역시 유성구 봉명동 620,302003167023,대전광역시 유성구 문화원로,86,,3020011100106200000012053,채운,대전광역시 유성구 문화원로 86,305301,34185,,1,,127.345501266232,36.3588057236313,cnu
MA010120220807022076,59노래연습장,,R1,예술·스포츠,R104,유원지·오락,R10407,노래방,R91223,노래 연습장 운영업,30,대전광역시,30200,유성구,30200530,온천1동,3020011100,봉명동,3020011100106200000,1,대지,620,,대전광역시 유성구 봉명동 620,302003167023,대전광역시 유성구 문화원로,86,,3020011100106200000012053,채운2,대전광역시 유성구 문화원로 86,305301,34185,,2,,127.345501266232,36.3588057236313,cnu
MA010120220806222790,씨유봉명우산,거리점,G2,소매,G204,종합 소매,G20405,편의점,G47122,체인화 편의점,30,대전광역시,30200,유성구,30200530,온천1동,3020011100,봉명동,3020011100106200000,1,대지,620,,대전광역시 유성구 봉명동 620,302003167023,대전광역시 유성구 문화원로,86,,3020011100106200000012053,채운빌딩,대전광역시 유성구 문화원로 86,305301,34185,,1,,127.345501266232,36.3588057236313,cnu
MA010120220803043425,체리스파,,S2,수리·개인,S207,이용·미용,S20702,피부 관리실,S96113,피부 미용업,30,대전광역시,30200,유성구,30200530,온천1동,3020011100,봉명동,3020011100106200000,1,대지,620,,대전광역시 유성구 봉명동 620,302003167023,대전광역시 유성구 문화원로,86,,3020011100106200000012053,채운,대전광역시 유성구 문화원로 86,305301,34185,,4,,127.345501266232,36.3588057236313,cnu
MA0101202303A0014120,명가,,S2,수리·개인,S208,욕탕·신체관리,S20802,마사지/안마,S96122,마사지업,30,대전광역시,30200,유성구,30200530,온천1동,3020011100,봉명동,3020011100106200000,1,대지,620,,대전광역시 유성구 봉명동 620,302003167023,대전광역시 유성구 문화원로,86,,3020011100106200000012053,채운,대전광역시 유성구 문화원로 86,305301,34185,,,,127.345501266232,36.3588057236313,cnu
MA010120220812662685,엠아이에너지,,M1,과학·기술,M107,본사·경영 컨설팅,M10703,경영 컨설팅업,M71531,경영 컨설팅업,30,대전광역시,30200,유성구,30200530,온천1동,3020011100,봉명동,3020011100106200000,1,대지,620,,대전광역시 유성구 봉명동 620,302003167023,대전광역시 유성구 문화원로,86,,3020011100106200000012053,,대전광역시 유성구 문화원로 86,305301,34185,,,,127.345501266232,36.3588057236313,cnu
MA010120220800523996,아마존,,S2,수리·개인,S207,이용·미용,S20702,피부 관리실,S96113,피부 미용업,30,대전광역시,30200,유성구,30200530,온천1동,3020011100,봉명동,3020011100106200000,1,대지,620,,대전광역시 유성구 봉명동 620,302003167023,대전광역시 유성구 문화원로,86,,3020011100106200000012053,채운,대전광역시 유성구 문화원로 86,305301,34185,,,,127.345501266232,36.3588057236313,cnu
MA010120220800452309,온니,,I2,음식,I201,한식,I20101,백반/한정식,I56111,한식 일반 음식점업,30,대전광역시,30200,유성구,30200530,온천1동,3020011100,봉명동,3020011100106200000,1,대지,620,,대전광역시 유성구 봉명동 620,302003167023,대전광역시 유성구 문화원로,86,,3020011100106200000012053,채운,대전광역시 유성구 문화원로 86,305301,34185,,1,,127.345501266232,36.3588057236313,cnu
MA010120220805465685,도이식탁,,I2,음식,I201,한식,I20111,횟집,I56114,한식 해산물 요리 전문점,30,대전광역시,30200,유성구,30200530,온천1동,3020011100,봉명동,3020011100106200000,1,대지,620,,대전광역시 유성구 봉명동 620,302003167023,대전광역시 유성구 문화원로,86,,3020011100106200000012053,,대전광역시 유성구 문화원로 86,305301,34185,,1,,127.345501266232,36.3588057236313,cnu
MA010120220800659421,아마존,,S2,수리·개인,S208,욕탕·신체관리,S20802,마사지/안마,S96122,마사지업,30,대전광역시,30200,유성구,30200530,온천1동,3020011100,봉명동,3020011100106200000,1,대지,620,,대전광역시 유성구 봉명동 620,302003167023,대전광역시 유성구 문화원로,86,,3020011100106200000012053,채운,대전광역시 유성구 문화원로 86,305301,34185,,4,,127.345501266232,36.3588057236313,cnu
MA010120220810396238,양우명가화로구이,,I2,음식,I201,한식,I20107,돼지고기 구이/찜,I56113,한식 육류 요리 전문점,30,대전광역시,30200,유성구,30200530,온천1동,3020011100,봉명동,3020011100106200000,1,대지,620,,대전광역시 유성구 봉명동 620,302003167023,대전광역시 유성구 문화원로,86,,3020011100106200000012053,,대전광역시 유성구 문화원로 86,305301,34185,,1,,127.345501266232,36.3588057236313,cnu
MA010120220814383389,디아망,,I2,음식,I211,주점,I21104,요리 주점,I56219,기타 주점업,30,대전광역시,30200,유성구,30200530,온천1동,3020011100,봉명동,3020011100106200000,1,대지,620,,대전광역시 유성구 봉명동 620,302003167023,대전광역시 유성구 문화원로,86,,3020011100106200000012053,채운,대전광역시 유성구 문화원로 86,305301,34185,,5,,127.345501266232,36.3588057236313,cnu
MA010120220810032433,메테오라운지,,I2,음식,I211,주점,I21104,요리 주점,I56219,기타 주점업,30,대전광역시,30200,유성구,30200530,온천1동,3020011100,봉명동,3020011100106200000,1,대지,620,,대전광역시 유성구 봉명동 620,302003167023,대전광역시 유성구 문화원로,86,,3020011100106200000012053,,대전광역시 유성구 문화원로 86,305301,34185,,2,,127.345501266232,36.3588057236313,cnu
MA0101202603A0035444,투다리대전,봉명점,I2,음식,I211,주점,I21104,요리 주점,I56213,생맥주 전문점,30,대전광역시,30200,유성구,30200530,온천1동,3020011100,봉명동,3020011100106200000,1,대지,620,,대전광역시 유성구 봉명동 620,302003167023,대전광역시 유성구 문화원로,86,,3020011100106200000012053,채운,대전광역시 유성구 문화원로 86,305301,34185,,,,127.345501266232,36.3588057236313,cnu
MA0101202511A0039270,체리#,,G2,소매,G215,의약·화장품 소매,G21503,화장품 소매업,G47813,"화장품, 비누 및 방향제 소매업",30,대전광역시,30200,유성구,30200530,온천1동,3020011100,봉명동,3020011100106200000,1,대지,620,,대전광역시 유성구 봉명동 620,302003167023,대전광역시 유성구 문화원로,86,,3020011100106200000012053,채운,대전광역시 유성구 문화원로 86,305301,34185,,4,,127.345501266232,36.3588057236313,cnu
MA0101202510A0002026,윤식당,,I2,음식,I210,기타 간이,I21007,김밥/만두/분식,I56194,김밥 및 기타 간이 음식점업,30,대전광역시,30200,유성구,30200530,온천1동,3020011100,봉명동,3020011100106200000,1,대지,620,,대전광역시 유성구 봉명동 620,302003167023,대전광역시 유성구 문화원로,86,,3020011100106200000012053,,대전광역시 유성구 문화원로 86,305301,34185,,3,,127.345501266232,36.3588057236313,cnu
MA0101202603A0029169,큐노래연습장,,R1,예술·스포츠,R104,유원지·오락,R10407,노래방,R91223,노래 연습장 운영업,30,대전광역시,30200,유성구,30200530,온천1동,3020011100,봉명동,3020011100106200000,1,대지,620,,대전광역시 유성구 봉명동 620,302003167023,대전광역시 유성구 문화원로,86,,3020011100106200000012053,채운,대전광역시 유성구 문화원로 86,305301,34185,,3,,127.345501266232,36.3588057236313,cnu
MA010120220806200714,텐더,,I2,음식,I211,주점,I21104,요리 주점,I56219,기타 주점업,30,대전광역시,30200,유성구,30200530,온천1동,3020011100,봉명동,3020011100106200000,1,대지,620,,대전광역시 유성구 봉명동 620,302003167023,대전광역시 유성구 문화원로,86,,3020011100106200000012053,채운빌딩,대전광역시 유성구 문화원로 86,305301,34185,,2,,127.345501266232,36.3588057236313,cnu
MA0101202505A0042180,연탄구이실내포차골목길,,I2,음식,I201,한식,I20107,돼지고기 구이/찜,I56111,한식 일반 음식점업,30,대전광역시,30200,유성구,30200530,온천1동,3020011100,봉명동,3020011100106200000,1,대지,620,,대전광역시 유성구 봉명동 620,302003167023,대전광역시 유성구 문화원로,86,,3020011100106200000012053,,대전광역시 유성구 문화원로 86,305301,34185,,1,,127.345501266232,36.3588057236313,cnu
MA010120220811225165,빽다방대전봉명,우산점,I2,음식,I212,비알코올 ,I21201,카페,I56221,커피 전문점,30,대전광역시,30200,유성구,30200530,온천1동,3020011100,봉명동,3020011100106200000,1,대지,620,,대전광역시 유성구 봉명동 620,302003167023,대전광역시 유성구 문화원로,86,,3020011100106200000012053,,대전광역시 유성구 문화원로 86,305301,34185,,1,,127.345501266232,36.3588057236313,cnu
MA010120220811630338,아너스뷰,,I1,숙박,I102,기타 숙박,I10201,기숙사/고시원,I55901,기숙사 및 고시원 운영업,30,대전광역시,30200,유성구,30200540,온천2동,3020012200,궁동,3020012200104860003,1,대지,486,3,대전광역시 유성구 궁동 486-3,302004301141,대전광역시 유성구 대학로76번안길,27,,3020012200104860003000001,2~6층,대전광역시 유성구 대학로76번안길 27,305335,34183,,,,127.345600995779,36.3612025595299,cnu
MA0101202406A0095135,김우진,,P1,교육,P105,일반 교육,P10501,입시·교과학원,P85501,일반 교과학원,30,대전광역시,30200,유성구,30200540,온천2동,3020012200,궁동,3020012200104860003,1,대지,486,3,대전광역시 유성구 궁동 486-3,302004301141,대전광역시 유성구 대학로76번안길,27,,3020012200104860003000001,아너스뷰,대전광역시 유성구 대학로76번안길 27,305335,34183,,,,127.345600995779,36.3612025595299,cnu
MA010120220807369214,학사식당,,I2,음식,I201,한식,I20101,백반/한정식,I56111,한식 일반 음식점업,30,대전광역시,30200,유성구,30200540,온천2동,3020012200,궁동,3020012200104900004,1,대지,490,4,대전광역시 유성구 궁동 490-4,302004301141,대전광역시 유성구 대학로76번안길,32,,3020012200104900004000001,명칭없음,대전광역시 유성구 대학로76번안길 32,305335,34183,,1,,127.34567715488,36.3607877989923,cnu
MA0101202409A0042437,코코데,,I2,음식,I203,일식,I20301,일식 회/초밥,I56122,일식 음식점업,30,대전광역시,30200,유성구,30200530,온천1동,3020011100,봉명동,3020011100106330001,1,대지,633,1,대전광역시 유성구 봉명동 633-1,302004301287,대전광역시 유성구 온천북로33번길,21,21,3020011100106330001000002,GT타워,대전광역시 유성구 온천북로33번길 21-21,305301,34185,,1,,127.345674508,36.3576697422953,cnu
MA010120220814365149,인생마지막포차,,I2,음식,I211,주점,I21104,요리 주점,I56219,기타 주점업,30,대전광역시,30200,유성구,30200530,온천1동,3020011100,봉명동,3020011100106330001,1,대지,633,1,대전광역시 유성구 봉명동 633-1,302004301287,대전광역시 유성구 온천북로33번길,21,21,3020011100106330001000002,GT타워,대전광역시 유성구 온천북로33번길 21-21,305301,34185,,1,,127.345674508,36.3576697422953,cnu
MA0101202310A0007511,금강컴퍼니,,N1,시설관리·임대,N104,고용 알선,N10401,고용 알선업,N75110,고용 알선업,30,대전광역시,30200,유성구,30200530,온천1동,3020011100,봉명동,3020011100106330001,1,대지,633,1,대전광역시 유성구 봉명동 633-1,302004301287,대전광역시 유성구 온천북로33번길,21,21,3020011100106330001000002,GT타워,대전광역시 유성구 온천북로33번길 21-21,305301,34185,,,,127.345674508,36.3576697422953,cnu
MA010120220805647678,치킨퐁237유성,봉명점,I2,음식,I210,기타 간이,I21006,치킨,I56193,치킨 전문점,30,대전광역시,30200,유성구,30200530,온천1동,3020011100,봉명동,3020011100106330001,1,대지,633,1,대전광역시 유성구 봉명동 633-1,302004301287,대전광역시 유성구 온천북로33번길,21,21,3020011100106330001000002,GT타워,대전광역시 유성구 온천북로33번길 21-21,305301,34185,,,,127.345674508,36.3576697422953,cnu
MA0101202210A0036153,업소명없음,,M1,과학·기술,M107,본사·경영 컨설팅,M10703,경영 컨설팅업,M71531,경영 컨설팅업,30,대전광역시,30200,유성구,30200530,온천1동,3020011100,봉명동,3020011100106330001,1,대지,633,1,대전광역시 유성구 봉명동 633-1,302004301287,대전광역시 유성구 온천북로33번길,21,21,3020011100106330001000002,GT타워,대전광역시 유성구 온천북로33번길 21-21,305301,34185,,2,,127.345674508,36.3576697422953,cnu
MA0101202305A0091720,호맥,봉명점,I2,음식,I201,한식,I20101,백반/한정식,I56111,한식 일반 음식점업,30,대전광역시,30200,유성구,30200530,온천1동,3020011100,봉명동,3020011100106330001,1,대지,633,1,대전광역시 유성구 봉명동 633-1,302004301287,대전광역시 유성구 온천북로33번길,21,21,3020011100106330001000002,GT타워,대전광역시 유성구 온천북로33번길 21-21,305301,34185,,,,127.345674508,36.3576697422953,cnu
MA0101202210A0010205,호박꽃마차,봉명점,I2,음식,I203,일식,I20301,일식 회/초밥,I56122,일식 음식점업,30,대전광역시,30200,유성구,30200530,온천1동,3020011100,봉명동,3020011100106330001,1,대지,633,1,대전광역시 유성구 봉명동 633-1,302004301287,대전광역시 유성구 온천북로33번길,21,21,3020011100106330001000002,GT타워,대전광역시 유성구 온천북로33번길 21-21,305301,34185,,1,,127.345674508,36.3576697422953,cnu
MA010120220803283862,정담맛,,I2,음식,I201,한식,I20101,백반/한정식,I56111,한식 일반 음식점업,30,대전광역시,30200,유성구,30200530,온천1동,3020011100,봉명동,3020011100106330001,1,대지,633,1,대전광역시 유성구 봉명동 633-1,302004301287,대전광역시 유성구 온천북로33번길,21,21,3020011100106330001000002,GT타워,대전광역시 유성구 온천북로33번길 21-21,305301,34185,,1,,127.345674508,36.3576697422953,cnu
MA010120220814215564,케이엠지엠,유성점,I2,음식,I211,주점,I21103,생맥주 전문,I56213,생맥주 전문점,30,대전광역시,30200,유성구,30200530,온천1동,3020011100,봉명동,3020011100106330001,1,대지,633,1,대전광역시 유성구 봉명동 633-1,302004301287,대전광역시 유성구 온천북로33번길,21,21,3020011100106330001000002,GT타워,대전광역시 유성구 온천북로33번길 21-21,305301,34185,,,,127.345674508,36.3576697422953,cnu
MA010120220814225356,술멍,,I2,음식,I211,주점,I21104,요리 주점,I56219,기타 주점업,30,대전광역시,30200,유성구,30200530,온천1동,3020011100,봉명동,3020011100106330001,1,대지,633,1,대전광역시 유성구 봉명동 633-1,302004301287,대전광역시 유성구 온천북로33번길,21,21,3020011100106330001000002,GT타워,대전광역시 유성구 온천북로33번길 21-21,305301,34185,,1,,127.345674508,36.3576697422953,cnu
MA010120220810078877,더푸켓,,I2,음식,I205,동남아시아,I20501,베트남식 전문,I56129,기타 외국식 음식점업,30,대전광역시,30200,유성구,30200530,온천1동,3020011100,봉명동,3020011100106330001,1,대지,633,1,대전광역시 유성구 봉명동 633-1,302004301287,대전광역시 유성구 온천북로33번길,21,21,3020011100106330001000002,GT타워,대전광역시 유성구 온천북로33번길 21-21,305301,34185,,1,,127.345674508,36.3576697422953,cnu
MA010120220809943260,프롬하와이숯불닭구이,,I2,음식,I201,한식,I20110,닭/오리고기 구이/찜,I56111,한식 일반 음식점업,30,대전광역시,30200,유성구,30200530,온천1동,3020011100,봉명동,3020011100106330001,1,대지,633,1,대전광역시 유성구 봉명동 633-1,302004301287,대전광역시 유성구 온천북로33번길,21,21,3020011100106330001000002,GT타워,대전광역시 유성구 온천북로33번길 21-21,305301,34185,,1,,127.345674508,36.3576697422953,cnu
MA010120220807025978,엠씨,,L1,부동산,L102,부동산 서비스,L10203,부동산 중개/대리업,L68221,부동산 중개 및 대리업,30,대전광역시,30200,유성구,30200530,온천1동,3020011100,봉명동,3020011100106330001,1,대지,633,1,대전광역시 유성구 봉명동 633-1,302004301287,대전광역시 유성구 온천북로33번길,21,21,3020011100106330001000002,GT타워,대전광역시 유성구 온천북로33번길 21-21,305301,34185,,,,127.345674508,36.3576697422953,cnu
MA0106202605A1583864,치앙마이,유성점,G2,소매,G215,의약·화장품 소매,G21503,화장품 소매업,G47813,"화장품, 비누 및 방향제 소매업",30,대전광역시,30200,유성구,30200530,온천1동,3020011100,봉명동,3020011100106330001,1,대지,633,1,대전광역시 유성구 봉명동 633-1,302004301287,대전광역시 유성구 온천북로33번길,21,21,3020011100106330001000002,,대전광역시 유성구 온천북로33번길 21-21,305301,34185,,,,127.345674508,36.3576697422953,cnu
MA0101202506A0026419,와이에스커넥션,대전지점,M1,과학·기술,M107,본사·경영 컨설팅,M10703,경영 컨설팅업,M71531,경영 컨설팅업,30,대전광역시,30200,유성구,30200530,온천1동,3020011100,봉명동,3020011100106330001,1,대지,633,1,대전광역시 유성구 봉명동 633-1,302004301287,대전광역시 유성구 온천북로33번길,21,21,3020011100106330001000002,GT타워,대전광역시 유성구 온천북로33번길 21-21,305301,34185,,,,127.345674508,36.3576697422953,cnu
MA010120220803129592,백조,,M1,과학·기술,M107,본사·경영 컨설팅,M10703,경영 컨설팅업,M71531,경영 컨설팅업,30,대전광역시,30200,유성구,30200530,온천1동,3020011100,봉명동,3020011100106330001,1,대지,633,1,대전광역시 유성구 봉명동 633-1,302004301287,대전광역시 유성구 온천북로33번길,21,21,3020011100106330001000002,GT타워,대전광역시 유성구 온천북로33번길 21-21,305301,34185,,,,127.345674508,36.3576697422953,cnu
MA0101202602A0001404,소란,,I2,음식,I211,주점,I21104,요리 주점,I56219,기타 주점업,30,대전광역시,30200,유성구,30200530,온천1동,3020011100,봉명동,3020011100106330001,1,대지,633,1,대전광역시 유성구 봉명동 633-1,302004301287,대전광역시 유성구 온천북로33번길,21,21,3020011100106330001000002,GT타워,대전광역시 유성구 온천북로33번길 21-21,305301,34185,,1,,127.345674508,36.3576697422953,cnu
MA0101202505A0064388,"쉼,어묵그리고한잔술",,I2,음식,I201,한식,I20111,횟집,I56114,한식 해산물 요리 전문점,30,대전광역시,30200,유성구,30200530,온천1동,3020011100,봉명동,3020011100106330001,1,대지,633,1,대전광역시 유성구 봉명동 633-1,302004301287,대전광역시 유성구 온천북로33번길,21,21,3020011100106330001000002,GT타워,대전광역시 유성구 온천북로33번길 21-21,305301,34185,,1,,127.345674508,36.3576697422953,cnu
MA010120220800686446,온달집,봉명점,I2,음식,I201,한식,I20101,백반/한정식,I56111,한식 일반 음식점업,30,대전광역시,30200,유성구,30200530,온천1동,3020011100,봉명동,3020011100106240002,1,대지,624,2,대전광역시 유성구 봉명동 624-2,302004301287,대전광역시 유성구 온천북로33번길,35,17,3020011100106240004000001,나이스팰리스,대전광역시 유성구 온천북로33번길 35-17,305301,34185,,1,,127.345688757588,36.358372617454,cnu
MA010120220804582365,봉명생갈비,,I2,음식,I201,한식,I20107,돼지고기 구이/찜,I56113,한식 육류 요리 전문점,30,대전광역시,30200,유성구,30200530,온천1동,3020011100,봉명동,3020011100106240002,1,대지,624,2,대전광역시 유성구 봉명동 624-2,302004301287,대전광역시 유성구 온천북로33번길,35,17,3020011100106240004000001,나이스팰리스,대전광역시 유성구 온천북로33번길 35-17,305301,34185,,1,,127.345688757588,36.358372617454,cnu
MA010120220802686115,묘한식당,,I2,음식,I211,주점,I21103,생맥주 전문,I56213,생맥주 전문점,30,대전광역시,30200,유성구,30200530,온천1동,3020011100,봉명동,3020011100106240002,1,대지,624,2,대전광역시 유성구 봉명동 624-2,302004301287,대전광역시 유성구 온천북로33번길,35,17,3020011100106240004000001,나이스팰리스,대전광역시 유성구 온천북로33번길 35-17,305301,34185,,,,127.345688757588,36.358372617454,cnu
MA0101202604A0021013,야키토리나루토,봉명점,I2,음식,I203,일식,I20399,기타 일식 음식점,I56122,일식 음식점업,30,대전광역시,30200,유성구,30200530,온천1동,3020011100,봉명동,3020011100106240002,1,대지,624,2,대전광역시 유성구 봉명동 624-2,302004301287,대전광역시 유성구 온천북로33번길,35,17,3020011100106240004000001,나이스팰리스,대전광역시 유성구 온천북로33번길 35-17,305301,34185,,1,,127.345688757588,36.358372617454,cnu
MA0106202503A1101779,블렌딩바봉명,,I2,음식,I211,주점,I21104,요리 주점,I56219,기타 주점업,30,대전광역시,30200,유성구,30200530,온천1동,3020011100,봉명동,3020011100106240002,1,대지,624,2,대전광역시 유성구 봉명동 624-2,302004301287,대전광역시 유성구 온천북로33번길,35,17,3020011100106240004000001,나이스팰리스,대전광역시 유성구 온천북로33번길 35-17,305301,34185,,,,127.345688757588,36.358372617454,cnu
MA0101202411A0128593,라스트춘선대전,봉명점,I2,음식,I201,한식,I20101,백반/한정식,I56111,한식 일반 음식점업,30,대전광역시,30200,유성구,30200530,온천1동,3020011100,봉명동,3020011100106240002,1,대지,624,2,대전광역시 유성구 봉명동 624-2,302004301287,대전광역시 유성구 온천북로33번길,35,17,3020011100106240004000001,나이스팰리스,대전광역시 유성구 온천북로33번길 35-17,305301,34185,,1,,127.345688757588,36.358372617454,cnu
MA0101202309A0083924,도리토리대전,봉명점,I2,음식,I211,주점,I21104,요리 주점,I56122,일식 음식점업,30,대전광역시,30200,유성구,30200530,온천1동,3020011100,봉명동,3020011100106110009,1,대지,611,9,대전광역시 유성구 봉명동 611-9,302003167023,대전광역시 유성구 문화원로,89,,3020011100106110004012759,,대전광역시 유성구 문화원로 89,305301,34184,,1,,127.345737268887,36.359264640077,cnu
MA0101202311A0033365,스파여울,,S2,수리·개인,S207,이용·미용,S20702,피부 관리실,S96113,피부 미용업,30,대전광역시,30200,유성구,30200530,온천1동,3020011100,봉명동,3020011100106110009,1,대지,611,9,대전광역시 유성구 봉명동 611-9,302003167023,대전광역시 유성구 문화원로,89,,3020011100106110004012759,,대전광역시 유성구 문화원로 89,305301,34184,,3,,127.345737268887,36.359264640077,cnu
MA0101202212A0063726,조경농원,,N1,시설관리·임대,N103,조경·유지,N10301,조경 유지·관리 서비스업,N74300,조경관리 및 유지 서비스업,30,대전광역시,30200,유성구,30200530,온천1동,3020011100,봉명동,3020011100106110009,1,대지,611,9,대전광역시 유성구 봉명동 611-9,302003167023,대전광역시 유성구 문화원로,89,,3020011100106110004012759,스타원1,대전광역시 유성구 문화원로 89,305301,34184,,,,127.345737268887,36.359264640077,cnu
MA0101202310A0060196,박계영다옴메디월필라테스,,P1,교육,P106,기타 교육,P10603,요가/필라테스 학원,P85612,기타 스포츠 교육기관,30,대전광역시,30200,유성구,30200530,온천1동,3020011100,봉명동,3020011100106110009,1,대지,611,9,대전광역시 유성구 봉명동 611-9,302003167023,대전광역시 유성구 문화원로,89,,3020011100106110004012759,스타원1차,대전광역시 유성구 문화원로 89,305301,34184,,,,127.345737268887,36.359264640077,cnu
MA0101202306A0037040,더이쁨뷰티,,S2,수리·개인,S207,이용·미용,S20702,피부 관리실,S96113,피부 미용업,30,대전광역시,30200,유성구,30200530,온천1동,3020011100,봉명동,3020011100106110009,1,대지,611,9,대전광역시 유성구 봉명동 611-9,302003167023,대전광역시 유성구 문화원로,89,,3020011100106110004012759,,대전광역시 유성구 문화원로 89,305301,34184,,3,,127.345737268887,36.359264640077,cnu
MA0101202211A0076239,미공간,봉명점,S2,수리·개인,S207,이용·미용,S20703,네일숍,S96119,기타 미용업,30,대전광역시,30200,유성구,30200530,온천1동,3020011100,봉명동,3020011100106110009,1,대지,611,9,대전광역시 유성구 봉명동 611-9,302003167023,대전광역시 유성구 문화원로,89,,3020011100106110004012759,,대전광역시 유성구 문화원로 89,305301,34184,,3,,127.345737268887,36.359264640077,cnu
MA0101202210A0006211,올바름스포츠바디케어,,S2,수리·개인,S208,욕탕·신체관리,S20803,체형/비만 관리,S96129,체형 등 기타 신체 관리 서비스업,30,대전광역시,30200,유성구,30200530,온천1동,3020011100,봉명동,3020011100106110009,1,대지,611,9,대전광역시 유성구 봉명동 611-9,302003167023,대전광역시 유성구 문화원로,89,,3020011100106110004012759,스타원빌딩,대전광역시 유성구 문화원로 89,305301,34184,,3,,127.345737268887,36.359264640077,cnu
MA0101202301A0109151,모미지,,I2,음식,I203,일식,I20301,일식 회/초밥,I56122,일식 음식점업,30,대전광역시,30200,유성구,30200530,온천1동,3020011100,봉명동,3020011100106110009,1,대지,611,9,대전광역시 유성구 봉명동 611-9,302003167023,대전광역시 유성구 문화원로,89,,3020011100106110004012759,스타원,대전광역시 유성구 문화원로 89,305301,34184,,,,127.345737268887,36.359264640077,cnu
MA0101202409A0094543,벽돌곱창,봉명점,I2,음식,I201,한식,I20109,곱창 전골/구이,I56111,한식 일반 음식점업,30,대전광역시,30200,유성구,30200530,온천1동,3020011100,봉명동,3020011100106110009,1,대지,611,9,대전광역시 유성구 봉명동 611-9,302003167023,대전광역시 유성구 문화원로,89,,3020011100106110004012759,,대전광역시 유성구 문화원로 89,305301,34184,,1,,127.345737308744,36.3592736517082,cnu
MA0101202406A0189844,더스무스왁싱피부,대전점,S2,수리·개인,S207,이용·미용,S20702,피부 관리실,S96113,피부 미용업,30,대전광역시,30200,유성구,30200530,온천1동,3020011100,봉명동,3020011100106110009,1,대지,611,9,대전광역시 유성구 봉명동 611-9,302003167023,대전광역시 유성구 문화원로,89,,3020011100106110004012759,스타원,대전광역시 유성구 문화원로 89,305301,34184,,3,,127.345737308744,36.3592736517082,cnu
MA0101202406A0129472,포카드홀덤,,I2,음식,I211,주점,I21101,일반 유흥 주점,I56211,일반 유흥 주점업,30,대전광역시,30200,유성구,30200530,온천1동,3020011100,봉명동,3020011100106110009,1,대지,611,9,대전광역시 유성구 봉명동 611-9,302003167023,대전광역시 유성구 문화원로,89,,3020011100106110004012759,스타원1차,대전광역시 유성구 문화원로 89,305301,34184,,,,127.345737308744,36.3592736517082,cnu
MA0101202406A0327207,회포,,I2,음식,I201,한식,I20101,백반/한정식,I56111,한식 일반 음식점업,30,대전광역시,30200,유성구,30200530,온천1동,3020011100,봉명동,3020011100106110009,1,대지,611,9,대전광역시 유성구 봉명동 611-9,302003167023,대전광역시 유성구 문화원로,89,,3020011100106110004012759,,대전광역시 유성구 문화원로 89,305301,34184,,1,,127.345737308744,36.3592736517082,cnu
MA010120220810389622,더블유,,I2,음식,I211,주점,I21104,요리 주점,I56219,기타 주점업,30,대전광역시,30200,유성구,30200530,온천1동,3020011100,봉명동,3020011100106110004,1,대지,611,4,대전광역시 유성구 봉명동 611-4,302003167023,대전광역시 유성구 문화원로,89,,3020011100106110004012759,,대전광역시 유성구 문화원로 89,305301,34184,,3,,127.345737308744,36.3592736517082,cnu
MA0101202510A0017996,비사오르,봉명점,M1,과학·기술,M113,사진 촬영,M11301,사진촬영업,M73301,인물 사진 및 행사용 영상 촬영업,30,대전광역시,30200,유성구,30200530,온천1동,3020011100,봉명동,3020011100106110009,1,대지,611,9,대전광역시 유성구 봉명동 611-9,302003167023,대전광역시 유성구 문화원로,89,,3020011100106110004012759,,대전광역시 유성구 문화원로 89,305301,34184,,3,,127.345737308744,36.3592736517082,cnu
MA010120220805795398,어네트헤어,,S2,수리·개인,S207,이용·미용,S20701,미용실,S96112,두발 미용업,30,대전광역시,30200,유성구,30200530,온천1동,3020011100,봉명동,3020011100106110009,1,대지,611,9,대전광역시 유성구 봉명동 611-9,302003167023,대전광역시 유성구 문화원로,89,,3020011100106110004012759,,대전광역시 유성구 문화원로 89,305301,34184,,,,127.345737308744,36.3592736517082,cnu
MA0101202601A0008976,더스윙블랙유성,봉명점,R1,예술·스포츠,R103,스포츠 서비스,R10311,골프 연습장,R91136,골프 연습장 운영업,30,대전광역시,30200,유성구,30200530,온천1동,3020011100,봉명동,3020011100106110009,1,대지,611,9,대전광역시 유성구 봉명동 611-9,302003167023,대전광역시 유성구 문화원로,89,,3020011100106110004012759,스타원상가,대전광역시 유성구 문화원로 89,305301,34184,,,,127.345737308744,36.3592736517082,cnu
MA010120220812045627,보배반점,유성점,I2,음식,I202,중식,I20201,중국집,I56121,중식 음식점업,30,대전광역시,30200,유성구,30200530,온천1동,3020011100,봉명동,3020011100106110004,1,대지,611,4,대전광역시 유성구 봉명동 611-4,302003167023,대전광역시 유성구 문화원로,89,,3020011100106110004012759,,대전광역시 유성구 문화원로 89,305301,34184,,2,,127.345737308744,36.3592736517082,cnu
MA0101202506A0025047,이자카야시기,봉명점,I2,음식,I203,일식,I20301,일식 회/초밥,I56122,일식 음식점업,30,대전광역시,30200,유성구,30200530,온천1동,3020011100,봉명동,3020011100106110009,1,대지,611,9,대전광역시 유성구 봉명동 611-9,302003167023,대전광역시 유성구 문화원로,89,,3020011100106110004012759,,대전광역시 유성구 문화원로 89,305301,34184,,1,,127.345737308744,36.3592736517082,cnu
MA0101202508A0010007,모미지에프앤비,,M1,과학·기술,M107,본사·경영 컨설팅,M10703,경영 컨설팅업,M71531,경영 컨설팅업,30,대전광역시,30200,유성구,30200530,온천1동,3020011100,봉명동,3020011100106110009,1,대지,611,9,대전광역시 유성구 봉명동 611-9,302003167023,대전광역시 유성구 문화원로,89,,3020011100106110004012759,스타원,대전광역시 유성구 문화원로 89,305301,34184,,2,,127.345737308744,36.3592736517082,cnu
MA0101202506A0023725,모디시랩,,M1,과학·기술,M113,사진 촬영,M11301,사진촬영업,M73301,인물 사진 및 행사용 영상 촬영업,30,대전광역시,30200,유성구,30200530,온천1동,3020011100,봉명동,3020011100106110009,1,대지,611,9,대전광역시 유성구 봉명동 611-9,302003167023,대전광역시 유성구 문화원로,89,,3020011100106110004012759,,대전광역시 유성구 문화원로 89,305301,34184,,3,,127.345737308744,36.3592736517082,cnu
MA010120220804402236,오아에스테틱,,S2,수리·개인,S207,이용·미용,S20702,피부 관리실,S96113,피부 미용업,30,대전광역시,30200,유성구,30200530,온천1동,3020011100,봉명동,3020011100106110004,1,대지,611,4,대전광역시 유성구 봉명동 611-4,302003167023,대전광역시 유성구 문화원로,89,,3020011100106110004012759,,대전광역시 유성구 문화원로 89,305301,34184,,3,,127.345737308744,36.3592736517082,cnu
MA0101202501A0048576,하르미헤어,,S2,수리·개인,S207,이용·미용,S20701,미용실,S96112,두발 미용업,30,대전광역시,30200,유성구,30200530,온천1동,3020011100,봉명동,3020011100106110009,1,대지,611,9,대전광역시 유성구 봉명동 611-9,302003167023,대전광역시 유성구 문화원로,89,,3020011100106110004012759,,대전광역시 유성구 문화원로 89,305301,34184,,4,,127.345737308744,36.3592736517082,cnu
MA010120220802927490,팀터틀랫유성,봉명점,R1,예술·스포츠,R103,스포츠 서비스,R10307,헬스장,R91132,체력 단련시설 운영업,30,대전광역시,30200,유성구,30200530,온천1동,3020011100,봉명동,3020011100106110009,1,대지,611,9,대전광역시 유성구 봉명동 611-9,302003167023,대전광역시 유성구 문화원로,89,,3020011100106110004012759,,대전광역시 유성구 문화원로 89,305301,34184,,5,,127.345737308744,36.3592736517082,cnu
MA0101202406A0584428,공간메이커,,G2,소매,G221,기타 상품 소매,G22199,그 외 기타 상품 전문 소매업,G47859,그 외 기타 분류 안된 상품 전문 소매업,30,대전광역시,30200,유성구,30200530,온천1동,3020011100,봉명동,3020011100106110009,1,대지,611,9,대전광역시 유성구 봉명동 611-9,302003167023,대전광역시 유성구 문화원로,89,,3020011100106110004012759,스타원,대전광역시 유성구 문화원로 89,305301,34184,,2,,127.345737308744,36.3592736517082,cnu
MA0101202406A0559845,헨리케이,대전지점,I2,음식,I211,주점,I21101,일반 유흥 주점,I56211,일반 유흥 주점업,30,대전광역시,30200,유성구,30200530,온천1동,3020011100,봉명동,3020011100106110009,1,대지,611,9,대전광역시 유성구 봉명동 611-9,302003167023,대전광역시 유성구 문화원로,89,,3020011100106110004012759,,대전광역시 유성구 문화원로 89,305301,34184,,2,,127.345737308744,36.3592736517082,cnu
MA0101202311A0088083,카리코,,I2,음식,I203,일식,I20301,일식 회/초밥,I56122,일식 음식점업,30,대전광역시,30200,유성구,30200540,온천2동,3020012200,궁동,3020012200104860004,1,대지,486,4,대전광역시 유성구 궁동 486-4,302004301141,대전광역시 유성구 대학로76번안길,31,,3020012200104860004010497,,대전광역시 유성구 대학로76번안길 31,305335,34183,,1,,127.345801308368,36.3611479095012,cnu
MA010120220809644153,그림정원,,P1,교육,P106,기타 교육,P10611,미술학원,P85622,미술학원,30,대전광역시,30200,유성구,30200540,온천2동,3020012200,궁동,3020012200104860004,1,대지,486,4,대전광역시 유성구 궁동 486-4,302004301141,대전광역시 유성구 대학로76번안길,31,,3020012200104860004010497,아인스빌,대전광역시 유성구 대학로76번안길 31,305335,34183,,1,,127.345801308368,36.3611479095012,cnu
MA010120220806176641,미래산업,,N1,시설관리·임대,N102,청소·방제,N10201,건축물 일반 청소업,N74211,건축물 일반 청소업,30,대전광역시,30200,유성구,30200540,온천2동,3020012200,궁동,3020012200104860004,1,대지,486,4,대전광역시 유성구 궁동 486-4,302004301141,대전광역시 유성구 대학로76번안길,31,,3020012200104860004010497,,대전광역시 유성구 대학로76번안길 31,305335,34183,,2,,127.345801308368,36.3611479095012,cnu
MA010120220806593175,황금상회,,I2,음식,I211,주점,I21104,요리 주점,I56219,기타 주점업,30,대전광역시,30200,유성구,30200540,온천2동,3020012200,궁동,3020012200104860004,1,대지,486,4,대전광역시 유성구 궁동 486-4,302004301141,대전광역시 유성구 대학로76번안길,31,,3020012200104860004010497,,대전광역시 유성구 대학로76번안길 31,305335,34183,,1,,127.345801308368,36.3611479095012,cnu
MA0101202604A0036161,지에스25충남대,스타점,G2,소매,G204,종합 소매,G20405,편의점,G47122,체인화 편의점,30,대전광역시,30200,유성구,30200540,온천2동,3020012200,궁동,3020012200104860004,1,대지,486,4,대전광역시 유성구 궁동 486-4,302004301141,대전광역시 유성구 대학로76번안길,31,,3020012200104860004010497,,대전광역시 유성구 대학로76번안길 31,305335,34183,,1,,127.345801308368,36.3611479095012,cnu
MA0101202412A0042131,브리오신런드리룸,충남대정문점,S2,수리·개인,S209,세탁,S20901,세탁소,S96912,가정용 세탁업,30,대전광역시,30200,유성구,30200540,온천2동,3020012200,궁동,3020012200104860004,1,대지,486,4,대전광역시 유성구 궁동 486-4,302004301141,대전광역시 유성구 대학로76번안길,31,,3020012200104860004010497,,대전광역시 유성구 대학로76번안길 31,305335,34183,,,,127.345801308368,36.3611479095012,cnu
MA010120220810395909,영덕스클럽,,I2,음식,I211,주점,I21104,요리 주점,I56219,기타 주점업,30,대전광역시,30200,유성구,30200530,온천1동,3020011100,봉명동,3020011100106210001,1,대지,621,1,대전광역시 유성구 봉명동 621-1,302003167023,대전광역시 유성구 문화원로,90,,3020011100106210001000001,,대전광역시 유성구 문화원로 90,305301,34185,,1,,127.345891096477,36.358777560535,cnu
MA0101202409A0093683,알리바바,,I2,음식,I201,한식,I20101,백반/한정식,I56111,한식 일반 음식점업,30,대전광역시,30200,유성구,30200530,온천1동,3020011100,봉명동,3020011100106210001,1,대지,621,1,대전광역시 유성구 봉명동 621-1,302003167023,대전광역시 유성구 문화원로,90,,3020011100106210001000001,,대전광역시 유성구 문화원로 90,305301,34185,,2,,127.345891096477,36.358777560535,cnu
MA0101202406A0185206,계화동,봉명점,I2,음식,I201,한식,I20101,백반/한정식,I56111,한식 일반 음식점업,30,대전광역시,30200,유성구,30200530,온천1동,3020011100,봉명동,3020011100106210001,1,대지,621,1,대전광역시 유성구 봉명동 621-1,302003167023,대전광역시 유성구 문화원로,90,,3020011100106210001000001,,대전광역시 유성구 문화원로 90,305301,34185,,1,,127.345891096477,36.358777560535,cnu
MA0101202409A0208019,박봉명삼겹,,I2,음식,I201,한식,I20101,백반/한정식,I56111,한식 일반 음식점업,30,대전광역시,30200,유성구,30200530,온천1동,3020011100,봉명동,3020011100106210001,1,대지,621,1,대전광역시 유성구 봉명동 621-1,302003167023,대전광역시 유성구 문화원로,90,,3020011100106210001000001,,대전광역시 유성구 문화원로 90,305301,34185,,,,127.345891096477,36.358777560535,cnu
MA010120220808010630,경성삼겹살,,I2,음식,I201,한식,I20107,돼지고기 구이/찜,I56113,한식 육류 요리 전문점,30,대전광역시,30200,유성구,30200530,온천1동,3020011100,봉명동,3020011100106210001,1,대지,621,1,대전광역시 유성구 봉명동 621-1,302003167023,대전광역시 유성구 문화원로,90,,3020011100106210001000001,,대전광역시 유성구 문화원로 90,305301,34185,,2,,127.345891096477,36.358777560535,cnu
MA0101202406A0360520,칼누들바대전,봉명점,I2,음식,I201,한식,I20101,백반/한정식,I56111,한식 일반 음식점업,30,대전광역시,30200,유성구,30200530,온천1동,3020011100,봉명동,3020011100106210001,1,대지,621,1,대전광역시 유성구 봉명동 621-1,302003167023,대전광역시 유성구 문화원로,90,,3020011100106210001000001,,대전광역시 유성구 문화원로 90,305301,34185,,1,,127.345891096477,36.358777560535,cnu
MA0101202309A0012835,교촌치킨,유성점,I2,음식,I210,기타 간이,I21006,치킨,I56193,치킨 전문점,30,대전광역시,30200,유성구,30200530,온천1동,3020011100,봉명동,3020011100106210001,1,대지,621,1,대전광역시 유성구 봉명동 621-1,302003167023,대전광역시 유성구 문화원로,90,,3020011100106210001000001,,대전광역시 유성구 문화원로 90,305301,34185,,1,,127.345891096477,36.358777560535,cnu
MA0101202211A0004691,경성삼겹살,,I2,음식,I201,한식,I20107,돼지고기 구이/찜,I56113,한식 육류 요리 전문점,30,대전광역시,30200,유성구,30200530,온천1동,3020011100,봉명동,3020011100106210001,1,대지,621,1,대전광역시 유성구 봉명동 621-1,302003167023,대전광역시 유성구 문화원로,90,,3020011100106210001000001,,대전광역시 유성구 문화원로 90,305301,34185,,,,127.345891096477,36.358777560535,cnu
MA010120220808118661,시오,,I2,음식,I203,일식,I20301,일식 회/초밥,I56122,일식 음식점업,30,대전광역시,30200,유성구,30200530,온천1동,3020011100,봉명동,3020011100106210001,1,대지,621,1,대전광역시 유성구 봉명동 621-1,302003167023,대전광역시 유성구 문화원로,90,,3020011100106210001000001,,대전광역시 유성구 문화원로 90,305301,34185,,1,,127.345891096477,36.358777560535,cnu
MA010120220802990258,24시,,S2,수리·개인,S208,욕탕·신체관리,S20802,마사지/안마,S96122,마사지업,30,대전광역시,30200,유성구,30200530,온천1동,3020011100,봉명동,3020011100106210001,1,대지,621,1,대전광역시 유성구 봉명동 621-1,302003167023,대전광역시 유성구 문화원로,90,,3020011100106210001000001,,대전광역시 유성구 문화원로 90,305301,34185,,,,127.345891096477,36.358777560535,cnu
MA010120220814072313,거하게2,,I2,음식,I201,한식,I20111,횟집,I56114,한식 해산물 요리 전문점,30,대전광역시,30200,유성구,30200530,온천1동,3020011100,봉명동,3020011100106210001,1,대지,621,1,대전광역시 유성구 봉명동 621-1,302003167023,대전광역시 유성구 문화원로,90,,3020011100106210001000001,,대전광역시 유성구 문화원로 90,305301,34185,,,,127.345891096477,36.358777560535,cnu
MA0101202604A0045337,사격팡대전,유성점,R1,예술·스포츠,R104,유원지·오락,R10405,기타 오락장,R91229,기타 오락장 운영업,30,대전광역시,30200,유성구,30200530,온천1동,3020011100,봉명동,3020011100106210001,1,대지,621,1,대전광역시 유성구 봉명동 621-1,302003167023,대전광역시 유성구 문화원로,90,,3020011100106210001000001,,대전광역시 유성구 문화원로 90,305301,34185,,,,127.345891096477,36.358777560535,cnu
MA0101202512A0027252,나비바,,I2,음식,I201,한식,I20101,백반/한정식,I56111,한식 일반 음식점업,30,대전광역시,30200,유성구,30200530,온천1동,3020011100,봉명동,3020011100106210001,1,대지,621,1,대전광역시 유성구 봉명동 621-1,302003167023,대전광역시 유성구 문화원로,90,,3020011100106210001000001,,대전광역시 유성구 문화원로 90,305301,34185,,3,,127.345891096477,36.358777560535,cnu
MA010120220813329292,락노래연습장,,R1,예술·스포츠,R104,유원지·오락,R10407,노래방,R91223,노래 연습장 운영업,30,대전광역시,30200,유성구,30200530,온천1동,3020011100,봉명동,3020011100106210001,1,대지,621,1,대전광역시 유성구 봉명동 621-1,302003167023,대전광역시 유성구 문화원로,90,,3020011100106210001000001,,대전광역시 유성구 문화원로 90,305301,34185,,,,127.345891096477,36.358777560535,cnu
MA0101202211A0024028,소유,,G2,소매,G209,섬유·의복·신발 소매,G20902,여성 의류 소매업,G47412,여자용 겉옷 소매업,30,대전광역시,30200,유성구,30200530,온천1동,3020011100,봉명동,3020011100106300001,1,대지,630,1,대전광역시 유성구 봉명동 630-1,302004301287,대전광역시 유성구 온천북로33번길,21,16,3020011100106300001000001,스타힐스,대전광역시 유성구 온천북로33번길 21-16,305301,34185,,1,,127.345999519151,36.3581013655373,cnu
MA010120220810264746,여명,,G2,소매,G212,기타 생활용품 소매,G21202,주방/가정용품 소매업,G47599,그 외 기타 분류 안된 가정용품 소매업,30,대전광역시,30200,유성구,30200530,온천1동,3020011100,봉명동,3020011100106300001,1,대지,630,1,대전광역시 유성구 봉명동 630-1,302004301287,대전광역시 유성구 온천북로33번길,21,16,3020011100106300001000001,스타힐스,대전광역시 유성구 온천북로33번길 21-16,305301,34185,,,,127.345999519151,36.3581013655373,cnu
MA0101202503A0049289,블루베이프대전,봉명점,G2,소매,G204,종합 소매,G20499,그 외 기타 종합 소매업,G47190,그 외 기타 종합 소매업,30,대전광역시,30200,유성구,30200530,온천1동,3020011100,봉명동,3020011100106300001,1,대지,630,1,대전광역시 유성구 봉명동 630-1,302004301287,대전광역시 유성구 온천북로33번길,21,16,3020011100106300001000001,스타힐스,대전광역시 유성구 온천북로33번길 21-16,305301,34185,,1,,127.345999519151,36.3581013655373,cnu
MA010120220813280892,맨하탄모텔,,I1,숙박,I101,일반 숙박,I10102,여관/모텔,I55102,여관업,30,대전광역시,30200,유성구,30200530,온천1동,3020011100,봉명동,3020011100106330003,1,대지,633,3,대전광역시 유성구 봉명동 633-3,302004301287,대전광역시 유성구 온천북로33번길,7,14,3020011100106330003013092,,대전광역시 유성구 온천북로33번길 7-14,305301,34185,,,,127.3460190495,36.3574794983172,cnu
MA0101202303A0113980,옛날통닭,,I2,음식,I210,기타 간이,I21006,치킨,I56193,치킨 전문점,30,대전광역시,30200,유성구,30200540,온천2동,3020012200,궁동,3020012200104870001,1,대지,487,1,대전광역시 유성구 궁동 487-1,302004301141,대전광역시 유성구 대학로76번안길,35,,3020012200104870001011828,,대전광역시 유성구 대학로76번안길 35,305335,34183,,1,,127.346045908404,36.3610300486733,cnu
MA0101202602A0026795,럭키족발대전,봉명점,I2,음식,I201,한식,I20103,족발/보쌈,I56111,한식 일반 음식점업,30,대전광역시,30200,유성구,30200530,온천1동,3020011100,봉명동,3020011100106110011,1,대지,611,11,대전광역시 유성구 봉명동 611-11,302003167023,대전광역시 유성구 문화원로,93,,3020011100106110011000001,,대전광역시 유성구 문화원로 93,305301,34184,,1,,127.346149344394,36.3592274000185,cnu
MA0101202505A0076443,한앤둘치킨,,I2,음식,I210,기타 간이,I21006,치킨,I56213,생맥주 전문점,30,대전광역시,30200,유성구,30200530,온천1동,3020011100,봉명동,3020011100106110011,1,대지,611,11,대전광역시 유성구 봉명동 611-11,302003167023,대전광역시 유성구 문화원로,93,,3020011100106110011000001,,대전광역시 유성구 문화원로 93,305301,34184,,1,,127.346149344394,36.3592274000185,cnu
MA0101202310A0014205,야도헤어,,S2,수리·개인,S207,이용·미용,S20701,미용실,S96112,두발 미용업,30,대전광역시,30200,유성구,30200530,온천1동,3020011100,봉명동,3020011100106110011,1,대지,611,11,대전광역시 유성구 봉명동 611-11,302003167023,대전광역시 유성구 문화원로,93,,3020011100106110011000001,,대전광역시 유성구 문화원로 93,305301,34184,,3,,127.3461493843,36.3592364116494,cnu
MA0101202305A0147369,진원소우대전,봉명점,I2,음식,I201,한식,I20108,소고기 구이/찜,I56113,한식 육류 요리 전문점,30,대전광역시,30200,유성구,30200530,온천1동,3020011100,봉명동,3020011100106110011,1,대지,611,11,대전광역시 유성구 봉명동 611-11,302003167023,대전광역시 유성구 문화원로,93,,3020011100106110011000001,,대전광역시 유성구 문화원로 93,305301,34184,,2,,127.3461493843,36.3592364116494,cnu
MA0101202406A0113711,더히든,,I2,음식,I201,한식,I20101,백반/한정식,I56111,한식 일반 음식점업,30,대전광역시,30200,유성구,30200530,온천1동,3020011100,봉명동,3020011100106300002,1,대지,630,2,대전광역시 유성구 봉명동 630-2,302004301287,대전광역시 유성구 온천북로33번길,21,14,3020011100106300002000001,,대전광역시 유성구 온천북로33번길 21-14,305301,34185,,,,127.346188762027,36.3580647704018,cnu
MA0101202406A0200623,고릴라야시장,봉명점,I2,음식,I201,한식,I20101,백반/한정식,I56111,한식 일반 음식점업,30,대전광역시,30200,유성구,30200530,온천1동,3020011100,봉명동,3020011100106300002,1,대지,630,2,대전광역시 유성구 봉명동 630-2,302004301287,대전광역시 유성구 온천북로33번길,21,14,3020011100106300002000001,,대전광역시 유성구 온천북로33번길 21-14,305301,34185,,1,,127.346188762027,36.3580647704018,cnu
MA0101202211A0004769,더히든,,I2,음식,I201,한식,I20101,백반/한정식,I56111,한식 일반 음식점업,30,대전광역시,30200,유성구,30200530,온천1동,3020011100,봉명동,3020011100106300002,1,대지,630,2,대전광역시 유성구 봉명동 630-2,302004301287,대전광역시 유성구 온천북로33번길,21,14,3020011100106300002000001,,대전광역시 유성구 온천북로33번길 21-14,305301,34185,,3,,127.346188762027,36.3580647704018,cnu
MA0101202210A0043496,리파인,,I2,음식,I201,한식,I20101,백반/한정식,I56111,한식 일반 음식점업,30,대전광역시,30200,유성구,30200530,온천1동,3020011100,봉명동,3020011100106300002,1,대지,630,2,대전광역시 유성구 봉명동 630-2,302004301287,대전광역시 유성구 온천북로33번길,21,14,3020011100106300002000001,,대전광역시 유성구 온천북로33번길 21-14,305301,34185,,2,,127.346188762027,36.3580647704018,cnu
MA0101202406A0179867,제일오겹살,,I2,음식,I201,한식,I20101,백반/한정식,I56111,한식 일반 음식점업,30,대전광역시,30200,유성구,30200530,온천1동,3020011100,봉명동,3020011100106210002,1,대지,621,2,대전광역시 유성구 봉명동 621-2,302003167023,대전광역시 유성구 문화원로,94,,3020011100106210002000002,레자미탐앤탐,대전광역시 유성구 문화원로 94,305301,34185,,1,,127.346202896607,36.3587406105327,cnu
MA0101202406A0159993,진수곱창대전,봉명점,I2,음식,I201,한식,I20103,족발/보쌈,I56111,한식 일반 음식점업,30,대전광역시,30200,유성구,30200530,온천1동,3020011100,봉명동,3020011100106210002,1,대지,621,2,대전광역시 유성구 봉명동 621-2,302003167023,대전광역시 유성구 문화원로,94,,3020011100106210002000002,레자미탐앤탐,대전광역시 유성구 문화원로 94,305301,34185,,1,,127.346202896607,36.3587406105327,cnu
MA010120220811720659,에스제이뷰티헤어유성,봉명점,S2,수리·개인,S207,이용·미용,S20701,미용실,S96112,두발 미용업,30,대전광역시,30200,유성구,30200530,온천1동,3020011100,봉명동,3020011100106210002,1,대지,621,2,대전광역시 유성구 봉명동 621-2,302003167023,대전광역시 유성구 문화원로,94,,3020011100106210002000002,레자미탐앤탐,대전광역시 유성구 문화원로 94,305301,34185,,2,,127.346202896607,36.3587406105327,cnu
MA0101202603A0043937,화몽,,I2,음식,I201,한식,I20101,백반/한정식,I56111,한식 일반 음식점업,30,대전광역시,30200,유성구,30200530,온천1동,3020011100,봉명동,3020011100106210002,1,대지,621,2,대전광역시 유성구 봉명동 621-2,302003167023,대전광역시 유성구 문화원로,94,,3020011100106210002000002,레자미탐앤탐,대전광역시 유성구 문화원로 94,305301,34185,,1,,127.346202896607,36.3587406105327,cnu
MA0101202501A0020360,철길부산집대전,봉명점,I2,음식,I203,일식,I20301,일식 회/초밥,I56122,일식 음식점업,30,대전광역시,30200,유성구,30200530,온천1동,3020011100,봉명동,3020011100106210002,1,대지,621,2,대전광역시 유성구 봉명동 621-2,302003167023,대전광역시 유성구 문화원로,94,,3020011100106210002000002,레자미탐앤탐,대전광역시 유성구 문화원로 94,305301,34185,,,,127.346202896607,36.3587406105327,cnu
MA0101202412A0020111,팀플피씨,,R1,예술·스포츠,R104,유원지·오락,R10406,PC방,R91222,컴퓨터 게임방 운영업,30,대전광역시,30200,유성구,30200530,온천1동,3020011100,봉명동,3020011100106210002,1,대지,621,2,대전광역시 유성구 봉명동 621-2,302003167023,대전광역시 유성구 문화원로,94,,3020011100106210002000002,레자미탐앤탐,대전광역시 유성구 문화원로 94,305301,34185,,3,,127.346202896607,36.3587406105327,cnu
MA0101202406A0516363,풍바오,봉명점,I2,음식,I203,일식,I20301,일식 회/초밥,I56122,일식 음식점업,30,대전광역시,30200,유성구,30200530,온천1동,3020011100,봉명동,3020011100106300003,1,대지,630,3,대전광역시 유성구 봉명동 630-3,302004301287,대전광역시 유성구 온천북로33번길,21,12,3020011100106300003000001,,대전광역시 유성구 온천북로33번길 21-12,305301,34185,,1,,127.346333559244,36.3580553390458,cnu
MA0101202409A0066630,2020메이드인오푼2두잔,코리아,I2,음식,I201,한식,I20101,백반/한정식,I56111,한식 일반 음식점업,30,대전광역시,30200,유성구,30200530,온천1동,3020011100,봉명동,3020011100106300003,1,대지,630,3,대전광역시 유성구 봉명동 630-3,302004301287,대전광역시 유성구 온천북로33번길,21,12,3020011100106300003000001,,대전광역시 유성구 온천북로33번길 21-12,305301,34185,,3,,127.346333559244,36.3580553390458,cnu
MA0101202509A0026426,탑노래바,,I2,음식,I211,주점,I21104,요리 주점,I56219,기타 주점업,30,대전광역시,30200,유성구,30200530,온천1동,3020011100,봉명동,3020011100106300003,1,대지,630,3,대전광역시 유성구 봉명동 630-3,302004301287,대전광역시 유성구 온천북로33번길,21,12,3020011100106300003000001,,대전광역시 유성구 온천북로33번길 21-12,305301,34185,,2,,127.346333559244,36.3580553390458,cnu
MA010120220803591140,엑스디테일,,S2,수리·개인,S203,자동차 수리·세차,S20302,자동차 세차장,S95213,자동차 세차업,30,대전광역시,30200,유성구,30200540,온천2동,3020012200,궁동,3020012200104900012,1,대지,490,12,대전광역시 유성구 궁동 490-12,302004301140,대전광역시 유성구 대학로76번길,41,,3020012200104900012000001,엑스디테일,대전광역시 유성구 대학로76번길 41,305335,34183,,,,127.346399209274,36.3602990736345,cnu
MA0101202507A0014718,더개러지1983,,S2,수리·개인,S203,자동차 수리·세차,S20302,자동차 세차장,S95213,자동차 세차업,30,대전광역시,30200,유성구,30200540,온천2동,3020012200,궁동,3020012200104900012,1,대지,490,12,대전광역시 유성구 궁동 490-12,302004301140,대전광역시 유성구 대학로76번길,41,,3020012200104900012000001,,대전광역시 유성구 대학로76번길 41,305335,34183,,,,127.346399209274,36.3602990736345,cnu
MA0101202406A0150015,소신마케팅,,M1,과학·기술,M105,광고,M10501,광고 대행업,M71310,광고 대행업,30,대전광역시,30200,유성구,30200530,온천1동,3020011100,봉명동,3020011100106110005,1,대지,611,5,대전광역시 유성구 봉명동 611-5,302003167023,대전광역시 유성구 문화원로,95,,3020011100106110005000001,,대전광역시 유성구 문화원로 95,305301,34184,,,,127.34644980501,36.3591454234876,cnu
MA0101202311A0028991,탁구발전소24대전,유성점,R1,예술·스포츠,R103,스포츠 서비스,R10312,테니스장,R91139,그 외 기타 스포츠시설 운영업,30,대전광역시,30200,유성구,30200530,온천1동,3020011100,봉명동,3020011100106110005,1,대지,611,5,대전광역시 유성구 봉명동 611-5,302003167023,대전광역시 유성구 문화원로,95,,3020011100106110005000001,가은빌딩,대전광역시 유성구 문화원로 95,305301,34184,,,,127.34644980501,36.3591454234876,cnu
MA0101202209A0036285,타코앤칩스,,I2,음식,I204,서양식,I20499,기타 서양식 음식점,I56123,서양식 음식점업,30,대전광역시,30200,유성구,30200530,온천1동,3020011100,봉명동,3020011100106110005,1,대지,611,5,대전광역시 유성구 봉명동 611-5,302003167023,대전광역시 유성구 문화원로,95,,3020011100106110005000001,가은빌딩,대전광역시 유성구 문화원로 95,305301,34184,,2,,127.34644980501,36.3591454234876,cnu
MA010120220806430769,고기원칙대전,봉명점,I2,음식,I201,한식,I20107,돼지고기 구이/찜,I56113,한식 육류 요리 전문점,30,대전광역시,30200,유성구,30200530,온천1동,3020011100,봉명동,3020011100106110005,1,대지,611,5,대전광역시 유성구 봉명동 611-5,302003167023,대전광역시 유성구 문화원로,95,,3020011100106110005000001,,대전광역시 유성구 문화원로 95,305301,34184,,1,,127.34644980501,36.3591454234876,cnu
MA010120220808457670,스페인261식당,,I2,음식,I211,주점,I21104,요리 주점,I56219,기타 주점업,30,대전광역시,30200,유성구,30200530,온천1동,3020011100,봉명동,3020011100106110005,1,대지,611,5,대전광역시 유성구 봉명동 611-5,302003167023,대전광역시 유성구 문화원로,95,,3020011100106110005000001,,대전광역시 유성구 문화원로 95,305301,34184,,,,127.34644980501,36.3591454234876,cnu
MA010120220813514287,택이네조개전골,봉명점,I2,음식,I201,한식,I20112,해산물 구이/찜,I56111,한식 일반 음식점업,30,대전광역시,30200,유성구,30200530,온천1동,3020011100,봉명동,3020011100106110005,1,대지,611,5,대전광역시 유성구 봉명동 611-5,302003167023,대전광역시 유성구 문화원로,95,,3020011100106110005000001,,대전광역시 유성구 문화원로 95,305301,34184,,1,,127.34644980501,36.3591454234876,cnu
MA010120220812099833,대전드론비행학교,,P1,교육,P106,기타 교육,P10629,그 외 기타 교육기관,P85699,그 외 기타 분류 안된 교육기관,30,대전광역시,30200,유성구,30200540,온천2동,3020012200,궁동,3020012200104870004,1,대지,487,4,대전광역시 유성구 궁동 487-4,302004301141,대전광역시 유성구 대학로76번안길,43,,3020012200104870004011885,남양빌딩,대전광역시 유성구 대학로76번안길 43,305335,34183,,6,,127.346457673509,36.3609207144878,cnu
MA010120220807292769,에스제이,코리아,I2,음식,I201,한식,I20101,백반/한정식,I56111,한식 일반 음식점업,30,대전광역시,30200,유성구,30200540,온천2동,3020012200,궁동,3020012200104870004,1,대지,487,4,대전광역시 유성구 궁동 487-4,302004301141,대전광역시 유성구 대학로76번안길,43,,3020012200104870004011885,,대전광역시 유성구 대학로76번안길 43,305335,34183,,1,,127.346457673509,36.3609207144878,cnu
MA010120220806533576,알비엠커넥팅협동조합,,M1,과학·기술,M115,기타 전문 과학,M11504,사업/무형 재산권 중개업,M71531,경영 컨설팅업,30,대전광역시,30200,유성구,30200540,온천2동,3020012200,궁동,3020012200104870004,1,대지,487,4,대전광역시 유성구 궁동 487-4,302004301141,대전광역시 유성구 대학로76번안길,43,,3020012200104870004011885,,대전광역시 유성구 대학로76번안길 43,305335,34183,,5,,127.346457673509,36.3609207144878,cnu
MA0101202411A0157305,포트리스어학원,,P1,교육,P105,일반 교육,P10501,입시·교과학원,P85501,일반 교과학원,30,대전광역시,30200,유성구,30200540,온천2동,3020012200,궁동,3020012200104870004,1,대지,487,4,대전광역시 유성구 궁동 487-4,302004301141,대전광역시 유성구 대학로76번안길,43,,3020012200104870004011885,,대전광역시 유성구 대학로76번안길 43,305335,34183,,4,,127.346457673509,36.3609207144878,cnu
MA0101202512A0015832,전마니,봉명점,I2,음식,I201,한식,I20101,백반/한정식,I56111,한식 일반 음식점업,30,대전광역시,30200,유성구,30200530,온천1동,3020011100,봉명동,3020011100106230001,1,대지,623,1,대전광역시 유성구 봉명동 623-1,302004301287,대전광역시 유성구 온천북로33번길,35,11,3020011100106230001000001,,대전광역시 유성구 온천북로33번길 35-11,305301,34185,,1,,127.346468413326,36.3583162887875,cnu
MA0101202506A0011389,붐노래연습장,,R1,예술·스포츠,R104,유원지·오락,R10407,노래방,R91223,노래 연습장 운영업,30,대전광역시,30200,유성구,30200530,온천1동,3020011100,봉명동,3020011100106230001,1,대지,623,1,대전광역시 유성구 봉명동 623-1,302004301287,대전광역시 유성구 온천북로33번길,35,11,3020011100106230001000001,,대전광역시 유성구 온천북로33번길 35-11,305301,34185,,,,127.346468413326,36.3583162887875,cnu
MA0101202512A0011963,하쿠류코쿠류,봉명점,I2,음식,I203,일식,I20301,일식 회/초밥,I56122,일식 음식점업,30,대전광역시,30200,유성구,30200530,온천1동,3020011100,봉명동,3020011100106230001,1,대지,623,1,대전광역시 유성구 봉명동 623-1,302004301287,대전광역시 유성구 온천북로33번길,35,11,3020011100106230001000001,,대전광역시 유성구 온천북로33번길 35-11,305301,34185,,1,,127.346468413326,36.3583162887875,cnu
MA0101202505A0015485,붐노래바,,I2,음식,I211,주점,I21104,요리 주점,I56219,기타 주점업,30,대전광역시,30200,유성구,30200530,온천1동,3020011100,봉명동,3020011100106230001,1,대지,623,1,대전광역시 유성구 봉명동 623-1,302004301287,대전광역시 유성구 온천북로33번길,35,11,3020011100106230001000001,,대전광역시 유성구 온천북로33번길 35-11,305301,34185,,2,,127.346468413326,36.3583162887875,cnu
MA010120220806189286,춘수사,,I2,음식,I203,일식,I20301,일식 회/초밥,I56122,일식 음식점업,30,대전광역시,30200,유성구,30200530,온천1동,3020011100,봉명동,3020011100106300004,1,대지,630,4,대전광역시 유성구 봉명동 630-4,302004301287,대전광역시 유성구 온천북로33번길,21,8,3020011100106300004000001,,대전광역시 유성구 온천북로33번길 21-8,305301,34185,,2,,127.346500559169,36.3580278196343,cnu
MA0101202505A0008507,흑백삼겹살,,I2,음식,I201,한식,I20107,돼지고기 구이/찜,I56113,한식 육류 요리 전문점,30,대전광역시,30200,유성구,30200530,온천1동,3020011100,봉명동,3020011100106300004,1,대지,630,4,대전광역시 유성구 봉명동 630-4,302004301287,대전광역시 유성구 온천북로33번길,21,8,3020011100106300004000001,춘수사,대전광역시 유성구 온천북로33번길 21-8,305301,34185,,,,127.346500559169,36.3580278196343,cnu
MA010120220807066779,한,,M1,과학·기술,M105,광고,M10501,광고 대행업,M71310,광고 대행업,30,대전광역시,30200,유성구,30200530,온천1동,3020011100,봉명동,3020011100106210004,1,대지,621,4,대전광역시 유성구 봉명동 621-4,302003167023,대전광역시 유성구 문화원로,98,,3020011100106210004000001,,대전광역시 유성구 문화원로 98,305301,34185,,3,,127.34654792091,36.3586585046248,cnu
MA010120220806361941,리케리케주,,I2,음식,I210,기타 간이,I21003,피자,I56192,"피자, 햄버거, 샌드위치 및 유사 음식점업",30,대전광역시,30200,유성구,30200530,온천1동,3020011100,봉명동,3020011100106210004,1,대지,621,4,대전광역시 유성구 봉명동 621-4,302003167023,대전광역시 유성구 문화원로,98,,3020011100106210004000001,,대전광역시 유성구 문화원로 98,305301,34185,,,,127.34654792091,36.3586585046248,cnu
MA0101202512A0028438,오오구,,I2,음식,I203,일식,I20301,일식 회/초밥,I56122,일식 음식점업,30,대전광역시,30200,유성구,30200530,온천1동,3020011100,봉명동,3020011100106210004,1,대지,621,4,대전광역시 유성구 봉명동 621-4,302003167023,대전광역시 유성구 문화원로,98,,3020011100106210004000001,일부,대전광역시 유성구 문화원로 98,305301,34185,,1,,127.34654792091,36.3586585046248,cnu
MA0101202511A0039182,봉명별밤,,I2,음식,I201,한식,I20101,백반/한정식,I56111,한식 일반 음식점업,30,대전광역시,30200,유성구,30200530,온천1동,3020011100,봉명동,3020011100106210004,1,대지,621,4,대전광역시 유성구 봉명동 621-4,302003167023,대전광역시 유성구 문화원로,98,,3020011100106210004000001,,대전광역시 유성구 문화원로 98,305301,34185,,3,,127.34654792091,36.3586585046248,cnu
MA0101202601A0049845,1984술마시는작업실,봉명점,I2,음식,I201,한식,I20101,백반/한정식,I56111,한식 일반 음식점업,30,대전광역시,30200,유성구,30200530,온천1동,3020011100,봉명동,3020011100106210004,1,대지,621,4,대전광역시 유성구 봉명동 621-4,302003167023,대전광역시 유성구 문화원로,98,,3020011100106210004000001,,대전광역시 유성구 문화원로 98,305301,34185,,2,,127.34654792091,36.3586585046248,cnu
MA0101202512A0040330,소야컨설팅,,M1,과학·기술,M107,본사·경영 컨설팅,M10703,경영 컨설팅업,M71531,경영 컨설팅업,30,대전광역시,30200,유성구,30200530,온천1동,3020011100,봉명동,3020011100106210004,1,대지,621,4,대전광역시 유성구 봉명동 621-4,302003167023,대전광역시 유성구 문화원로,98,,3020011100106210004000001,,대전광역시 유성구 문화원로 98,305301,34185,,4,,127.34654792091,36.3586585046248,cnu
MA0101202408A0046190,케이씨,,P1,교육,P107,교육 지원,P10799,기타 교육지원 서비스업,P85709,기타 교육지원 서비스업,30,대전광역시,30200,유성구,30200530,온천1동,3020011100,봉명동,3020011100106230002,1,대지,623,2,대전광역시 유성구 봉명동 623-2,302004301287,대전광역시 유성구 온천북로33번길,35,9,3020011100106230002000001,까사보니타,대전광역시 유성구 온천북로33번길 35-9,305301,34185,,3,,127.346579707007,36.3582889307804,cnu
MA0101202406A0119655,엠쓰리,,I2,음식,I211,주점,I21103,생맥주 전문,I56213,생맥주 전문점,30,대전광역시,30200,유성구,30200530,온천1동,3020011100,봉명동,3020011100106230002,1,대지,623,2,대전광역시 유성구 봉명동 623-2,302004301287,대전광역시 유성구 온천북로33번길,35,9,3020011100106230002000001,까사보니타,대전광역시 유성구 온천북로33번길 35-9,305301,34185,,,,127.346579707007,36.3582889307804,cnu
MA010120220812211979,엠쓰리,,I2,음식,I201,한식,I20101,백반/한정식,R91221,전자 게임장 운영업,30,대전광역시,30200,유성구,30200530,온천1동,3020011100,봉명동,3020011100106230002,1,대지,623,2,대전광역시 유성구 봉명동 623-2,302004301287,대전광역시 유성구 온천북로33번길,35,9,3020011100106230002000001,까사보니타,대전광역시 유성구 온천북로33번길 35-9,305301,34185,,2,,127.346579707007,36.3582889307804,cnu
MA010120220805751265,신척추교정운동센터,,G2,소매,G215,의약·화장품 소매,G21502,의료기기 소매업,G47812,의료용 기구 소매업,30,대전광역시,30200,유성구,30200540,온천2동,3020012200,궁동,3020012200104900011,1,대지,490,11,대전광역시 유성구 궁동 490-11,302004301141,대전광역시 유성구 대학로76번안길,62,,3020012200104900011012188,승은빌딩,대전광역시 유성구 대학로76번안길 62,305335,34183,,,,127.346699793644,36.3602441313561,cnu
MA010120220808645725,박가원옻닭,,I2,음식,I201,한식,I20110,닭/오리고기 구이/찜,I56111,한식 일반 음식점업,30,대전광역시,30200,유성구,30200540,온천2동,3020012200,궁동,3020012200104900011,1,대지,490,11,대전광역시 유성구 궁동 490-11,302004301141,대전광역시 유성구 대학로76번안길,62,,3020012200104900011012188,,대전광역시 유성구 대학로76번안길 62,305335,34183,,1,,127.346699793644,36.3602441313561,cnu
MA010120220805764760,리드클라임커뮤니케이션,,R1,예술·스포츠,R103,스포츠 서비스,R10307,헬스장,R91132,체력 단련시설 운영업,30,대전광역시,30200,유성구,30200540,온천2동,3020012200,궁동,3020012200104900011,1,대지,490,11,대전광역시 유성구 궁동 490-11,302004301141,대전광역시 유성구 대학로76번안길,62,,3020012200104900011012188,승은빌딩,대전광역시 유성구 대학로76번안길 62,305335,34183,,5,,127.346699793644,36.3602441313561,cnu
MA010120220803307778,파이널나인,봉명점,I2,음식,I211,주점,I21104,요리 주점,I56219,기타 주점업,30,대전광역시,30200,유성구,30200530,온천1동,3020011100,봉명동,3020011100106300005,1,대지,630,5,대전광역시 유성구 봉명동 630-5,302004301287,대전광역시 유성구 온천북로33번길,21,4,3020011100106300005000002,,대전광역시 유성구 온천북로33번길 21-4,305301,34185,,4,,127.346734366856,36.3579910943934,cnu
MA0101202211A0098609,토리아에즈대전,봉명점,I2,음식,I211,주점,I21104,요리 주점,I56122,일식 음식점업,30,대전광역시,30200,유성구,30200530,온천1동,3020011100,봉명동,3020011100106300005,1,대지,630,5,대전광역시 유성구 봉명동 630-5,302004301287,대전광역시 유성구 온천북로33번길,21,4,3020011100106300005000002,,대전광역시 유성구 온천북로33번길 21-4,305301,34185,,1,,127.346734366856,36.3579910943934,cnu
MA0101202301A0071198,콤마,봉명점,I2,음식,I201,한식,I20101,백반/한정식,I56111,한식 일반 음식점업,30,대전광역시,30200,유성구,30200530,온천1동,3020011100,봉명동,3020011100106300005,1,대지,630,5,대전광역시 유성구 봉명동 630-5,302004301287,대전광역시 유성구 온천북로33번길,21,4,3020011100106300005000002,,대전광역시 유성구 온천북로33번길 21-4,305301,34185,,3,,127.346734366856,36.3579910943934,cnu
MA0101202302A0113042,쏠단란주점,,I2,음식,I211,주점,I21104,요리 주점,I56219,기타 주점업,30,대전광역시,30200,유성구,30200530,온천1동,3020011100,봉명동,3020011100106300005,1,대지,630,5,대전광역시 유성구 봉명동 630-5,302004301287,대전광역시 유성구 온천북로33번길,21,4,3020011100106300005000002,스타트타워,대전광역시 유성구 온천북로33번길 21-4,305301,34185,,3,,127.346734366856,36.3579910943934,cnu
MA010120220809324039,리셋,,I2,음식,I211,주점,I21104,요리 주점,I56219,기타 주점업,30,대전광역시,30200,유성구,30200530,온천1동,3020011100,봉명동,3020011100106300005,1,대지,630,5,대전광역시 유성구 봉명동 630-5,302004301287,대전광역시 유성구 온천북로33번길,21,4,3020011100106300005000002,,대전광역시 유성구 온천북로33번길 21-4,305301,34185,,1,,127.346734366856,36.3579910943934,cnu
MA0101202604A0016155,벙커,,I2,음식,I201,한식,I20101,백반/한정식,I56111,한식 일반 음식점업,30,대전광역시,30200,유성구,30200530,온천1동,3020011100,봉명동,3020011100106300005,1,대지,630,5,대전광역시 유성구 봉명동 630-5,302004301287,대전광역시 유성구 온천북로33번길,21,4,3020011100106300005000002,스마트타워,대전광역시 유성구 온천북로33번길 21-4,305301,34185,,,,127.346734366856,36.3579910943934,cnu
MA0101202604A0047448,고도,,I2,음식,I203,일식,I20301,일식 회/초밥,I56122,일식 음식점업,30,대전광역시,30200,유성구,30200530,온천1동,3020011100,봉명동,3020011100106300005,1,대지,630,5,대전광역시 유성구 봉명동 630-5,302004301287,대전광역시 유성구 온천북로33번길,21,4,3020011100106300005000002,,대전광역시 유성구 온천북로33번길 21-4,305301,34185,,,,127.346734366856,36.3579910943934,cnu
MA0101202507A0041879,씨유,유성타운점,G2,소매,G204,종합 소매,G20405,편의점,G47122,체인화 편의점,30,대전광역시,30200,유성구,30200530,온천1동,3020011100,봉명동,3020011100106300005,1,대지,630,5,대전광역시 유성구 봉명동 630-5,302004301287,대전광역시 유성구 온천북로33번길,21,4,3020011100106300005000002,,대전광역시 유성구 온천북로33번길 21-4,305301,34185,,1,,127.346734366856,36.3579910943934,cnu
MA0101202601A0001454,쏠노래연습장,,R1,예술·스포츠,R104,유원지·오락,R10407,노래방,R91223,노래 연습장 운영업,30,대전광역시,30200,유성구,30200530,온천1동,3020011100,봉명동,3020011100106300005,1,대지,630,5,대전광역시 유성구 봉명동 630-5,302004301287,대전광역시 유성구 온천북로33번길,21,4,3020011100106300005000002,,대전광역시 유성구 온천북로33번길 21-4,305301,34185,,,,127.346734366856,36.3579910943934,cnu
MA0101202510A0028588,혼시츠대전,봉명점,I2,음식,I203,일식,I20301,일식 회/초밥,I56122,일식 음식점업,30,대전광역시,30200,유성구,30200530,온천1동,3020011100,봉명동,3020011100106300005,1,대지,630,5,대전광역시 유성구 봉명동 630-5,302004301287,대전광역시 유성구 온천북로33번길,21,4,3020011100106300005000002,,대전광역시 유성구 온천북로33번길 21-4,305301,34185,,1,,127.346734366856,36.3579910943934,cnu
MA0101202603A0008201,김오조숯불쭈꾸미,,I2,음식,I201,한식,I20112,해산물 구이/찜,I56111,한식 일반 음식점업,30,대전광역시,30200,유성구,30200530,온천1동,3020011100,봉명동,3020011100106300005,1,대지,630,5,대전광역시 유성구 봉명동 630-5,302004301287,대전광역시 유성구 온천북로33번길,21,4,3020011100106300005000002,,대전광역시 유성구 온천북로33번길 21-4,305301,34185,,,,127.346734366856,36.3579910943934,cnu
MA0101202508A0030764,씨유,유성타운점,G2,소매,G204,종합 소매,G20405,편의점,G47122,체인화 편의점,30,대전광역시,30200,유성구,30200530,온천1동,3020011100,봉명동,3020011100106300005,1,대지,630,5,대전광역시 유성구 봉명동 630-5,302004301287,대전광역시 유성구 온천북로33번길,21,4,3020011100106300005000002,,대전광역시 유성구 온천북로33번길 21-4,305301,34185,,1,,127.346734366856,36.3579910943934,cnu
MA010120220809665140,판도라,1호점,I2,음식,I211,주점,I21103,생맥주 전문,I56213,생맥주 전문점,30,대전광역시,30200,유성구,30200530,온천1동,3020011100,봉명동,3020011100106300005,1,대지,630,5,대전광역시 유성구 봉명동 630-5,302004301287,대전광역시 유성구 온천북로33번길,21,4,3020011100106300005000002,,대전광역시 유성구 온천북로33번길 21-4,305301,34185,,4,,127.346734366856,36.3579910943934,cnu
MA0101202504A0092766,채링크로스,,I2,음식,I204,서양식,I20401,경양식,I56123,서양식 음식점업,30,대전광역시,30200,유성구,30200530,온천1동,3020011100,봉명동,3020011100106300005,1,대지,630,5,대전광역시 유성구 봉명동 630-5,302004301287,대전광역시 유성구 온천북로33번길,21,4,3020011100106300005000002,제,대전광역시 유성구 온천북로33번길 21-4,305301,34185,,3,,127.346734366856,36.3579910943934,cnu
MA010120220803225879,판도라,,I2,음식,I211,주점,I21103,생맥주 전문,I56213,생맥주 전문점,30,대전광역시,30200,유성구,30200530,온천1동,3020011100,봉명동,3020011100106300005,1,대지,630,5,대전광역시 유성구 봉명동 630-5,302004301287,대전광역시 유성구 온천북로33번길,21,4,3020011100106300005000002,,대전광역시 유성구 온천북로33번길 21-4,305301,34185,,4,,127.346734366856,36.3579910943934,cnu
MA010120220806255591,황산옥,,I2,음식,I201,한식,I20111,횟집,I56114,한식 해산물 요리 전문점,30,대전광역시,30200,유성구,30200530,온천1동,3020011100,봉명동,3020011100106210005,1,대지,621,5,대전광역시 유성구 봉명동 621-5,302003167023,대전광역시 유성구 문화원로,100,,3020011100106210005000001,봉명동,대전광역시 유성구 문화원로 100,305301,34185,,2,,127.346759527614,36.3586398672162,cnu
MA010120220806985294,아이언PC,,R1,예술·스포츠,R104,유원지·오락,R10406,PC방,R91222,컴퓨터 게임방 운영업,30,대전광역시,30200,유성구,30200530,온천1동,3020011100,봉명동,3020011100106230003,1,대지,623,3,대전광역시 유성구 봉명동 623-3,302004301287,대전광역시 유성구 온천북로33번길,35,5,3020011100106230003000001,에이스타운3차,대전광역시 유성구 온천북로33번길 35-5,305301,34185,,2,,127.346780251309,36.3582883489189,cnu
MA010120220812705574,회뜨는총각,봉명점,I2,음식,I201,한식,I20111,횟집,I56114,한식 해산물 요리 전문점,30,대전광역시,30200,유성구,30200530,온천1동,3020011100,봉명동,3020011100106230003,1,대지,623,3,대전광역시 유성구 봉명동 623-3,302004301287,대전광역시 유성구 온천북로33번길,35,5,3020011100106230003000001,에이스타운3차,대전광역시 유성구 온천북로33번길 35-5,305301,34185,,1,,127.346780251309,36.3582883489189,cnu
MA010120220814058483,봉명연탄구이,,I2,음식,I201,한식,I20107,돼지고기 구이/찜,I56113,한식 육류 요리 전문점,30,대전광역시,30200,유성구,30200530,온천1동,3020011100,봉명동,3020011100106230003,1,대지,623,3,대전광역시 유성구 봉명동 623-3,302004301287,대전광역시 유성구 온천북로33번길,35,5,3020011100106230003000001,에이스타운3차,대전광역시 유성구 온천북로33번길 35-5,305301,34185,,1,,127.346780251309,36.3582883489189,cnu
MA010120220814074529,호연재,,I2,음식,I201,한식,I20107,돼지고기 구이/찜,I56113,한식 육류 요리 전문점,30,대전광역시,30200,유성구,30200530,온천1동,3020011100,봉명동,3020011100106230003,1,대지,623,3,대전광역시 유성구 봉명동 623-3,302004301287,대전광역시 유성구 온천북로33번길,35,5,3020011100106230003000001,에이스타운3차,대전광역시 유성구 온천북로33번길 35-5,305301,34185,,1,,127.346780251309,36.3582883489189,cnu
MA0101202602A0014810,한궁양꼬치훠궈,,I2,음식,I202,중식,I20201,중국집,I56121,중식 음식점업,30,대전광역시,30200,유성구,30200530,온천1동,3020011100,봉명동,3020011100106230003,1,대지,623,3,대전광역시 유성구 봉명동 623-3,302004301287,대전광역시 유성구 온천북로33번길,35,5,3020011100106230003000001,에이스타운3차,대전광역시 유성구 온천북로33번길 35-5,305301,34185,,1,,127.346780251309,36.3582883489189,cnu
MA010120220809631356,투썸플레이스유성,봉명점,I2,음식,I212,비알코올 ,I21201,카페,I56221,커피 전문점,30,대전광역시,30200,유성구,30200530,온천1동,3020011100,봉명동,3020011100106110006,1,대지,611,6,대전광역시 유성구 봉명동 611-6,302003167023,대전광역시 유성구 문화원로,99,,3020011100106110006012787,,대전광역시 유성구 문화원로 99,305301,34184,,1,,127.346829054884,36.3592434524569,cnu
MA0101202603A0007189,더라운지,,I2,음식,I204,서양식,I20401,경양식,I56123,서양식 음식점업,30,대전광역시,30200,유성구,30200530,온천1동,3020011100,봉명동,3020011100106110006,1,대지,611,6,대전광역시 유성구 봉명동 611-6,302003167023,대전광역시 유성구 문화원로,99,,3020011100106110006012787,,대전광역시 유성구 문화원로 99,305301,34184,,2,,127.346829054884,36.3592434524569,cnu
MA0101202406A0503762,라멘81번옥,궁동점,I2,음식,I203,일식,I20303,일식 면 요리,I56122,일식 음식점업,30,대전광역시,30200,유성구,30200540,온천2동,3020012200,궁동,3020012200103950003,1,대지,395,3,대전광역시 유성구 궁동 395-3,302003167013,대전광역시 유성구 궁동로,5,,3020012200103950003008816,다솔,대전광역시 유성구 궁동로 5,305335,34137,,1,,127.346907342078,36.3618205840793,cnu
MA0101202502A0013196,다솔공인중개사사무소,,L1,부동산,L102,부동산 서비스,L10203,부동산 중개/대리업,L68221,부동산 중개 및 대리업,30,대전광역시,30200,유성구,30200540,온천2동,3020012200,궁동,3020012200103950003,1,대지,395,3,대전광역시 유성구 궁동 395-3,302003167013,대전광역시 유성구 궁동로,5,,3020012200103950003008816,다솔,대전광역시 유성구 궁동로 5,305335,34137,,,,127.346907342078,36.3618205840793,cnu
MA010120220808093232,고기명작,봉명점,I2,음식,I201,한식,I20107,돼지고기 구이/찜,I56113,한식 육류 요리 전문점,30,대전광역시,30200,유성구,30200530,온천1동,3020011100,봉명동,3020011100106210006,1,대지,621,6,대전광역시 유성구 봉명동 621-6,302004301287,대전광역시 유성구 온천북로33번길,39,,3020011100106210006012015,,대전광역시 유성구 온천북로33번길 39,305301,34185,,1,,127.346948851419,36.3586212941374,cnu
MA0101202510A0004807,레이스,,I2,음식,I201,한식,I20101,백반/한정식,I56111,한식 일반 음식점업,30,대전광역시,30200,유성구,30200530,온천1동,3020011100,봉명동,3020011100106210006,1,대지,621,6,대전광역시 유성구 봉명동 621-6,302004301287,대전광역시 유성구 온천북로33번길,39,,3020011100106210006012015,,대전광역시 유성구 온천북로33번길 39,305301,34185,,2,,127.346948851419,36.3586212941374,cnu
MA010120220806216207,프랫헤어,,S2,수리·개인,S207,이용·미용,S20701,미용실,S96112,두발 미용업,30,대전광역시,30200,유성구,30200530,온천1동,3020011100,봉명동,3020011100106110007,1,대지,611,7,대전광역시 유성구 봉명동 611-7,302003167023,대전광역시 유성구 문화원로,101,,3020011100106110007000001,,대전광역시 유성구 문화원로 101,305301,34184,,9,,127.347040223011,36.3591256866122,cnu
MA010120220812528003,맛소,,I2,음식,I201,한식,I20107,돼지고기 구이/찜,I56113,한식 육류 요리 전문점,30,대전광역시,30200,유성구,30200530,온천1동,3020011100,봉명동,3020011100106110007,1,대지,611,7,대전광역시 유성구 봉명동 611-7,302003167023,대전광역시 유성구 문화원로,101,,3020011100106110007000001,,대전광역시 유성구 문화원로 101,305301,34184,,,,127.347040223011,36.3591256866122,cnu
MA010120220803273570,유성전자담배,,G2,소매,G207,담배 소매,G20701,담배/전자담배 소매업,G47222,담배 소매업,30,대전광역시,30200,유성구,30200530,온천1동,3020011100,봉명동,3020011100106110007,1,대지,611,7,대전광역시 유성구 봉명동 611-7,302003167023,대전광역시 유성구 문화원로,101,,3020011100106110007000001,,대전광역시 유성구 문화원로 101,305301,34184,,,,127.347040223011,36.3591256866122,cnu
MA0101202505A0081026,머스트핏,,P1,교육,P106,기타 교육,P10603,요가/필라테스 학원,P85612,기타 스포츠 교육기관,30,대전광역시,30200,유성구,30200530,온천1동,3020011100,봉명동,3020011100106110007,1,대지,611,7,대전광역시 유성구 봉명동 611-7,302003167023,대전광역시 유성구 문화원로,101,,3020011100106110007000001,,대전광역시 유성구 문화원로 101,305301,34184,,,,127.347040223011,36.3591256866122,cnu
MA0101202409A0015972,육화담길,,I2,음식,I201,한식,I20101,백반/한정식,I56111,한식 일반 음식점업,30,대전광역시,30200,유성구,30200530,온천1동,3020011100,봉명동,3020011100106110007,1,대지,611,7,대전광역시 유성구 봉명동 611-7,302003167023,대전광역시 유성구 문화원로,101,,3020011100106110007000001,,대전광역시 유성구 문화원로 101,305301,34184,,1,,127.347040223011,36.3591256866122,cnu
MA0101202604A0013273,엘오르,,I2,음식,I212,비알코올 ,I21201,카페,I56221,커피 전문점,30,대전광역시,30200,유성구,30200540,온천2동,3020012200,궁동,3020012200104880003,1,대지,488,3,대전광역시 유성구 궁동 488-3,302004301140,대전광역시 유성구 대학로76번길,55,,3020012200104880003012499,전체,대전광역시 유성구 대학로76번길 55,305335,34183,,1,,127.347211788169,36.3601254919538,cnu
MA0101202508A0009587,골든클린,,N1,시설관리·임대,N102,청소·방제,N10201,건축물 일반 청소업,N74211,건축물 일반 청소업,30,대전광역시,30200,유성구,30200540,온천2동,3020012200,궁동,3020012200104880003,1,대지,488,3,대전광역시 유성구 궁동 488-3,302004301140,대전광역시 유성구 대학로76번길,55,,3020012200104880003012499,,대전광역시 유성구 대학로76번길 55,305335,34183,,,,127.347211788169,36.3601254919538,cnu
MA010120220805345666,압구정시골쥐,,I2,음식,I212,비알코올 ,I21201,카페,I56221,커피 전문점,30,대전광역시,30200,유성구,30200540,온천2동,3020012200,궁동,3020012200104880003,1,대지,488,3,대전광역시 유성구 궁동 488-3,302004301140,대전광역시 유성구 대학로76번길,55,,3020012200104880003012499,,대전광역시 유성구 대학로76번길 55,305335,34183,,2,,127.347211788169,36.3601254919538,cnu
MA010120220806216555,류물류,,G2,소매,G209,섬유·의복·신발 소매,G20907,액세서리/잡화 소매업,G47422,의복 액세서리 및 모조 장신구 소매업,30,대전광역시,30200,유성구,30200540,온천2동,3020012200,궁동,3020012200104880002,1,대지,488,2,대전광역시 유성구 궁동 488-2,302004301141,대전광역시 유성구 대학로76번안길,57,,3020012200104880002010741,,대전광역시 유성구 대학로76번안길 57,305335,34183,,,,127.347290580213,36.3603054978593,cnu
MA010120220806187534,연단모터스,,S2,수리·개인,S203,자동차 수리·세차,S20301,자동차 정비소,S95212,자동차 전문 수리업,30,대전광역시,30200,유성구,30200530,온천1동,3020011100,봉명동,3020011100106440001,1,대지,644,1,대전광역시 유성구 봉명동 644-1,302004301287,대전광역시 유성구 온천북로33번길,36,4,3020011100106440001000001,,대전광역시 유성구 온천북로33번길 36-4,305301,34185,,,,127.347348019669,36.3581875705392,cnu
MA0101202406A0536708,유즈드폰,대전점,G2,소매,G208,가전·통신 소매,G20802,핸드폰 소매업,G47312,통신기기 소매업,30,대전광역시,30200,유성구,30200530,온천1동,3020011100,봉명동,3020011100106410001,1,대지,641,1,대전광역시 유성구 봉명동 641-1,302003167023,대전광역시 유성구 문화원로,106,,3020011100106410001000001,유성캠퍼스타워,대전광역시 유성구 문화원로 106,305301,34185,,3,,127.347427651119,36.3585568206708,cnu
MA0101202409A0174693,제주똥돼지오겹살봉명동,직영점,I2,음식,I201,한식,I20107,돼지고기 구이/찜,I56111,한식 일반 음식점업,30,대전광역시,30200,유성구,30200530,온천1동,3020011100,봉명동,3020011100106410001,1,대지,641,1,대전광역시 유성구 봉명동 641-1,302003167023,대전광역시 유성구 문화원로,106,,3020011100106410001000001,유성캠퍼스타워,대전광역시 유성구 문화원로 106,305301,34185,,1,,127.347427651119,36.3585568206708,cnu
MA0101202305A0075505,오프온스튜디오,,M1,과학·기술,M113,사진 촬영,M11301,사진촬영업,M73301,인물 사진 및 행사용 영상 촬영업,30,대전광역시,30200,유성구,30200530,온천1동,3020011100,봉명동,3020011100106410001,1,대지,641,1,대전광역시 유성구 봉명동 641-1,302003167023,대전광역시 유성구 문화원로,106,,3020011100106410001000001,유성캠퍼스타워,대전광역시 유성구 문화원로 106,305301,34185,,2,,127.347427651119,36.3585568206708,cnu
MA010120220806601132,숨뷰,,G2,소매,G209,섬유·의복·신발 소매,G20902,여성 의류 소매업,G47412,여자용 겉옷 소매업,30,대전광역시,30200,유성구,30200530,온천1동,3020011100,봉명동,3020011100106410001,1,대지,641,1,대전광역시 유성구 봉명동 641-1,302003167023,대전광역시 유성구 문화원로,106,,3020011100106410001000001,유성캠퍼스타워,대전광역시 유성구 문화원로 106,305301,34185,,2,,127.347427651119,36.3585568206708,cnu
MA0101202305A0073747,신유성인력개발공사,,N1,시설관리·임대,N104,고용 알선,N10401,고용 알선업,N75110,고용 알선업,30,대전광역시,30200,유성구,30200530,온천1동,3020011100,봉명동,3020011100106410001,1,대지,641,1,대전광역시 유성구 봉명동 641-1,302003167023,대전광역시 유성구 문화원로,106,,3020011100106410001000001,유성캠퍼스타워,대전광역시 유성구 문화원로 106,305301,34185,,1,,127.347427651119,36.3585568206708,cnu
MA010120220808504982,망고렌탈,,N1,시설관리·임대,N109,운송장비 대여,N10901,자동차 대여업,N76110,자동차 임대업,30,대전광역시,30200,유성구,30200530,온천1동,3020011100,봉명동,3020011100106410001,1,대지,641,1,대전광역시 유성구 봉명동 641-1,302003167023,대전광역시 유성구 문화원로,106,,3020011100106410001000001,유성캠퍼스타워,대전광역시 유성구 문화원로 106,305301,34185,,3,,127.347427651119,36.3585568206708,cnu
MA0101202602A0028795,네일도넛,,S2,수리·개인,S207,이용·미용,S20703,네일숍,S96119,기타 미용업,30,대전광역시,30200,유성구,30200530,온천1동,3020011100,봉명동,3020011100106410001,1,대지,641,1,대전광역시 유성구 봉명동 641-1,302003167023,대전광역시 유성구 문화원로,106,,3020011100106410001000001,유성캠퍼스타워,대전광역시 유성구 문화원로 106,305301,34185,,2,,127.347427651119,36.3585568206708,cnu
MA010120220806831453,인생역전,,I2,음식,I201,한식,I20101,백반/한정식,I56111,한식 일반 음식점업,30,대전광역시,30200,유성구,30200530,온천1동,3020011100,봉명동,3020011100106410001,1,대지,641,1,대전광역시 유성구 봉명동 641-1,302003167023,대전광역시 유성구 문화원로,106,,3020011100106410001000001,유성캠퍼스타워,대전광역시 유성구 문화원로 106,305301,34185,,1,,127.347427651119,36.3585568206708,cnu
MA0106202301A0290058,스토랑트대전,1호점,I2,음식,I201,한식,I20101,백반/한정식,I56111,한식 일반 음식점업,30,대전광역시,30200,유성구,30200530,온천1동,3020011100,봉명동,3020011100106400001,1,대지,640,1,대전광역시 유성구 봉명동 640-1,302003167023,대전광역시 유성구 문화원로,105,,3020011100106400001000001,,대전광역시 유성구 문화원로 105,305301,34184,,,,127.34749678286,36.3590702892053,cnu
MA010120220810067076,올웨이식스,,I2,음식,I201,한식,I20107,돼지고기 구이/찜,I56113,한식 육류 요리 전문점,30,대전광역시,30200,유성구,30200530,온천1동,3020011100,봉명동,3020011100106400001,1,대지,640,1,대전광역시 유성구 봉명동 640-1,302003167023,대전광역시 유성구 문화원로,105,,3020011100106400001000001,,대전광역시 유성구 문화원로 105,305301,34184,,4,,127.34749678286,36.3590702892053,cnu
MA0101202406A0195483,썸데이,,I2,음식,I201,한식,I20101,백반/한정식,I56111,한식 일반 음식점업,30,대전광역시,30200,유성구,30200530,온천1동,3020011100,봉명동,3020011100106400001,1,대지,640,1,대전광역시 유성구 봉명동 640-1,302003167023,대전광역시 유성구 문화원로,105,,3020011100106400001000001,SOMEDAY,대전광역시 유성구 문화원로 105,305301,34184,,4,,127.34749678286,36.3590702892053,cnu
MA0101202409A0016225,궁동폰케이스,,G2,소매,G209,섬유·의복·신발 소매,G20907,액세서리/잡화 소매업,G47422,의복 액세서리 및 모조 장신구 소매업,30,대전광역시,30200,유성구,30200540,온천2동,3020012200,궁동,3020012200104130001,1,대지,413,1,대전광역시 유성구 궁동 413-1,302004301062,대전광역시 유성구 궁동로18번길,2,,3020012200104130001009457,,대전광역시 유성구 궁동로18번길 2,305335,34137,,,,127.347524070648,36.3627019425393,cnu
MA0101202512A0008658,티하우스,,I2,음식,I212,비알코올 ,I21201,카페,I56221,커피 전문점,30,대전광역시,30200,유성구,30200540,온천2동,3020012200,궁동,3020012200104130001,1,대지,413,1,대전광역시 유성구 궁동 413-1,302004301062,대전광역시 유성구 궁동로18번길,2,,3020012200104130001009457,,대전광역시 유성구 궁동로18번길 2,305335,34137,,2,,127.347524070648,36.3627019425393,cnu
MA0101202509A0007938,요아정대전,유성궁동점,I2,음식,I210,기타 간이,I21007,김밥/만두/분식,I56194,김밥 및 기타 간이 음식점업,30,대전광역시,30200,유성구,30200540,온천2동,3020012200,궁동,3020012200104130001,1,대지,413,1,대전광역시 유성구 궁동 413-1,302004301062,대전광역시 유성구 궁동로18번길,2,,3020012200104130001009457,,대전광역시 유성구 궁동로18번길 2,305335,34137,,1,,127.347524070648,36.3627019425393,cnu
MA010120220806233218,까페누오보베니에,,I2,음식,I212,비알코올 ,I21201,카페,I56221,커피 전문점,30,대전광역시,30200,유성구,30200540,온천2동,3020012200,궁동,3020012200104130013,1,대지,413,13,대전광역시 유성구 궁동 413-13,302004301061,대전광역시 유성구 궁동로14번길,1,,3020012200104130013010985,,대전광역시 유성구 궁동로14번길 1,305335,34137,,1,,127.347545553178,36.3625216452317,cnu
MA010120220800460733,제본,코리아,M1,과학·기술,M114,인쇄·제품제작,M11401,명함/간판/광고물 제작,C18111,경 인쇄업,30,대전광역시,30200,유성구,30200540,온천2동,3020012200,궁동,3020012200103950016,1,대지,395,16,대전광역시 유성구 궁동 395-16,302003167013,대전광역시 유성구 궁동로,18,,3020012200103950016011223,,대전광역시 유성구 궁동로 18,305335,34137,,1,,127.347580622124,36.3628910245957,cnu
MA010120220806225543,씨유,유성궁동점,G2,소매,G204,종합 소매,G20405,편의점,G47122,체인화 편의점,30,대전광역시,30200,유성구,30200540,온천2동,3020012200,궁동,3020012200103950016,1,대지,395,16,대전광역시 유성구 궁동 395-16,302003167013,대전광역시 유성구 궁동로,18,,3020012200103950016011223,,대전광역시 유성구 궁동로 18,305335,34137,,,,127.347580622124,36.3628910245957,cnu
MA010120220806203140,새론COPY,,N1,시설관리·임대,N107,사무 지원,N10703,복사업,N75912,복사업,30,대전광역시,30200,유성구,30200540,온천2동,3020012200,궁동,3020012200103950015,1,대지,395,15,대전광역시 유성구 궁동 395-15,302003167013,대전광역시 유성구 궁동로,20,,3020012200103950015011186,,대전광역시 유성구 궁동로 20,305335,34137,,1,,127.347592245055,36.3629991316695,cnu
MA010120220811786154,까페펠리쓰,,I2,음식,I212,비알코올 ,I21201,카페,I56221,커피 전문점,30,대전광역시,30200,유성구,30200540,온천2동,3020012200,궁동,3020012200103950015,1,대지,395,15,대전광역시 유성구 궁동 395-15,302003167013,대전광역시 유성구 궁동로,20,,3020012200103950015011186,,대전광역시 유성구 궁동로 20,305335,34137,,1,,127.347592245055,36.3629991316695,cnu
MA010120220805758343,HighClass기획,,N1,시설관리·임대,N107,사무 지원,N10703,복사업,N75912,복사업,30,대전광역시,30200,유성구,30200540,온천2동,3020012200,궁동,3020012200104140016,1,대지,414,16,대전광역시 유성구 궁동 414-16,302004301060,대전광역시 유성구 궁동로10번길,1,,3020012200104140016011452,제,대전광역시 유성구 궁동로10번길 1,305335,34137,,,,127.347599740006,36.3621790414268,cnu
MA0101202603A0036690,짜장왕왕서방,,I2,음식,I202,중식,I20201,중국집,I56121,중식 음식점업,30,대전광역시,30200,유성구,30200540,온천2동,3020012200,궁동,3020012200104140016,1,대지,414,16,대전광역시 유성구 궁동 414-16,302004301060,대전광역시 유성구 궁동로10번길,1,,3020012200104140016011452,,대전광역시 유성구 궁동로10번길 1,305335,34137,,1,,127.347599740006,36.3621790414268,cnu
MA0101202509A0009008,단골간식가게,충남대점,G2,소매,G204,종합 소매,G20404,슈퍼마켓,G47216,"빵류, 과자류 및 당류 소매업",30,대전광역시,30200,유성구,30200540,온천2동,3020012200,궁동,3020012200104140016,1,대지,414,16,대전광역시 유성구 궁동 414-16,302004301060,대전광역시 유성구 궁동로10번길,1,,3020012200104140016011452,,대전광역시 유성구 궁동로10번길 1,305335,34137,,,,127.347599740006,36.3621790414268,cnu
MA010120220813150210,대국민김밥,,I2,음식,I210,기타 간이,I21007,김밥/만두/분식,I56111,한식 일반 음식점업,30,대전광역시,30200,유성구,30200540,온천2동,3020012200,궁동,3020012200103950002,1,대지,395,2,대전광역시 유성구 궁동 395-2,302003167013,대전광역시 유성구 궁동로,22,,3020012200103950002010969,,대전광역시 유성구 궁동로 22,305335,34137,,1,,127.347626192171,36.3631161855307,cnu
MA0101202603A0021545,노브랜드버거대전,충남대점,I2,음식,I210,기타 간이,I21004,버거,I56192,"피자, 햄버거, 샌드위치 및 유사 음식점업",30,대전광역시,30200,유성구,30200540,온천2동,3020012200,궁동,3020012200103950002,1,대지,395,2,대전광역시 유성구 궁동 395-2,302003167013,대전광역시 유성구 궁동로,22,,3020012200103950002010969,,대전광역시 유성구 궁동로 22,305335,34137,,,,127.347626192171,36.3631161855307,cnu
MA0101202412A0019185,더블루공인중개사사무소,,L1,부동산,L102,부동산 서비스,L10203,부동산 중개/대리업,L68221,부동산 중개 및 대리업,30,대전광역시,30200,유성구,30200540,온천2동,3020012200,궁동,3020012200103950002,1,대지,395,2,대전광역시 유성구 궁동 395-2,302003167013,대전광역시 유성구 궁동로,22,,3020012200103950002010969,,대전광역시 유성구 궁동로 22,305335,34137,,1,,127.347626192171,36.3631161855307,cnu
MA010120220804420540,맘스터치,충남대점,I2,음식,I210,기타 간이,I21004,버거,I56192,"피자, 햄버거, 샌드위치 및 유사 음식점업",30,대전광역시,30200,유성구,30200540,온천2동,3020012200,궁동,3020012200104160001,1,대지,416,1,대전광역시 유성구 궁동 416-1,302003167013,대전광역시 유성구 궁동로,8,1,3020012200104160001008809,,대전광역시 유성구 궁동로 8-1,305335,34137,,1,,127.347665789739,36.3619986144183,cnu
MA0101202406A0243426,종로맥가대전,봉명점,I2,음식,I211,주점,I21103,생맥주 전문,I56213,생맥주 전문점,30,대전광역시,30200,유성구,30200530,온천1동,3020011100,봉명동,3020011100106410011,1,대지,641,11,대전광역시 유성구 봉명동 641-11,302003167023,대전광역시 유성구 문화원로,108,,3020011100106410011012144,,대전광역시 유성구 문화원로 108,305301,34185,,1,,127.347661459936,36.3585200936128,cnu
MA010120220802937790,태양노래연습장,,R1,예술·스포츠,R104,유원지·오락,R10407,노래방,R91223,노래 연습장 운영업,30,대전광역시,30200,유성구,30200530,온천1동,3020011100,봉명동,3020011100106410011,1,대지,641,11,대전광역시 유성구 봉명동 641-11,302003167023,대전광역시 유성구 문화원로,108,,3020011100106410011012144,,대전광역시 유성구 문화원로 108,305301,34185,,2,,127.347661459936,36.3585200936128,cnu
MA010120220808778004,호호네일,,S2,수리·개인,S207,이용·미용,S20703,네일숍,S96119,기타 미용업,30,대전광역시,30200,유성구,30200530,온천1동,3020011100,봉명동,3020011100106410011,1,대지,641,11,대전광역시 유성구 봉명동 641-11,302003167023,대전광역시 유성구 문화원로,108,,3020011100106410011012144,,대전광역시 유성구 문화원로 108,305301,34185,,1,,127.347661459936,36.3585200936128,cnu
MA010120220805370222,미미삼겹,,I2,음식,I201,한식,I20107,돼지고기 구이/찜,I56113,한식 육류 요리 전문점,30,대전광역시,30200,유성구,30200530,온천1동,3020011100,봉명동,3020011100106410011,1,대지,641,11,대전광역시 유성구 봉명동 641-11,302003167023,대전광역시 유성구 문화원로,108,,3020011100106410011012144,,대전광역시 유성구 문화원로 108,305301,34185,,1,,127.347661459936,36.3585200936128,cnu
MA0101202412A0024123,꿀,,S2,수리·개인,S208,욕탕·신체관리,S20803,체형/비만 관리,S96129,체형 등 기타 신체 관리 서비스업,30,대전광역시,30200,유성구,30200530,온천1동,3020011100,봉명동,3020011100106410011,1,대지,641,11,대전광역시 유성구 봉명동 641-11,302003167023,대전광역시 유성구 문화원로,108,,3020011100106410011012144,,대전광역시 유성구 문화원로 108,305301,34185,,3,,127.347661459936,36.3585200936128,cnu
MA0101202604A0038618,어썸포케&샐러드대전유성,본점,I2,음식,I210,기타 간이,I21007,김밥/만두/분식,I56194,김밥 및 기타 간이 음식점업,30,대전광역시,30200,유성구,30200530,온천1동,3020011100,봉명동,3020011100106400002,1,대지,640,2,대전광역시 유성구 봉명동 640-2,302003167023,대전광역시 유성구 문화원로,107,,3020011100106400002000001,하이랜드,대전광역시 유성구 문화원로 107,305301,34184,,1,,127.347674885903,36.359033724115,cnu
MA010120220812461363,신가네매운떡볶이,,I2,음식,I210,기타 간이,I21007,김밥/만두/분식,I56194,김밥 및 기타 간이 음식점업,30,대전광역시,30200,유성구,30200540,온천2동,3020012200,궁동,3020012200104160006,1,대지,416,6,대전광역시 유성구 궁동 416-6,302004301063,대전광역시 유성구 궁동로2번길,3,,3020012200104160006009181,,대전광역시 유성구 궁동로2번길 3,305335,34137,,1,,127.347697932562,36.3617101451365,cnu
MA010120220806234916,광땡공인중개사사무소,,L1,부동산,L102,부동산 서비스,L10203,부동산 중개/대리업,L68221,부동산 중개 및 대리업,30,대전광역시,30200,유성구,30200540,온천2동,3020012200,궁동,3020012200104160006,1,대지,416,6,대전광역시 유성구 궁동 416-6,302004301063,대전광역시 유성구 궁동로2번길,3,,3020012200104160006009181,,대전광역시 유성구 궁동로2번길 3,305335,34137,,1,,127.347697932562,36.3617101451365,cnu
MA010120220806170690,현대기획,,M1,과학·기술,M114,인쇄·제품제작,M11401,명함/간판/광고물 제작,C18111,경 인쇄업,30,대전광역시,30200,유성구,30200540,온천2동,3020012200,궁동,3020012200104180001,1,대지,418,1,대전광역시 유성구 궁동 418-1,302003167083,대전광역시 유성구 대학로,127,,3020012200104180001011487,,대전광역시 유성구 대학로 127,305335,34137,,,,127.347708112273,36.3614938336919,cnu
MA010120220806181437,헤어커커２,,S2,수리·개인,S207,이용·미용,S20701,미용실,S96112,두발 미용업,30,대전광역시,30200,유성구,30200540,온천2동,3020012200,궁동,3020012200104180001,1,대지,418,1,대전광역시 유성구 궁동 418-1,302003167083,대전광역시 유성구 대학로,127,,3020012200104180001011487,제,대전광역시 유성구 대학로 127,305335,34137,,1,,127.347708112273,36.3614938336919,cnu
MA010120220806451776,뉴대림공인중개사사무소,,L1,부동산,L102,부동산 서비스,L10203,부동산 중개/대리업,L68221,부동산 중개 및 대리업,30,대전광역시,30200,유성구,30200540,온천2동,3020012200,궁동,3020012200104180001,1,대지,418,1,대전광역시 유성구 궁동 418-1,302003167083,대전광역시 유성구 대학로,127,,3020012200104180001011487,,대전광역시 유성구 대학로 127,305335,34137,,,,127.347708112273,36.3614938336919,cnu
MA0101202505A0004833,마마운동화이불빨래방,,S2,수리·개인,S209,세탁,S20902,셀프 빨래방,S96912,가정용 세탁업,30,대전광역시,30200,유성구,30200540,온천2동,3020012200,궁동,3020012200104180001,1,대지,418,1,대전광역시 유성구 궁동 418-1,302003167083,대전광역시 유성구 대학로,127,,3020012200104180001011487,,대전광역시 유성구 대학로 127,305335,34137,,,,127.347708112273,36.3614938336919,cnu
MA010120220805240575,베스트공인중개사사무소,,L1,부동산,L102,부동산 서비스,L10203,부동산 중개/대리업,L68221,부동산 중개 및 대리업,30,대전광역시,30200,유성구,30200540,온천2동,3020012200,궁동,3020012200104140015,1,대지,414,15,대전광역시 유성구 궁동 414-15,302004301060,대전광역시 유성구 궁동로10번길,3,,3020012200104140015011455,,대전광역시 유성구 궁동로10번길 3,305335,34137,,1,,127.347733442847,36.3621786523796,cnu
MA0101202603A0027157,프레디버거,충남대점,I2,음식,I210,기타 간이,I21004,버거,I56192,"피자, 햄버거, 샌드위치 및 유사 음식점업",30,대전광역시,30200,유성구,30200540,온천2동,3020012200,궁동,3020012200104140015,1,대지,414,15,대전광역시 유성구 궁동 414-15,302004301060,대전광역시 유성구 궁동로10번길,3,,3020012200104140015011455,,대전광역시 유성구 궁동로10번길 3,305335,34137,,1,,127.347733442847,36.3621786523796,cnu
MA0101202512A0001502,리에종,,I2,음식,I212,비알코올 ,I21201,카페,I56221,커피 전문점,30,대전광역시,30200,유성구,30200540,온천2동,3020012200,궁동,3020012200104950001,1,대지,495,1,대전광역시 유성구 궁동 495-1,302004301140,대전광역시 유성구 대학로76번길,65,,3020012200104950001000001,리버스토리,대전광역시 유성구 대학로76번길 65,305335,34183,,1,,127.347746304854,36.3600608552821,cnu
MA0101202601A0014860,대전혼술바애월밤,봉명점,I2,음식,I204,서양식,I20401,경양식,I56123,서양식 음식점업,30,대전광역시,30200,유성구,30200540,온천2동,3020012200,궁동,3020012200104950001,1,대지,495,1,대전광역시 유성구 궁동 495-1,302004301140,대전광역시 유성구 대학로76번길,65,,3020012200104950001000001,리버스토리,대전광역시 유성구 대학로76번길 65,305335,34183,,,,127.347746304854,36.3600608552821,cnu
MA010120220806206031,마스타자동차궁동,1호점,S2,수리·개인,S203,자동차 수리·세차,S20301,자동차 정비소,S95212,자동차 전문 수리업,30,대전광역시,30200,유성구,30200540,온천2동,3020012200,궁동,3020012200104940001,1,대지,494,1,대전광역시 유성구 궁동 494-1,302004301140,대전광역시 유성구 대학로76번길,59,10,3020012200104940001016185,,대전광역시 유성구 대학로76번길 59-10,305335,34183,,,,127.3477587695,36.3603582065768,cnu
MA0101202302A0083689,비에이치씨대전,궁동점,I2,음식,I210,기타 간이,I21006,치킨,I56193,치킨 전문점,30,대전광역시,30200,유성구,30200540,온천2동,3020012200,궁동,3020012200103950004,1,대지,395,4,대전광역시 유성구 궁동 395-4,302003167013,대전광역시 유성구 궁동로,24,,3020012200103950004010975,,대전광역시 유성구 궁동로 24,305335,34137,,1,,127.347770998554,36.3631067523912,cnu
MA0101202210A0054264,우리커피협회,,N1,시설관리·임대,N107,사무 지원,N10799,기타 사무 지원 서비스업,N75919,기타 사무 지원 서비스업,30,대전광역시,30200,유성구,30200540,온천2동,3020012200,궁동,3020012200103950004,1,대지,395,4,대전광역시 유성구 궁동 395-4,302003167013,대전광역시 유성구 궁동로,24,,3020012200103950004010975,,대전광역시 유성구 궁동로 24,305335,34137,,1,,127.347770998554,36.3631067523912,cnu
MA0101202408A0030275,오월의뜰,,G2,소매,G205,식료품 소매,G20506,채소/과일 소매업,G47215,"채소, 과실 및 뿌리작물 소매업",30,대전광역시,30200,유성구,30200540,온천2동,3020012200,궁동,3020012200103950014,1,대지,395,14,대전광역시 유성구 궁동 395-14,302004301062,대전광역시 유성구 궁동로18번길,7,,3020012200103950014011210,,대전광역시 유성구 궁동로18번길 7,305335,34137,,,,127.34778125841,36.3629084642387,cnu
MA010120220806209621,엄마밥상,,I2,음식,I201,한식,I20101,백반/한정식,I56111,한식 일반 음식점업,30,대전광역시,30200,유성구,30200540,온천2동,3020012200,궁동,3020012200103950014,1,대지,395,14,대전광역시 유성구 궁동 395-14,302004301062,대전광역시 유성구 궁동로18번길,7,,3020012200103950014011210,,대전광역시 유성구 궁동로18번길 7,305335,34137,,1,,127.34778125841,36.3629084642387,cnu
MA010120220813724135,꿔꿔향회전샤브샤브,,I2,음식,I201,한식,I20102,국/탕/찌개류,I56121,중식 음식점업,30,대전광역시,30200,유성구,30200540,온천2동,3020012200,궁동,3020012200103950014,1,대지,395,14,대전광역시 유성구 궁동 395-14,302004301062,대전광역시 유성구 궁동로18번길,7,,3020012200103950014011210,,대전광역시 유성구 궁동로18번길 7,305335,34137,,1,,127.34778125841,36.3629084642387,cnu
MA010120220805299308,스터디카페숲엔나무,충남대점,R1,예술·스포츠,R102,도서관·사적지,R10202,독서실/스터디 카페,S96999,그 외 기타 달리 분류되지 않은 개인 서비스업,30,대전광역시,30200,유성구,30200540,온천2동,3020012200,궁동,3020012200103950014,1,대지,395,14,대전광역시 유성구 궁동 395-14,302004301062,대전광역시 유성구 궁동로18번길,7,,3020012200103950014011210,,대전광역시 유성구 궁동로18번길 7,305335,34137,,2,,127.34778125841,36.3629084642387,cnu
MA0101202506A0012217,충대편의매점,,G2,소매,G207,담배 소매,G20701,담배/전자담배 소매업,G47222,담배 소매업,30,대전광역시,30200,유성구,30200540,온천2동,3020012200,궁동,3020012200103950014,1,대지,395,14,대전광역시 유성구 궁동 395-14,302004301062,대전광역시 유성구 궁동로18번길,7,,3020012200103950014011210,,대전광역시 유성구 궁동로18번길 7,305335,34137,,1,,127.34778125841,36.3629084642387,cnu
MA010120220806916979,미애부,궁동점,G2,소매,G215,의약·화장품 소매,G21503,화장품 소매업,G47813,"화장품, 비누 및 방향제 소매업",30,대전광역시,30200,유성구,30200540,온천2동,3020012200,궁동,3020012200103950014,1,대지,395,14,대전광역시 유성구 궁동 395-14,302004301062,대전광역시 유성구 궁동로18번길,7,,3020012200103950014011210,,대전광역시 유성구 궁동로18번길 7,305335,34137,,4,,127.34778125841,36.3629084642387,cnu
MA0101202309A0010101,공차대전,충남대점,I2,음식,I212,비알코올 ,I21201,카페,I56229,기타 비알코올 음료점업,30,대전광역시,30200,유성구,30200540,온천2동,3020012200,궁동,3020012200104130003,1,대지,413,3,대전광역시 유성구 궁동 413-3,302004301062,대전광역시 유성구 궁동로18번길,8,,3020012200104130003011074,,대전광역시 유성구 궁동로18번길 8,305335,34137,,1,,127.347791397919,36.3626831412067,cnu
MA010120220809643583,고씨네충남대,본점,I2,음식,I205,동남아시아,I20501,베트남식 전문,I56129,기타 외국식 음식점업,30,대전광역시,30200,유성구,30200540,온천2동,3020012200,궁동,3020012200104130003,1,대지,413,3,대전광역시 유성구 궁동 413-3,302004301062,대전광역시 유성구 궁동로18번길,8,,3020012200104130003011074,,대전광역시 유성구 궁동로18번길 8,305335,34137,,2,,127.347791397919,36.3626831412067,cnu
MA010120220810799521,명성문화사,,N1,시설관리·임대,N107,사무 지원,N10703,복사업,N75912,복사업,30,대전광역시,30200,유성구,30200540,온천2동,3020012200,궁동,3020012200104130003,1,대지,413,3,대전광역시 유성구 궁동 413-3,302004301062,대전광역시 유성구 궁동로18번길,8,,3020012200104130003011074,,대전광역시 유성구 궁동로18번길 8,305335,34137,,1,,127.347791397919,36.3626831412067,cnu
MA0106202605A0913909,홀리앤졸리,충남대점,I2,음식,I201,한식,I20101,백반/한정식,I56111,한식 일반 음식점업,30,대전광역시,30200,유성구,30200540,온천2동,3020012200,궁동,3020012200104160002,1,대지,416,2,대전광역시 유성구 궁동 416-2,302004301060,대전광역시 유성구 궁동로10번길,8,,3020012200104160002009190,,대전광역시 유성구 궁동로10번길 8,305335,34137,,,,127.347855201658,36.3619980631216,cnu
MA010120220805053447,리미기획,,M1,과학·기술,M107,본사·경영 컨설팅,M10703,경영 컨설팅업,M71531,경영 컨설팅업,30,대전광역시,30200,유성구,30200540,온천2동,3020012200,궁동,3020012200104940002,1,대지,494,2,대전광역시 유성구 궁동 494-2,302004301140,대전광역시 유성구 대학로76번길,59,8,3020012200104940002016187,,대전광역시 유성구 대학로76번길 59-8,305335,34183,,1,,127.347870346358,36.3603939287571,cnu
MA0101202305A0138744,네일꼬르소,,S2,수리·개인,S207,이용·미용,S20703,네일숍,S96119,기타 미용업,30,대전광역시,30200,유성구,30200540,온천2동,3020012200,궁동,3020012200104160005,1,대지,416,5,대전광역시 유성구 궁동 416-5,302004301063,대전광역시 유성구 궁동로2번길,9,1,3020012200104160005011598,THE퍼스트빌,대전광역시 유성구 궁동로2번길 9-1,305335,34137,,1,,127.347875921189,36.3616465448536,cnu
MA010120220807017443,밀플랜비,,I2,음식,I210,기타 간이,I21005,토스트/샌드위치/샐러드,I56192,"피자, 햄버거, 샌드위치 및 유사 음식점업",30,대전광역시,30200,유성구,30200540,온천2동,3020012200,궁동,3020012200104160005,1,대지,416,5,대전광역시 유성구 궁동 416-5,302004301063,대전광역시 유성구 궁동로2번길,9,1,3020012200104160005011598,,대전광역시 유성구 궁동로2번길 9-1,305335,34137,,1,,127.347875921189,36.3616465448536,cnu
MA010120220807405191,아수까,,P1,교육,P106,기타 교육,P10605,레크리에이션 교육기관,P85613,레크리에이션 교육기관,30,대전광역시,30200,유성구,30200540,온천2동,3020012200,궁동,3020012200104180002,1,대지,418,2,대전광역시 유성구 궁동 418-2,302003167083,대전광역시 유성구 대학로,127,1,3020012200104180002009264,,대전광역시 유성구 대학로 127-1,305335,34137,,1,,127.3478861004,36.3614302333943,cnu
MA010120220806170762,충대문화사,,M1,과학·기술,M114,인쇄·제품제작,M11401,명함/간판/광고물 제작,C18111,경 인쇄업,30,대전광역시,30200,유성구,30200540,온천2동,3020012200,궁동,3020012200104180002,1,대지,418,2,대전광역시 유성구 궁동 418-2,302003167083,대전광역시 유성구 대학로,127,1,3020012200104180002009264,,대전광역시 유성구 대학로 127-1,305335,34137,,,,127.3478861004,36.3614302333943,cnu
MA0101202503A0033714,한솥도시락충남대,후문점,I2,음식,I201,한식,I20101,백반/한정식,I56111,한식 일반 음식점업,30,대전광역시,30200,유성구,30200540,온천2동,3020012200,궁동,3020012200103950013,1,대지,395,13,대전광역시 유성구 궁동 395-13,302004301062,대전광역시 유성구 궁동로18번길,9,,3020012200103950013011208,,대전광역시 유성구 궁동로18번길 9,305335,34137,,,,127.347914962496,36.3629080749817,cnu
MA010120220807834860,써브웨이대전,궁동점,I2,음식,I210,기타 간이,I21003,피자,I56192,"피자, 햄버거, 샌드위치 및 유사 음식점업",30,대전광역시,30200,유성구,30200540,온천2동,3020012200,궁동,3020012200104130004,1,대지,413,4,대전광역시 유성구 궁동 413-4,302004301062,대전광역시 유성구 궁동로18번길,10,,3020012200104130004009466,,대전광역시 유성구 궁동로18번길 10,305335,34137,,1,,127.347925061505,36.3626737403163,cnu
MA0101202504A0085265,매드버거,,I2,음식,I210,기타 간이,I21004,버거,I56123,서양식 음식점업,30,대전광역시,30200,유성구,30200540,온천2동,3020012200,궁동,3020012200104130004,1,대지,413,4,대전광역시 유성구 궁동 413-4,302004301062,대전광역시 유성구 궁동로18번길,10,,3020012200104130004009466,,대전광역시 유성구 궁동로18번길 10,305335,34137,,1,,127.347925061505,36.3626737403163,cnu
MA010120220812095270,유성동태탕,,I2,음식,I201,한식,I20102,국/탕/찌개류,I56111,한식 일반 음식점업,30,대전광역시,30200,유성구,30200530,온천1동,3020011100,봉명동,3020011100106400003,1,대지,640,3,대전광역시 유성구 봉명동 640-3,302003167023,대전광역시 유성구 문화원로,109,,3020011100106400003000001,하이랜드2차,대전광역시 유성구 문화원로 109,305301,34184,,,,127.347930978924,36.3589969316855,cnu
MA010120220813777047,이삭토스트,충남대점,I2,음식,I210,기타 간이,I21005,토스트/샌드위치/샐러드,I56192,"피자, 햄버거, 샌드위치 및 유사 음식점업",30,대전광역시,30200,유성구,30200540,온천2동,3020012200,궁동,3020012200104130005,1,대지,413,5,대전광역시 유성구 궁동 413-5,302004301062,대전광역시 유성구 궁동로18번길,12,,3020012200104130005011075,,대전광역시 유성구 궁동로18번길 12,305335,34137,,,,127.348047663343,36.3626823949815,cnu
MA010120220806230275,봉구스밥버거,,I2,음식,I210,기타 간이,I21007,김밥/만두/분식,I56194,김밥 및 기타 간이 음식점업,30,대전광역시,30200,유성구,30200540,온천2동,3020012200,궁동,3020012200104130005,1,대지,413,5,대전광역시 유성구 궁동 413-5,302004301062,대전광역시 유성구 궁동로18번길,12,,3020012200104130005011075,,대전광역시 유성구 궁동로18번길 12,305335,34137,,1,,127.348047663343,36.3626823949815,cnu
MA0101202510A0009098,청량마라,충남대점,I2,음식,I202,중식,I20202,마라탕/훠궈,I56121,중식 음식점업,30,대전광역시,30200,유성구,30200540,온천2동,3020012200,궁동,3020012200103950012,1,대지,395,12,대전광역시 유성구 궁동 395-12,302004301062,대전광역시 유성구 궁동로18번길,11,,3020012200103950012011209,,대전광역시 유성구 궁동로18번길 11,305335,34137,,1,,127.34804866658,36.3629076855751,cnu
MA0101202406A0081804,스윗니스커피,,I2,음식,I212,비알코올 ,I21201,카페,I56221,커피 전문점,30,대전광역시,30200,유성구,30200540,온천2동,3020012200,궁동,3020012200104170001,1,대지,417,1,대전광역시 유성구 궁동 417-1,302004301063,대전광역시 유성구 궁동로2번길,9,10,3020012200104170001010216,,대전광역시 유성구 궁동로2번길 9-10,305335,34137,,,,127.348111464834,36.3619973167716,cnu
MA010120220806234830,충대제일공인중개사사무소,,L1,부동산,L102,부동산 서비스,L10203,부동산 중개/대리업,L68221,부동산 중개 및 대리업,30,대전광역시,30200,유성구,30200540,온천2동,3020012200,궁동,3020012200104170001,1,대지,417,1,대전광역시 유성구 궁동 417-1,302004301063,대전광역시 유성구 궁동로2번길,9,10,3020012200104170001010216,,대전광역시 유성구 궁동로2번길 9-10,305335,34137,,,,127.348111464834,36.3619973167716,cnu
MA010120220806221641,유성행복공인중개사사무소,,L1,부동산,L102,부동산 서비스,L10203,부동산 중개/대리업,L68221,부동산 중개 및 대리업,30,대전광역시,30200,유성구,30200540,온천2동,3020012200,궁동,3020012200104170007,1,대지,417,7,대전광역시 유성구 궁동 417-7,302004301063,대전광역시 유성구 궁동로2번길,9,2,3020012200104170007011715,,대전광역시 유성구 궁동로2번길 9-2,305335,34137,,1,,127.348120559752,36.3615376914226,cnu
MA010120220803139452,글로리데이즈,,I2,음식,I212,비알코올 ,I21201,카페,I56221,커피 전문점,30,대전광역시,30200,유성구,30200540,온천2동,3020012200,궁동,3020012200104180003,1,대지,418,3,대전광역시 유성구 궁동 418-3,302003167083,대전광역시 유성구 대학로,129,,3020012200104180003011104,,대전광역시 유성구 대학로 129,305335,34137,,1,,127.348130738275,36.3613213799421,cnu
MA0101202406A0440785,노모어피자,유성점,I2,음식,I210,기타 간이,I21003,피자,I56192,"피자, 햄버거, 샌드위치 및 유사 음식점업",30,대전광역시,30200,유성구,30200540,온천2동,3020012200,궁동,3020012200104130006,1,대지,413,6,대전광역시 유성구 궁동 413-6,302004301062,대전광역시 유성구 궁동로18번길,14,,3020012200104130006011069,,대전광역시 유성구 궁동로18번길 14,305335,34137,,1,,127.348181407183,36.3626910170522,cnu
MA010120220808677036,잠시다락,,G2,소매,G218,장식품 소매,G21802,기념품점,G47842,"기념품, 관광 민예품 및 장식용품 소매업",30,대전광역시,30200,유성구,30200540,온천2동,3020012200,궁동,3020012200104130006,1,대지,413,6,대전광역시 유성구 궁동 413-6,302004301062,대전광역시 유성구 궁동로18번길,14,,3020012200104130006011069,,대전광역시 유성구 궁동로18번길 14,305335,34137,,2,,127.348181407183,36.3626910170522,cnu
MA010120220808558003,헤어블라썸,,S2,수리·개인,S207,이용·미용,S20701,미용실,S96112,두발 미용업,30,대전광역시,30200,유성구,30200540,온천2동,3020012200,궁동,3020012200103950011,1,대지,395,11,대전광역시 유성구 궁동 395-11,302004301062,대전광역시 유성구 궁동로18번길,13,,3020012200103950011011207,,대전광역시 유성구 궁동로18번길 13,305335,34137,,1,,127.348182410806,36.3629163076423,cnu
MA0101202502A0102111,해송엔에스산카쿠,충남대점,I2,음식,I201,한식,I20101,백반/한정식,I56111,한식 일반 음식점업,30,대전광역시,30200,유성구,30200540,온천2동,3020012200,궁동,3020012200103950011,1,대지,395,11,대전광역시 유성구 궁동 395-11,302004301062,대전광역시 유성구 궁동로18번길,13,,3020012200103950011011207,,대전광역시 유성구 궁동로18번길 13,305335,34137,,,,127.348182410806,36.3629163076423,cnu
MA0101202501A0006027,술타박스,,I2,음식,I201,한식,I20101,백반/한정식,I56111,한식 일반 음식점업,30,대전광역시,30200,유성구,30200540,온천2동,3020012200,궁동,3020012200103950011,1,대지,395,11,대전광역시 유성구 궁동 395-11,302004301062,대전광역시 유성구 궁동로18번길,13,,3020012200103950011011207,,대전광역시 유성구 궁동로18번길 13,305335,34137,,1,,127.348182410806,36.3629163076423,cnu
MA010120220806201995,동하산업,,G2,소매,G210,철물·건설자재 소매,G21099,기타 건설/건축자재 소매업,G47519,"페인트, 창호 및 기타 건설자재 소매업",30,대전광역시,30200,유성구,30200540,온천2동,3020012200,궁동,3020012200103950007,1,대지,395,7,대전광역시 유성구 궁동 395-7,302003167013,대전광역시 유성구 궁동로,28,,3020012200103950007010978,,대전광역시 유성구 궁동로 28,305335,34137,,,,127.348183294003,36.3631145633545,cnu
MA010120220800013198,동해원,,I2,음식,I202,중식,I20201,중국집,I56121,중식 음식점업,30,대전광역시,30200,유성구,30200540,온천2동,3020012200,궁동,3020012200104140005,1,대지,414,5,대전광역시 유성구 궁동 414-5,302004301061,대전광역시 유성구 궁동로14번길,14,,3020012200104140005011081,,대전광역시 유성구 궁동로14번길 14,305335,34137,,,,127.348190943335,36.3623305196213,cnu
MA010120220811762728,유성닭발,봉명점,I2,음식,I201,한식,I20110,닭/오리고기 구이/찜,I56113,한식 육류 요리 전문점,30,대전광역시,30200,유성구,30200530,온천1동,3020011100,봉명동,3020011100106400004,1,대지,640,4,대전광역시 유성구 봉명동 640-4,302003167023,대전광역시 유성구 문화원로,111,,3020011100106400004000001,스카이뷰리버,대전광역시 유성구 문화원로 111,305301,34184,,1,,127.348243180383,36.3590500926547,cnu
MA010120220803115489,한빛씨앤씨,,G2,소매,G208,가전·통신 소매,G20801,컴퓨터/소프트웨어 소매업,G47311,"컴퓨터 및 주변장치, 소프트웨어 소매업",30,대전광역시,30200,유성구,30200540,온천2동,3020012200,궁동,3020012200104180005,1,대지,418,5,대전광역시 유성구 궁동 418-5,302003167083,대전광역시 유성구 대학로,131,,3020012200104180005011140,,대전광역시 유성구 대학로 131,305335,34137,,,,127.348264319184,36.3612939554312,cnu
MA010120220808238699,씨멘트,충남대점,I2,음식,I204,서양식,I20401,경양식,I56123,서양식 음식점업,30,대전광역시,30200,유성구,30200540,온천2동,3020012200,궁동,3020012200104180005,1,대지,418,5,대전광역시 유성구 궁동 418-5,302003167083,대전광역시 유성구 대학로,131,,3020012200104180005011140,,대전광역시 유성구 대학로 131,305335,34137,,,,127.348264319184,36.3612939554312,cnu
MA010120220812370704,또부리또,,I2,음식,I204,서양식,I20499,기타 서양식 음식점,I56194,김밥 및 기타 간이 음식점업,30,대전광역시,30200,유성구,30200540,온천2동,3020012200,궁동,3020012200103950008,1,대지,395,8,대전광역시 유성구 궁동 395-8,302003167013,대전광역시 유성구 궁동로,30,,3020012200103950008011066,,대전광역시 유성구 궁동로 30,305335,34137,,1,,127.348316998436,36.3631141736457,cnu
MA010120220806378233,프린트카페,충남대점,N1,시설관리·임대,N107,사무 지원,N10703,복사업,N75912,복사업,30,대전광역시,30200,유성구,30200540,온천2동,3020012200,궁동,3020012200103950010,1,대지,395,10,대전광역시 유성구 궁동 395-10,302004301062,대전광역시 유성구 궁동로18번길,17,,3020012200103950010011200,,대전광역시 유성구 궁동로18번길 17,305335,34137,,1,,127.348371905272,36.3629337787611,cnu
MA010120220805910621,이마트24대전,유성점,G2,소매,G204,종합 소매,G20405,편의점,G47122,체인화 편의점,30,대전광역시,30200,유성구,30200540,온천2동,3020012200,궁동,3020012200103950010,1,대지,395,10,대전광역시 유성구 궁동 395-10,302004301062,대전광역시 유성구 궁동로18번길,17,,3020012200103950010011200,,대전광역시 유성구 궁동로18번길 17,305335,34137,,1,,127.348371905272,36.3629337787611,cnu
MA010120220805910641,로데오휘트니스,,R1,예술·스포츠,R103,스포츠 서비스,R10307,헬스장,R91132,체력 단련시설 운영업,30,대전광역시,30200,유성구,30200540,온천2동,3020012200,궁동,3020012200103950010,1,대지,395,10,대전광역시 유성구 궁동 395-10,302004301062,대전광역시 유성구 궁동로18번길,17,,3020012200103950010011200,,대전광역시 유성구 궁동로18번길 17,305335,34137,,,,127.348371905272,36.3629337787611,cnu
MA0101202311A0085767,한국기획,,M1,과학·기술,M114,인쇄·제품제작,M11401,명함/간판/광고물 제작,C18111,경 인쇄업,30,대전광역시,30200,유성구,30200540,온천2동,3020012200,궁동,3020012200104180006,1,대지,418,6,대전광역시 유성구 궁동 418-6,302003167083,대전광역시 유성구 대학로,133,,3020012200104180006010353,,대전광역시 유성구 대학로 133,305335,34137,,,,127.348408921265,36.3612394634056,cnu
MA0101202604A0048872,페이딩,,G2,소매,G209,섬유·의복·신발 소매,G20905,기타 의류 소매업,G47414,셔츠 및 블라우스 소매업,30,대전광역시,30200,유성구,30200540,온천2동,3020012200,궁동,3020012200104180006,1,대지,418,6,대전광역시 유성구 궁동 418-6,302003167083,대전광역시 유성구 대학로,133,,3020012200104180006010353,조은빌,대전광역시 유성구 대학로 133,305335,34137,,3,,127.348408921265,36.3612394634056,cnu
MA0101202510A0012035,테마라면,,I2,음식,I210,기타 간이,I21007,김밥/만두/분식,I56112,한식 면 요리 전문점,30,대전광역시,30200,유성구,30200540,온천2동,3020012200,궁동,3020012200103950009,1,대지,395,9,대전광역시 유성구 궁동 395-9,302004301062,대전광역시 유성구 궁동로18번길,21,7,3020012200103950009010971,테마빌딩,대전광역시 유성구 궁동로18번길 21-7,305335,34137,,1,,127.348450743043,36.3631227954101,cnu
MA010120220806219708,카이로스,,I2,음식,I212,비알코올 ,I21201,카페,I56221,커피 전문점,30,대전광역시,30200,유성구,30200540,온천2동,3020012200,궁동,3020012200104140007,1,대지,414,7,대전광역시 유성구 궁동 414-7,302004301061,대전광역시 유성구 궁동로14번길,22,,3020012200104140007011077,,대전광역시 유성구 궁동로14번길 22,305335,34137,,,,127.348536383168,36.362338524188,cnu
MA0101202307A0092591,커피하우스혜,,I2,음식,I212,비알코올 ,I21201,카페,I56221,커피 전문점,30,대전광역시,30200,유성구,30200540,온천2동,3020012200,궁동,3020012200104970001,1,대지,497,1,대전광역시 유성구 궁동 497-1,302004301140,대전광역시 유성구 대학로76번길,77,8,3020012200104970001000001,,대전광역시 유성구 대학로76번길 77-8,305335,34183,,1,,127.348593227264,36.3600944343833,cnu
MA0101202211A0000485,보루보루타코,,I2,음식,I204,서양식,I20499,기타 서양식 음식점,I56194,김밥 및 기타 간이 음식점업,30,대전광역시,30200,유성구,30200540,온천2동,3020012200,궁동,3020012200104180008,1,대지,418,8,대전광역시 유성구 궁동 418-8,302003167083,대전광역시 유성구 대학로,135,1,3020012200104180008010737,,대전광역시 유성구 대학로 135-1,305335,34137,,1,,127.348664820155,36.3611576112513,cnu
MA0101202509A0008511,카키스클럽,,I2,음식,I204,서양식,I20401,경양식,I56123,서양식 음식점업,30,대전광역시,30200,유성구,30200540,온천2동,3020012200,궁동,3020012200104180008,1,대지,418,8,대전광역시 유성구 궁동 418-8,302003167083,대전광역시 유성구 대학로,135,1,3020012200104180008010737,,대전광역시 유성구 대학로 135-1,305335,34137,,1,,127.348664820155,36.3611576112513,cnu
MA010120220806774492,프레이헤어,,S2,수리·개인,S207,이용·미용,S20701,미용실,S96112,두발 미용업,30,대전광역시,30200,유성구,30200540,온천2동,3020012200,궁동,3020012200104180008,1,대지,418,8,대전광역시 유성구 궁동 418-8,302003167083,대전광역시 유성구 대학로,135,1,3020012200104180008010737,,대전광역시 유성구 대학로 135-1,305335,34137,,1,,127.348664820155,36.3611576112513,cnu
MA010120220806506720,세븐일레븐,대전충대타운점,G2,소매,G204,종합 소매,G20405,편의점,G47122,체인화 편의점,30,대전광역시,30200,유성구,30200540,온천2동,3020012200,궁동,3020012200104190004,1,대지,419,4,대전광역시 유성구 궁동 419-4,302004301130,대전광역시 유성구 대학로137번길,17,,3020012200104190004011676,,대전광역시 유성구 대학로137번길 17,305335,34137,,1,,127.348700979204,36.3617703042167,cnu
MA0101202508A0012364,골목짜장,,I2,음식,I202,중식,I20201,중국집,I56112,한식 면 요리 전문점,30,대전광역시,30200,유성구,30200540,온천2동,3020012200,궁동,3020012200104190002,1,대지,419,2,대전광역시 유성구 궁동 419-2,302004301130,대전광역시 유성구 대학로137번길,21,,3020012200104190002009186,,대전광역시 유성구 대학로137번길 21,305335,34137,,1,,127.34870198429,36.3619955948291,cnu
MA0101202306A0034955,엑스트라커피,,I2,음식,I212,비알코올 ,I21201,카페,I56221,커피 전문점,30,대전광역시,30200,유성구,30200540,온천2동,3020012200,궁동,3020012200103960006,1,대지,396,6,대전광역시 유성구 궁동 396-6,302004301062,대전광역시 유성구 궁동로18번길,21,,3020012200103960006008608,,대전광역시 유성구 궁동로18번길 21,305335,34137,,1,,127.348705924338,36.3628787339474,cnu
MA010120220806245017,이슬시스템유,,G2,소매,G208,가전·통신 소매,G20802,핸드폰 소매업,G47312,통신기기 소매업,30,대전광역시,30200,유성구,30200540,온천2동,3020012200,궁동,3020012200103960006,1,대지,396,6,대전광역시 유성구 궁동 396-6,302004301062,대전광역시 유성구 궁동로18번길,21,,3020012200103960006008608,,대전광역시 유성구 궁동로18번길 21,305335,34137,,1,,127.348705924338,36.3628787339474,cnu
MA0101202512A0042339,돈카춘,충남대점,I2,음식,I203,일식,I20302,일식 카레/돈가스/덮밥,I56122,일식 음식점업,30,대전광역시,30200,유성구,30200540,온천2동,3020012200,궁동,3020012200103960006,1,대지,396,6,대전광역시 유성구 궁동 396-6,302004301062,대전광역시 유성구 궁동로18번길,21,,3020012200103960006008608,,대전광역시 유성구 궁동로18번길 21,305335,34137,,,,127.348705924338,36.3628787339474,cnu
MA0101202507A0019330,제로스토어,궁동점,G2,소매,G204,종합 소매,G20404,슈퍼마켓,G47129,기타 음ㆍ식료품 위주 종합 소매업,30,대전광역시,30200,유성구,30200540,온천2동,3020012200,궁동,3020012200103960006,1,대지,396,6,대전광역시 유성구 궁동 396-6,302004301062,대전광역시 유성구 궁동로18번길,21,,3020012200103960006008608,,대전광역시 유성구 궁동로18번길 21,305335,34137,,,,127.348705924338,36.3628787339474,cnu
MA010120220811850197,명동만두,,I2,음식,I210,기타 간이,I21007,김밥/만두/분식,I56194,김밥 및 기타 간이 음식점업,30,대전광역시,30200,유성구,30200540,온천2동,3020012200,궁동,3020012200104190006,1,대지,419,6,대전광역시 유성구 궁동 419-6,302004301130,대전광역시 유성구 대학로137번길,11,,3020012200104190006011708,,대전광역시 유성구 대학로137번길 11,305335,34137,,1,,127.348711156144,36.3615539927038,cnu
MA010120220806234976,어썸,,I2,음식,I201,한식,I20101,백반/한정식,I56111,한식 일반 음식점업,30,대전광역시,30200,유성구,30200540,온천2동,3020012200,궁동,3020012200104140009,1,대지,414,9,대전광역시 유성구 궁동 414-9,302004301060,대전광역시 유성구 궁동로10번길,23,,3020012200104140009011459,,대전광역시 유성구 궁동로10번길 23,305335,34137,,,,127.34871393027,36.3621757947952,cnu
MA010120220812789794,라드커피,8호점,I2,음식,I212,비알코올 ,I21201,카페,I56221,커피 전문점,30,대전광역시,30200,유성구,30200540,온천2동,3020012200,궁동,3020012200104140008,1,대지,414,8,대전광역시 유성구 궁동 414-8,302004301061,대전광역시 유성구 궁동로14번길,26,,3020012200104140008011316,,대전광역시 유성구 궁동로14번길 26,305335,34137,,,,127.348714613763,36.3623289924019,cnu
MA0101202209A0022551,한눈에공인중개사사무소,,L1,부동산,L102,부동산 서비스,L10203,부동산 중개/대리업,L68221,부동산 중개 및 대리업,30,대전광역시,30200,유성구,30200540,온천2동,3020012200,궁동,3020012200104230001,1,대지,423,1,대전광역시 유성구 궁동 423-1,302003167083,대전광역시 유성구 대학로,137,,3020012200104230001011818,,대전광역시 유성구 대학로 137,305335,34137,,1,,127.348909496308,36.3610577678357,cnu
MA010120220800840748,더머딘,충남대점,G2,소매,G209,섬유·의복·신발 소매,G20901,남성 의류 소매업,G47411,남자용 겉옷 소매업,30,대전광역시,30200,유성구,30200540,온천2동,3020012200,궁동,3020012200104230001,1,대지,423,1,대전광역시 유성구 궁동 423-1,302003167083,대전광역시 유성구 대학로,137,,3020012200104230001011818,,대전광역시 유성구 대학로 137,305335,34137,,1,,127.34890957676,36.3610757910868,cnu
MA010120220813294890,에덴문화사,,M1,과학·기술,M114,인쇄·제품제작,M11401,명함/간판/광고물 제작,C18111,경 인쇄업,30,대전광역시,30200,유성구,30200540,온천2동,3020012200,궁동,3020012200104230001,1,대지,423,1,대전광역시 유성구 궁동 423-1,302003167083,대전광역시 유성구 대학로,137,,3020012200104230001011818,,대전광역시 유성구 대학로 137,305335,34137,,1,,127.34890957676,36.3610757910868,cnu
MA010120220806175995,성문고시원,,I1,숙박,I102,기타 숙박,I10201,기숙사/고시원,I55901,기숙사 및 고시원 운영업,30,대전광역시,30200,유성구,30200540,온천2동,3020012200,궁동,3020012200104230001,1,대지,423,1,대전광역시 유성구 궁동 423-1,302003167083,대전광역시 유성구 대학로,137,,3020012200104230001011818,,대전광역시 유성구 대학로 137,305335,34137,,,,127.34890957676,36.3610757910868,cnu
MA010120220802683577,쵸피,,I2,음식,I204,서양식,I20401,경양식,I56123,서양식 음식점업,30,대전광역시,30200,유성구,30200540,온천2동,3020012200,궁동,3020012200104120010,1,대지,412,10,대전광역시 유성구 궁동 412-10,302004301130,대전광역시 유성구 대학로137번길,18,,3020012200104120010011648,,대전광역시 유성구 대학로137번길 18,305335,34137,,1,,127.348968584624,36.3618145816375,cnu
MA0101202508A0037074,공주칼국수쭈꾸미구이유성,본점,I2,음식,I201,한식,I20101,백반/한정식,I56111,한식 일반 음식점업,30,대전광역시,30200,유성구,30200540,온천2동,3020012200,궁동,3020012200104120015,1,대지,412,15,대전광역시 유성구 궁동 412-15,302004301130,대전광역시 유성구 대학로137번길,30,,3020012200104120015010463,,대전광역시 유성구 대학로137번길 30,305335,34137,,2,,127.348971360824,36.3624363836846,cnu
MA0101202307A0005911,면식당,,I2,음식,I203,일식,I20301,일식 회/초밥,I56122,일식 음식점업,30,대전광역시,30200,유성구,30200540,온천2동,3020012200,궁동,3020012200104120016,1,대지,412,16,대전광역시 유성구 궁동 412-16,302004301130,대전광역시 유성구 대학로137번길,32,,3020012200104120016011377,,대전광역시 유성구 대학로137번길 32,305335,34137,,,,127.348971924121,36.3625625464109,cnu
MA010120220804687548,김승년경영컨설팅사무소,,M1,과학·기술,M107,본사·경영 컨설팅,M10703,경영 컨설팅업,M71531,경영 컨설팅업,30,대전광역시,30200,유성구,30200540,온천2동,3020012200,궁동,3020012200104200007,1,대지,420,7,대전광역시 유성구 궁동 420-7,302004301130,대전광역시 유성구 대학로137번길,6,,3020012200104200007010354,,대전광역시 유성구 대학로137번길 6,305335,34137,,,,127.34897731238,36.3612738516108,cnu
MA010120220806220243,투맨당구장,,R1,예술·스포츠,R103,스포츠 서비스,R10310,당구장,R91135,당구장 운영업,30,대전광역시,30200,유성구,30200540,온천2동,3020012200,궁동,3020012200104200008,1,대지,420,8,대전광역시 유성구 궁동 420-8,302004301130,대전광역시 유성구 대학로137번길,10,,3020012200104200008010455,,대전광역시 유성구 대학로137번길 10,305335,34137,,,,127.348977875663,36.3614000143615,cnu
MA010120220803921671,해피치즈스마일,충남대점,I2,음식,I210,기타 간이,I21007,김밥/만두/분식,I56194,김밥 및 기타 간이 음식점업,30,대전광역시,30200,유성구,30200540,온천2동,3020012200,궁동,3020012200104200009,1,대지,420,9,대전광역시 유성구 궁동 420-9,302004301130,대전광역시 유성구 대학로137번길,12,,3020012200104200009010346,,대전광역시 유성구 대학로137번길 12,305335,34137,,1,,127.348978358479,36.3615081538601,cnu
MA010120220800292360,투핸즈업버거,,I2,음식,I210,기타 간이,I21004,버거,I56192,"피자, 햄버거, 샌드위치 및 유사 음식점업",30,대전광역시,30200,유성구,30200540,온천2동,3020012200,궁동,3020012200104120011,1,대지,412,11,대전광역시 유성구 궁동 412-11,302004301130,대전광역시 유성구 대학로137번길,20,,3020012200104120011011574,,대전광역시 유성구 대학로137번길 20,305335,34137,,1,,127.348980330008,36.3619497234587,cnu
MA0101202510A0024293,대설,충남대점,I2,음식,I210,기타 간이,I21007,김밥/만두/분식,I56194,김밥 및 기타 간이 음식점업,30,대전광역시,30200,유성구,30200540,온천2동,3020012200,궁동,3020012200104120001,1,대지,412,1,대전광역시 유성구 궁동 412-1,302004301062,대전광역시 유성구 궁동로18번길,30,,3020012200104120001009459,헤르메스,대전광역시 유성구 궁동로18번길 30,305335,34137,,,,127.348983669633,36.3626976882142,cnu
MA0101202305A0050040,궁동_런드리익스프레스샵,로데오점,S2,수리·개인,S209,세탁,S20901,세탁소,S96912,가정용 세탁업,30,대전광역시,30200,유성구,30200540,온천2동,3020012200,궁동,3020012200104120001,1,대지,412,1,대전광역시 유성구 궁동 412-1,302004301062,대전광역시 유성구 궁동로18번길,30,,3020012200104120001009459,헤르메스,대전광역시 유성구 궁동로18번길 30,305335,34137,,,,127.348983709871,36.3627066998371,cnu
MA010120220804834860,으뜸플러스안경원,충대점,G2,소매,G216,안경·정밀기기 소매,G21602,안경렌즈 소매업,G47822,안경 및 렌즈 소매업,30,대전광역시,30200,유성구,30200540,온천2동,3020012200,궁동,3020012200103970009,1,대지,397,9,대전광역시 유성구 궁동 397-9,302004301062,대전광역시 유성구 궁동로18번길,29,,3020012200103970009010125,,대전광역시 유성구 궁동로18번길 29,305335,34137,,1,,127.348984514618,36.362886932294,cnu
MA0101202512A0041568,태가나맨즈헤어,본점,S2,수리·개인,S207,이용·미용,S20701,미용실,S96112,두발 미용업,30,대전광역시,30200,유성구,30200540,온천2동,3020012200,궁동,3020012200103970009,1,대지,397,9,대전광역시 유성구 궁동 397-9,302004301062,대전광역시 유성구 궁동로18번길,29,,3020012200103970009010125,,대전광역시 유성구 궁동로18번길 29,305335,34137,,1,,127.348984514618,36.362886932294,cnu
MA0101202504A0114099,핵밥,충남대점,I2,음식,I201,한식,I20105,국수/칼국수,I56112,한식 면 요리 전문점,30,대전광역시,30200,유성구,30200540,온천2동,3020012200,궁동,3020012200103970009,1,대지,397,9,대전광역시 유성구 궁동 397-9,302004301062,대전광역시 유성구 궁동로18번길,29,,3020012200103970009010125,,대전광역시 유성구 궁동로18번길 29,305335,34137,,2,,127.348984514618,36.362886932294,cnu
MA010120220803175384,스카이이엔씨스카이ENC,,N1,시설관리·임대,N111,산업용품 대여,N11199,기타 산업용 기계/장비 대여업,N76390,기타 산업용 기계 및 장비 임대업,30,대전광역시,30200,유성구,30200540,온천2동,3020012200,궁동,3020012200104970006,1,대지,497,6,대전광역시 유성구 궁동 497-6,302004301140,대전광역시 유성구 대학로76번길,85,,3020012200104970006012568,학사빌라,대전광역시 유성구 대학로76번길 85,305335,34183,,1,,127.348982298307,36.3598950402617,cnu
MA0101202603A0007004,바시트,,I2,음식,I201,한식,I20101,백반/한정식,I56111,한식 일반 음식점업,30,대전광역시,30200,유성구,30200540,온천2동,3020012200,궁동,3020012200104970006,1,대지,497,6,대전광역시 유성구 궁동 497-6,302004301140,대전광역시 유성구 대학로76번길,85,,3020012200104970006012568,,대전광역시 유성구 대학로76번길 85,305335,34183,,1,,127.348982298307,36.3598950402617,cnu
MA0101202409A0218095,테테,,I2,음식,I203,일식,I20301,일식 회/초밥,I56122,일식 음식점업,30,대전광역시,30200,유성구,30200540,온천2동,3020012200,궁동,3020012200104970006,1,대지,497,6,대전광역시 유성구 궁동 497-6,302004301140,대전광역시 유성구 대학로76번길,85,,3020012200104970006012568,,대전광역시 유성구 대학로76번길 85,305335,34183,,1,,127.348982298307,36.3598950402617,cnu
MA010120220806229250,오늘은파스타,,I2,음식,I211,주점,I21104,요리 주점,I56123,서양식 음식점업,30,대전광역시,30200,유성구,30200540,온천2동,3020012200,궁동,3020012200104120014,1,대지,412,14,대전광역시 유성구 궁동 412-14,302004301130,대전광역시 유성구 대학로137번길,28,,3020012200104120014011327,,대전광역시 유성구 대학로137번길 28,305335,34137,,1,,127.348993161847,36.3623281791161,cnu
MA010120220806840960,끌리밍,,G2,소매,G209,섬유·의복·신발 소매,G20905,기타 의류 소매업,G47414,셔츠 및 블라우스 소매업,30,대전광역시,30200,유성구,30200540,온천2동,3020012200,궁동,3020012200104120009,1,대지,412,9,대전광역시 유성구 궁동 412-9,302004301131,대전광역시 유성구 대학로141번길,17,,3020012200104120009011012,,대전광역시 유성구 대학로141번길 17,305335,34137,,,,127.349146894476,36.3618230724609,cnu
MA010120220812701240,라메이즈마라탕,,I2,음식,I202,중식,I20202,마라탕/훠궈,I56121,중식 음식점업,30,대전광역시,30200,유성구,30200540,온천2동,3020012200,궁동,3020012200104120009,1,대지,412,9,대전광역시 유성구 궁동 412-9,302004301131,대전광역시 유성구 대학로141번길,17,,3020012200104120009011012,,대전광역시 유성구 대학로141번길 17,305335,34137,,,,127.349146894476,36.3618230724609,cnu
MA0101202303A0069413,베어당,,I2,음식,I212,비알코올 ,I21201,카페,I56221,커피 전문점,30,대전광역시,30200,유성구,30200540,온천2동,3020012200,궁동,3020012200104120009,1,대지,412,9,대전광역시 유성구 궁동 412-9,302004301131,대전광역시 유성구 대학로141번길,17,,3020012200104120009011012,,대전광역시 유성구 대학로141번길 17,305335,34137,,1,,127.349146894476,36.3618230724609,cnu
MA010120220804399154,충대분식,,I2,음식,I210,기타 간이,I21007,김밥/만두/분식,I56194,김밥 및 기타 간이 음식점업,30,대전광역시,30200,유성구,30200540,온천2동,3020012200,궁동,3020012200104120009,1,대지,412,9,대전광역시 유성구 궁동 412-9,302004301131,대전광역시 유성구 대학로141번길,17,,3020012200104120009011012,,대전광역시 유성구 대학로141번길 17,305335,34137,,,,127.349146894476,36.3618230724609,cnu
MA0101202303A0082903,무드식,,G2,소매,G209,섬유·의복·신발 소매,G20901,남성 의류 소매업,G47411,남자용 겉옷 소매업,30,대전광역시,30200,유성구,30200540,온천2동,3020012200,궁동,3020012200104120002,1,대지,412,2,대전광역시 유성구 궁동 412-2,302004301062,대전광역시 유성구 궁동로18번길,34,,3020012200104120002011077,,대전광역시 유성구 궁동로18번길 34,305335,34137,,,,127.349150799269,36.36269719994,cnu
MA010120220812490228,대전전자담배마켓유성,충대점,G2,소매,G207,담배 소매,G20701,담배/전자담배 소매업,G47222,담배 소매업,30,대전광역시,30200,유성구,30200540,온천2동,3020012200,궁동,3020012200104120002,1,대지,412,2,대전광역시 유성구 궁동 412-2,302004301062,대전광역시 유성구 궁동로18번길,34,,3020012200104120002011077,,대전광역시 유성구 궁동로18번길 34,305335,34137,,,,127.349161941244,36.3626971673801,cnu
MA010120220813732988,메가엠지씨커피,충남대점,I2,음식,I212,비알코올 ,I21201,카페,I56221,커피 전문점,30,대전광역시,30200,유성구,30200540,온천2동,3020012200,궁동,3020012200103970008,1,대지,397,8,대전광역시 유성구 궁동 397-8,302004301062,대전광역시 유성구 궁동로18번길,31,,3020012200103970008009431,,대전광역시 유성구 궁동로18번길 31,305335,34137,,1,,127.349162786661,36.3628864114564,cnu
MA010120220806178523,우리들의약국,,G2,소매,G215,의약·화장품 소매,G21501,약국,G47811,의약품 및 의료용품 소매업,30,대전광역시,30200,유성구,30200540,온천2동,3020012200,궁동,3020012200103970008,1,대지,397,8,대전광역시 유성구 궁동 397-8,302004301062,대전광역시 유성구 궁동로18번길,31,,3020012200103970008009431,,대전광역시 유성구 궁동로18번길 31,305335,34137,,,,127.349162786661,36.3628864114564,cnu
MA010120220802710458,포토닉스,,M1,과학·기술,M113,사진 촬영,M11301,사진촬영업,M73301,인물 사진 및 행사용 영상 촬영업,30,대전광역시,30200,유성구,30200540,온천2동,3020012200,궁동,3020012200103970008,1,대지,397,8,대전광역시 유성구 궁동 397-8,302004301062,대전광역시 유성구 궁동로18번길,31,,3020012200103970008009431,,대전광역시 유성구 궁동로18번길 31,305335,34137,,2,,127.349162786661,36.3628864114564,cnu
MA0101202603A0009247,리페어랩,,S2,수리·개인,S201,컴퓨터 수리,S20101,컴퓨터/노트북/프린터 수리업,S95110,컴퓨터 및 주변 기기 수리업,30,대전광역시,30200,유성구,30200540,온천2동,3020012200,궁동,3020012200104230003,1,대지,423,3,대전광역시 유성구 궁동 423-3,302003167083,대전광역시 유성구 대학로,141,,3020012200104230003011848,,대전광역시 유성구 대학로 141,305335,34137,,3,,127.349209960991,36.3609757843668,cnu
MA010120220806232399,바오밥나무,,I2,음식,I201,한식,I20101,백반/한정식,I56111,한식 일반 음식점업,30,대전광역시,30200,유성구,30200540,온천2동,3020012200,궁동,3020012200104230003,1,대지,423,3,대전광역시 유성구 궁동 423-3,302003167083,대전광역시 유성구 대학로,141,,3020012200104230003011848,,대전광역시 유성구 대학로 141,305335,34137,,1,,127.349209960991,36.3609757843668,cnu
MA0101202411A0015781,수라간손두부,,I2,음식,I201,한식,I20101,백반/한정식,I56111,한식 일반 음식점업,30,대전광역시,30200,유성구,30200540,온천2동,3020012200,궁동,3020012200104230004,1,대지,423,4,대전광역시 유성구 궁동 423-4,302003167083,대전광역시 유성구 대학로,143,,3020012200104230004011876,,대전광역시 유성구 대학로 143,305335,34137,,1,,127.349365824375,36.3609482934988,cnu
MA0101202506A0038618,안써르,,I2,음식,I204,서양식,I20401,경양식,I56123,서양식 음식점업,30,대전광역시,30200,유성구,30200540,온천2동,3020012200,궁동,3020012200104110010,1,대지,411,10,대전광역시 유성구 궁동 411-10,302004301131,대전광역시 유성구 대학로141번길,18,,3020012200104110010000001,,대전광역시 유성구 대학로141번길 18,305335,34137,,1,,127.349403157043,36.3618223233437,cnu
MA010120220813663515,대전변기막힘싱크대하수구막힘뚫음,,S2,수리·개인,S206,기타 가정용품 수리,S20699,그 외 기타 개인/가정용품 수리업,S95399,그 외 기타 개인 및 가정용품 수리업,30,대전광역시,30200,유성구,30200540,온천2동,3020012200,궁동,3020012200104210009,1,대지,421,9,대전광역시 유성구 궁동 421-9,302004301131,대전광역시 유성구 대학로141번길,8,,3020012200104210009010671,프라하빌,대전광역시 유성구 대학로141번길 8,305335,34137,,,,127.349412445777,36.3614077560469,cnu
MA010120220808095561,아웃닭,충남대점,I2,음식,I210,기타 간이,I21006,치킨,I56193,치킨 전문점,30,대전광역시,30200,유성구,30200540,온천2동,3020012200,궁동,3020012200104210001,1,대지,421,1,대전광역시 유성구 궁동 421-1,302004301131,대전광역시 유성구 대학로141번길,12,,3020012200104210001011596,,대전광역시 유성구 대학로141번길 12,305335,34137,,1,,127.349413573756,36.3616600815284,cnu
MA0101202305A0021373,헤이필라테스,,P1,교육,P106,기타 교육,P10603,요가/필라테스 학원,P85612,기타 스포츠 교육기관,30,대전광역시,30170,서구,30170587,월평2동,3017011300,월평동,3017011300102950000,1,대지,295,,대전광역시 서구 월평동 295,301703166062,대전광역시 서구 청사서로,12,,3017011300102950000019959,C&S빌딩,대전광역시 서구 청사서로 12,302847,35220,,2,,127.376876489984,36.3589271625381,gov
MA0101202406A0068162,한밭경양식월평,본점,I2,음식,I204,서양식,I20401,경양식,I56123,서양식 음식점업,30,대전광역시,30170,서구,30170587,월평2동,3017011300,월평동,3017011300102950000,1,대지,295,,대전광역시 서구 월평동 295,301703166062,대전광역시 서구 청사서로,12,,3017011300102950000019959,,대전광역시 서구 청사서로 12,302847,35220,,,,127.376876576878,36.3589451857397,gov
MA010120220806225962,믹스,,G2,소매,G209,섬유·의복·신발 소매,G20905,기타 의류 소매업,G47414,셔츠 및 블라우스 소매업,30,대전광역시,30170,서구,30170587,월평2동,3017011300,월평동,3017011300102950000,1,대지,295,,대전광역시 서구 월평동 295,301703166062,대전광역시 서구 청사서로,12,,3017011300102950000019959,C&S빌딩,대전광역시 서구 청사서로 12,302847,35220,,1,,127.376876576878,36.3589451857397,gov
MA010120220812701759,우마미스시,,I2,음식,I203,일식,I20301,일식 회/초밥,I56122,일식 음식점업,30,대전광역시,30170,서구,30170587,월평2동,3017011300,월평동,3017011300102950000,1,대지,295,,대전광역시 서구 월평동 295,301703166062,대전광역시 서구 청사서로,12,,3017011300102950000019959,,대전광역시 서구 청사서로 12,302847,35220,,1,,127.376876576878,36.3589451857397,gov
MA010120220806182011,월평종로약국,,G2,소매,G215,의약·화장품 소매,G21501,약국,G47811,의약품 및 의료용품 소매업,30,대전광역시,30170,서구,30170587,월평2동,3017011300,월평동,3017011300102950000,1,대지,295,,대전광역시 서구 월평동 295,301703166062,대전광역시 서구 청사서로,12,,3017011300102950000019959,,대전광역시 서구 청사서로 12,302847,35220,,,,127.376876576878,36.3589451857397,gov
MA010120220812996397,로얄스크린골프,,R1,예술·스포츠,R103,스포츠 서비스,R10311,골프 연습장,R91136,골프 연습장 운영업,30,대전광역시,30170,서구,30170587,월평2동,3017011300,월평동,3017011300102950000,1,대지,295,,대전광역시 서구 월평동 295,301703166062,대전광역시 서구 청사서로,12,,3017011300102950000019959,,대전광역시 서구 청사서로 12,302847,35220,,6,,127.376876576878,36.3589451857397,gov
MA010120220809698817,디자인알리페,,M1,과학·기술,M112,전문 디자인,M11201,인테리어 디자인업,M73201,인테리어 디자인업,30,대전광역시,30170,서구,30170587,월평2동,3017011300,월평동,3017011300102950000,1,대지,295,,대전광역시 서구 월평동 295,301703166062,대전광역시 서구 청사서로,12,,3017011300102950000019959,,대전광역시 서구 청사서로 12,302847,35220,,5,,127.376876576878,36.3589451857397,gov
MA010120220805810182,대성정보통신주,,G2,소매,G208,가전·통신 소매,G20802,핸드폰 소매업,G47312,통신기기 소매업,30,대전광역시,30170,서구,30170587,월평2동,3017011300,월평동,3017011300102950000,1,대지,295,,대전광역시 서구 월평동 295,301703166062,대전광역시 서구 청사서로,12,,3017011300102950000019959,,대전광역시 서구 청사서로 12,302847,35220,,,,127.376876576878,36.3589451857397,gov
MA0101202410A0480962,박찬민수학월평학원,,P1,교육,P105,일반 교육,P10501,입시·교과학원,P85501,일반 교과학원,30,대전광역시,30170,서구,30170587,월평2동,3017011300,월평동,3017011300102950000,1,대지,295,,대전광역시 서구 월평동 295,301703166062,대전광역시 서구 청사서로,12,,3017011300102950000019959,,대전광역시 서구 청사서로 12,302847,35220,,4,,127.376876576878,36.3589451857397,gov
MA010120220806236134,쌍둥이수육국밥,,I2,음식,I201,한식,I20102,국/탕/찌개류,I56111,한식 일반 음식점업,30,대전광역시,30170,서구,30170587,월평2동,3017011300,월평동,3017011300102970000,1,대지,297,,대전광역시 서구 월평동 297,301703166062,대전광역시 서구 청사서로,8,,3017011300102970000019478,,대전광역시 서구 청사서로 8,302847,35220,,1,,127.376885589332,36.3585035821425,gov
MA010120220811781739,앤크.,,I2,음식,I212,비알코올 ,I21201,카페,I56221,커피 전문점,30,대전광역시,30170,서구,30170587,월평2동,3017011300,월평동,3017011300102940000,1,대지,294,,대전광역시 서구 월평동 294,301703166062,대전광역시 서구 청사서로,14,,3017011300102940000019714,대성빌딩,대전광역시 서구 청사서로 14,302847,35220,,1,,127.376888674156,36.3591434058114,gov
MA010120220806197495,씨스페이시스대전,월평점,G2,소매,G204,종합 소매,G20404,슈퍼마켓,G47129,기타 음ㆍ식료품 위주 종합 소매업,30,대전광역시,30170,서구,30170587,월평2동,3017011300,월평동,3017011300102940000,1,대지,294,,대전광역시 서구 월평동 294,301703166062,대전광역시 서구 청사서로,14,,3017011300102940000019714,,대전광역시 서구 청사서로 14,302847,35220,,1,,127.376888674156,36.3591434058114,gov
MA010120220809754208,선사여성의원,,Q1,보건의료,Q102,의원,Q10207,산부인과 의원,Q86201,일반의원,30,대전광역시,30170,서구,30170587,월평2동,3017011300,월평동,3017011300102940000,1,대지,294,,대전광역시 서구 월평동 294,301703166062,대전광역시 서구 청사서로,14,,3017011300102940000019714,,대전광역시 서구 청사서로 14,302847,35220,,4,,127.376888674156,36.3591434058114,gov
MA010120220813422717,토미야,,I2,음식,I203,일식,I20301,일식 회/초밥,I56122,일식 음식점업,30,대전광역시,30170,서구,30170587,월평2동,3017011300,월평동,3017011300102940000,1,대지,294,,대전광역시 서구 월평동 294,301703166062,대전광역시 서구 청사서로,14,,3017011300102940000019714,,대전광역시 서구 청사서로 14,302847,35220,,1,,127.376888674156,36.3591434058114,gov
MA0101202511A0001860,우리동네프린트클라피24,,N1,시설관리·임대,N107,사무 지원,N10703,복사업,N75912,복사업,30,대전광역시,30170,서구,30170587,월평2동,3017011300,월평동,3017011300102940000,1,대지,294,,대전광역시 서구 월평동 294,301703166062,대전광역시 서구 청사서로,14,,3017011300102940000019714,,대전광역시 서구 청사서로 14,302847,35220,,3,,127.376888674156,36.3591434058114,gov
MA0101202410A0442789,형제당한의원,,Q1,보건의료,Q102,의원,Q10211,한의원,Q86203,한의원,30,대전광역시,30170,서구,30170587,월평2동,3017011300,월평동,3017011300102940000,1,대지,294,,대전광역시 서구 월평동 294,301703166062,대전광역시 서구 청사서로,14,,3017011300102940000019714,한도빌딩,대전광역시 서구 청사서로 14,302847,35220,,2,,127.376888674156,36.3591434058114,gov
MA0101202308A0019943,필코퍼레이션,,M1,과학·기술,M107,본사·경영 컨설팅,M10703,경영 컨설팅업,M71531,경영 컨설팅업,30,대전광역시,30170,서구,30170587,월평2동,3017011300,월평동,3017011300102930000,1,대지,293,,대전광역시 서구 월평동 293,301703166062,대전광역시 서구 청사서로,16,,3017011300102930000020192,,대전광역시 서구 청사서로 16,302847,35220,,2,,127.376889499689,36.3593146262181,gov
MA0101202406A0286838,60계대전,월평점,I2,음식,I210,기타 간이,I21006,치킨,I56193,치킨 전문점,30,대전광역시,30170,서구,30170587,월평2동,3017011300,월평동,3017011300102930000,1,대지,293,,대전광역시 서구 월평동 293,301703166062,대전광역시 서구 청사서로,16,,3017011300102930000020192,,대전광역시 서구 청사서로 16,302847,35220,,1,,127.376889499689,36.3593146262181,gov
MA010120220806233420,선사밥상,,I2,음식,I201,한식,I20101,백반/한정식,I56111,한식 일반 음식점업,30,대전광역시,30170,서구,30170587,월평2동,3017011300,월평동,3017011300102930000,1,대지,293,,대전광역시 서구 월평동 293,301703166062,대전광역시 서구 청사서로,16,,3017011300102930000020192,,대전광역시 서구 청사서로 16,302847,35220,,4,,127.376889499689,36.3593146262181,gov
MA010120220806178408,별그대식당,,I2,음식,I211,주점,I21104,요리 주점,I56219,기타 주점업,30,대전광역시,30170,서구,30170587,월평2동,3017011300,월평동,3017011300102930000,1,대지,293,,대전광역시 서구 월평동 293,301703166062,대전광역시 서구 청사서로,16,,3017011300102930000020192,,대전광역시 서구 청사서로 16,302847,35220,,,,127.376889499689,36.3593146262181,gov
MA010120220809082875,나우점핑,,R1,예술·스포츠,R103,스포츠 서비스,R10316,스쿼시/라켓볼장,R91139,그 외 기타 스포츠시설 운영업,30,대전광역시,30170,서구,30170587,월평2동,3017011300,월평동,3017011300102930000,1,대지,293,,대전광역시 서구 월평동 293,301703166062,대전광역시 서구 청사서로,16,,3017011300102930000020192,,대전광역시 서구 청사서로 16,302847,35220,,4,,127.376889499689,36.3593146262181,gov
MA0101202601A0014826,꿀맛드림푸드,,I2,음식,I210,기타 간이,I21099,그 외 기타 간이 음식점,I56199,간이 음식 포장 판매 전문점,30,대전광역시,30170,서구,30170587,월평2동,3017011300,월평동,3017011300102930000,1,대지,293,,대전광역시 서구 월평동 293,301703166062,대전광역시 서구 청사서로,16,,3017011300102930000020192,후면,대전광역시 서구 청사서로 16,302847,35220,,1,,127.376889499689,36.3593146262181,gov
MA0101202411A0168268,엘와이티영어전문학원,,P1,교육,P105,일반 교육,P10501,입시·교과학원,P85501,일반 교과학원,30,대전광역시,30170,서구,30170587,월평2동,3017011300,월평동,3017011300102930000,1,대지,293,,대전광역시 서구 월평동 293,301703166062,대전광역시 서구 청사서로,16,,3017011300102930000020192,엔케이빌딩,대전광역시 서구 청사서로 16,302847,35220,,5,,127.376889499689,36.3593146262181,gov
MA0101202501A0017089,이븐크레페,,I2,음식,I210,기타 간이,I21003,피자,I56192,"피자, 햄버거, 샌드위치 및 유사 음식점업",30,대전광역시,30170,서구,30170587,월평2동,3017011300,월평동,3017011300102930000,1,대지,293,,대전광역시 서구 월평동 293,301703166062,대전광역시 서구 청사서로,16,,3017011300102930000020192,,대전광역시 서구 청사서로 16,302847,35220,,,,127.376889499689,36.3593146262181,gov
MA010120220810192811,샤브마니아,월평점,I2,음식,I201,한식,I20101,백반/한정식,I56111,한식 일반 음식점업,30,대전광역시,30170,서구,30170587,월평2동,3017011300,월평동,3017011300102930000,1,대지,293,,대전광역시 서구 월평동 293,301703166062,대전광역시 서구 청사서로,16,,3017011300102930000020192,NK빌딩,대전광역시 서구 청사서로 16,302847,35220,,1,,127.376889499689,36.3593146262181,gov
MA010120220808782781,월평대포조개,,I2,음식,I201,한식,I20112,해산물 구이/찜,I56111,한식 일반 음식점업,30,대전광역시,30170,서구,30170587,월평2동,3017011300,월평동,3017011300102960000,1,대지,296,,대전광역시 서구 월평동 296,301703166062,대전광역시 서구 청사서로,10,,3017011300102960000020201,,대전광역시 서구 청사서로 10,302847,35220,,1,,127.376897556207,36.3586747674247,gov
MA0101202410A0478968,선사신경외과의원,,Q1,보건의료,Q102,의원,Q10202,외과 의원,Q86201,일반의원,30,대전광역시,30170,서구,30170587,월평2동,3017011300,월평동,3017011300102960000,1,대지,296,,대전광역시 서구 월평동 296,301703166062,대전광역시 서구 청사서로,10,,3017011300102960000020201,,대전광역시 서구 청사서로 10,302847,35220,,,,127.376897556207,36.3586747674247,gov
MA010120220813123486,청정이춘봉,인생치킨,I2,음식,I210,기타 간이,I21006,치킨,I56111,한식 일반 음식점업,30,대전광역시,30170,서구,30170640,둔산2동,3017011200,둔산동,3017011200109690000,1,대지,969,,대전광역시 서구 둔산동 969,301703166023,대전광역시 서구 둔지로,64,,3017011200109690000019648,,대전광역시 서구 둔지로 64,302828,35229,,2,,127.376914556439,36.3552682757785,gov
MA010120220804324413,돈치킨,갈마점,I2,음식,I210,기타 간이,I21006,치킨,I56193,치킨 전문점,30,대전광역시,30170,서구,30170640,둔산2동,3017011200,둔산동,3017011200109690000,1,대지,969,,대전광역시 서구 둔산동 969,301703166023,대전광역시 서구 둔지로,64,,3017011200109690000019648,,대전광역시 서구 둔지로 64,302828,35229,,2,,127.376914556439,36.3552682757785,gov
MA010120220806207297,둔산랜드공인중개사사무소,,L1,부동산,L102,부동산 서비스,L10203,부동산 중개/대리업,L68221,부동산 중개 및 대리업,30,대전광역시,30170,서구,30170640,둔산2동,3017011200,둔산동,3017011200109690000,1,대지,969,,대전광역시 서구 둔산동 969,301703166023,대전광역시 서구 둔지로,64,,3017011200109690000019648,,대전광역시 서구 둔지로 64,302828,35229,,1,,127.376914556439,36.3552682757785,gov
MA0101202412A0016518,오늘은새우회,둔산점,I2,음식,I201,한식,I20111,횟집,I56114,한식 해산물 요리 전문점,30,대전광역시,30170,서구,30170640,둔산2동,3017011200,둔산동,3017011200109690000,1,대지,969,,대전광역시 서구 둔산동 969,301703166023,대전광역시 서구 둔지로,64,,3017011200109690000019648,,대전광역시 서구 둔지로 64,302828,35229,,2,,127.376914556439,36.3552682757785,gov
MA010120220806224319,한판오감만족,,I2,음식,I201,한식,I20101,백반/한정식,I56111,한식 일반 음식점업,30,대전광역시,30170,서구,30170587,월평2동,3017011300,월평동,3017011300102980000,1,대지,298,,대전광역시 서구 월평동 298,301702010004,대전광역시 서구 한밭대로,701,,3017011300102980000019485,갤러리빌럭스,대전광역시 서구 한밭대로 701,302847,35220,,,,127.376928633874,36.3581880355075,gov
MA010120220812122888,태영생막창,,I2,음식,I201,한식,I20109,곱창 전골/구이,I56113,한식 육류 요리 전문점,30,대전광역시,30170,서구,30170587,월평2동,3017011300,월평동,3017011300102980000,1,대지,298,,대전광역시 서구 월평동 298,301702010004,대전광역시 서구 한밭대로,701,,3017011300102980000019485,갤러리빌럭스,대전광역시 서구 한밭대로 701,302847,35220,,,,127.376928633874,36.3581880355075,gov
MA010120220806249641,한살림대전생활협동조합월평매장,,G2,소매,G204,종합 소매,G20404,슈퍼마켓,G47129,기타 음ㆍ식료품 위주 종합 소매업,30,대전광역시,30170,서구,30170587,월평2동,3017011300,월평동,3017011300102980000,1,대지,298,,대전광역시 서구 월평동 298,301702010004,대전광역시 서구 한밭대로,701,,3017011300102980000019485,갤러리빌럭스,대전광역시 서구 한밭대로 701,302847,35220,,1,,127.376928633874,36.3581880355075,gov
MA010120220807373023,이화수,월평점,I2,음식,I201,한식,I20101,백반/한정식,I56111,한식 일반 음식점업,30,대전광역시,30170,서구,30170587,월평2동,3017011300,월평동,3017011300102980000,1,대지,298,,대전광역시 서구 월평동 298,301702010004,대전광역시 서구 한밭대로,701,,3017011300102980000019485,갤러리빌럭스,대전광역시 서구 한밭대로 701,302847,35220,,1,,127.376928633874,36.3581880355075,gov
MA010120220809947082,롤링김밥커피,,I2,음식,I210,기타 간이,I21007,김밥/만두/분식,I56194,김밥 및 기타 간이 음식점업,30,대전광역시,30170,서구,30170587,월평2동,3017011300,월평동,3017011300102980000,1,대지,298,,대전광역시 서구 월평동 298,301702010004,대전광역시 서구 한밭대로,701,,3017011300102980000019485,갤러리빌럭스,대전광역시 서구 한밭대로 701,302847,35220,,1,,127.376928633874,36.3581880355075,gov
MA0101202502A0104652,청년모바일,,G2,소매,G208,가전·통신 소매,G20802,핸드폰 소매업,G47312,통신기기 소매업,30,대전광역시,30170,서구,30170587,월평2동,3017011300,월평동,3017011300102980000,1,대지,298,,대전광역시 서구 월평동 298,301702010004,대전광역시 서구 한밭대로,701,,3017011300102980000019485,갤러리빌럭스,대전광역시 서구 한밭대로 701,302847,35220,,1,,127.376928633874,36.3581880355075,gov
MA0101202409A0072085,카인더헤어,,S2,수리·개인,S207,이용·미용,S20701,미용실,S96112,두발 미용업,30,대전광역시,30170,서구,30170587,월평2동,3017011300,월평동,3017011300102980000,1,대지,298,,대전광역시 서구 월평동 298,301702010004,대전광역시 서구 한밭대로,701,,3017011300102980000019485,갤러리빌럭스,대전광역시 서구 한밭대로 701,302847,35220,,1,,127.376928633874,36.3581880355075,gov
MA0101202408A0011658,유클리드수학전문학원,,P1,교육,P105,일반 교육,P10501,입시·교과학원,P85501,일반 교과학원,30,대전광역시,30170,서구,30170587,월평2동,3017011300,월평동,3017011300102710000,1,대지,271,,대전광역시 서구 월평동 271,301703166062,대전광역시 서구 청사서로,26,,3017011300102710000019467,미래빌딩,대전광역시 서구 청사서로 26,302847,35214,,4,,127.376949031161,36.3601074712505,gov
MA0101202406A0368416,이용기재활의학과의원,,Q1,보건의료,Q102,의원,Q10209,기타 의원,Q86201,일반의원,30,대전광역시,30170,서구,30170587,월평2동,3017011300,월평동,3017011300102710000,1,대지,271,,대전광역시 서구 월평동 271,301703166062,대전광역시 서구 청사서로,26,,3017011300102710000019467,미래빌딩,대전광역시 서구 청사서로 26,302847,35214,,,,127.376949031161,36.3601074712505,gov
MA010120220802968611,그리고썸PC방,,R1,예술·스포츠,R104,유원지·오락,R10406,PC방,R91222,컴퓨터 게임방 운영업,30,대전광역시,30170,서구,30170587,월평2동,3017011300,월평동,3017011300102710000,1,대지,271,,대전광역시 서구 월평동 271,301703166062,대전광역시 서구 청사서로,26,,3017011300102710000019467,,대전광역시 서구 청사서로 26,302847,35214,,,,127.376949031161,36.3601074712505,gov
MA010120220800301129,선사은피부과,,Q1,보건의료,Q102,의원,Q10204,피부/비뇨기과 의원,Q86201,일반의원,30,대전광역시,30170,서구,30170587,월평2동,3017011300,월평동,3017011300102710000,1,대지,271,,대전광역시 서구 월평동 271,301703166062,대전광역시 서구 청사서로,26,,3017011300102710000019467,,대전광역시 서구 청사서로 26,302847,35214,,9,,127.376949031161,36.3601074712505,gov
MA0106202201A1581327,월평에듀플렉스심리상담연구소,,S2,수리·개인,S211,기타 개인,S21105,결혼 상담 서비스업,S96994,결혼 상담 및 준비 서비스업,30,대전광역시,30170,서구,30170587,월평2동,3017011300,월평동,3017011300102710000,1,대지,271,,대전광역시 서구 월평동 271,301703166062,대전광역시 서구 청사서로,26,,3017011300102710000019467,,대전광역시 서구 청사서로 26,302847,35214,,,,127.376949031161,36.3601074712505,gov
MA010120220812163914,엠케이,,G2,소매,G213,오락용품 소매,G21301,서점,G47611,"서적, 신문 및 잡지류 소매업",30,대전광역시,30170,서구,30170587,월평2동,3017011300,월평동,3017011300102710000,1,대지,271,,대전광역시 서구 월평동 271,301703166062,대전광역시 서구 청사서로,26,,3017011300102710000019467,미래빌딩,대전광역시 서구 청사서로 26,302847,35214,,,,127.376949031161,36.3601074712505,gov
MA010120220807035998,공신의숲,,R1,예술·스포츠,R102,도서관·사적지,R10202,독서실/스터디 카페,R90212,독서실 운영업,30,대전광역시,30170,서구,30170587,월평2동,3017011300,월평동,3017011300102710000,1,대지,271,,대전광역시 서구 월평동 271,301703166062,대전광역시 서구 청사서로,26,,3017011300102710000019467,,대전광역시 서구 청사서로 26,302847,35214,,3,,127.376949031161,36.3601074712505,gov
MA010120220808691337,뉴욕5번가,,G2,소매,G209,섬유·의복·신발 소매,G20902,여성 의류 소매업,G47412,여자용 겉옷 소매업,30,대전광역시,30170,서구,30170587,월평2동,3017011300,월평동,3017011300102710000,1,대지,271,,대전광역시 서구 월평동 271,301703166062,대전광역시 서구 청사서로,26,,3017011300102710000019467,,대전광역시 서구 청사서로 26,302847,35214,,1,,127.376949031161,36.3601074712505,gov
MA010120220805311163,요가이즈필라테스,월평점,P1,교육,P106,기타 교육,P10603,요가/필라테스 학원,P85612,기타 스포츠 교육기관,30,대전광역시,30170,서구,30170587,월평2동,3017011300,월평동,3017011300102710000,1,대지,271,,대전광역시 서구 월평동 271,301703166062,대전광역시 서구 청사서로,26,,3017011300102710000019467,,대전광역시 서구 청사서로 26,302847,35214,,8,,127.376949031161,36.3601074712505,gov
MA010120220802665543,수상해수학학원,,P1,교육,P105,일반 교육,P10501,입시·교과학원,P85501,일반 교과학원,30,대전광역시,30170,서구,30170587,월평2동,3017011300,월평동,3017011300102710000,1,대지,271,,대전광역시 서구 월평동 271,301703166062,대전광역시 서구 청사서로,26,,3017011300102710000019467,,대전광역시 서구 청사서로 26,302847,35214,,5,,127.376949031161,36.3601074712505,gov
MA010120220814147265,선사일등약국,,G2,소매,G215,의약·화장품 소매,G21501,약국,G47811,의약품 및 의료용품 소매업,30,대전광역시,30170,서구,30170587,월평2동,3017011300,월평동,3017011300102710000,1,대지,271,,대전광역시 서구 월평동 271,301703166062,대전광역시 서구 청사서로,26,,3017011300102710000019467,,대전광역시 서구 청사서로 26,302847,35214,,1,,127.376949031161,36.3601074712505,gov
MA0101202503A0035662,드림,,N1,시설관리·임대,N101,시설관리,N10101,사업시설 유지·관리 서비스업,N74100,사업시설 유지ㆍ관리 서비스업,30,대전광역시,30170,서구,30170587,월평2동,3017011300,월평동,3017011300102710000,1,대지,271,,대전광역시 서구 월평동 271,301703166062,대전광역시 서구 청사서로,26,,3017011300102710000019467,,대전광역시 서구 청사서로 26,302847,35214,,1,,127.376949031161,36.3601074712505,gov
MA0101202502A0065262,둔산아이비학원,,P1,교육,P105,일반 교육,P10501,입시·교과학원,P85501,일반 교과학원,30,대전광역시,30170,서구,30170587,월평2동,3017011300,월평동,3017011300102710000,1,대지,271,,대전광역시 서구 월평동 271,301703166062,대전광역시 서구 청사서로,26,,3017011300102710000019467,미래빌딩,대전광역시 서구 청사서로 26,302847,35214,,,,127.376949031161,36.3601074712505,gov
MA0101202410A0012995,몸사랑안마원,,Q1,보건의료,Q104,기타 보건,Q10402,유사 의료업,Q86902,유사 의료업,30,대전광역시,30170,서구,30170587,월평2동,3017011300,월평동,3017011300102710000,1,대지,271,,대전광역시 서구 월평동 271,301703166062,대전광역시 서구 청사서로,26,,3017011300102710000019467,미래빌딩,대전광역시 서구 청사서로 26,302847,35214,,,,127.376949031161,36.3601074712505,gov
MA0101202410A0454029,로보킨더영재학원,,P1,교육,P105,일반 교육,P10501,입시·교과학원,P85501,일반 교과학원,30,대전광역시,30170,서구,30170587,월평2동,3017011300,월평동,3017011300102710000,1,대지,271,,대전광역시 서구 월평동 271,301703166062,대전광역시 서구 청사서로,26,,3017011300102710000019467,미래빌딩,대전광역시 서구 청사서로 26,302847,35214,,,,127.376949031161,36.3601074712505,gov
MA010120220813605411,하브루교육,,P1,교육,P105,일반 교육,P10501,입시·교과학원,P85501,일반 교과학원,30,대전광역시,30170,서구,30170587,월평2동,3017011300,월평동,3017011300102710000,1,대지,271,,대전광역시 서구 월평동 271,301703166062,대전광역시 서구 청사서로,26,,3017011300102710000019467,,대전광역시 서구 청사서로 26,302847,35214,,,,127.376949031161,36.3601074712505,gov
MA0106202406A2292298,씨제이올리브영대전,월평점,G2,소매,G221,기타 상품 소매,G22199,그 외 기타 상품 전문 소매업,G47859,그 외 기타 분류 안된 상품 전문 소매업,30,대전광역시,30170,서구,30170587,월평2동,3017011300,월평동,3017011300102710000,1,대지,271,,대전광역시 서구 월평동 271,301703166062,대전광역시 서구 청사서로,26,,3017011300102710000019467,,대전광역시 서구 청사서로 26,302847,35214,,,,127.376949031161,36.3601074712505,gov
MA0101202406A0401390,윤아플라워,,G2,소매,G219,식물 소매,G21901,꽃집,G47851,화초 및 식물 소매업,30,대전광역시,30170,서구,30170587,월평2동,3017011300,월평동,3017011300102910000,1,대지,291,,대전광역시 서구 월평동 291,301703166051,대전광역시 서구 청사로,120,,3017011300102920000020187,,대전광역시 서구 청사로 120,302847,35220,,1,,127.377046566802,36.3595394241076,gov
MA010120220813111758,행복한족욕,,S2,수리·개인,S208,욕탕·신체관리,S20801,목욕탕/사우나,S96121,욕탕업,30,대전광역시,30170,서구,30170587,월평2동,3017011300,월평동,3017011300102910000,1,대지,291,,대전광역시 서구 월평동 291,301703166051,대전광역시 서구 청사로,120,,3017011300102920000020187,,대전광역시 서구 청사로 120,302847,35220,,,,127.377046566802,36.3595394241076,gov
MA010120220805494532,필립휘트니스,,R1,예술·스포츠,R103,스포츠 서비스,R10307,헬스장,R91132,체력 단련시설 운영업,30,대전광역시,30170,서구,30170587,월평2동,3017011300,월평동,3017011300102910000,1,대지,291,,대전광역시 서구 월평동 291,301703166051,대전광역시 서구 청사로,120,,3017011300102920000020187,,대전광역시 서구 청사로 120,302847,35220,,5,,127.377046566802,36.3595394241076,gov
MA010120220806176828,둔지미공인중개사,,L1,부동산,L102,부동산 서비스,L10203,부동산 중개/대리업,L68221,부동산 중개 및 대리업,30,대전광역시,30170,서구,30170587,월평2동,3017011300,월평동,3017011300102910000,1,대지,291,,대전광역시 서구 월평동 291,301703166051,대전광역시 서구 청사로,120,,3017011300102920000020187,청원빌딩,대전광역시 서구 청사로 120,302847,35220,,,,127.377046566802,36.3595394241076,gov
MA010120220812430483,유메스크린골프,,R1,예술·스포츠,R103,스포츠 서비스,R10311,골프 연습장,L68112,비주거용 건물 임대업,30,대전광역시,30170,서구,30170587,월평2동,3017011300,월평동,3017011300102910000,1,대지,291,,대전광역시 서구 월평동 291,301703166051,대전광역시 서구 청사로,120,,3017011300102920000020187,,대전광역시 서구 청사로 120,302847,35220,,8,,127.377046566802,36.3595394241076,gov
MA010120220806181720,아이큐안경,,G2,소매,G216,안경·정밀기기 소매,G21602,안경렌즈 소매업,G47822,안경 및 렌즈 소매업,30,대전광역시,30170,서구,30170587,월평2동,3017011300,월평동,3017011300102910000,1,대지,291,,대전광역시 서구 월평동 291,301703166051,대전광역시 서구 청사로,120,,3017011300102920000020187,,대전광역시 서구 청사로 120,302847,35220,,1,,127.377046566802,36.3595394241076,gov
MA010120220810203669,갤럭시PC,,R1,예술·스포츠,R104,유원지·오락,R10406,PC방,R91222,컴퓨터 게임방 운영업,30,대전광역시,30170,서구,30170587,월평2동,3017011300,월평동,3017011300102910000,1,대지,291,,대전광역시 서구 월평동 291,301703166051,대전광역시 서구 청사로,120,,3017011300102920000020187,,대전광역시 서구 청사로 120,302847,35220,,2,,127.377046566802,36.3595394241076,gov
MA0101202510A0022059,캐롬라운지,,R1,예술·스포츠,R103,스포츠 서비스,R10310,당구장,R91135,당구장 운영업,30,대전광역시,30170,서구,30170587,월평2동,3017011300,월평동,3017011300102910000,1,대지,291,,대전광역시 서구 월평동 291,301703166051,대전광역시 서구 청사로,120,,3017011300102920000020187,,대전광역시 서구 청사로 120,302847,35220,,1,,127.377046566802,36.3595394241076,gov
MA0101202504A0046167,예은약국,,G2,소매,G215,의약·화장품 소매,G21501,약국,G47811,의약품 및 의료용품 소매업,30,대전광역시,30170,서구,30170587,월평2동,3017011300,월평동,3017011300102910000,1,대지,291,,대전광역시 서구 월평동 291,301703166051,대전광역시 서구 청사로,120,,3017011300102920000020187,,대전광역시 서구 청사로 120,302847,35220,,1,,127.377046566802,36.3595394241076,gov
MA0101202504A0012793,빽다방대전,월평선사점,I2,음식,I212,비알코올 ,I21201,카페,I56221,커피 전문점,30,대전광역시,30170,서구,30170587,월평2동,3017011300,월평동,3017011300102910000,1,대지,291,,대전광역시 서구 월평동 291,301703166051,대전광역시 서구 청사로,120,,3017011300102920000020187,일부호,대전광역시 서구 청사로 120,302847,35220,,1,,127.377046566802,36.3595394241076,gov
MA0101202406A0358189,콩콩팥팥내과의원,,Q1,보건의료,Q102,의원,Q10201,내과/소아과 의원,Q86201,일반의원,30,대전광역시,30170,서구,30170587,월평2동,3017011300,월평동,3017011300102910000,1,대지,291,,대전광역시 서구 월평동 291,301703166051,대전광역시 서구 청사로,120,,3017011300102920000020187,청원빌딩,대전광역시 서구 청사로 120,302847,35220,,3,,127.377046566802,36.3595394241076,gov
MA010120220806204272,송주연헤어빌,,S2,수리·개인,S207,이용·미용,S20701,미용실,S96112,두발 미용업,30,대전광역시,30170,서구,30170640,둔산2동,3017011200,둔산동,3017011200109670000,1,대지,967,,대전광역시 서구 둔산동 967,301703166020,대전광역시 서구 둔산북로,22,,3017011200109670000020123,둔산라이프상가,대전광역시 서구 둔산북로 22,302828,35229,,,,127.377071963104,36.3555651666805,gov
MA0101202408A0054343,가든드플라워,,G2,소매,G219,식물 소매,G21901,꽃집,G47851,화초 및 식물 소매업,30,대전광역시,30170,서구,30170640,둔산2동,3017011200,둔산동,3017011200109670000,1,대지,967,,대전광역시 서구 둔산동 967,301703166020,대전광역시 서구 둔산북로,22,,3017011200109670000020123,둔산라이프종합상가,대전광역시 서구 둔산북로 22,302828,35229,,1,,127.377071963104,36.3555651666805,gov
MA010120220803042393,학화호두과자,,I2,음식,I210,기타 간이,I21001,빵/도넛,I56191,제과점업,30,대전광역시,30170,서구,30170640,둔산2동,3017011200,둔산동,3017011200109670000,1,대지,967,,대전광역시 서구 둔산동 967,301703166020,대전광역시 서구 둔산북로,22,,3017011200109670000020123,둔산라이프상가,대전광역시 서구 둔산북로 22,302828,35229,,1,,127.377071963104,36.3555651666805,gov
MA0101202408A0023512,우영미플라워,,G2,소매,G219,식물 소매,G21901,꽃집,G47851,화초 및 식물 소매업,30,대전광역시,30170,서구,30170640,둔산2동,3017011200,둔산동,3017011200109670000,1,대지,967,,대전광역시 서구 둔산동 967,301703166020,대전광역시 서구 둔산북로,22,,3017011200109670000020123,둔산라이프종합상가,대전광역시 서구 둔산북로 22,302828,35229,,1,,127.377071963104,36.3555651666805,gov
MA010120220805148623,연화,,G2,소매,G219,식물 소매,G21901,꽃집,G47851,화초 및 식물 소매업,30,대전광역시,30170,서구,30170640,둔산2동,3017011200,둔산동,3017011200109670000,1,대지,967,,대전광역시 서구 둔산동 967,301703166020,대전광역시 서구 둔산북로,22,,3017011200109670000020123,둔산라이프종합상가,대전광역시 서구 둔산북로 22,302828,35229,,1,,127.377071963104,36.3555651666805,gov
MA010120220807426561,박순영피부&바디,,S2,수리·개인,S207,이용·미용,S20702,피부 관리실,S96113,피부 미용업,30,대전광역시,30170,서구,30170640,둔산2동,3017011200,둔산동,3017011200109670000,1,대지,967,,대전광역시 서구 둔산동 967,301703166020,대전광역시 서구 둔산북로,22,,3017011200109670000020123,둔산라이프종합상가,대전광역시 서구 둔산북로 22,302828,35229,,2,,127.377071963104,36.3555651666805,gov
MA010120220813771028,마켓앤,,G2,소매,G218,장식품 소매,G21802,기념품점,G47842,"기념품, 관광 민예품 및 장식용품 소매업",30,대전광역시,30170,서구,30170640,둔산2동,3017011200,둔산동,3017011200109670000,1,대지,967,,대전광역시 서구 둔산동 967,301703166020,대전광역시 서구 둔산북로,22,,3017011200109670000020123,둔산라이프종합상가,대전광역시 서구 둔산북로 22,302828,35229,,3,,127.377071963104,36.3555651666805,gov
MA0101202406A0281908,라이프통신,,G2,소매,G208,가전·통신 소매,G20802,핸드폰 소매업,G47312,통신기기 소매업,30,대전광역시,30170,서구,30170640,둔산2동,3017011200,둔산동,3017011200109670000,1,대지,967,,대전광역시 서구 둔산동 967,301703166020,대전광역시 서구 둔산북로,22,,3017011200109670000020123,둔산라이프종합상가,대전광역시 서구 둔산북로 22,302828,35229,,1,,127.377071963104,36.3555651666805,gov
MA010120220804146228,플로르테르,,G2,소매,G219,식물 소매,G21901,꽃집,G47851,화초 및 식물 소매업,30,대전광역시,30170,서구,30170640,둔산2동,3017011200,둔산동,3017011200109670000,1,대지,967,,대전광역시 서구 둔산동 967,301703166020,대전광역시 서구 둔산북로,22,,3017011200109670000020123,둔산라이프종합상가,대전광역시 서구 둔산북로 22,302828,35229,,1,,127.377071963104,36.3555651666805,gov
MA010120220812982326,조성인안경바이씨채널,,G2,소매,G216,안경·정밀기기 소매,G21602,안경렌즈 소매업,G47822,안경 및 렌즈 소매업,30,대전광역시,30170,서구,30170640,둔산2동,3017011200,둔산동,3017011200109670000,1,대지,967,,대전광역시 서구 둔산동 967,301703166020,대전광역시 서구 둔산북로,22,,3017011200109670000020123,둔산라이프종합상가,대전광역시 서구 둔산북로 22,302828,35229,,,,127.377071963104,36.3555651666805,gov
MA010120220812133752,"미샵럽베이글대전지사,베이글,리뉴메디대전지사",코리아,S2,수리·개인,S207,이용·미용,S20703,네일숍,S96119,기타 미용업,30,대전광역시,30170,서구,30170640,둔산2동,3017011200,둔산동,3017011200109670000,1,대지,967,,대전광역시 서구 둔산동 967,301703166020,대전광역시 서구 둔산북로,22,,3017011200109670000020123,둔산라이프종합상가,대전광역시 서구 둔산북로 22,302828,35229,,3,,127.377071963104,36.3555651666805,gov
MA010120220806203092,건강시티,,G2,소매,G205,식료품 소매,G20508,건강보조식품 소매업,G47217,건강 보조식품 소매업,30,대전광역시,30170,서구,30170640,둔산2동,3017011200,둔산동,3017011200109670000,1,대지,967,,대전광역시 서구 둔산동 967,301703166020,대전광역시 서구 둔산북로,22,,3017011200109670000020123,둔산라이프종합상가,대전광역시 서구 둔산북로 22,302828,35229,,,,127.377071963104,36.3555651666805,gov
MA010120220805467464,이브제이,,G2,소매,G215,의약·화장품 소매,G21503,화장품 소매업,G47813,"화장품, 비누 및 방향제 소매업",30,대전광역시,30170,서구,30170640,둔산2동,3017011200,둔산동,3017011200109670000,1,대지,967,,대전광역시 서구 둔산동 967,301703166020,대전광역시 서구 둔산북로,22,,3017011200109670000020123,,대전광역시 서구 둔산북로 22,302828,35229,,2,,127.377071963104,36.3555651666805,gov
MA010120220813971736,블레싱플라워앤가든,,G2,소매,G219,식물 소매,G21901,꽃집,G47851,화초 및 식물 소매업,30,대전광역시,30170,서구,30170640,둔산2동,3017011200,둔산동,3017011200109670000,1,대지,967,,대전광역시 서구 둔산동 967,301703166020,대전광역시 서구 둔산북로,22,,3017011200109670000020123,둔산라이프종합상가,대전광역시 서구 둔산북로 22,302828,35229,,,,127.377071963104,36.3555651666805,gov
MA0101202309A0051313,미모다뷰티둔산,,G2,소매,G215,의약·화장품 소매,G21503,화장품 소매업,G47813,"화장품, 비누 및 방향제 소매업",30,대전광역시,30170,서구,30170640,둔산2동,3017011200,둔산동,3017011200109670000,1,대지,967,,대전광역시 서구 둔산동 967,301703166020,대전광역시 서구 둔산북로,22,,3017011200109670000020123,둔산라이프종합상가,대전광역시 서구 둔산북로 22,302828,35229,,3,,127.377071963104,36.3555651666805,gov
MA0101202303A0005606,예플레르,,G2,소매,G219,식물 소매,G21901,꽃집,G47851,화초 및 식물 소매업,30,대전광역시,30170,서구,30170640,둔산2동,3017011200,둔산동,3017011200109670000,1,대지,967,,대전광역시 서구 둔산동 967,301703166020,대전광역시 서구 둔산북로,22,,3017011200109670000020123,둔산라이프종합상가,대전광역시 서구 둔산북로 22,302828,35229,,1,,127.377071963104,36.3555651666805,gov
MA010120220806229964,자자헤어,,S2,수리·개인,S207,이용·미용,S20701,미용실,S96112,두발 미용업,30,대전광역시,30170,서구,30170640,둔산2동,3017011200,둔산동,3017011200109670000,1,대지,967,,대전광역시 서구 둔산동 967,301703166020,대전광역시 서구 둔산북로,22,,3017011200109670000020123,둔산라이프종합상가,대전광역시 서구 둔산북로 22,302828,35229,,2,,127.377071963104,36.3555651666805,gov
MA010120220806171782,모카플라워,,G2,소매,G219,식물 소매,G21901,꽃집,G47851,화초 및 식물 소매업,30,대전광역시,30170,서구,30170640,둔산2동,3017011200,둔산동,3017011200109670000,1,대지,967,,대전광역시 서구 둔산동 967,301703166020,대전광역시 서구 둔산북로,22,,3017011200109670000020123,,대전광역시 서구 둔산북로 22,302828,35229,,3,,127.377071963104,36.3555651666805,gov
MA010120220802943439,그란데,,S2,수리·개인,S207,이용·미용,S20701,미용실,S96112,두발 미용업,30,대전광역시,30170,서구,30170640,둔산2동,3017011200,둔산동,3017011200109670000,1,대지,967,,대전광역시 서구 둔산동 967,301703166020,대전광역시 서구 둔산북로,22,,3017011200109670000020123,둔산라이프종합상가,대전광역시 서구 둔산북로 22,302828,35229,,1,,127.377071963104,36.3555651666805,gov
MA010120220805756332,뷰티웰빙,,G2,소매,G215,의약·화장품 소매,G21503,화장품 소매업,G47813,"화장품, 비누 및 방향제 소매업",30,대전광역시,30170,서구,30170640,둔산2동,3017011200,둔산동,3017011200109670000,1,대지,967,,대전광역시 서구 둔산동 967,301703166020,대전광역시 서구 둔산북로,22,,3017011200109670000020123,라이프종합상가,대전광역시 서구 둔산북로 22,302828,35229,,,,127.377071963104,36.3555651666805,gov
MA010120220814188029,투어프렌즈,,N1,시설관리·임대,N105,여행사·보조,N10501,여행사,N75210,여행사업,30,대전광역시,30170,서구,30170640,둔산2동,3017011200,둔산동,3017011200109670000,1,대지,967,,대전광역시 서구 둔산동 967,301703166020,대전광역시 서구 둔산북로,22,,3017011200109670000020123,,대전광역시 서구 둔산북로 22,302828,35229,,,,127.377071963104,36.3555651666805,gov
MA010120220807140119,이정수미용실,,S2,수리·개인,S207,이용·미용,S20701,미용실,S96112,두발 미용업,30,대전광역시,30170,서구,30170640,둔산2동,3017011200,둔산동,3017011200109670000,1,대지,967,,대전광역시 서구 둔산동 967,301703166020,대전광역시 서구 둔산북로,22,,3017011200109670000020123,둔산라이프종합상가,대전광역시 서구 둔산북로 22,302828,35229,,2,,127.377071963104,36.3555651666805,gov
MA0101202307A0077145,플로라혜,,G2,소매,G219,식물 소매,G21901,꽃집,G47851,화초 및 식물 소매업,30,대전광역시,30170,서구,30170640,둔산2동,3017011200,둔산동,3017011200109670000,1,대지,967,,대전광역시 서구 둔산동 967,301703166020,대전광역시 서구 둔산북로,22,,3017011200109670000020123,둔산라이프종합상가,대전광역시 서구 둔산북로 22,302828,35229,,1,,127.377071963104,36.3555651666805,gov
MA0101202211A0052886,꽃치레,,G2,소매,G219,식물 소매,G21901,꽃집,G47851,화초 및 식물 소매업,30,대전광역시,30170,서구,30170640,둔산2동,3017011200,둔산동,3017011200109670000,1,대지,967,,대전광역시 서구 둔산동 967,301703166020,대전광역시 서구 둔산북로,22,,3017011200109670000020123,,대전광역시 서구 둔산북로 22,302828,35229,,1,,127.377071963104,36.3555651666805,gov
MA0101202210A0080538,체리오트,,G2,소매,G219,식물 소매,G21901,꽃집,G47851,화초 및 식물 소매업,30,대전광역시,30170,서구,30170640,둔산2동,3017011200,둔산동,3017011200109670000,1,대지,967,,대전광역시 서구 둔산동 967,301703166020,대전광역시 서구 둔산북로,22,,3017011200109670000020123,둔산라이프종합상가,대전광역시 서구 둔산북로 22,302828,35229,,,,127.377071963104,36.3555651666805,gov
MA010120220813615909,성남소재,,G2,소매,G219,식물 소매,G21901,꽃집,G47851,화초 및 식물 소매업,30,대전광역시,30170,서구,30170640,둔산2동,3017011200,둔산동,3017011200109670000,1,대지,967,,대전광역시 서구 둔산동 967,301703166020,대전광역시 서구 둔산북로,22,,3017011200109670000020123,둔산꽃도매,대전광역시 서구 둔산북로 22,302828,35229,,1,,127.377071963104,36.3555651666805,gov
MA0101202301A0108595,토마토꽃집,,G2,소매,G219,식물 소매,G21901,꽃집,G47851,화초 및 식물 소매업,30,대전광역시,30170,서구,30170640,둔산2동,3017011200,둔산동,3017011200109670000,1,대지,967,,대전광역시 서구 둔산동 967,301703166020,대전광역시 서구 둔산북로,22,,3017011200109670000020123,둔산라이프종합상가,대전광역시 서구 둔산북로 22,302828,35229,,1,,127.377071963104,36.3555651666805,gov
MA010120220803087051,핑크하우스,,G2,소매,G219,식물 소매,G21901,꽃집,G47851,화초 및 식물 소매업,30,대전광역시,30170,서구,30170640,둔산2동,3017011200,둔산동,3017011200109670000,1,대지,967,,대전광역시 서구 둔산동 967,301703166020,대전광역시 서구 둔산북로,22,,3017011200109670000020123,둔산라이프종합상가,대전광역시 서구 둔산북로 22,302828,35229,,1,,127.377071963104,36.3555651666805,gov
MA010120220812194414,화소림,,G2,소매,G219,식물 소매,G21901,꽃집,G47851,화초 및 식물 소매업,30,대전광역시,30170,서구,30170640,둔산2동,3017011200,둔산동,3017011200109670000,1,대지,967,,대전광역시 서구 둔산동 967,301703166020,대전광역시 서구 둔산북로,22,,3017011200109670000020123,라이프상가,대전광역시 서구 둔산북로 22,302828,35229,,1,,127.377071963104,36.3555651666805,gov
MA010120220806861670,이코치피티스튜디오,,R1,예술·스포츠,R103,스포츠 서비스,R10307,헬스장,R91132,체력 단련시설 운영업,30,대전광역시,30170,서구,30170640,둔산2동,3017011200,둔산동,3017011200109670000,1,대지,967,,대전광역시 서구 둔산동 967,301703166020,대전광역시 서구 둔산북로,22,,3017011200109670000020123,둔산라이프종합상가,대전광역시 서구 둔산북로 22,302828,35229,,2,,127.377071963104,36.3555651666805,gov
MA010120220810057834,길벗투어,,N1,시설관리·임대,N105,여행사·보조,N10501,여행사,N75210,여행사업,30,대전광역시,30170,서구,30170640,둔산2동,3017011200,둔산동,3017011200109670000,1,대지,967,,대전광역시 서구 둔산동 967,301703166020,대전광역시 서구 둔산북로,22,,3017011200109670000020123,둔산라이프종합상가,대전광역시 서구 둔산북로 22,302828,35229,,,,127.377071963104,36.3555651666805,gov
MA010120220814262702,다즐링센트,,G2,소매,G215,의약·화장품 소매,G21503,화장품 소매업,G47813,"화장품, 비누 및 방향제 소매업",30,대전광역시,30170,서구,30170640,둔산2동,3017011200,둔산동,3017011200109670000,1,대지,967,,대전광역시 서구 둔산동 967,301703166020,대전광역시 서구 둔산북로,22,,3017011200109670000020123,둔산라이프종합상가,대전광역시 서구 둔산북로 22,302828,35229,,2,,127.377071963104,36.3555651666805,gov
MA010120220812345203,플레이팩토대전직영센터학원,,P1,교육,P105,일반 교육,P10501,입시·교과학원,P85501,일반 교과학원,30,대전광역시,30170,서구,30170640,둔산2동,3017011200,둔산동,3017011200109670000,1,대지,967,,대전광역시 서구 둔산동 967,301703166020,대전광역시 서구 둔산북로,22,,3017011200109670000020123,둔산라이프종합상가,대전광역시 서구 둔산북로 22,302828,35229,,,,127.377071963104,36.3555651666805,gov
MA010120220806194442,가든파티,,G2,소매,G219,식물 소매,G21901,꽃집,G47851,화초 및 식물 소매업,30,대전광역시,30170,서구,30170640,둔산2동,3017011200,둔산동,3017011200109670000,1,대지,967,,대전광역시 서구 둔산동 967,301703166020,대전광역시 서구 둔산북로,22,,3017011200109670000020123,둔산라이프종합상가,대전광역시 서구 둔산북로 22,302828,35229,,,,127.377071963104,36.3555651666805,gov
MA010120220813011349,히즈가든,,G2,소매,G219,식물 소매,G21901,꽃집,G47851,화초 및 식물 소매업,30,대전광역시,30170,서구,30170640,둔산2동,3017011200,둔산동,3017011200109670000,1,대지,967,,대전광역시 서구 둔산동 967,301703166020,대전광역시 서구 둔산북로,22,,3017011200109670000020123,둔산라이프종합상가,대전광역시 서구 둔산북로 22,302828,35229,,1,,127.377071963104,36.3555651666805,gov
MA010120220806194072,사바비안,,G2,소매,G215,의약·화장품 소매,G21503,화장품 소매업,G47813,"화장품, 비누 및 방향제 소매업",30,대전광역시,30170,서구,30170640,둔산2동,3017011200,둔산동,3017011200109670000,1,대지,967,,대전광역시 서구 둔산동 967,301703166020,대전광역시 서구 둔산북로,22,,3017011200109670000020123,둔산라이프종합상가,대전광역시 서구 둔산북로 22,302828,35229,,3,,127.377071963104,36.3555651666805,gov
MA010120220813539097,묵은지제육백반,,I2,음식,I201,한식,I20101,백반/한정식,I56111,한식 일반 음식점업,30,대전광역시,30170,서구,30170640,둔산2동,3017011200,둔산동,3017011200109670000,1,대지,967,,대전광역시 서구 둔산동 967,301703166020,대전광역시 서구 둔산북로,22,,3017011200109670000020123,라이프상가,대전광역시 서구 둔산북로 22,302828,35229,,,,127.377071963104,36.3555651666805,gov
MA010120220803410947,플라워위크앤드,,G2,소매,G219,식물 소매,G21901,꽃집,G47851,화초 및 식물 소매업,30,대전광역시,30170,서구,30170640,둔산2동,3017011200,둔산동,3017011200109670000,1,대지,967,,대전광역시 서구 둔산동 967,301703166020,대전광역시 서구 둔산북로,22,,3017011200109670000020123,둔산라이프종합상가,대전광역시 서구 둔산북로 22,302828,35229,,1,,127.377071963104,36.3555651666805,gov
MA010120220802512008,정김밥,,I2,음식,I210,기타 간이,I21007,김밥/만두/분식,I56194,김밥 및 기타 간이 음식점업,30,대전광역시,30170,서구,30170640,둔산2동,3017011200,둔산동,3017011200109670000,1,대지,967,,대전광역시 서구 둔산동 967,301703166020,대전광역시 서구 둔산북로,22,,3017011200109670000020123,둔산라이프종합상가,대전광역시 서구 둔산북로 22,302828,35229,,1,,127.377071963104,36.3555651666805,gov
MA010120220803178438,사랑꽃,,G2,소매,G219,식물 소매,G21901,꽃집,G47851,화초 및 식물 소매업,30,대전광역시,30170,서구,30170640,둔산2동,3017011200,둔산동,3017011200109670000,1,대지,967,,대전광역시 서구 둔산동 967,301703166020,대전광역시 서구 둔산북로,22,,3017011200109670000020123,둔산라이프종합상가,대전광역시 서구 둔산북로 22,302828,35229,,1,,127.377071963104,36.3555651666805,gov
MA010120220800257372,플로스유화,,G2,소매,G219,식물 소매,G21901,꽃집,G47851,화초 및 식물 소매업,30,대전광역시,30170,서구,30170640,둔산2동,3017011200,둔산동,3017011200109670000,1,대지,967,,대전광역시 서구 둔산동 967,301703166020,대전광역시 서구 둔산북로,22,,3017011200109670000020123,둔산라이프종합상가,대전광역시 서구 둔산북로 22,302828,35229,,1,,127.377071963104,36.3555651666805,gov
MA0101202604A0020694,서윤26,,G2,소매,G218,장식품 소매,G21802,기념품점,G47842,"기념품, 관광 민예품 및 장식용품 소매업",30,대전광역시,30170,서구,30170640,둔산2동,3017011200,둔산동,3017011200109670000,1,대지,967,,대전광역시 서구 둔산동 967,301703166020,대전광역시 서구 둔산북로,22,,3017011200109670000020123,둔산라이프종합상가,대전광역시 서구 둔산북로 22,302828,35229,,1,,127.377071963104,36.3555651666805,gov
MA010120220805284463,사리원사무소,,M1,과학·기술,M107,본사·경영 컨설팅,M10703,경영 컨설팅업,M71531,경영 컨설팅업,30,대전광역시,30170,서구,30170640,둔산2동,3017011200,둔산동,3017011200109670000,1,대지,967,,대전광역시 서구 둔산동 967,301703166020,대전광역시 서구 둔산북로,22,,3017011200109670000020123,,대전광역시 서구 둔산북로 22,302828,35229,,,,127.377071963104,36.3555651666805,gov
MA0101202510A0034221,타임플라워,,G2,소매,G219,식물 소매,G21901,꽃집,G47851,화초 및 식물 소매업,30,대전광역시,30170,서구,30170640,둔산2동,3017011200,둔산동,3017011200109670000,1,대지,967,,대전광역시 서구 둔산동 967,301703166020,대전광역시 서구 둔산북로,22,,3017011200109670000020123,둔산라이프종합상가,대전광역시 서구 둔산북로 22,302828,35229,,,,127.377071963104,36.3555651666805,gov
MA0101202505A0061823,수인발레학원,,P1,교육,P106,기타 교육,P10613,기타 예술/스포츠 교육기관,P85629,기타 예술학원,30,대전광역시,30170,서구,30170640,둔산2동,3017011200,둔산동,3017011200109670000,1,대지,967,,대전광역시 서구 둔산동 967,301703166020,대전광역시 서구 둔산북로,22,,3017011200109670000020123,둔산라이프종합상가,대전광역시 서구 둔산북로 22,302828,35229,,,,127.377071963104,36.3555651666805,gov
MA010120220806197945,미순환피부,,S2,수리·개인,S207,이용·미용,S20702,피부 관리실,S96113,피부 미용업,30,대전광역시,30170,서구,30170640,둔산2동,3017011200,둔산동,3017011200109670000,1,대지,967,,대전광역시 서구 둔산동 967,301703166020,대전광역시 서구 둔산북로,22,,3017011200109670000020123,둔산라이프종합상가,대전광역시 서구 둔산북로 22,302828,35229,,2,,127.377071963104,36.3555651666805,gov
MA0101202410A0480286,토마토플라워,,G2,소매,G219,식물 소매,G21901,꽃집,G47851,화초 및 식물 소매업,30,대전광역시,30170,서구,30170640,둔산2동,3017011200,둔산동,3017011200109670000,1,대지,967,,대전광역시 서구 둔산동 967,301703166020,대전광역시 서구 둔산북로,22,,3017011200109670000020123,둔산라이프종합상가,대전광역시 서구 둔산북로 22,302828,35229,,,,127.377071963104,36.3555651666805,gov
MA0101202508A0006848,엠제이아트홀,,N1,시설관리·임대,N108,기타 사업 서비스,N10802,전시/컨벤션/행사 대행 서비스업,N75992,"전시, 컨벤션 및 행사 대행업",30,대전광역시,30170,서구,30170640,둔산2동,3017011200,둔산동,3017011200109670000,1,대지,967,,대전광역시 서구 둔산동 967,301703166020,대전광역시 서구 둔산북로,22,,3017011200109670000020123,둔산라이프종합상가,대전광역시 서구 둔산북로 22,302828,35229,,3,,127.377071963104,36.3555651666805,gov
MA0101202509A0007189,후이네일,둔산점,G2,소매,G215,의약·화장품 소매,G21503,화장품 소매업,G47813,"화장품, 비누 및 방향제 소매업",30,대전광역시,30170,서구,30170640,둔산2동,3017011200,둔산동,3017011200109670000,1,대지,967,,대전광역시 서구 둔산동 967,301703166020,대전광역시 서구 둔산북로,22,,3017011200109670000020123,둔산라이프종합상가,대전광역시 서구 둔산북로 22,302828,35229,,2,,127.377071963104,36.3555651666805,gov
MA0101202410A0446101,예림꽃집,,G2,소매,G219,식물 소매,G21901,꽃집,G47851,화초 및 식물 소매업,30,대전광역시,30170,서구,30170640,둔산2동,3017011200,둔산동,3017011200109670000,1,대지,967,,대전광역시 서구 둔산동 967,301703166020,대전광역시 서구 둔산북로,22,,3017011200109670000020123,둔산동둔산라이프종합상가,대전광역시 서구 둔산북로 22,302828,35229,,1,,127.377071963104,36.3555651666805,gov
MA0101202410A1035031,화가플라워갤러리,,G2,소매,G219,식물 소매,G21901,꽃집,G47851,화초 및 식물 소매업,30,대전광역시,30170,서구,30170640,둔산2동,3017011200,둔산동,3017011200109670000,1,대지,967,,대전광역시 서구 둔산동 967,301703166020,대전광역시 서구 둔산북로,22,,3017011200109670000020123,둔산라이프종합상가,대전광역시 서구 둔산북로 22,302828,35229,,1,,127.377071963104,36.3555651666805,gov
MA0101202410A0480823,더편한치과,,Q1,보건의료,Q102,의원,Q10210,치과의원,Q86202,치과의원,30,대전광역시,30170,서구,30170640,둔산2동,3017011200,둔산동,3017011200109670000,1,대지,967,,대전광역시 서구 둔산동 967,301703166020,대전광역시 서구 둔산북로,22,,3017011200109670000020123,호,대전광역시 서구 둔산북로 22,302828,35229,,,,127.377071963104,36.3555651666805,gov
MA0101202410A0775030,대전둔산꽃집비올레뜨,,G2,소매,G219,식물 소매,G21901,꽃집,G47851,화초 및 식물 소매업,30,대전광역시,30170,서구,30170640,둔산2동,3017011200,둔산동,3017011200109670000,1,대지,967,,대전광역시 서구 둔산동 967,301703166020,대전광역시 서구 둔산북로,22,,3017011200109670000020123,라이프상가,대전광역시 서구 둔산북로 22,302828,35229,,1,,127.377071963104,36.3555651666805,gov
MA0101202410A0924046,블랙버드플라워,,G2,소매,G219,식물 소매,G21901,꽃집,G47851,화초 및 식물 소매업,30,대전광역시,30170,서구,30170640,둔산2동,3017011200,둔산동,3017011200109670000,1,대지,967,,대전광역시 서구 둔산동 967,301703166020,대전광역시 서구 둔산북로,22,,3017011200109670000020123,둔산라이프종합상가,대전광역시 서구 둔산북로 22,302828,35229,,1,,127.377071963104,36.3555651666805,gov
MA0101202410A0747895,늘꽃길,,G2,소매,G219,식물 소매,G21901,꽃집,G47851,화초 및 식물 소매업,30,대전광역시,30170,서구,30170640,둔산2동,3017011200,둔산동,3017011200109670000,1,대지,967,,대전광역시 서구 둔산동 967,301703166020,대전광역시 서구 둔산북로,22,,3017011200109670000020123,둔산라이프종합상가,대전광역시 서구 둔산북로 22,302828,35229,,1,,127.377071963104,36.3555651666805,gov
MA0101202411A0151734,로지프롬,,G2,소매,G219,식물 소매,G21901,꽃집,G47851,화초 및 식물 소매업,30,대전광역시,30170,서구,30170640,둔산2동,3017011200,둔산동,3017011200109670000,1,대지,967,,대전광역시 서구 둔산동 967,301703166020,대전광역시 서구 둔산북로,22,,3017011200109670000020123,둔산라이프종합상가,대전광역시 서구 둔산북로 22,302828,35229,,1,,127.377071963104,36.3555651666805,gov
MA0101202410A0496406,백송플라워,,G2,소매,G219,식물 소매,G21901,꽃집,G47851,화초 및 식물 소매업,30,대전광역시,30170,서구,30170640,둔산2동,3017011200,둔산동,3017011200109670000,1,대지,967,,대전광역시 서구 둔산동 967,301703166020,대전광역시 서구 둔산북로,22,,3017011200109670000020123,둔산라이프종합상가,대전광역시 서구 둔산북로 22,302828,35229,,1,,127.377071963104,36.3555651666805,gov
MA0101202410A0570093,플라워하우스,,G2,소매,G219,식물 소매,G21901,꽃집,G47851,화초 및 식물 소매업,30,대전광역시,30170,서구,30170640,둔산2동,3017011200,둔산동,3017011200109670000,1,대지,967,,대전광역시 서구 둔산동 967,301703166020,대전광역시 서구 둔산북로,22,,3017011200109670000020123,둔산라이프종합상가,대전광역시 서구 둔산북로 22,302828,35229,,1,,127.377071963104,36.3555651666805,gov
MA0101202410A0481114,리시안플라워,,G2,소매,G219,식물 소매,G21901,꽃집,G47851,화초 및 식물 소매업,30,대전광역시,30170,서구,30170640,둔산2동,3017011200,둔산동,3017011200109670000,1,대지,967,,대전광역시 서구 둔산동 967,301703166020,대전광역시 서구 둔산북로,22,,3017011200109670000020123,둔산라이프종합상가,대전광역시 서구 둔산북로 22,302828,35229,,,,127.377071963104,36.3555651666805,gov
MA0101202410A0759100,해바라기플라워,,G2,소매,G219,식물 소매,G21901,꽃집,G47851,화초 및 식물 소매업,30,대전광역시,30170,서구,30170640,둔산2동,3017011200,둔산동,3017011200109670000,1,대지,967,,대전광역시 서구 둔산동 967,301703166020,대전광역시 서구 둔산북로,22,,3017011200109670000020123,둔산라이프종합상가,대전광역시 서구 둔산북로 22,302828,35229,,1,,127.377071963104,36.3555651666805,gov
MA010120220812176589,달빛아래꽃,,G2,소매,G219,식물 소매,G21901,꽃집,G47851,화초 및 식물 소매업,30,대전광역시,30170,서구,30170640,둔산2동,3017011200,둔산동,3017011200109670000,1,대지,967,,대전광역시 서구 둔산동 967,301703166020,대전광역시 서구 둔산북로,22,,3017011200109670000020123,둔산라이프종합상가,대전광역시 서구 둔산북로 22,302828,35229,,1,,127.377071963104,36.3555651666805,gov
MA0101202410A0246086,로빈플라워,,G2,소매,G219,식물 소매,G21901,꽃집,G47851,화초 및 식물 소매업,30,대전광역시,30170,서구,30170640,둔산2동,3017011200,둔산동,3017011200109670000,1,대지,967,,대전광역시 서구 둔산동 967,301703166020,대전광역시 서구 둔산북로,22,,3017011200109670000020123,둔산라이프종합상가,대전광역시 서구 둔산북로 22,302828,35229,,1,,127.377071963104,36.3555651666805,gov
MA0101202410A1016973,조니플라워&디자인,,G2,소매,G219,식물 소매,G21901,꽃집,G47851,화초 및 식물 소매업,30,대전광역시,30170,서구,30170640,둔산2동,3017011200,둔산동,3017011200109670000,1,대지,967,,대전광역시 서구 둔산동 967,301703166020,대전광역시 서구 둔산북로,22,,3017011200109670000020123,둔산라이프종합상가,대전광역시 서구 둔산북로 22,302828,35229,,1,,127.377071963104,36.3555651666805,gov
MA0101202410A0489622,영림플라워,,G2,소매,G219,식물 소매,G21901,꽃집,G47851,화초 및 식물 소매업,30,대전광역시,30170,서구,30170640,둔산2동,3017011200,둔산동,3017011200109670000,1,대지,967,,대전광역시 서구 둔산동 967,301703166020,대전광역시 서구 둔산북로,22,,3017011200109670000020123,라이프종합상가,대전광역시 서구 둔산북로 22,302828,35229,,2,,127.377071963104,36.3555651666805,gov
MA0101202410A0442543,청플라워디자인학원,,P1,교육,P106,기타 교육,P10625,기타 기술/직업 훈련학원,P85669,기타 기술 및 직업 훈련학원,30,대전광역시,30170,서구,30170640,둔산2동,3017011200,둔산동,3017011200109670000,1,대지,967,,대전광역시 서구 둔산동 967,301703166020,대전광역시 서구 둔산북로,22,,3017011200109670000020123,,대전광역시 서구 둔산북로 22,302828,35229,,3,,127.377071963104,36.3555651666805,gov
MA0101202410A0602958,명화꽃,,G2,소매,G219,식물 소매,G21901,꽃집,G47851,화초 및 식물 소매업,30,대전광역시,30170,서구,30170640,둔산2동,3017011200,둔산동,3017011200109670000,1,대지,967,,대전광역시 서구 둔산동 967,301703166020,대전광역시 서구 둔산북로,22,,3017011200109670000020123,둔산라이프종합상가,대전광역시 서구 둔산북로 22,302828,35229,,1,,127.377071963104,36.3555651666805,gov
MA0101202410A0480325,서윤플라워,,G2,소매,G219,식물 소매,G21901,꽃집,G47851,화초 및 식물 소매업,30,대전광역시,30170,서구,30170640,둔산2동,3017011200,둔산동,3017011200109670000,1,대지,967,,대전광역시 서구 둔산동 967,301703166020,대전광역시 서구 둔산북로,22,,3017011200109670000020123,라이프상가,대전광역시 서구 둔산북로 22,302828,35229,,,,127.377071963104,36.3555651666805,gov
MA0101202410A0803335,신호꽃집정경숙유진화립정경숙대전꽃도매시장1층,,G2,소매,G219,식물 소매,G21901,꽃집,G46204,화훼류 및 식물 도매업,30,대전광역시,30170,서구,30170640,둔산2동,3017011200,둔산동,3017011200109670000,1,대지,967,,대전광역시 서구 둔산동 967,301703166020,대전광역시 서구 둔산북로,22,,3017011200109670000020123,둔산라이프종합상가,대전광역시 서구 둔산북로 22,302828,35229,,1,,127.377071963104,36.3555651666805,gov
MA010120220814343577,킴스텍,,S2,수리·개인,S201,컴퓨터 수리,S20101,컴퓨터/노트북/프린터 수리업,S95110,컴퓨터 및 주변 기기 수리업,30,대전광역시,30170,서구,30170640,둔산2동,3017011200,둔산동,3017011200109580000,1,대지,958,,대전광역시 서구 둔산동 958,301703166020,대전광역시 서구 둔산북로,21,,3017011200109580000020713,둔지빌라,대전광역시 서구 둔산북로 21,302828,35229,,,,127.377075744577,36.356349176325,gov
MA0101202307A0064342,하하플레이,,R1,예술·스포츠,R104,유원지·오락,R10499,기타 오락관련 서비스업,R91299,그 외 기타 분류 안된 오락관련 서비스업,30,대전광역시,30170,서구,30170587,월평2동,3017011300,월평동,3017011300102850001,1,대지,285,1,대전광역시 서구 월평동 285-1,301704298609,대전광역시 서구 한밭대로707번길,13,,3017011300102850001019481,,대전광역시 서구 한밭대로707번길 13,302847,35220,,,,127.37723084051,36.3584754574301,gov
MA010120220807165482,이화루,,I2,음식,I202,중식,I20201,중국집,I56121,중식 음식점업,30,대전광역시,30170,서구,30170587,월평2동,3017011300,월평동,3017011300102850001,1,대지,285,1,대전광역시 서구 월평동 285-1,301704298609,대전광역시 서구 한밭대로707번길,13,,3017011300102850001019481,,대전광역시 서구 한밭대로707번길 13,302847,35220,,2,,127.37723084051,36.3584754574301,gov
MA010120220806394226,공음학원,,P1,교육,P106,기타 교육,P10609,음악학원,P85621,음악학원,30,대전광역시,30170,서구,30170587,월평2동,3017011300,월평동,3017011300102850001,1,대지,285,1,대전광역시 서구 월평동 285-1,301704298609,대전광역시 서구 한밭대로707번길,13,,3017011300102850001019481,,대전광역시 서구 한밭대로707번길 13,302847,35220,,6,,127.37723084051,36.3584754574301,gov
MA010120220813226757,휘파람,,R1,예술·스포츠,R104,유원지·오락,R10407,노래방,R91223,노래 연습장 운영업,30,대전광역시,30170,서구,30170587,월평2동,3017011300,월평동,3017011300102850001,1,대지,285,1,대전광역시 서구 월평동 285-1,301704298609,대전광역시 서구 한밭대로707번길,13,,3017011300102850001019481,,대전광역시 서구 한밭대로707번길 13,302847,35220,,7,,127.37723084051,36.3584754574301,gov
MA0101202509A0023600,썸노래연습장,,R1,예술·스포츠,R104,유원지·오락,R10407,노래방,R91223,노래 연습장 운영업,30,대전광역시,30170,서구,30170587,월평2동,3017011300,월평동,3017011300102850001,1,대지,285,1,대전광역시 서구 월평동 285-1,301704298609,대전광역시 서구 한밭대로707번길,13,,3017011300102850001019481,,대전광역시 서구 한밭대로707번길 13,302847,35220,,1,,127.37723084051,36.3584754574301,gov
MA0101202507A0023007,용호동낙지대전,월평점,I2,음식,I201,한식,I20112,해산물 구이/찜,I56111,한식 일반 음식점업,30,대전광역시,30170,서구,30170587,월평2동,3017011300,월평동,3017011300102850001,1,대지,285,1,대전광역시 서구 월평동 285-1,301704298609,대전광역시 서구 한밭대로707번길,13,,3017011300102850001019481,,대전광역시 서구 한밭대로707번길 13,302847,35220,,1,,127.37723084051,36.3584754574301,gov
MA010120220813164538,팀제이에스월평주짓수,,P1,교육,P106,기타 교육,P10601,태권도/무술학원,P85611,태권도 및 무술 교육기관,30,대전광역시,30170,서구,30170587,월평2동,3017011300,월평동,3017011300102850001,1,대지,285,1,대전광역시 서구 월평동 285-1,301704298609,대전광역시 서구 한밭대로707번길,13,,3017011300102850001019481,,대전광역시 서구 한밭대로707번길 13,302847,35220,,4,,127.37723084051,36.3584754574301,gov
MA010120220809276864,커피채리,,I2,음식,I212,비알코올 ,I21201,카페,I56221,커피 전문점,30,대전광역시,30170,서구,30170587,월평2동,3017011300,월평동,3017011300102850000,1,대지,285,,대전광역시 서구 월평동 285,301704298609,대전광역시 서구 한밭대로707번길,9,,3017011300102850000019486,,대전광역시 서구 한밭대로707번길 9,302847,35220,,2,,127.3772414165,36.3583582714394,gov
MA0101202602A0038367,운향,,I2,음식,I201,한식,I20101,백반/한정식,I56111,한식 일반 음식점업,30,대전광역시,30170,서구,30170587,월평2동,3017011300,월평동,3017011300102850000,1,대지,285,,대전광역시 서구 월평동 285,301704298609,대전광역시 서구 한밭대로707번길,9,,3017011300102850000019486,,대전광역시 서구 한밭대로707번길 9,302847,35220,,1,,127.3772414165,36.3583582714394,gov
MA010120220803057431,뮤직노래방,,R1,예술·스포츠,R104,유원지·오락,R10407,노래방,R91223,노래 연습장 운영업,30,대전광역시,30170,서구,30170587,월평2동,3017011300,월평동,3017011300102860000,1,대지,286,,대전광역시 서구 월평동 286,301704298609,대전광역시 서구 한밭대로707번길,15,,3017011300102860000019476,,대전광역시 서구 한밭대로707번길 15,302847,35220,,1,,127.377253688558,36.3585925378925,gov
MA0101202305A0024980,게장이기가막혀,,I2,음식,I201,한식,I20112,해산물 구이/찜,I56111,한식 일반 음식점업,30,대전광역시,30170,서구,30170587,월평2동,3017011300,월평동,3017011300102860000,1,대지,286,,대전광역시 서구 월평동 286,301704298609,대전광역시 서구 한밭대로707번길,15,,3017011300102860000019476,,대전광역시 서구 한밭대로707번길 15,302847,35220,,2,,127.377253688558,36.3585925378925,gov
MA010120220806228233,위아래복집,,I2,음식,I201,한식,I20113,복 요리 전문,I56111,한식 일반 음식점업,30,대전광역시,30170,서구,30170587,월평2동,3017011300,월평동,3017011300102860000,1,대지,286,,대전광역시 서구 월평동 286,301704298609,대전광역시 서구 한밭대로707번길,15,,3017011300102860000019476,,대전광역시 서구 한밭대로707번길 15,302847,35220,,1,,127.377253688558,36.3585925378925,gov
MA010120220813913974,다정식당,,I2,음식,I201,한식,I20101,백반/한정식,I56111,한식 일반 음식점업,30,대전광역시,30170,서구,30170587,월평2동,3017011300,월평동,3017011300102860000,1,대지,286,,대전광역시 서구 월평동 286,301704298609,대전광역시 서구 한밭대로707번길,15,,3017011300102860000019476,,대전광역시 서구 한밭대로707번길 15,302847,35220,,2,,127.377253688558,36.3585925378925,gov
MA0101202410A0647298,아벨어학원,,P1,교육,P105,일반 교육,P10501,입시·교과학원,P85501,일반 교과학원,30,대전광역시,30170,서구,30170587,월평2동,3017011300,월평동,3017011300102860000,1,대지,286,,대전광역시 서구 월평동 286,301704298609,대전광역시 서구 한밭대로707번길,15,,3017011300102860000019476,,대전광역시 서구 한밭대로707번길 15,302847,35220,,4,,127.377253688558,36.3585925378925,gov
MA0101202308A0086720,선사고시텔,,I1,숙박,I102,기타 숙박,I10201,기숙사/고시원,I55901,기숙사 및 고시원 운영업,30,대전광역시,30170,서구,30170587,월평2동,3017011300,월평동,3017011300102860001,1,대지,286,1,대전광역시 서구 월평동 286-1,301704298609,대전광역시 서구 한밭대로707번길,19,,3017011300102860001020199,,대전광역시 서구 한밭대로707번길 19,302847,35220,,3,,127.377254297422,36.3587187003044,gov
MA010120220804724257,선사당구장,,R1,예술·스포츠,R103,스포츠 서비스,R10310,당구장,R91135,당구장 운영업,30,대전광역시,30170,서구,30170587,월평2동,3017011300,월평동,3017011300102860001,1,대지,286,1,대전광역시 서구 월평동 286-1,301704298609,대전광역시 서구 한밭대로707번길,19,,3017011300102860001020199,,대전광역시 서구 한밭대로707번길 19,302847,35220,,1,,127.377254297422,36.3587187003044,gov
MA0101202511A0021074,황재코다리냉면,,I2,음식,I201,한식,I20101,백반/한정식,I56111,한식 일반 음식점업,30,대전광역시,30170,서구,30170587,월평2동,3017011300,월평동,3017011300102860001,1,대지,286,1,대전광역시 서구 월평동 286-1,301704298609,대전광역시 서구 한밭대로707번길,19,,3017011300102860001020199,,대전광역시 서구 한밭대로707번길 19,302847,35220,,2,,127.377254297422,36.3587187003044,gov
MA0101202503A0052357,강가네순대국밥,,I2,음식,I201,한식,I20101,백반/한정식,I56111,한식 일반 음식점업,30,대전광역시,30170,서구,30170587,월평2동,3017011300,월평동,3017011300102860001,1,대지,286,1,대전광역시 서구 월평동 286-1,301704298609,대전광역시 서구 한밭대로707번길,19,,3017011300102860001020199,,대전광역시 서구 한밭대로707번길 19,302847,35220,,1,,127.377254297422,36.3587187003044,gov
MA010120220805331330,힐링면역케어센타,,P1,교육,P106,기타 교육,P10603,요가/필라테스 학원,P85612,기타 스포츠 교육기관,30,대전광역시,30170,서구,30170587,월평2동,3017011300,월평동,3017011300102880000,1,대지,288,,대전광역시 서구 월평동 288,301704298609,대전광역시 서구 한밭대로707번길,23,,3017011300102880000000001,,대전광역시 서구 한밭대로707번길 23,302847,35220,,2,,127.377255297706,36.3589259671179,gov
MA010120220806229247,커피랩,,I2,음식,I212,비알코올 ,I21201,카페,I56221,커피 전문점,30,대전광역시,30170,서구,30170587,월평2동,3017011300,월평동,3017011300102880000,1,대지,288,,대전광역시 서구 월평동 288,301704298609,대전광역시 서구 한밭대로707번길,23,,3017011300102880000000001,,대전광역시 서구 한밭대로707번길 23,302847,35220,,1,,127.377255297706,36.3589259671179,gov
MA010120220805197781,세븐일레븐대전월평,제일점,G2,소매,G204,종합 소매,G20405,편의점,G47122,체인화 편의점,30,대전광역시,30170,서구,30170587,월평2동,3017011300,월평동,3017011300102880001,1,대지,288,1,대전광역시 서구 월평동 288-1,301704298609,대전광역시 서구 한밭대로707번길,25,,3017011300102880001000001,,대전광역시 서구 한밭대로707번길 25,302847,35220,,,,127.377255906579,36.3590521295227,gov
MA010120220804828045,세븐대전월평제일점,코리아,G2,소매,G204,종합 소매,G20405,편의점,G47122,체인화 편의점,30,대전광역시,30170,서구,30170587,월평2동,3017011300,월평동,3017011300102880001,1,대지,288,1,대전광역시 서구 월평동 288-1,301704298609,대전광역시 서구 한밭대로707번길,25,,3017011300102880001000001,,대전광역시 서구 한밭대로707번길 25,302847,35220,,,,127.377255906579,36.3590521295227,gov
MA0101202406A0393713,지니스터디카페,,R1,예술·스포츠,R102,도서관·사적지,R10202,독서실/스터디 카페,R90212,독서실 운영업,30,대전광역시,30170,서구,30170587,월평2동,3017011300,월평동,3017011300102890000,1,대지,289,,대전광역시 서구 월평동 289,301704298609,대전광역시 서구 한밭대로707번길,27,,3017011300102890000019712,,대전광역시 서구 한밭대로707번길 27,302847,35220,,4,,127.377256471965,36.3591692803247,gov
MA010120220806702936,지니24스터디카페,,R1,예술·스포츠,R102,도서관·사적지,R10202,독서실/스터디 카페,R90212,독서실 운영업,30,대전광역시,30170,서구,30170587,월평2동,3017011300,월평동,3017011300102890000,1,대지,289,,대전광역시 서구 월평동 289,301704298609,대전광역시 서구 한밭대로707번길,27,,3017011300102890000019712,,대전광역시 서구 한밭대로707번길 27,302847,35220,,4,,127.377256471965,36.3591692803247,gov
MA010120220813297309,건설기초안전교육협회,,P1,교육,P106,기타 교육,P10629,그 외 기타 교육기관,P85699,그 외 기타 분류 안된 교육기관,30,대전광역시,30170,서구,30170587,월평2동,3017011300,월평동,3017011300102890000,1,대지,289,,대전광역시 서구 월평동 289,301704298609,대전광역시 서구 한밭대로707번길,27,,3017011300102890000019712,,대전광역시 서구 한밭대로707번길 27,302847,35220,,7,,127.377256471965,36.3591692803247,gov
MA010120220808619044,월광박속낙지탕,,I2,음식,I201,한식,I20112,해산물 구이/찜,I56111,한식 일반 음식점업,30,대전광역시,30170,서구,30170587,월평2동,3017011300,월평동,3017011300102890000,1,대지,289,,대전광역시 서구 월평동 289,301704298609,대전광역시 서구 한밭대로707번길,27,,3017011300102890000019712,,대전광역시 서구 한밭대로707번길 27,302847,35220,,2,,127.377256471965,36.3591692803247,gov
MA010120220806249411,삼육외국어학원,,P1,교육,P106,기타 교육,P10615,외국어학원,P85631,외국어학원,30,대전광역시,30170,서구,30170587,월평2동,3017011300,월평동,3017011300102890001,1,대지,289,1,대전광역시 서구 월평동 289-1,301704298609,대전광역시 서구 한밭대로707번길,31,,3017011300102890001018979,,대전광역시 서구 한밭대로707번길 31,302847,35220,,,,127.377257037355,36.3592864311243,gov
MA010120220804612689,아이마카롱커피,,I2,음식,I212,비알코올 ,I21201,카페,I56221,커피 전문점,30,대전광역시,30170,서구,30170587,월평2동,3017011300,월평동,3017011300102890001,1,대지,289,1,대전광역시 서구 월평동 289-1,301704298609,대전광역시 서구 한밭대로707번길,31,,3017011300102890001018979,,대전광역시 서구 한밭대로707번길 31,302847,35220,,1,,127.377257037355,36.3592864311243,gov
MA0101202406A0083075,꺼먹지명태조림대전,월평점,I2,음식,I201,한식,I20112,해산물 구이/찜,I56111,한식 일반 음식점업,30,대전광역시,30170,서구,30170587,월평2동,3017011300,월평동,3017011300102830000,1,대지,283,,대전광역시 서구 월평동 283,301702010004,대전광역시 서구 한밭대로,705,,3017011300102830000020214,,대전광역시 서구 한밭대로 705,302847,35220,,1,,127.377262437916,36.3580968646437,gov
MA010120220812834882,미래스마트건설환경,,P1,교육,P106,기타 교육,P10625,기타 기술/직업 훈련학원,P85669,기타 기술 및 직업 훈련학원,30,대전광역시,30170,서구,30170587,월평2동,3017011300,월평동,3017011300102830000,1,대지,283,,대전광역시 서구 월평동 283,301702010004,대전광역시 서구 한밭대로,705,,3017011300102830000020214,한미빌딩,대전광역시 서구 한밭대로 705,302847,35220,,3,,127.377262437916,36.3580968646437,gov
MA0101202307A0020380,카페늘봄,,I2,음식,I212,비알코올 ,I21201,카페,I56221,커피 전문점,30,대전광역시,30170,서구,30170587,월평2동,3017011300,월평동,3017011300102830000,1,대지,283,,대전광역시 서구 월평동 283,301702010004,대전광역시 서구 한밭대로,705,,3017011300102830000020214,,대전광역시 서구 한밭대로 705,302847,35220,,1,,127.377262437916,36.3580968646437,gov
MA010120220806249438,대한토목학회(분사무소)사,,M1,과학·기술,M109,기술 서비스,M10999,기타 엔지니어링 서비스업,M72129,기타 엔지니어링 서비스업,30,대전광역시,30170,서구,30170587,월평2동,3017011300,월평동,3017011300102830000,1,대지,283,,대전광역시 서구 월평동 283,301702010004,대전광역시 서구 한밭대로,705,,3017011300102830000020214,한미빌딩,대전광역시 서구 한밭대로 705,302847,35220,,3,,127.377262437916,36.3580968646437,gov
MA010120220803891384,디자인스튜디오203대전,,M1,과학·기술,M112,전문 디자인,M11203,시각 디자인업,M73203,시각 디자인업,30,대전광역시,30170,서구,30170587,월평2동,3017011300,월평동,3017011300102830000,1,대지,283,,대전광역시 서구 월평동 283,301702010004,대전광역시 서구 한밭대로,705,,3017011300102830000020214,,대전광역시 서구 한밭대로 705,302847,35220,,2,,127.377262437916,36.3580968646437,gov
MA010120220814137838,미래건설연구원,,P1,교육,P106,기타 교육,P10625,기타 기술/직업 훈련학원,P85669,기타 기술 및 직업 훈련학원,30,대전광역시,30170,서구,30170587,월평2동,3017011300,월평동,3017011300102830000,1,대지,283,,대전광역시 서구 월평동 283,301702010004,대전광역시 서구 한밭대로,705,,3017011300102830000020214,,대전광역시 서구 한밭대로 705,302847,35220,,,,127.377262437916,36.3580968646437,gov
MA0101202411A0104273,파란그늘,,I2,음식,I212,비알코올 ,I21201,카페,I56221,커피 전문점,30,대전광역시,30170,서구,30170587,월평2동,3017011300,월평동,3017011300102830000,1,대지,283,,대전광역시 서구 월평동 283,301702010004,대전광역시 서구 한밭대로,705,,3017011300102830000020214,,대전광역시 서구 한밭대로 705,302847,35220,,1,,127.377262437916,36.3580968646437,gov
MA0101202410A0645166,행복플라워,,G2,소매,G219,식물 소매,G21901,꽃집,G47851,화초 및 식물 소매업,30,대전광역시,30170,서구,30170587,월평2동,3017011300,월평동,3017011300102830000,1,대지,283,,대전광역시 서구 월평동 283,301702010004,대전광역시 서구 한밭대로,705,,3017011300102830000020214,한미빌딩,대전광역시 서구 한밭대로 705,302847,35220,,4,,127.377262437916,36.3580968646437,gov
MA010120220806912456,금송네일,,S2,수리·개인,S207,이용·미용,S20703,네일숍,S96119,기타 미용업,30,대전광역시,30170,서구,30170587,월평2동,3017011300,월평동,3017011300102730000,1,대지,273,,대전광역시 서구 월평동 273,301703166051,대전광역시 서구 청사로,121,,3017011300102730000019469,,대전광역시 서구 청사로 121,302847,35214,,7,,127.377271919269,36.360061393485,gov
MA010120220806199193,선사안경원,,G2,소매,G216,안경·정밀기기 소매,G21602,안경렌즈 소매업,G47822,안경 및 렌즈 소매업,30,대전광역시,30170,서구,30170587,월평2동,3017011300,월평동,3017011300102730000,1,대지,273,,대전광역시 서구 월평동 273,301703166051,대전광역시 서구 청사로,121,,3017011300102730000019469,선사클리닉,대전광역시 서구 청사로 121,302847,35214,,4,,127.377271919269,36.360061393485,gov
MA010120220806222189,선사성형외과의원,,Q1,보건의료,Q102,의원,Q10208,성형외과 의원,Q86201,일반의원,30,대전광역시,30170,서구,30170587,월평2동,3017011300,월평동,3017011300102730000,1,대지,273,,대전광역시 서구 월평동 273,301703166051,대전광역시 서구 청사로,121,,3017011300102730000019469,,대전광역시 서구 청사로 121,302847,35214,,7,,127.377271919269,36.360061393485,gov
MA010120220811792085,선사소아청소년과웰빙,,G2,소매,G205,식료품 소매,G20508,건강보조식품 소매업,G47217,건강 보조식품 소매업,30,대전광역시,30170,서구,30170587,월평2동,3017011300,월평동,3017011300102730000,1,대지,273,,대전광역시 서구 월평동 273,301703166051,대전광역시 서구 청사로,121,,3017011300102730000019469,선사클리닉,대전광역시 서구 청사로 121,302847,35214,,3,,127.377271919269,36.360061393485,gov
MA010120220806238630,선사온누리약국,,G2,소매,G215,의약·화장품 소매,G21501,약국,G47811,의약품 및 의료용품 소매업,30,대전광역시,30170,서구,30170587,월평2동,3017011300,월평동,3017011300102730000,1,대지,273,,대전광역시 서구 월평동 273,301703166051,대전광역시 서구 청사로,121,,3017011300102730000019469,선사클리닉,대전광역시 서구 청사로 121,302847,35214,,1,,127.377271919269,36.360061393485,gov
MA010120220806235076,미엔느치과의원,,Q1,보건의료,Q102,의원,Q10210,치과의원,Q86202,치과의원,30,대전광역시,30170,서구,30170587,월평2동,3017011300,월평동,3017011300102730000,1,대지,273,,대전광역시 서구 월평동 273,301703166051,대전광역시 서구 청사로,121,,3017011300102730000019469,,대전광역시 서구 청사로 121,302847,35214,,,,127.377271919269,36.360061393485,gov
MA0101202410A0445649,닥터오즈정신건강의학과의원,,Q1,보건의료,Q102,의원,Q10203,신경/정신과 의원,Q86201,일반의원,30,대전광역시,30170,서구,30170587,월평2동,3017011300,월평동,3017011300102730000,1,대지,273,,대전광역시 서구 월평동 273,301703166051,대전광역시 서구 청사로,121,,3017011300102730000019469,선사크리닉,대전광역시 서구 청사로 121,302847,35214,,7,,127.377271919269,36.360061393485,gov
MA0101202410A0481668,선사내과의원,,Q1,보건의료,Q102,의원,Q10201,내과/소아과 의원,Q86201,일반의원,30,대전광역시,30170,서구,30170587,월평2동,3017011300,월평동,3017011300102730000,1,대지,273,,대전광역시 서구 월평동 273,301703166051,대전광역시 서구 청사로,121,,3017011300102730000019469,선사빌딩,대전광역시 서구 청사로 121,302847,35214,,,,127.377271919269,36.360061393485,gov
MA0101202410A0480793,선사소아청소년과의원,,Q1,보건의료,Q102,의원,Q10211,한의원,Q86201,일반의원,30,대전광역시,30170,서구,30170587,월평2동,3017011300,월평동,3017011300102730000,1,대지,273,,대전광역시 서구 월평동 273,301703166051,대전광역시 서구 청사로,121,,3017011300102730000019469,,대전광역시 서구 청사로 121,302847,35214,,,,127.377271919269,36.360061393485,gov
MA0101202410A0481684,선사영상의학과의원,,Q1,보건의료,Q102,의원,Q10212,방사선 진단/병리 검사 의원,Q86204,방사선 진단 및 병리 검사 의원,30,대전광역시,30170,서구,30170587,월평2동,3017011300,월평동,3017011300102730000,1,대지,273,,대전광역시 서구 월평동 273,301703166051,대전광역시 서구 청사로,121,,3017011300102730000019469,선사빌딩,대전광역시 서구 청사로 121,302847,35214,,,,127.377271919269,36.360061393485,gov
MA0101202410A0479285,선사우리한의원,,Q1,보건의료,Q102,의원,Q10211,한의원,Q86203,한의원,30,대전광역시,30170,서구,30170587,월평2동,3017011300,월평동,3017011300102730000,1,대지,273,,대전광역시 서구 월평동 273,301703166051,대전광역시 서구 청사로,121,,3017011300102730000019469,,대전광역시 서구 청사로 121,302847,35214,,,,127.377271919269,36.360061393485,gov
MA0101202410A0481669,명안과의원,,Q1,보건의료,Q102,의원,Q10205,안과 의원,Q86201,일반의원,30,대전광역시,30170,서구,30170587,월평2동,3017011300,월평동,3017011300102730000,1,대지,273,,대전광역시 서구 월평동 273,301703166051,대전광역시 서구 청사로,121,,3017011300102730000019469,전체,대전광역시 서구 청사로 121,302847,35214,,5,,127.377271919269,36.360061393485,gov
MA010120220810202525,미미숲,,P1,교육,P106,기타 교육,P10625,기타 기술/직업 훈련학원,P85669,기타 기술 및 직업 훈련학원,30,대전광역시,30170,서구,30170587,월평2동,3017011300,월평동,3017011300102750000,1,대지,275,,대전광역시 서구 월평동 275,301704298595,대전광역시 서구 청사로123번길,11,,3017011300102750000019710,남일빌딩,대전광역시 서구 청사로123번길 11,302847,35214,,5,,127.377284670193,36.360394787447,gov
MA010120220804937922,유즈필라테스대전평생교육원,월평점,P1,교육,P106,기타 교육,P10603,요가/필라테스 학원,P85612,기타 스포츠 교육기관,30,대전광역시,30170,서구,30170587,월평2동,3017011300,월평동,3017011300102750000,1,대지,275,,대전광역시 서구 월평동 275,301704298595,대전광역시 서구 청사로123번길,11,,3017011300102750000019710,,대전광역시 서구 청사로123번길 11,302847,35214,,6,,127.377284670193,36.360394787447,gov
MA0101202309A0023999,금한한우직판장,,G2,소매,G205,식료품 소매,G20503,정육점,G47212,육류 소매업,30,대전광역시,30170,서구,30170587,월평2동,3017011300,월평동,3017011300102750000,1,대지,275,,대전광역시 서구 월평동 275,301704298595,대전광역시 서구 청사로123번길,11,,3017011300102750000019710,,대전광역시 서구 청사로123번길 11,302847,35214,,2,,127.377284670193,36.360394787447,gov
MA0101202305A0024747,금한한우정육식당,,I2,음식,I201,한식,I20107,돼지고기 구이/찜,I56113,한식 육류 요리 전문점,30,대전광역시,30170,서구,30170587,월평2동,3017011300,월평동,3017011300102750000,1,대지,275,,대전광역시 서구 월평동 275,301704298595,대전광역시 서구 청사로123번길,11,,3017011300102750000019710,,대전광역시 서구 청사로123번길 11,302847,35214,,2,,127.377284670193,36.360394787447,gov
MA0106202202A0749914,유즈필라테스,,P1,교육,P106,기타 교육,P10603,요가/필라테스 학원,R91132,체력 단련시설 운영업,30,대전광역시,30170,서구,30170587,월평2동,3017011300,월평동,3017011300102750000,1,대지,275,,대전광역시 서구 월평동 275,301704298595,대전광역시 서구 청사로123번길,11,,3017011300102750000019710,,대전광역시 서구 청사로123번길 11,302847,35214,,,,127.377284670193,36.360394787447,gov
MA010120220813014861,임우선선사에스테틱,,S2,수리·개인,S207,이용·미용,S20702,피부 관리실,S96129,체형 등 기타 신체 관리 서비스업,30,대전광역시,30170,서구,30170587,월평2동,3017011300,월평동,3017011300102750000,1,대지,275,,대전광역시 서구 월평동 275,301704298595,대전광역시 서구 청사로123번길,11,,3017011300102750000019710,,대전광역시 서구 청사로123번길 11,302847,35214,,,,127.377284670193,36.360394787447,gov
MA010120220806256786,에코엔,,M1,과학·기술,M109,기술 서비스,M10903,건물 및 토목 엔지니어링 서비스업,M72121,건물 및 토목 엔지니어링 서비스업,30,대전광역시,30170,서구,30170587,월평2동,3017011300,월평동,3017011300102750000,1,대지,275,,대전광역시 서구 월평동 275,301704298595,대전광역시 서구 청사로123번길,11,,3017011300102750000019710,,대전광역시 서구 청사로123번길 11,302847,35214,,3,,127.377284670193,36.360394787447,gov
MA0101202604A0030651,참조은약국,,G2,소매,G215,의약·화장품 소매,G21501,약국,G47811,의약품 및 의료용품 소매업,30,대전광역시,30170,서구,30170587,월평2동,3017011300,월평동,3017011300102750000,1,대지,275,,대전광역시 서구 월평동 275,301704298595,대전광역시 서구 청사로123번길,11,,3017011300102750000019710,,대전광역시 서구 청사로123번길 11,302847,35214,,1,,127.377284670193,36.360394787447,gov
MA0106202601A1076366,파킹고,,G2,소매,G208,가전·통신 소매,G20801,컴퓨터/소프트웨어 소매업,G47311,"컴퓨터 및 주변장치, 소프트웨어 소매업",30,대전광역시,30170,서구,30170587,월평2동,3017011300,월평동,3017011300102750000,1,대지,275,,대전광역시 서구 월평동 275,301704298595,대전광역시 서구 청사로123번길,11,,3017011300102750000019710,,대전광역시 서구 청사로123번길 11,302847,35214,,,,127.377284670193,36.360394787447,gov
MA010120220809931523,장금수부대찌개,,I2,음식,I201,한식,I20102,국/탕/찌개류,I56111,한식 일반 음식점업,30,대전광역시,30170,서구,30170587,월평2동,3017011300,월평동,3017011300102750000,1,대지,275,,대전광역시 서구 월평동 275,301704298595,대전광역시 서구 청사로123번길,11,,3017011300102750000019710,,대전광역시 서구 청사로123번길 11,302847,35214,,1,,127.377284670193,36.360394787447,gov
MA010120220810408873,필노래팡팡,,I2,음식,I211,주점,I21104,요리 주점,I56219,기타 주점업,30,대전광역시,30170,서구,30170587,월평2동,3017011300,월평동,3017011300102760000,1,대지,276,,대전광역시 서구 월평동 276,301704298595,대전광역시 서구 청사로123번길,15,,3017011300102760000019585,,대전광역시 서구 청사로123번길 15,302847,35214,,1,,127.377285540128,36.3605750194079,gov
MA0101202210A0028466,필노래팡팡,,I2,음식,I211,주점,I21104,요리 주점,I56219,기타 주점업,30,대전광역시,30170,서구,30170587,월평2동,3017011300,월평동,3017011300102760000,1,대지,276,,대전광역시 서구 월평동 276,301704298595,대전광역시 서구 청사로123번길,15,,3017011300102760000019585,,대전광역시 서구 청사로123번길 15,302847,35214,,1,,127.377285540128,36.3605750194079,gov
MA0101202302A0025290,묵은정,,I2,음식,I201,한식,I20101,백반/한정식,I56111,한식 일반 음식점업,30,대전광역시,30170,서구,30170587,월평2동,3017011300,월평동,3017011300102760000,1,대지,276,,대전광역시 서구 월평동 276,301704298595,대전광역시 서구 청사로123번길,15,,3017011300102760000019585,,대전광역시 서구 청사로123번길 15,302847,35214,,1,,127.377285540128,36.3605750194079,gov
MA0101202604A0045055,알파당구장,,R1,예술·스포츠,R103,스포츠 서비스,R10310,당구장,R91135,당구장 운영업,30,대전광역시,30170,서구,30170587,월평2동,3017011300,월평동,3017011300102760000,1,대지,276,,대전광역시 서구 월평동 276,301704298595,대전광역시 서구 청사로123번길,15,,3017011300102760000019585,,대전광역시 서구 청사로123번길 15,302847,35214,,4,,127.377285540128,36.3605750194079,gov
MA0101202505A0070197,블루,,G2,소매,G215,의약·화장품 소매,G21503,화장품 소매업,G47813,"화장품, 비누 및 방향제 소매업",30,대전광역시,30170,서구,30170587,월평2동,3017011300,월평동,3017011300102760000,1,대지,276,,대전광역시 서구 월평동 276,301704298595,대전광역시 서구 청사로123번길,15,,3017011300102760000019585,,대전광역시 서구 청사로123번길 15,302847,35214,,3,,127.377285540128,36.3605750194079,gov
MA0101202505A0008149,마중,,I2,음식,I204,서양식,I20401,경양식,I56123,서양식 음식점업,30,대전광역시,30170,서구,30170587,월평2동,3017011300,월평동,3017011300102760000,1,대지,276,,대전광역시 서구 월평동 276,301704298595,대전광역시 서구 청사로123번길,15,,3017011300102760000019585,,대전광역시 서구 청사로123번길 15,302847,35214,,5,,127.377285540128,36.3605750194079,gov
MA010120220806205872,토종숯불구이,,I2,음식,I201,한식,I20107,돼지고기 구이/찜,I56113,한식 육류 요리 전문점,30,대전광역시,30170,서구,30170587,월평2동,3017011300,월평동,3017011300102770000,1,대지,277,,대전광역시 서구 월평동 277,301704298595,대전광역시 서구 청사로123번길,19,,3017011300102770000020169,,대전광역시 서구 청사로123번길 19,302847,35214,,,,127.377286149087,36.3607011817773,gov
MA010120220814164334,세컨디포레스트대전,둔산점,I2,음식,I204,서양식,I20402,파스타/스테이크,I56123,서양식 음식점업,30,대전광역시,30170,서구,30170640,둔산2동,3017011200,둔산동,3017011200109680000,1,대지,968,,대전광역시 서구 둔산동 968,301704298325,대전광역시 서구 둔산로31번길,77,,3017011200109680000000001,사리원,대전광역시 서구 둔산로31번길 77,302828,35229,,1,,127.37727102118,36.3552581390879,gov
MA0101202409A0183264,동원플래닛,,I2,음식,I212,비알코올 ,I21201,카페,I56221,커피 전문점,30,대전광역시,30170,서구,30170640,둔산2동,3017011200,둔산동,3017011200109680000,1,대지,968,,대전광역시 서구 둔산동 968,301704298325,대전광역시 서구 둔산로31번길,77,,3017011200109680000000001,일부호사리원,대전광역시 서구 둔산로31번길 77,302828,35229,,1,,127.37727102118,36.3552581390879,gov
MA0101202302A0004680,"언제나,봄날",,G2,소매,G219,식물 소매,G21901,꽃집,G47851,화초 및 식물 소매업,30,대전광역시,30170,서구,30170640,둔산2동,3017011200,둔산동,3017011200109680000,1,대지,968,,대전광역시 서구 둔산동 968,301704298325,대전광역시 서구 둔산로31번길,77,,3017011200109680000000001,사리원빌딩,대전광역시 서구 둔산로31번길 77,302828,35229,,1,,127.37727102118,36.3552581390879,gov
MA010120220813040422,다온에이치앤에스,,I2,음식,I212,비알코올 ,I21201,카페,I56221,커피 전문점,30,대전광역시,30170,서구,30170640,둔산2동,3017011200,둔산동,3017011200109680000,1,대지,968,,대전광역시 서구 둔산동 968,301704298325,대전광역시 서구 둔산로31번길,77,,3017011200109680000000001,사리원,대전광역시 서구 둔산로31번길 77,302828,35229,,1,,127.37727102118,36.3552581390879,gov
MA010120220810340013,모어필라테스&더조아짐,,P1,교육,P106,기타 교육,P10603,요가/필라테스 학원,P85612,기타 스포츠 교육기관,30,대전광역시,30170,서구,30170640,둔산2동,3017011200,둔산동,3017011200109680000,1,대지,968,,대전광역시 서구 둔산동 968,301704298325,대전광역시 서구 둔산로31번길,77,,3017011200109680000000001,사리원,대전광역시 서구 둔산로31번길 77,302828,35229,,,,127.37727102118,36.3552581390879,gov
MA010120220806179634,사리원면옥,,I2,음식,I201,한식,I20106,냉면/밀면,I56112,한식 면 요리 전문점,30,대전광역시,30170,서구,30170640,둔산2동,3017011200,둔산동,3017011200109680000,1,대지,968,,대전광역시 서구 둔산동 968,301704298325,대전광역시 서구 둔산로31번길,77,,3017011200109680000000001,,대전광역시 서구 둔산로31번길 77,302828,35229,,,,127.37727102118,36.3552581390879,gov
MA0101202602A0003592,아인포톤다이어트,,S2,수리·개인,S208,욕탕·신체관리,S20802,마사지/안마,S96122,마사지업,30,대전광역시,30170,서구,30170640,둔산2동,3017011200,둔산동,3017011200109680000,1,대지,968,,대전광역시 서구 둔산동 968,301704298325,대전광역시 서구 둔산로31번길,77,,3017011200109680000000001,사리원,대전광역시 서구 둔산로31번길 77,302828,35229,,5,,127.37727102118,36.3552581390879,gov
MA010120220806305259,사리원한정식,,I2,음식,I201,한식,I20101,백반/한정식,I56111,한식 일반 음식점업,30,대전광역시,30170,서구,30170640,둔산2동,3017011200,둔산동,3017011200109680000,1,대지,968,,대전광역시 서구 둔산동 968,301704298325,대전광역시 서구 둔산로31번길,77,,3017011200109680000000001,사리원,대전광역시 서구 둔산로31번길 77,302828,35229,,3,,127.37727102118,36.3552581390879,gov
MA0101202410A0409480,사공설말하는미술교습소,,P1,교육,P106,기타 교육,P10611,미술학원,P85501,일반 교과학원,30,대전광역시,30170,서구,30170640,둔산2동,3017011200,둔산동,3017011200109680000,1,대지,968,,대전광역시 서구 둔산동 968,301704298325,대전광역시 서구 둔산로31번길,77,,3017011200109680000000001,사리원빌딩,대전광역시 서구 둔산로31번길 77,302828,35229,,5,,127.37727102118,36.3552581390879,gov
MA0101202409A0146132,나만의휴일,,S2,수리·개인,S208,욕탕·신체관리,S20801,목욕탕/사우나,S96121,욕탕업,30,대전광역시,30170,서구,30170640,둔산2동,3017011200,둔산동,3017011200109680000,1,대지,968,,대전광역시 서구 둔산동 968,301704298325,대전광역시 서구 둔산로31번길,77,,3017011200109680000000001,사리원,대전광역시 서구 둔산로31번길 77,302828,35229,,4,,127.37727102118,36.3552581390879,gov
MA010120220806197158,삼화문구오피스,둔산점,G2,소매,G213,오락용품 소매,G21302,문구/회화용품 소매업,G47612,문구용품 및 회화용품 소매업,30,대전광역시,30170,서구,30170640,둔산2동,3017011200,둔산동,3017011200109980000,1,대지,998,,대전광역시 서구 둔산동 998,301704298325,대전광역시 서구 둔산로31번길,65,,3017011200109980000021041,금강빌딩,대전광역시 서구 둔산로31번길 65,302828,35229,,1,,127.377279509322,36.3547083959235,gov
MA0101202507A0042236,리쾨르,,I2,음식,I212,비알코올 ,I21201,카페,I56221,커피 전문점,30,대전광역시,30170,서구,30170640,둔산2동,3017011200,둔산동,3017011200109980000,1,대지,998,,대전광역시 서구 둔산동 998,301704298325,대전광역시 서구 둔산로31번길,65,,3017011200109980000021041,금강빌딩,대전광역시 서구 둔산로31번길 65,302828,35229,,1,,127.377279509322,36.3547083959235,gov
MA0101202302A0060230,프랭크커핀바대전,둔산점,I2,음식,I212,비알코올 ,I21201,카페,I56221,커피 전문점,30,대전광역시,30170,서구,30170640,둔산2동,3017011200,둔산동,3017011200109990000,1,대지,999,,대전광역시 서구 둔산동 999,301704298325,대전광역시 서구 둔산로31번길,69,,3017011200109990000020948,,대전광역시 서구 둔산로31번길 69,302828,35229,,1,,127.377280422551,36.3548976396629,gov
MA0101202303A0013814,퐁당,둔산점,I2,음식,I201,한식,I20101,백반/한정식,I56111,한식 일반 음식점업,30,대전광역시,30170,서구,30170640,둔산2동,3017011200,둔산동,3017011200109990000,1,대지,999,,대전광역시 서구 둔산동 999,301704298325,대전광역시 서구 둔산로31번길,69,,3017011200109990000020948,,대전광역시 서구 둔산로31번길 69,302828,35229,,2,,127.377280422551,36.3548976396629,gov
MA010120220812303587,바디썸기구필라테스,,P1,교육,P106,기타 교육,P10603,요가/필라테스 학원,P85612,기타 스포츠 교육기관,30,대전광역시,30170,서구,30170640,둔산2동,3017011200,둔산동,3017011200109990000,1,대지,999,,대전광역시 서구 둔산동 999,301704298325,대전광역시 서구 둔산로31번길,69,,3017011200109990000020948,,대전광역시 서구 둔산로31번길 69,302828,35229,,3,,127.377280422551,36.3548976396629,gov
MA010120220807216111,주안,,I2,음식,I201,한식,I20101,백반/한정식,I56111,한식 일반 음식점업,30,대전광역시,30170,서구,30170587,월평2동,3017011300,월평동,3017011300102820004,1,대지,282,4,대전광역시 서구 월평동 282-4,301704298609,대전광역시 서구 한밭대로707번길,30,,3017011300102820004000001,,대전광역시 서구 한밭대로707번길 30,302847,35220,,,,127.377691510529,36.3592760468109,gov
MA010120220813590446,박선희황태어글탕,,I2,음식,I201,한식,I20101,백반/한정식,I56111,한식 일반 음식점업,30,대전광역시,30170,서구,30170587,월평2동,3017011300,월평동,3017011300102820004,1,대지,282,4,대전광역시 서구 월평동 282-4,301704298609,대전광역시 서구 한밭대로707번길,30,,3017011300102820004000001,,대전광역시 서구 한밭대로707번길 30,302847,35220,,2,,127.377691510529,36.3592760468109,gov
MA010120220810155179,제이제이타이아로마테라피,,S2,수리·개인,S208,욕탕·신체관리,S20802,마사지/안마,S96122,마사지업,30,대전광역시,30170,서구,30170640,둔산2동,3017011200,둔산동,3017011200110040000,1,대지,1004,,대전광역시 서구 둔산동 1004,301704298325,대전광역시 서구 둔산로31번길,56,,3017011200110040000020456,,대전광역시 서구 둔산로31번길 56,302828,35229,,4,,127.377756386715,36.3542563020707,gov
MA010120220809698838,그린즈컴퍼니,,M1,과학·기술,M105,광고,M10503,광고 매체 판매업,M71392,광고 매체 판매업,30,대전광역시,30170,서구,30170640,둔산2동,3017011200,둔산동,3017011200110040000,1,대지,1004,,대전광역시 서구 둔산동 1004,301704298325,대전광역시 서구 둔산로31번길,56,,3017011200110040000020456,,대전광역시 서구 둔산로31번길 56,302828,35229,,,,127.377756386715,36.3542563020707,gov
MA0101202406A0289033,두잇네일,,S2,수리·개인,S207,이용·미용,S20703,네일숍,S96119,기타 미용업,30,대전광역시,30170,서구,30170640,둔산2동,3017011200,둔산동,3017011200110040000,1,대지,1004,,대전광역시 서구 둔산동 1004,301704298325,대전광역시 서구 둔산로31번길,56,,3017011200110040000020456,,대전광역시 서구 둔산로31번길 56,302828,35229,,5,,127.377756386715,36.3542563020707,gov
MA010120220808511388,위드미,,S2,수리·개인,S207,이용·미용,S20702,피부 관리실,S96113,피부 미용업,30,대전광역시,30170,서구,30170640,둔산2동,3017011200,둔산동,3017011200110040000,1,대지,1004,,대전광역시 서구 둔산동 1004,301704298325,대전광역시 서구 둔산로31번길,56,,3017011200110040000020456,,대전광역시 서구 둔산로31번길 56,302828,35229,,4,,127.377756386715,36.3542563020707,gov
MA010120220813566737,보컬101실용음악학원,,P1,교육,P106,기타 교육,P10609,음악학원,P85621,음악학원,30,대전광역시,30170,서구,30170640,둔산2동,3017011200,둔산동,3017011200110040000,1,대지,1004,,대전광역시 서구 둔산동 1004,301704298325,대전광역시 서구 둔산로31번길,56,,3017011200110040000020456,,대전광역시 서구 둔산로31번길 56,302828,35229,,6,,127.377756386715,36.3542563020707,gov
MA0101202310A0006003,레코드둔산,,I2,음식,I211,주점,I21104,요리 주점,I56219,기타 주점업,30,대전광역시,30170,서구,30170640,둔산2동,3017011200,둔산동,3017011200110040000,1,대지,1004,,대전광역시 서구 둔산동 1004,301704298325,대전광역시 서구 둔산로31번길,56,,3017011200110040000020456,,대전광역시 서구 둔산로31번길 56,302828,35229,,2,,127.377756386715,36.3542563020707,gov
MA0101202603A0007726,레커버거대전둔산,직영점,I2,음식,I210,기타 간이,I21004,버거,I56192,"피자, 햄버거, 샌드위치 및 유사 음식점업",30,대전광역시,30170,서구,30170640,둔산2동,3017011200,둔산동,3017011200110040000,1,대지,1004,,대전광역시 서구 둔산동 1004,301704298325,대전광역시 서구 둔산로31번길,56,,3017011200110040000020456,,대전광역시 서구 둔산로31번길 56,302828,35229,,1,,127.377756386715,36.3542563020707,gov
MA010120220803162000,페이퍼,,G2,소매,G209,섬유·의복·신발 소매,G20905,기타 의류 소매업,G47414,셔츠 및 블라우스 소매업,30,대전광역시,30170,서구,30170640,둔산2동,3017011200,둔산동,3017011200110040000,1,대지,1004,,대전광역시 서구 둔산동 1004,301704298325,대전광역시 서구 둔산로31번길,56,,3017011200110040000020456,,대전광역시 서구 둔산로31번길 56,302828,35229,,,,127.377756386715,36.3542563020707,gov
MA0101202512A0030320,어!,,I2,음식,I212,비알코올 ,I21201,카페,I56221,커피 전문점,30,대전광역시,30170,서구,30170640,둔산2동,3017011200,둔산동,3017011200110040000,1,대지,1004,,대전광역시 서구 둔산동 1004,301704298325,대전광역시 서구 둔산로31번길,56,,3017011200110040000020456,,대전광역시 서구 둔산로31번길 56,302828,35229,,1,,127.377756386715,36.3542563020707,gov
MA0101202508A0034456,슈가,,S2,수리·개인,S208,욕탕·신체관리,S20803,체형/비만 관리,S96129,체형 등 기타 신체 관리 서비스업,30,대전광역시,30170,서구,30170640,둔산2동,3017011200,둔산동,3017011200110040000,1,대지,1004,,대전광역시 서구 둔산동 1004,301704298325,대전광역시 서구 둔산로31번길,56,,3017011200110040000020456,,대전광역시 서구 둔산로31번길 56,302828,35229,,4,,127.377756386715,36.3542563020707,gov
MA0101202507A0037319,써니텐,,I2,음식,I211,주점,I21104,요리 주점,I56219,기타 주점업,30,대전광역시,30170,서구,30170640,둔산2동,3017011200,둔산동,3017011200110040000,1,대지,1004,,대전광역시 서구 둔산동 1004,301704298325,대전광역시 서구 둔산로31번길,56,,3017011200110040000020456,,대전광역시 서구 둔산로31번길 56,302828,35229,,3,,127.377756386715,36.3542563020707,gov
MA0101202507A0039789,써니텐노래연습장,,R1,예술·스포츠,R104,유원지·오락,R10407,노래방,R91223,노래 연습장 운영업,30,대전광역시,30170,서구,30170640,둔산2동,3017011200,둔산동,3017011200110040000,1,대지,1004,,대전광역시 서구 둔산동 1004,301704298325,대전광역시 서구 둔산로31번길,56,,3017011200110040000020456,,대전광역시 서구 둔산로31번길 56,302828,35229,,3,,127.377756386715,36.3542563020707,gov
MA010120220805890886,동백카츠,둔산점,I2,음식,I203,일식,I20302,일식 카레/돈가스/덮밥,I56122,일식 음식점업,30,대전광역시,30170,서구,30170640,둔산2동,3017011200,둔산동,3017011200110040000,1,대지,1004,,대전광역시 서구 둔산동 1004,301704298325,대전광역시 서구 둔산로31번길,56,,3017011200110040000020456,빌딩,대전광역시 서구 둔산로31번길 56,302828,35229,,,,127.377756386715,36.3542563020707,gov
MA0101202507A0004157,다이너대전,둔산점,G2,소매,G205,식료품 소매,G20509,반찬/식료품 소매업,G47219,기타 식료품 소매업,30,대전광역시,30170,서구,30170640,둔산2동,3017011200,둔산동,3017011200110040000,1,대지,1004,,대전광역시 서구 둔산동 1004,301704298325,대전광역시 서구 둔산로31번길,56,,3017011200110040000020456,빌딩,대전광역시 서구 둔산로31번길 56,302828,35229,,,,127.377756386715,36.3542563020707,gov
MA0101202506A0029713,식사,,I2,음식,I204,서양식,I20401,경양식,I56123,서양식 음식점업,30,대전광역시,30170,서구,30170640,둔산2동,3017011200,둔산동,3017011200110040000,1,대지,1004,,대전광역시 서구 둔산동 1004,301704298325,대전광역시 서구 둔산로31번길,56,,3017011200110040000020456,,대전광역시 서구 둔산로31번길 56,302828,35229,,2,,127.377756386715,36.3542563020707,gov
MA010120220807203011,삼시세끼꼬마김밥,,I2,음식,I210,기타 간이,I21007,김밥/만두/분식,I56194,김밥 및 기타 간이 음식점업,30,대전광역시,30170,서구,30170640,둔산2동,3017011200,둔산동,3017011200110040000,1,대지,1004,,대전광역시 서구 둔산동 1004,301704298325,대전광역시 서구 둔산로31번길,56,,3017011200110040000020456,,대전광역시 서구 둔산로31번길 56,302828,35229,,,,127.377756386715,36.3542563020707,gov
MA010120220809913480,모먼트,,G2,소매,G209,섬유·의복·신발 소매,G20905,기타 의류 소매업,G47414,셔츠 및 블라우스 소매업,30,대전광역시,30170,서구,30170640,둔산2동,3017011200,둔산동,3017011200110040000,1,대지,1004,,대전광역시 서구 둔산동 1004,301704298325,대전광역시 서구 둔산로31번길,56,,3017011200110040000020456,,대전광역시 서구 둔산로31번길 56,302828,35229,,,,127.377756386715,36.3542563020707,gov
MA0101202409A0192804,맘스꼬마김밥,,I2,음식,I210,기타 간이,I21007,김밥/만두/분식,I56194,김밥 및 기타 간이 음식점업,30,대전광역시,30170,서구,30170640,둔산2동,3017011200,둔산동,3017011200110040000,1,대지,1004,,대전광역시 서구 둔산동 1004,301704298325,대전광역시 서구 둔산로31번길,56,,3017011200110040000020456,,대전광역시 서구 둔산로31번길 56,302828,35229,,1,,127.377756386715,36.3542563020707,gov
MA010120220804047841,탑텐키즈이마트,둔산점,G2,소매,G209,섬유·의복·신발 소매,G20903,유아용 의류 소매업,G47417,유아용 의류 소매업,30,대전광역시,30170,서구,30170640,둔산2동,3017011200,둔산동,3017011200109590002,1,대지,959,2,대전광역시 서구 둔산동 959-2,301703166020,대전광역시 서구 둔산북로,41,,3017011200109590000020655,대전둔산이마트,대전광역시 서구 둔산북로 41,302828,35229,,2,,127.37776666297,36.3563830409352,gov
MA010120220805609949,송사부수제쌀고로케이마트,둔산점,I2,음식,I210,기타 간이,I21001,빵/도넛,I56199,간이 음식 포장 판매 전문점,30,대전광역시,30170,서구,30170640,둔산2동,3017011200,둔산동,3017011200109590002,1,대지,959,2,대전광역시 서구 둔산동 959-2,301703166020,대전광역시 서구 둔산북로,41,,3017011200109590000020655,대전둔산이마트,대전광역시 서구 둔산북로 41,302828,35229,,1,,127.37776666297,36.3563830409352,gov
MA0101202211A0064922,아모레퍼시픽,,G2,소매,G215,의약·화장품 소매,G21503,화장품 소매업,G47813,"화장품, 비누 및 방향제 소매업",30,대전광역시,30170,서구,30170640,둔산2동,3017011200,둔산동,3017011200109590002,1,대지,959,2,대전광역시 서구 둔산동 959-2,301703166020,대전광역시 서구 둔산북로,41,,3017011200109590000020655,이마트,대전광역시 서구 둔산북로 41,302828,35229,,2,,127.37776666297,36.3563830409352,gov
MA0106202201A0563452,이마트,둔산점,G2,소매,G204,종합 소매,G20404,슈퍼마켓,G47121,슈퍼마켓,30,대전광역시,30170,서구,30170640,둔산2동,3017011200,둔산동,3017011200109590002,1,대지,959,2,대전광역시 서구 둔산동 959-2,301703166020,대전광역시 서구 둔산북로,41,,3017011200109590000020655,,대전광역시 서구 둔산북로 41,302828,35229,,,,127.37776666297,36.3563830409352,gov
MA0106202401A0904156,한울에프앤에스이마트,둔산점,G2,소매,G221,기타 상품 소매,G22199,그 외 기타 상품 전문 소매업,G47859,그 외 기타 분류 안된 상품 전문 소매업,30,대전광역시,30170,서구,30170640,둔산2동,3017011200,둔산동,3017011200109590002,1,대지,959,2,대전광역시 서구 둔산동 959-2,301703166020,대전광역시 서구 둔산북로,41,,3017011200109590000020655,,대전광역시 서구 둔산북로 41,302828,35229,,,,127.37776666297,36.3563830409352,gov
MA0101202306A0041457,안경매니져이마트,둔산점,G2,소매,G216,안경·정밀기기 소매,G21602,안경렌즈 소매업,G47822,안경 및 렌즈 소매업,30,대전광역시,30170,서구,30170640,둔산2동,3017011200,둔산동,3017011200109590002,1,대지,959,2,대전광역시 서구 둔산동 959-2,301703166020,대전광역시 서구 둔산북로,41,,3017011200109590000020655,대전둔산이마트,대전광역시 서구 둔산북로 41,302828,35229,,3,,127.37776666297,36.3563830409352,gov
MA010120220807415740,박승철헤어스투디오대전둔산,이마트점,S2,수리·개인,S207,이용·미용,S20701,미용실,S96112,두발 미용업,30,대전광역시,30170,서구,30170640,둔산2동,3017011200,둔산동,3017011200109590002,1,대지,959,2,대전광역시 서구 둔산동 959-2,301703166020,대전광역시 서구 둔산북로,41,,3017011200109590000020655,대전둔산이마트,대전광역시 서구 둔산북로 41,302828,35229,,3,,127.37776666297,36.3563830409352,gov
MA010120220806256567,세계항공여행사주,,N1,시설관리·임대,N105,여행사·보조,N10501,여행사,N75210,여행사업,30,대전광역시,30170,서구,30170640,둔산2동,3017011200,둔산동,3017011200109590002,1,대지,959,2,대전광역시 서구 둔산동 959-2,301703166020,대전광역시 서구 둔산북로,41,,3017011200109590000020655,대전둔산이마트,대전광역시 서구 둔산북로 41,302828,35229,,3,,127.37776666297,36.3563830409352,gov
MA0101202302A0070843,둔산이마트탑텐밸런스,,G2,소매,G209,섬유·의복·신발 소매,G20901,남성 의류 소매업,G47411,남자용 겉옷 소매업,30,대전광역시,30170,서구,30170640,둔산2동,3017011200,둔산동,3017011200109590002,1,대지,959,2,대전광역시 서구 둔산동 959-2,301703166020,대전광역시 서구 둔산북로,41,,3017011200109590000020655,대전둔산이마트,대전광역시 서구 둔산북로 41,302828,35229,,2,,127.37776666297,36.3563830409352,gov
MA010120220807879715,바닐라잼,,G2,소매,G217,시계·귀금속 소매,G21701,시계/귀금속 소매업,G47830,시계 및 귀금속 소매업,30,대전광역시,30170,서구,30170640,둔산2동,3017011200,둔산동,3017011200109590002,1,대지,959,2,대전광역시 서구 둔산동 959-2,301703166020,대전광역시 서구 둔산북로,41,,3017011200109590000020655,대전둔산이마트,대전광역시 서구 둔산북로 41,302828,35229,,1,,127.37776666297,36.3563830409352,gov
MA010120220806224393,둔산이마트허쉬파피,,G2,소매,G209,섬유·의복·신발 소매,G20910,신발 소매업,G47430,신발 소매업,30,대전광역시,30170,서구,30170640,둔산2동,3017011200,둔산동,3017011200109590002,1,대지,959,2,대전광역시 서구 둔산동 959-2,301703166020,대전광역시 서구 둔산북로,41,,3017011200109590000020655,대전둔산이마트,대전광역시 서구 둔산북로 41,302828,35229,,3,,127.37776666297,36.3563830409352,gov
MA010120220806251186,네오에프앤시주,둔산지점,I2,음식,I210,기타 간이,I21099,그 외 기타 간이 음식점,I56199,간이 음식 포장 판매 전문점,30,대전광역시,30170,서구,30170640,둔산2동,3017011200,둔산동,3017011200109590002,1,대지,959,2,대전광역시 서구 둔산동 959-2,301703166020,대전광역시 서구 둔산북로,41,,3017011200109590000020655,,대전광역시 서구 둔산북로 41,302828,35229,,1,,127.37776666297,36.3563830409352,gov
MA010120220806225826,아가방둔산이마트,,G2,소매,G209,섬유·의복·신발 소매,G20903,유아용 의류 소매업,G47417,유아용 의류 소매업,30,대전광역시,30170,서구,30170640,둔산2동,3017011200,둔산동,3017011200109590002,1,대지,959,2,대전광역시 서구 둔산동 959-2,301703166020,대전광역시 서구 둔산북로,41,,3017011200109590000020655,둔산이마트,대전광역시 서구 둔산북로 41,302828,35229,,3,,127.37776666297,36.3563830409352,gov
MA010120220812096344,뉴월드트래블,,N1,시설관리·임대,N105,여행사·보조,N10501,여행사,N75210,여행사업,30,대전광역시,30170,서구,30170640,둔산2동,3017011200,둔산동,3017011200109590002,1,대지,959,2,대전광역시 서구 둔산동 959-2,301703166020,대전광역시 서구 둔산북로,41,,3017011200109590000020655,대전둔산이마트,대전광역시 서구 둔산북로 41,302828,35229,,3,,127.37776666297,36.3563830409352,gov
MA010120220805210101,이디야,둔산점,I2,음식,I212,비알코올 ,I21201,카페,I56221,커피 전문점,30,대전광역시,30170,서구,30170640,둔산2동,3017011200,둔산동,3017011200109590002,1,대지,959,2,대전광역시 서구 둔산동 959-2,301703166020,대전광역시 서구 둔산북로,41,,3017011200109590000020655,,대전광역시 서구 둔산북로 41,302828,35229,,3,,127.37776666297,36.3563830409352,gov
MA010120220806215896,마더스약국,,G2,소매,G215,의약·화장품 소매,G21501,약국,G47811,의약품 및 의료용품 소매업,30,대전광역시,30170,서구,30170640,둔산2동,3017011200,둔산동,3017011200109610000,1,대지,961,,대전광역시 서구 둔산동 961,301703166020,대전광역시 서구 둔산북로,41,,3017011200109590000020655,이마트,대전광역시 서구 둔산북로 41,302828,35229,,3,,127.37776666297,36.3563830409352,gov
MA010120220803029979,레드페이스,,G2,소매,G209,섬유·의복·신발 소매,G20905,기타 의류 소매업,G47419,기타 의복 소매업,30,대전광역시,30170,서구,30170640,둔산2동,3017011200,둔산동,3017011200109590002,1,대지,959,2,대전광역시 서구 둔산동 959-2,301703166020,대전광역시 서구 둔산북로,41,,3017011200109590000020655,이마트,대전광역시 서구 둔산북로 41,302828,35229,,3,,127.37776666297,36.3563830409352,gov
MA010120220803182420,베스킨라빈스31,둔산점,I2,음식,I210,기타 간이,I21008,아이스크림/빙수,I56194,김밥 및 기타 간이 음식점업,30,대전광역시,30170,서구,30170640,둔산2동,3017011200,둔산동,3017011200109590002,1,대지,959,2,대전광역시 서구 둔산동 959-2,301703166020,대전광역시 서구 둔산북로,41,,3017011200109590000020655,대전둔산이마트,대전광역시 서구 둔산북로 41,302828,35229,,1,,127.37776666297,36.3563830409352,gov
MA010120220808498600,이마트둔산,꽃송이점,G2,소매,G215,의약·화장품 소매,G21503,화장품 소매업,G47813,"화장품, 비누 및 방향제 소매업",30,대전광역시,30170,서구,30170640,둔산2동,3017011200,둔산동,3017011200109590000,1,대지,959,,대전광역시 서구 둔산동 959,301703166020,대전광역시 서구 둔산북로,41,,3017011200109590000020655,대전둔산이마트,대전광역시 서구 둔산북로 41,302828,35229,,2,,127.37776666297,36.3563830409352,gov
MA010120220806238062,이마트휠라인티모,둔산점,G2,소매,G209,섬유·의복·신발 소매,G20905,기타 의류 소매업,G47413,속옷 및 잠옷 소매업,30,대전광역시,30170,서구,30170640,둔산2동,3017011200,둔산동,3017011200109590002,1,대지,959,2,대전광역시 서구 둔산동 959-2,301703166020,대전광역시 서구 둔산북로,41,,3017011200109590000020655,대전둔산이마트,대전광역시 서구 둔산북로 41,302828,35229,,3,,127.37776666297,36.3563830409352,gov
MA010120220806248229,월드트래블서비스주,,N1,시설관리·임대,N105,여행사·보조,N10501,여행사,N75210,여행사업,30,대전광역시,30170,서구,30170640,둔산2동,3017011200,둔산동,3017011200109590002,1,대지,959,2,대전광역시 서구 둔산동 959-2,301703166020,대전광역시 서구 둔산북로,41,,3017011200109590000020655,이마트,대전광역시 서구 둔산북로 41,302828,35229,,3,,127.37776666297,36.3563830409352,gov
MA0101202406A0224761,전국열쇠이마트,둔산점,G2,소매,G213,오락용품 소매,G21302,문구/회화용품 소매업,G47612,문구용품 및 회화용품 소매업,30,대전광역시,30170,서구,30170640,둔산2동,3017011200,둔산동,3017011200109590002,1,대지,959,2,대전광역시 서구 둔산동 959-2,301703166020,대전광역시 서구 둔산북로,41,,3017011200109590000020655,대전둔산이마트,대전광역시 서구 둔산북로 41,302828,35229,,3,,127.37776666297,36.3563830409352,gov
MA0101202406A0050335,카페하이리,,I2,음식,I204,서양식,I20401,경양식,I56123,서양식 음식점업,30,대전광역시,30170,서구,30170640,둔산2동,3017011200,둔산동,3017011200110020000,1,대지,1002,,대전광역시 서구 둔산동 1002,301704298325,대전광역시 서구 둔산로31번길,66,,3017011200110020000019662,,대전광역시 서구 둔산로31번길 66,302828,35229,,1,,127.377802952814,36.3546706950867,gov
MA010120220812182233,둔산스포츠센타,,R1,예술·스포츠,R103,스포츠 서비스,R10310,당구장,R91139,그 외 기타 스포츠시설 운영업,30,대전광역시,30170,서구,30170640,둔산2동,3017011200,둔산동,3017011200110020000,1,대지,1002,,대전광역시 서구 둔산동 1002,301704298325,대전광역시 서구 둔산로31번길,66,,3017011200110020000019662,다송빌딩,대전광역시 서구 둔산로31번길 66,302828,35229,,,,127.377802952814,36.3546706950867,gov
MA010120220803133510,상무초밥둔산,직영점,I2,음식,I203,일식,I20301,일식 회/초밥,I56122,일식 음식점업,30,대전광역시,30170,서구,30170640,둔산2동,3017011200,둔산동,3017011200110020000,1,대지,1002,,대전광역시 서구 둔산동 1002,301704298325,대전광역시 서구 둔산로31번길,66,,3017011200110020000019662,,대전광역시 서구 둔산로31번길 66,302828,35229,,1,,127.377802952814,36.3546706950867,gov
MA010120220806219879,아름다운차이,,G2,소매,G215,의약·화장품 소매,G21503,화장품 소매업,G47813,"화장품, 비누 및 방향제 소매업",30,대전광역시,30170,서구,30170640,둔산2동,3017011200,둔산동,3017011200110020000,1,대지,1002,,대전광역시 서구 둔산동 1002,301704298325,대전광역시 서구 둔산로31번길,66,,3017011200110020000019662,다송빌딩,대전광역시 서구 둔산로31번길 66,302828,35229,,2,,127.377802952814,36.3546706950867,gov
MA010120220814249001,치킨플러스,둔산점,I2,음식,I210,기타 간이,I21006,치킨,I56193,치킨 전문점,30,대전광역시,30170,서구,30170640,둔산2동,3017011200,둔산동,3017011200110020000,1,대지,1002,,대전광역시 서구 둔산동 1002,301704298325,대전광역시 서구 둔산로31번길,66,,3017011200110020000019662,,대전광역시 서구 둔산로31번길 66,302828,35229,,2,,127.377802952814,36.3546706950867,gov
MA010120220803719939,오투,,I2,음식,I211,주점,I21104,요리 주점,I56219,기타 주점업,30,대전광역시,30170,서구,30170640,둔산2동,3017011200,둔산동,3017011200110020000,1,대지,1002,,대전광역시 서구 둔산동 1002,301704298325,대전광역시 서구 둔산로31번길,66,,3017011200110020000019662,,대전광역시 서구 둔산로31번길 66,302828,35229,,3,,127.377802952814,36.3546706950867,gov
MA0101202209A0047409,백담김치찜,서구점,I2,음식,I201,한식,I20102,국/탕/찌개류,I56111,한식 일반 음식점업,30,대전광역시,30170,서구,30170640,둔산2동,3017011200,둔산동,3017011200110020000,1,대지,1002,,대전광역시 서구 둔산동 1002,301704298325,대전광역시 서구 둔산로31번길,66,,3017011200110020000019662,내일부호,대전광역시 서구 둔산로31번길 66,302828,35229,,2,,127.377802952814,36.3546706950867,gov
MA010120220806193614,미소바디앤스킨케어,,S2,수리·개인,S207,이용·미용,S20702,피부 관리실,S96113,피부 미용업,30,대전광역시,30170,서구,30170640,둔산2동,3017011200,둔산동,3017011200110020000,1,대지,1002,,대전광역시 서구 둔산동 1002,301704298325,대전광역시 서구 둔산로31번길,66,,3017011200110020000019662,다송빌딩,대전광역시 서구 둔산로31번길 66,302828,35229,,,,127.377802952814,36.3546706950867,gov
MA010120220801145940,바운스테니스샵,,G2,소매,G213,오락용품 소매,G21304,운동용품 소매업,G47631,운동 및 경기용품 소매업,30,대전광역시,30170,서구,30170640,둔산2동,3017011200,둔산동,3017011200110020000,1,대지,1002,,대전광역시 서구 둔산동 1002,301704298325,대전광역시 서구 둔산로31번길,66,,3017011200110020000019662,,대전광역시 서구 둔산로31번길 66,302828,35229,,8,,127.377802952814,36.3546706950867,gov
MA0101202604A0057022,준코뮤직타운대전,둔산점,I2,음식,I211,주점,I21104,요리 주점,I56219,기타 주점업,30,대전광역시,30170,서구,30170640,둔산2동,3017011200,둔산동,3017011200110020000,1,대지,1002,,대전광역시 서구 둔산동 1002,301704298325,대전광역시 서구 둔산로31번길,66,,3017011200110020000019662,,대전광역시 서구 둔산로31번길 66,302828,35229,,3,,127.377802952814,36.3546706950867,gov
MA0101202507A0036179,둔산스포츠테니스센터,,R1,예술·스포츠,R103,스포츠 서비스,R10312,테니스장,R91139,그 외 기타 스포츠시설 운영업,30,대전광역시,30170,서구,30170640,둔산2동,3017011200,둔산동,3017011200110020000,1,대지,1002,,대전광역시 서구 둔산동 1002,301704298325,대전광역시 서구 둔산로31번길,66,,3017011200110020000019662,다송빌딩,대전광역시 서구 둔산로31번길 66,302828,35229,,6,,127.377802952814,36.3546706950867,gov
MA0101202410A0480413,맥스,,P1,교육,P105,일반 교육,P10501,입시·교과학원,P85501,일반 교과학원,30,대전광역시,30170,서구,30170640,둔산2동,3017011200,둔산동,3017011200110020000,1,대지,1002,,대전광역시 서구 둔산동 1002,301704298325,대전광역시 서구 둔산로31번길,66,,3017011200110020000019662,둔산동,대전광역시 서구 둔산로31번길 66,302828,35229,,4,,127.377802952814,36.3546706950867,gov
MA010120220806398529,혼밥혼술&,인생치킨,I2,음식,I210,기타 간이,I21006,치킨,I56111,한식 일반 음식점업,30,대전광역시,30170,서구,30170640,둔산2동,3017011200,둔산동,3017011200110030000,1,대지,1003,,대전광역시 서구 둔산동 1003,301704298325,대전광역시 서구 둔산로31번길,62,,3017011200110030000019733,,대전광역시 서구 둔산로31번길 62,302828,35229,,2,,127.37781330974,36.3545084509462,gov
MA0101202409A0227775,솔솥대전,둔산점,I2,음식,I201,한식,I20101,백반/한정식,I56111,한식 일반 음식점업,30,대전광역시,30170,서구,30170640,둔산2동,3017011200,둔산동,3017011200110030000,1,대지,1003,,대전광역시 서구 둔산동 1003,301704298325,대전광역시 서구 둔산로31번길,62,,3017011200110030000019733,일부호,대전광역시 서구 둔산로31번길 62,302828,35229,,1,,127.37781330974,36.3545084509462,gov
MA0101202310A0076654,봉자막창대전,둔산점,I2,음식,I201,한식,I20109,곱창 전골/구이,I56113,한식 육류 요리 전문점,30,대전광역시,30170,서구,30170640,둔산2동,3017011200,둔산동,3017011200110010000,1,대지,1001,,대전광역시 서구 둔산동 1001,301704298325,대전광역시 서구 둔산로31번길,72,,3017011200110010000020021,,대전광역시 서구 둔산로31번길 72,302828,35229,,,,127.377815051681,36.3548689151965,gov
MA010120220812225442,위어스,,M1,과학·기술,M105,광고,M10599,기타 광고 관련 서비스업,M71399,그 외 기타 광고 관련 서비스업,30,대전광역시,30170,서구,30170640,둔산2동,3017011200,둔산동,3017011200110010000,1,대지,1001,,대전광역시 서구 둔산동 1001,301704298325,대전광역시 서구 둔산로31번길,72,,3017011200110010000020021,홀리뷰빌딩,대전광역시 서구 둔산로31번길 72,302828,35229,,5,,127.377815051681,36.3548689151965,gov
MA010120220813883090,브라보노래주점,,I2,음식,I211,주점,I21104,요리 주점,I56219,기타 주점업,30,대전광역시,30170,서구,30170640,둔산2동,3017011200,둔산동,3017011200110010000,1,대지,1001,,대전광역시 서구 둔산동 1001,301704298325,대전광역시 서구 둔산로31번길,72,,3017011200110010000020021,,대전광역시 서구 둔산로31번길 72,302828,35229,,2,,127.377815051681,36.3548689151965,gov
MA0101202307A0004196,리딩터틀잉글리시,,P1,교육,P105,일반 교육,P10501,입시·교과학원,P85501,일반 교과학원,30,대전광역시,30170,서구,30170640,둔산2동,3017011200,둔산동,3017011200110010000,1,대지,1001,,대전광역시 서구 둔산동 1001,301704298325,대전광역시 서구 둔산로31번길,72,,3017011200110010000020021,,대전광역시 서구 둔산로31번길 72,302828,35229,,8,,127.377815051681,36.3548689151965,gov
MA0101202302A0027360,둔산정든밥,,I2,음식,I201,한식,I20101,백반/한정식,I56111,한식 일반 음식점업,30,대전광역시,30170,서구,30170640,둔산2동,3017011200,둔산동,3017011200110010000,1,대지,1001,,대전광역시 서구 둔산동 1001,301704298325,대전광역시 서구 둔산로31번길,72,,3017011200110010000020021,,대전광역시 서구 둔산로31번길 72,302828,35229,,1,,127.377815051681,36.3548689151965,gov
MA010120220812171647,브라보노래연습장,,R1,예술·스포츠,R104,유원지·오락,R10407,노래방,R91223,노래 연습장 운영업,30,대전광역시,30170,서구,30170640,둔산2동,3017011200,둔산동,3017011200110010000,1,대지,1001,,대전광역시 서구 둔산동 1001,301704298325,대전광역시 서구 둔산로31번길,72,,3017011200110010000020021,,대전광역시 서구 둔산로31번길 72,302828,35229,,2,,127.377815051681,36.3548689151965,gov
MA010120220811897827,죠나스커피,,I2,음식,I212,비알코올 ,I21201,카페,I56221,커피 전문점,30,대전광역시,30170,서구,30170640,둔산2동,3017011200,둔산동,3017011200110010000,1,대지,1001,,대전광역시 서구 둔산동 1001,301704298325,대전광역시 서구 둔산로31번길,72,,3017011200110010000020021,,대전광역시 서구 둔산로31번길 72,302828,35229,,9,,127.377815051681,36.3548689151965,gov
MA010120220806252024,인지어스대전지사,,N1,시설관리·임대,N104,고용 알선,N10401,고용 알선업,M71531,경영 컨설팅업,30,대전광역시,30170,서구,30170640,둔산2동,3017011200,둔산동,3017011200110010000,1,대지,1001,,대전광역시 서구 둔산동 1001,301704298325,대전광역시 서구 둔산로31번길,72,,3017011200110010000020021,홀리뷰빌딩,대전광역시 서구 둔산로31번길 72,302828,35229,,7,,127.377815051681,36.3548689151965,gov
MA010120220812841853,유앤유헤어살롱,,S2,수리·개인,S207,이용·미용,S20701,미용실,S96112,두발 미용업,30,대전광역시,30170,서구,30170640,둔산2동,3017011200,둔산동,3017011200110010000,1,대지,1001,,대전광역시 서구 둔산동 1001,301704298325,대전광역시 서구 둔산로31번길,72,,3017011200110010000020021,,대전광역시 서구 둔산로31번길 72,302828,35229,,,,127.377815051681,36.3548689151965,gov
MA010120220805859677,동정보이차,,G2,소매,G205,식료품 소매,G20509,반찬/식료품 소매업,G47218,조리 반찬류 소매업,30,대전광역시,30170,서구,30170640,둔산2동,3017011200,둔산동,3017011200110010000,1,대지,1001,,대전광역시 서구 둔산동 1001,301704298325,대전광역시 서구 둔산로31번길,72,,3017011200110010000020021,홀리뷰빌딩,대전광역시 서구 둔산로31번길 72,302828,35229,,6,,127.377815051681,36.3548689151965,gov
MA010120220810570033,팔로우샵,,S2,수리·개인,S207,이용·미용,S20703,네일숍,S96119,기타 미용업,30,대전광역시,30170,서구,30170640,둔산2동,3017011200,둔산동,3017011200110010000,1,대지,1001,,대전광역시 서구 둔산동 1001,301704298325,대전광역시 서구 둔산로31번길,72,,3017011200110010000020021,일부호,대전광역시 서구 둔산로31번길 72,302828,35229,,,,127.377815051681,36.3548689151965,gov
MA0101202603A0042670,픽베이크,둔산점,I2,음식,I212,비알코올 ,I21201,카페,I56221,커피 전문점,30,대전광역시,30170,서구,30170640,둔산2동,3017011200,둔산동,3017011200110010000,1,대지,1001,,대전광역시 서구 둔산동 1001,301704298325,대전광역시 서구 둔산로31번길,72,,3017011200110010000020021,,대전광역시 서구 둔산로31번길 72,302828,35229,,1,,127.377815051681,36.3548689151965,gov
MA0101202502A0069999,인생뮤직학원,,P1,교육,P106,기타 교육,P10609,음악학원,P85621,음악학원,30,대전광역시,30170,서구,30170640,둔산2동,3017011200,둔산동,3017011200110010000,1,대지,1001,,대전광역시 서구 둔산동 1001,301704298325,대전광역시 서구 둔산로31번길,72,,3017011200110010000020021,홀리뷰빌딩,대전광역시 서구 둔산로31번길 72,302828,35229,,5,,127.377815051681,36.3548689151965,gov
MA0101202506A0016458,파머스포케대전,둔산점,I2,음식,I201,한식,I20101,백반/한정식,I56111,한식 일반 음식점업,30,대전광역시,30170,서구,30170640,둔산2동,3017011200,둔산동,3017011200110010000,1,대지,1001,,대전광역시 서구 둔산동 1001,301704298325,대전광역시 서구 둔산로31번길,72,,3017011200110010000020021,일부호,대전광역시 서구 둔산로31번길 72,302828,35229,,1,,127.377815051681,36.3548689151965,gov
MA0101202409A0093817,대전앙마,,G2,소매,G209,섬유·의복·신발 소매,G20907,액세서리/잡화 소매업,G47422,의복 액세서리 및 모조 장신구 소매업,30,대전광역시,30170,서구,30170640,둔산2동,3017011200,둔산동,3017011200109660000,1,대지,966,,대전광역시 서구 둔산동 966,301704298180,대전광역시 서구 대덕대로249번길,30,,3017011200109660000020869,,대전광역시 서구 대덕대로249번길 30,302828,35229,,1,,127.377817054951,36.3552834490573,gov
MA010120220809270616,지에스25둔산,제일점,G2,소매,G204,종합 소매,G20405,편의점,G47122,체인화 편의점,30,대전광역시,30170,서구,30170640,둔산2동,3017011200,둔산동,3017011200109660000,1,대지,966,,대전광역시 서구 둔산동 966,301704298180,대전광역시 서구 대덕대로249번길,30,,3017011200109660000020869,,대전광역시 서구 대덕대로249번길 30,302828,35229,,1,,127.377817054951,36.3552834490573,gov
MA010120220806226700,애니,,G2,소매,G209,섬유·의복·신발 소매,G20905,기타 의류 소매업,G47414,셔츠 및 블라우스 소매업,30,대전광역시,30170,서구,30170640,둔산2동,3017011200,둔산동,3017011200109660000,1,대지,966,,대전광역시 서구 둔산동 966,301704298180,대전광역시 서구 대덕대로249번길,30,,3017011200109660000020869,BESTPLC,대전광역시 서구 대덕대로249번길 30,302828,35229,,,,127.377817054951,36.3552834490573,gov
MA010120220806195436,M트레이닝센터,,R1,예술·스포츠,R103,스포츠 서비스,R10307,헬스장,R91132,체력 단련시설 운영업,30,대전광역시,30170,서구,30170640,둔산2동,3017011200,둔산동,3017011200109660000,1,대지,966,,대전광역시 서구 둔산동 966,301704298180,대전광역시 서구 대덕대로249번길,30,,3017011200109660000020869,PLC빌딩,대전광역시 서구 대덕대로249번길 30,302828,35229,,7,,127.377817054951,36.3552834490573,gov
MA010120220806187598,MD,,G2,소매,G215,의약·화장품 소매,G21503,화장품 소매업,G47813,"화장품, 비누 및 방향제 소매업",30,대전광역시,30170,서구,30170640,둔산2동,3017011200,둔산동,3017011200109660000,1,대지,966,,대전광역시 서구 둔산동 966,301704298180,대전광역시 서구 대덕대로249번길,30,,3017011200109660000020869,,대전광역시 서구 대덕대로249번길 30,302828,35229,,,,127.377817054951,36.3552834490573,gov
MA0101202508A0027184,시옷기역삐읍대전,둔산점,I2,음식,I210,기타 간이,I21001,빵/도넛,I56191,제과점업,30,대전광역시,30170,서구,30170640,둔산2동,3017011200,둔산동,3017011200109660000,1,대지,966,,대전광역시 서구 둔산동 966,301704298180,대전광역시 서구 대덕대로249번길,30,,3017011200109660000020869,일부호,대전광역시 서구 대덕대로249번길 30,302828,35229,,1,,127.377817054951,36.3552834490573,gov
MA0101202501A0008413,드림커머스,,G2,소매,G213,오락용품 소매,G21301,서점,G47611,"서적, 신문 및 잡지류 소매업",30,대전광역시,30170,서구,30170640,둔산2동,3017011200,둔산동,3017011200109660000,1,대지,966,,대전광역시 서구 둔산동 966,301704298180,대전광역시 서구 대덕대로249번길,30,,3017011200109660000020869,베스트PLC빌딩,대전광역시 서구 대덕대로249번길 30,302828,35229,,4,,127.377817054951,36.3552834490573,gov
MA010120220806204401,드림애드,,M1,과학·기술,M105,광고,M10504,광고물 설계/제작업,M71393,"광고물 문안, 도안, 설계 등 작성업",30,대전광역시,30170,서구,30170640,둔산2동,3017011200,둔산동,3017011200109660000,1,대지,966,,대전광역시 서구 둔산동 966,301704298180,대전광역시 서구 대덕대로249번길,30,,3017011200109660000020869,제,대전광역시 서구 대덕대로249번길 30,302828,35229,,4,,127.377817054951,36.3552834490573,gov
MA010120220804330553,바른생각병원,,Q1,보건의료,Q101,병원,Q10102,일반병원,Q86102,일반병원,30,대전광역시,30170,서구,30170587,월평2동,3017011300,월평동,3017011300102820003,1,대지,282,3,대전광역시 서구 월평동 282-3,301703166051,대전광역시 서구 청사로,128,,3017011300102820003000001,,대전광역시 서구 청사로 128,302847,35220,,8,,127.377859503538,36.3594557504063,gov
MA0101202406A0437131,소바카츠,월평선사점,I2,음식,I203,일식,I20303,일식 면 요리,I56122,일식 음식점업,30,대전광역시,30170,서구,30170587,월평2동,3017011300,월평동,3017011300102820003,1,대지,282,3,대전광역시 서구 월평동 282-3,301703166051,대전광역시 서구 청사로,128,,3017011300102820003000001,,대전광역시 서구 청사로 128,302847,35220,,1,,127.377859503538,36.3594557504063,gov
MA0101202305A0100562,투모어골프아카데미,,R1,예술·스포츠,R103,스포츠 서비스,R10311,골프 연습장,R91136,골프 연습장 운영업,30,대전광역시,30170,서구,30170587,월평2동,3017011300,월평동,3017011300102820003,1,대지,282,3,대전광역시 서구 월평동 282-3,301703166051,대전광역시 서구 청사로,128,,3017011300102820003000001,,대전광역시 서구 청사로 128,302847,35220,,11,,127.377859503538,36.3594557504063,gov
MA0101202302A0097590,투모어휘트니스월평,6호점,R1,예술·스포츠,R103,스포츠 서비스,R10307,헬스장,R91132,체력 단련시설 운영업,30,대전광역시,30170,서구,30170587,월평2동,3017011300,월평동,3017011300102820003,1,대지,282,3,대전광역시 서구 월평동 282-3,301703166051,대전광역시 서구 청사로,128,,3017011300102820003000001,,대전광역시 서구 청사로 128,302847,35220,,12,,127.377859503538,36.3594557504063,gov
MA010120220810799819,연선생,,I2,음식,I201,한식,I20101,백반/한정식,I56111,한식 일반 음식점업,30,대전광역시,30170,서구,30170587,월평2동,3017011300,월평동,3017011300102820003,1,대지,282,3,대전광역시 서구 월평동 282-3,301703166051,대전광역시 서구 청사로,128,,3017011300102820003000001,칼릭스빌딩,대전광역시 서구 청사로 128,302847,35220,,1,,127.377859503538,36.3594557504063,gov
MA010120220806415644,투썸플레이스,월평선사점,I2,음식,I212,비알코올 ,I21201,카페,I56221,커피 전문점,30,대전광역시,30170,서구,30170587,월평2동,3017011300,월평동,3017011300102820003,1,대지,282,3,대전광역시 서구 월평동 282-3,301703166051,대전광역시 서구 청사로,128,,3017011300102820003000001,칼릭스빌딩,대전광역시 서구 청사로 128,302847,35220,,,,127.377859503538,36.3594557504063,gov
MA010120220806241227,선사프라임약국,,G2,소매,G215,의약·화장품 소매,G21501,약국,G47811,의약품 및 의료용품 소매업,30,대전광역시,30170,서구,30170587,월평2동,3017011300,월평동,3017011300102820003,1,대지,282,3,대전광역시 서구 월평동 282-3,301703166051,대전광역시 서구 청사로,128,,3017011300102820003000001,칼릭스빌딩,대전광역시 서구 청사로 128,302847,35220,,,,127.377859503538,36.3594557504063,gov
MA010120220802784694,뉴그린수영장,,R1,예술·스포츠,R103,스포츠 서비스,R10308,수영장,R91133,수영장 운영업,30,대전광역시,30170,서구,30170587,월평2동,3017011300,월평동,3017011300102820003,1,대지,282,3,대전광역시 서구 월평동 282-3,301703166051,대전광역시 서구 청사로,128,,3017011300102820003000001,칼릭스빌딩,대전광역시 서구 청사로 128,302847,35220,,1,,127.377859503538,36.3594557504063,gov
MA0101202209A0064462,뚜레쥬르대전,월평선사점,I2,음식,I210,기타 간이,I21001,빵/도넛,I56191,제과점업,30,대전광역시,30170,서구,30170587,월평2동,3017011300,월평동,3017011300102820003,1,대지,282,3,대전광역시 서구 월평동 282-3,301703166051,대전광역시 서구 청사로,128,,3017011300102820003000001,칼릭스빌딩,대전광역시 서구 청사로 128,302847,35220,,1,,127.377859503538,36.3594557504063,gov
MA010120220805742771,미소본가스마일칼국수,,I2,음식,I201,한식,I20105,국수/칼국수,I56112,한식 면 요리 전문점,30,대전광역시,30170,서구,30170587,월평2동,3017011300,월평동,3017011300102820003,1,대지,282,3,대전광역시 서구 월평동 282-3,301703166051,대전광역시 서구 청사로,128,,3017011300102820003000001,,대전광역시 서구 청사로 128,302847,35220,,2,,127.377859503538,36.3594557504063,gov
MA010120220812096465,빅스타구조조정,,M1,과학·기술,M107,본사·경영 컨설팅,M10703,경영 컨설팅업,M71531,경영 컨설팅업,30,대전광역시,30170,서구,30170587,월평2동,3017011300,월평동,3017011300102820003,1,대지,282,3,대전광역시 서구 월평동 282-3,301703166051,대전광역시 서구 청사로,128,,3017011300102820003000001,,대전광역시 서구 청사로 128,302847,35220,,,,127.377859503538,36.3594557504063,gov
MA010120220808687940,엔도키친,,I2,음식,I201,한식,I20101,백반/한정식,I56111,한식 일반 음식점업,30,대전광역시,30170,서구,30170587,월평2동,3017011300,월평동,3017011300102820003,1,대지,282,3,대전광역시 서구 월평동 282-3,301703166051,대전광역시 서구 청사로,128,,3017011300102820003000001,,대전광역시 서구 청사로 128,302847,35220,,,,127.377859503538,36.3594557504063,gov
MA0101202410A0415771,필한방병원,,Q1,보건의료,Q101,병원,Q10104,한방병원,Q86104,한방병원,30,대전광역시,30170,서구,30170587,월평2동,3017011300,월평동,3017011300102820003,1,대지,282,3,대전광역시 서구 월평동 282-3,301703166051,대전광역시 서구 청사로,128,,3017011300102820003000001,,대전광역시 서구 청사로 128,302847,35220,,11,,127.377859503538,36.3594557504063,gov
MA010120220814297735,지에스25월평,스타점,G2,소매,G204,종합 소매,G20405,편의점,G47122,체인화 편의점,30,대전광역시,30170,서구,30170587,월평2동,3017011300,월평동,3017011300102820003,1,대지,282,3,대전광역시 서구 월평동 282-3,301703166051,대전광역시 서구 청사로,128,,3017011300102820003000001,,대전광역시 서구 청사로 128,302847,35220,,1,,127.377859503538,36.3594557504063,gov
MA0101202410A0840813,대전엔도내과의원,,Q1,보건의료,Q102,의원,Q10201,내과/소아과 의원,Q86201,일반의원,30,대전광역시,30170,서구,30170587,월평2동,3017011300,월평동,3017011300102820003,1,대지,282,3,대전광역시 서구 월평동 282-3,301703166051,대전광역시 서구 청사로,128,,3017011300102820003000001,,대전광역시 서구 청사로 128,302847,35220,,,,127.377859503538,36.3594557504063,gov
MA0101202410A0442644,대전로얄플란트치과의원,,Q1,보건의료,Q102,의원,Q10210,치과의원,Q86202,치과의원,30,대전광역시,30170,서구,30170587,월평2동,3017011300,월평동,3017011300102820003,1,대지,282,3,대전광역시 서구 월평동 282-3,301703166051,대전광역시 서구 청사로,128,,3017011300102820003000001,칼릭스,대전광역시 서구 청사로 128,302847,35220,,8,,127.377859503538,36.3594557504063,gov
MA010120220812055711,대해,,L1,부동산,L102,부동산 서비스,L10203,부동산 중개/대리업,L68221,부동산 중개 및 대리업,30,대전광역시,30170,서구,30170640,둔산2동,3017011200,둔산동,3017011200110220000,1,대지,1022,,대전광역시 서구 둔산동 1022,301704298178,대전광역시 서구 대덕대로241번길,20,,3017011200110220000019398,대전둔산빌딩,대전광역시 서구 대덕대로241번길 20,302828,35229,,5,,127.378270037816,36.354497994224,gov
MA010120220806724122,플라이,,M1,과학·기술,M105,광고,M10501,광고 대행업,M71310,광고 대행업,30,대전광역시,30170,서구,30170640,둔산2동,3017011200,둔산동,3017011200110220000,1,대지,1022,,대전광역시 서구 둔산동 1022,301704298178,대전광역시 서구 대덕대로241번길,20,,3017011200110220000019398,,대전광역시 서구 대덕대로241번길 20,302828,35229,,5,,127.378270037816,36.354497994224,gov
MA010120220806246605,대한도시개발,,L1,부동산,L102,부동산 서비스,L10203,부동산 중개/대리업,L68221,부동산 중개 및 대리업,30,대전광역시,30170,서구,30170640,둔산2동,3017011200,둔산동,3017011200110220000,1,대지,1022,,대전광역시 서구 둔산동 1022,301704298178,대전광역시 서구 대덕대로241번길,20,,3017011200110220000019398,,대전광역시 서구 대덕대로241번길 20,302828,35229,,5,,127.378270037816,36.354497994224,gov
MA010120220805183332,컴퓨터수리,,S2,수리·개인,S201,컴퓨터 수리,S20101,컴퓨터/노트북/프린터 수리업,S95110,컴퓨터 및 주변 기기 수리업,30,대전광역시,30170,서구,30170640,둔산2동,3017011200,둔산동,3017011200110220000,1,대지,1022,,대전광역시 서구 둔산동 1022,301704298178,대전광역시 서구 대덕대로241번길,20,,3017011200110220000019398,대전둔산빌딩,대전광역시 서구 대덕대로241번길 20,302828,35229,,5,,127.378270037816,36.354497994224,gov
MA010120220805999854,스튜디오모이다,대전지점,M1,과학·기술,M105,광고,M10501,광고 대행업,M71310,광고 대행업,30,대전광역시,30170,서구,30170640,둔산2동,3017011200,둔산동,3017011200110220000,1,대지,1022,,대전광역시 서구 둔산동 1022,301704298178,대전광역시 서구 대덕대로241번길,20,,3017011200110220000019398,,대전광역시 서구 대덕대로241번길 20,302828,35229,,,,127.378270037816,36.354497994224,gov
MA010120220814089724,프랜시스파커어학원,,P1,교육,P106,기타 교육,P10615,외국어학원,P85631,외국어학원,30,대전광역시,30170,서구,30170640,둔산2동,3017011200,둔산동,3017011200110220000,1,대지,1022,,대전광역시 서구 둔산동 1022,301704298178,대전광역시 서구 대덕대로241번길,20,,3017011200110220000019398,,대전광역시 서구 대덕대로241번길 20,302828,35229,,2,,127.378270037816,36.354497994224,gov
MA0101202305A0157930,팀씨이에프,,M1,과학·기술,M107,본사·경영 컨설팅,M10703,경영 컨설팅업,M71531,경영 컨설팅업,30,대전광역시,30170,서구,30170640,둔산2동,3017011200,둔산동,3017011200110220000,1,대지,1022,,대전광역시 서구 둔산동 1022,301704298178,대전광역시 서구 대덕대로241번길,20,,3017011200110220000019398,워크앤플레이,대전광역시 서구 대덕대로241번길 20,302828,35229,,,,127.378270037816,36.354497994224,gov
MA010120220806183194,mmNDAssociates,,M1,과학·기술,M112,전문 디자인,M11203,시각 디자인업,M73203,시각 디자인업,30,대전광역시,30170,서구,30170640,둔산2동,3017011200,둔산동,3017011200110220000,1,대지,1022,,대전광역시 서구 둔산동 1022,301704298178,대전광역시 서구 대덕대로241번길,20,,3017011200110220000019398,청남빌딩,대전광역시 서구 대덕대로241번길 20,302828,35229,,1,,127.378270037816,36.354497994224,gov
MA010120220812137197,용용클린세차,,S2,수리·개인,S203,자동차 수리·세차,S20302,자동차 세차장,S95213,자동차 세차업,30,대전광역시,30170,서구,30170640,둔산2동,3017011200,둔산동,3017011200110220000,1,대지,1022,,대전광역시 서구 둔산동 1022,301704298178,대전광역시 서구 대덕대로241번길,20,,3017011200110220000019398,대전둔산빌딩,대전광역시 서구 대덕대로241번길 20,302828,35229,,5,,127.378270037816,36.354497994224,gov
MA010120220802587001,헤어플로우,,S2,수리·개인,S207,이용·미용,S20701,미용실,S96112,두발 미용업,30,대전광역시,30170,서구,30170640,둔산2동,3017011200,둔산동,3017011200110220000,1,대지,1022,,대전광역시 서구 둔산동 1022,301704298178,대전광역시 서구 대덕대로241번길,20,,3017011200110220000019398,대전둔산빌딩,대전광역시 서구 대덕대로241번길 20,302828,35229,,,,127.378270037816,36.354497994224,gov
MA010120220804886937,노리노리대전서구,유성점,P1,교육,P106,기타 교육,P10629,그 외 기타 교육기관,P85699,그 외 기타 분류 안된 교육기관,30,대전광역시,30170,서구,30170640,둔산2동,3017011200,둔산동,3017011200110220000,1,대지,1022,,대전광역시 서구 둔산동 1022,301704298178,대전광역시 서구 대덕대로241번길,20,,3017011200110220000019398,청남빌딩,대전광역시 서구 대덕대로241번길 20,302828,35229,,5,,127.378270037816,36.354497994224,gov
MA010120220803379929,유아전기,,G2,소매,G212,기타 생활용품 소매,G21201,전기용품/조명장치 소매업,G47591,전기용품 및 조명장치 소매업,30,대전광역시,30170,서구,30170640,둔산2동,3017011200,둔산동,3017011200110220000,1,대지,1022,,대전광역시 서구 둔산동 1022,301704298178,대전광역시 서구 대덕대로241번길,20,,3017011200110220000019398,,대전광역시 서구 대덕대로241번길 20,302828,35229,,5,,127.378270037816,36.354497994224,gov
MA010120220808822169,더초이스법률사무소,,M1,과학·기술,M103,법무관련 ,M10301,변호사,M71101,변호사업,30,대전광역시,30170,서구,30170640,둔산2동,3017011200,둔산동,3017011200110220000,1,대지,1022,,대전광역시 서구 둔산동 1022,301704298178,대전광역시 서구 대덕대로241번길,20,,3017011200110220000019398,층대전둔산빌딩,대전광역시 서구 대덕대로241번길 20,302828,35229,,5,,127.378270037816,36.354497994224,gov
MA010120220807036486,덕성개발,,L1,부동산,L102,부동산 서비스,L10203,부동산 중개/대리업,L68221,부동산 중개 및 대리업,30,대전광역시,30170,서구,30170640,둔산2동,3017011200,둔산동,3017011200110220000,1,대지,1022,,대전광역시 서구 둔산동 1022,301704298178,대전광역시 서구 대덕대로241번길,20,,3017011200110220000019398,대전둔산빌딩,대전광역시 서구 대덕대로241번길 20,302828,35229,,5,,127.378270037816,36.354497994224,gov
MA010120220803530119,나홀로비즈니스스쿨,,M1,과학·기술,M107,본사·경영 컨설팅,M10703,경영 컨설팅업,M71531,경영 컨설팅업,30,대전광역시,30170,서구,30170640,둔산2동,3017011200,둔산동,3017011200110220000,1,대지,1022,,대전광역시 서구 둔산동 1022,301704298178,대전광역시 서구 대덕대로241번길,20,,3017011200110220000019398,,대전광역시 서구 대덕대로241번길 20,302828,35229,,5,,127.378270037816,36.354497994224,gov
MA010120220803388347,하상인행정사사무소,,M1,과학·기술,M103,법무관련 ,M10306,행정사,M71109,기타 법무관련 서비스업,30,대전광역시,30170,서구,30170640,둔산2동,3017011200,둔산동,3017011200110220000,1,대지,1022,,대전광역시 서구 둔산동 1022,301704298178,대전광역시 서구 대덕대로241번길,20,,3017011200110220000019398,대전둔산빌딩,대전광역시 서구 대덕대로241번길 20,302828,35229,,5,,127.378270037816,36.354497994224,gov
MA010120220803039259,규카츠정,둔산점,I2,음식,I203,일식,I20302,일식 카레/돈가스/덮밥,I56122,일식 음식점업,30,대전광역시,30170,서구,30170640,둔산2동,3017011200,둔산동,3017011200110220000,1,대지,1022,,대전광역시 서구 둔산동 1022,301704298178,대전광역시 서구 대덕대로241번길,20,,3017011200110220000019398,대전둔산빌딩,대전광역시 서구 대덕대로241번길 20,302828,35229,,1,,127.378270037816,36.354497994224,gov
MA010120220800549114,훈에듀케이션,,P1,교육,P106,기타 교육,P10605,레크리에이션 교육기관,P85613,레크리에이션 교육기관,30,대전광역시,30170,서구,30170640,둔산2동,3017011200,둔산동,3017011200110220000,1,대지,1022,,대전광역시 서구 둔산동 1022,301704298178,대전광역시 서구 대덕대로241번길,20,,3017011200110220000019398,대전둔산빌딩,대전광역시 서구 대덕대로241번길 20,302828,35229,,3,,127.378270037816,36.354497994224,gov
MA0101202209A0045543,고씨네푸드,,M1,과학·기술,M107,본사·경영 컨설팅,M10703,경영 컨설팅업,M71531,경영 컨설팅업,30,대전광역시,30170,서구,30170640,둔산2동,3017011200,둔산동,3017011200110220000,1,대지,1022,,대전광역시 서구 둔산동 1022,301704298178,대전광역시 서구 대덕대로241번길,20,,3017011200110220000019398,대전둔산빌딩,대전광역시 서구 대덕대로241번길 20,302828,35229,,5,,127.378270037816,36.354497994224,gov
MA010120220802982689,푸른청소,,N1,시설관리·임대,N102,청소·방제,N10201,건축물 일반 청소업,N74211,건축물 일반 청소업,30,대전광역시,30170,서구,30170640,둔산2동,3017011200,둔산동,3017011200110220000,1,대지,1022,,대전광역시 서구 둔산동 1022,301704298178,대전광역시 서구 대덕대로241번길,20,,3017011200110220000019398,,대전광역시 서구 대덕대로241번길 20,302828,35229,,5,,127.378270037816,36.354497994224,gov
MA010120220809884845,디버든,,M1,과학·기술,M112,전문 디자인,M11203,시각 디자인업,M73203,시각 디자인업,30,대전광역시,30170,서구,30170640,둔산2동,3017011200,둔산동,3017011200110220000,1,대지,1022,,대전광역시 서구 둔산동 1022,301704298178,대전광역시 서구 대덕대로241번길,20,,3017011200110220000019398,대전둔산빌딩,대전광역시 서구 대덕대로241번길 20,302828,35229,,,,127.378270037816,36.354497994224,gov
MA010120220811916555,공감사회적협동조합,,P1,교육,P106,기타 교육,P10629,그 외 기타 교육기관,P85699,그 외 기타 분류 안된 교육기관,30,대전광역시,30170,서구,30170640,둔산2동,3017011200,둔산동,3017011200110220000,1,대지,1022,,대전광역시 서구 둔산동 1022,301704298178,대전광역시 서구 대덕대로241번길,20,,3017011200110220000019398,청남빌딩,대전광역시 서구 대덕대로241번길 20,302828,35229,,5,,127.378270037816,36.354497994224,gov
MA010120220807488357,지안교육컨설팅,,P1,교육,P107,교육 지원,P10701,교육컨설팅업,P85701,교육관련 자문 및 평가업,30,대전광역시,30170,서구,30170640,둔산2동,3017011200,둔산동,3017011200110220000,1,대지,1022,,대전광역시 서구 둔산동 1022,301704298178,대전광역시 서구 대덕대로241번길,20,,3017011200110220000019398,대전둔산빌딩,대전광역시 서구 대덕대로241번길 20,302828,35229,,5,,127.378270037816,36.354497994224,gov
MA010120220813010286,더마인,,L1,부동산,L102,부동산 서비스,L10203,부동산 중개/대리업,L68221,부동산 중개 및 대리업,30,대전광역시,30170,서구,30170640,둔산2동,3017011200,둔산동,3017011200110220000,1,대지,1022,,대전광역시 서구 둔산동 1022,301704298178,대전광역시 서구 대덕대로241번길,20,,3017011200110220000019398,대전둔산빌딩,대전광역시 서구 대덕대로241번길 20,302828,35229,,5,,127.378270037816,36.354497994224,gov
MA010120220809704837,스튜디오에이트,,M1,과학·기술,M112,전문 디자인,M11203,시각 디자인업,M73203,시각 디자인업,30,대전광역시,30170,서구,30170640,둔산2동,3017011200,둔산동,3017011200110220000,1,대지,1022,,대전광역시 서구 둔산동 1022,301704298178,대전광역시 서구 대덕대로241번길,20,,3017011200110220000019398,대전둔산빌딩,대전광역시 서구 대덕대로241번길 20,302828,35229,,5,,127.378270037816,36.354497994224,gov
MA010120220805943200,리더스족부족관절연구회,,N1,시설관리·임대,N108,기타 사업 서비스,N10802,전시/컨벤션/행사 대행 서비스업,N75992,"전시, 컨벤션 및 행사 대행업",30,대전광역시,30170,서구,30170640,둔산2동,3017011200,둔산동,3017011200110220000,1,대지,1022,,대전광역시 서구 둔산동 1022,301704298178,대전광역시 서구 대덕대로241번길,20,,3017011200110220000019398,대전둔산빌딩,대전광역시 서구 대덕대로241번길 20,302828,35229,,5,,127.378270037816,36.354497994224,gov
MA0101202603A0036099,공유오피스워크앤플레이,,M1,과학·기술,M107,본사·경영 컨설팅,M10703,경영 컨설팅업,M71531,경영 컨설팅업,30,대전광역시,30170,서구,30170640,둔산2동,3017011200,둔산동,3017011200110220000,1,대지,1022,,대전광역시 서구 둔산동 1022,301704298178,대전광역시 서구 대덕대로241번길,20,,3017011200110220000019398,대전둔산빌딩,대전광역시 서구 대덕대로241번길 20,302828,35229,,,,127.378270037816,36.354497994224,gov
MA0101202509A0037560,법률사무소리인,,M1,과학·기술,M103,법무관련 ,M10301,변호사,M71101,변호사업,30,대전광역시,30170,서구,30170640,둔산2동,3017011200,둔산동,3017011200110220000,1,대지,1022,,대전광역시 서구 둔산동 1022,301704298178,대전광역시 서구 대덕대로241번길,20,,3017011200110220000019398,대전둔산빌딩,대전광역시 서구 대덕대로241번길 20,302828,35229,,5,,127.378270037816,36.354497994224,gov
MA0101202510A0025245,제이엔엠마케팅,,M1,과학·기술,M105,광고,M10501,광고 대행업,M71310,광고 대행업,30,대전광역시,30170,서구,30170640,둔산2동,3017011200,둔산동,3017011200110220000,1,대지,1022,,대전광역시 서구 둔산동 1022,301704298178,대전광역시 서구 대덕대로241번길,20,,3017011200110220000019398,,대전광역시 서구 대덕대로241번길 20,302828,35229,,5,,127.378270037816,36.354497994224,gov
MA0101202507A0008386,위드체인지,,P1,교육,P107,교육 지원,P10701,교육컨설팅업,P85701,교육관련 자문 및 평가업,30,대전광역시,30170,서구,30170640,둔산2동,3017011200,둔산동,3017011200110220000,1,대지,1022,,대전광역시 서구 둔산동 1022,301704298178,대전광역시 서구 대덕대로241번길,20,,3017011200110220000019398,대전둔산빌딩,대전광역시 서구 대덕대로241번길 20,302828,35229,,,,127.378270037816,36.354497994224,gov
MA0101202511A0022852,워크앤플레이스터디카페,,R1,예술·스포츠,R102,도서관·사적지,R10202,독서실/스터디 카페,R90212,독서실 운영업,30,대전광역시,30170,서구,30170640,둔산2동,3017011200,둔산동,3017011200110220000,1,대지,1022,,대전광역시 서구 둔산동 1022,301704298178,대전광역시 서구 대덕대로241번길,20,,3017011200110220000019398,대전둔산빌딩,대전광역시 서구 대덕대로241번길 20,302828,35229,,1,,127.378270037816,36.354497994224,gov
MA010120220803430537,해스라이프,,G2,소매,G212,기타 생활용품 소매,G21202,주방/가정용품 소매업,G47599,그 외 기타 분류 안된 가정용품 소매업,30,대전광역시,30170,서구,30170640,둔산2동,3017011200,둔산동,3017011200110220000,1,대지,1022,,대전광역시 서구 둔산동 1022,301704298178,대전광역시 서구 대덕대로241번길,20,,3017011200110220000019398,대전둔산빌딩,대전광역시 서구 대덕대로241번길 20,302828,35229,,5,,127.378270037816,36.354497994224,gov
MA0101202510A0024265,세무회계진율,,M1,과학·기술,M104,회계·세무,M10402,세무사,M71202,세무사업,30,대전광역시,30170,서구,30170640,둔산2동,3017011200,둔산동,3017011200110220000,1,대지,1022,,대전광역시 서구 둔산동 1022,301704298178,대전광역시 서구 대덕대로241번길,20,,3017011200110220000019398,대전둔산빌딩,대전광역시 서구 대덕대로241번길 20,302828,35229,,5,,127.378270037816,36.354497994224,gov
MA0101202509A0034476,무궁파트너스,,M1,과학·기술,M107,본사·경영 컨설팅,M10703,경영 컨설팅업,M71531,경영 컨설팅업,30,대전광역시,30170,서구,30170640,둔산2동,3017011200,둔산동,3017011200110220000,1,대지,1022,,대전광역시 서구 둔산동 1022,301704298178,대전광역시 서구 대덕대로241번길,20,,3017011200110220000019398,대전둔산빌딩,대전광역시 서구 대덕대로241번길 20,302828,35229,,5,,127.378270037816,36.354497994224,gov
MA0101202512A0025115,돈버는목소리연구소,,M1,과학·기술,M107,본사·경영 컨설팅,M10703,경영 컨설팅업,M71531,경영 컨설팅업,30,대전광역시,30170,서구,30170640,둔산2동,3017011200,둔산동,3017011200110220000,1,대지,1022,,대전광역시 서구 둔산동 1022,301704298178,대전광역시 서구 대덕대로241번길,20,,3017011200110220000019398,대전둔산빌딩,대전광역시 서구 대덕대로241번길 20,302828,35229,,5,,127.378270037816,36.354497994224,gov
MA010120220805005155,에이드포유,,M1,과학·기술,M103,법무관련 ,M10306,행정사,S96999,그 외 기타 달리 분류되지 않은 개인 서비스업,30,대전광역시,30170,서구,30170640,둔산2동,3017011200,둔산동,3017011200110220000,1,대지,1022,,대전광역시 서구 둔산동 1022,301704298178,대전광역시 서구 대덕대로241번길,20,,3017011200110220000019398,대전둔산빌딩,대전광역시 서구 대덕대로241번길 20,302828,35229,,1,,127.378270037816,36.354497994224,gov
MA0101202502A0008450,선인사이트,,M1,과학·기술,M107,본사·경영 컨설팅,M10703,경영 컨설팅업,M71531,경영 컨설팅업,30,대전광역시,30170,서구,30170640,둔산2동,3017011200,둔산동,3017011200110220000,1,대지,1022,,대전광역시 서구 둔산동 1022,301704298178,대전광역시 서구 대덕대로241번길,20,,3017011200110220000019398,대전둔산빌딩,대전광역시 서구 대덕대로241번길 20,302828,35229,,5,,127.378270037816,36.354497994224,gov
MA0101202406A0508166,미미칼국수,,I2,음식,I201,한식,I20105,국수/칼국수,I56111,한식 일반 음식점업,30,대전광역시,30170,서구,30170640,둔산2동,3017011200,둔산동,3017011200110230000,1,대지,1023,,대전광역시 서구 둔산동 1023,301704298180,대전광역시 서구 대덕대로249번길,15,,3017011200110230000020679,주차빌딩,대전광역시 서구 대덕대로249번길 15,302828,35229,,1,,127.378271345848,36.3547683424,gov
MA0101202406A0153977,타츠진우동,,I2,음식,I203,일식,I20303,일식 면 요리,I56122,일식 음식점업,30,대전광역시,30170,서구,30170640,둔산2동,3017011200,둔산동,3017011200110230000,1,대지,1023,,대전광역시 서구 둔산동 1023,301704298180,대전광역시 서구 대덕대로249번길,15,,3017011200110230000020679,주차빌딩,대전광역시 서구 대덕대로249번길 15,302828,35229,,1,,127.378271345848,36.3547683424,gov
MA0101202308A0012363,이연에프엔씨한촌설렁탕대전,둔산점,I2,음식,I201,한식,I20102,국/탕/찌개류,I56111,한식 일반 음식점업,30,대전광역시,30170,서구,30170640,둔산2동,3017011200,둔산동,3017011200110230000,1,대지,1023,,대전광역시 서구 둔산동 1023,301704298180,대전광역시 서구 대덕대로249번길,15,,3017011200110230000020679,,대전광역시 서구 대덕대로249번길 15,302828,35229,,1,,127.378271345848,36.3547683424,gov
MA010120220803126789,마왕족발대전둔산,,I2,음식,I201,한식,I20103,족발/보쌈,I56111,한식 일반 음식점업,30,대전광역시,30170,서구,30170640,둔산2동,3017011200,둔산동,3017011200110230000,1,대지,1023,,대전광역시 서구 둔산동 1023,301704298180,대전광역시 서구 대덕대로249번길,15,,3017011200110230000020679,주차빌딩,대전광역시 서구 대덕대로249번길 15,302828,35229,,,,127.378271345848,36.3547683424,gov
MA010120220806244692,방림건설,,N1,시설관리·임대,N102,청소·방제,N10203,"소독, 구충 및 방제 서비스업",N74220,"소독, 구충 및 방제 서비스업",30,대전광역시,30170,서구,30170640,둔산2동,3017011200,둔산동,3017011200110230000,1,대지,1023,,대전광역시 서구 둔산동 1023,301704298180,대전광역시 서구 대덕대로249번길,15,,3017011200110230000020679,,대전광역시 서구 대덕대로249번길 15,302828,35229,,6,,127.378271345848,36.3547683424,gov
MA010120220801318489,봉명순대,,I2,음식,I201,한식,I20102,국/탕/찌개류,I56111,한식 일반 음식점업,30,대전광역시,30170,서구,30170640,둔산2동,3017011200,둔산동,3017011200110230000,1,대지,1023,,대전광역시 서구 둔산동 1023,301704298180,대전광역시 서구 대덕대로249번길,15,,3017011200110230000020679,주차빌딩,대전광역시 서구 대덕대로249번길 15,302828,35229,,,,127.378271345848,36.3547683424,gov
MA010120220806669507,큰나무&판다마라탕,,I2,음식,I202,중식,I20202,마라탕/훠궈,I56121,중식 음식점업,30,대전광역시,30170,서구,30170640,둔산2동,3017011200,둔산동,3017011200110230000,1,대지,1023,,대전광역시 서구 둔산동 1023,301704298180,대전광역시 서구 대덕대로249번길,15,,3017011200110230000020679,주차빌딩,대전광역시 서구 대덕대로249번길 15,302828,35229,,1,,127.378271345848,36.3547683424,gov
MA010120220813887954,파더스스테이크&찹밥,,I2,음식,I204,서양식,I20402,파스타/스테이크,I56123,서양식 음식점업,30,대전광역시,30170,서구,30170640,둔산2동,3017011200,둔산동,3017011200110230000,1,대지,1023,,대전광역시 서구 둔산동 1023,301704298180,대전광역시 서구 대덕대로249번길,15,,3017011200110230000020679,,대전광역시 서구 대덕대로249번길 15,302828,35229,,1,,127.378271345848,36.3547683424,gov
MA0101202307A0089782,럼플,,S2,수리·개인,S207,이용·미용,S20701,미용실,S96112,두발 미용업,30,대전광역시,30170,서구,30170640,둔산2동,3017011200,둔산동,3017011200110190000,1,대지,1019,,대전광역시 서구 둔산동 1019,301704298178,대전광역시 서구 대덕대로241번길,19,,3017011200110190000000002,ST타워,대전광역시 서구 대덕대로241번길 19,302828,35229,,3,,127.378301541545,36.3541013777365,gov
MA010120220814094369,요가문즈,,P1,교육,P106,기타 교육,P10603,요가/필라테스 학원,P85612,기타 스포츠 교육기관,30,대전광역시,30170,서구,30170640,둔산2동,3017011200,둔산동,3017011200110190000,1,대지,1019,,대전광역시 서구 둔산동 1019,301704298178,대전광역시 서구 대덕대로241번길,19,,3017011200110190000000002,대전ST타워,대전광역시 서구 대덕대로241번길 19,302828,35229,,2,,127.378301541545,36.3541013777365,gov
MA0101202209A0001104,스노우의원대전둔산,,Q1,보건의료,Q102,의원,Q10204,피부/비뇨기과 의원,Q86201,일반의원,30,대전광역시,30170,서구,30170640,둔산2동,3017011200,둔산동,3017011200110190000,1,대지,1019,,대전광역시 서구 둔산동 1019,301704298178,대전광역시 서구 대덕대로241번길,19,,3017011200110190000000002,ST타워,대전광역시 서구 대덕대로241번길 19,302828,35229,,4,,127.378301541545,36.3541013777365,gov
MA0101202604A0000229,송광호철판구이,,I2,음식,I201,한식,I20107,돼지고기 구이/찜,I56111,한식 일반 음식점업,30,대전광역시,30170,서구,30170640,둔산2동,3017011200,둔산동,3017011200110190000,1,대지,1019,,대전광역시 서구 둔산동 1019,301704298178,대전광역시 서구 대덕대로241번길,19,,3017011200110190000000002,ST타워,대전광역시 서구 대덕대로241번길 19,302828,35229,,1,,127.378301541545,36.3541013777365,gov
MA0101202512A0038891,대전네일,,S2,수리·개인,S207,이용·미용,S20703,네일숍,S96119,기타 미용업,30,대전광역시,30170,서구,30170640,둔산2동,3017011200,둔산동,3017011200110190000,1,대지,1019,,대전광역시 서구 둔산동 1019,301704298178,대전광역시 서구 대덕대로241번길,19,,3017011200110190000000002,ST타워,대전광역시 서구 대덕대로241번길 19,302828,35229,,4,,127.378301541545,36.3541013777365,gov
MA010120220806235029,헤어두,,S2,수리·개인,S207,이용·미용,S20701,미용실,S96112,두발 미용업,30,대전광역시,30170,서구,30170640,둔산2동,3017011200,둔산동,3017011200109630000,1,대지,963,,대전광역시 서구 둔산동 963,301703166020,대전광역시 서구 둔산북로,36,,3017011200109630000020125,대영프라자,대전광역시 서구 둔산북로 36,302828,35229,,,,127.378374927768,36.3554529069255,gov
MA010120220806217481,삼성,,G2,소매,G204,종합 소매,G20404,슈퍼마켓,G47129,기타 음ㆍ식료품 위주 종합 소매업,30,대전광역시,30170,서구,30170640,둔산2동,3017011200,둔산동,3017011200109630000,1,대지,963,,대전광역시 서구 둔산동 963,301703166020,대전광역시 서구 둔산북로,36,,3017011200109630000020125,대영프라자,대전광역시 서구 둔산북로 36,302828,35229,,,,127.378374927768,36.3554529069255,gov
MA010120220813060662,대전박문각공인중개사학원,,P1,교육,P106,기타 교육,P10617,전문자격/고시학원,P85632,기타 교습학원,30,대전광역시,30170,서구,30170640,둔산2동,3017011200,둔산동,3017011200109630000,1,대지,963,,대전광역시 서구 둔산동 963,301703166020,대전광역시 서구 둔산북로,36,,3017011200109630000020125,,대전광역시 서구 둔산북로 36,302828,35229,,,,127.378374927768,36.3554529069255,gov
MA0101202309A0046109,밥사랑,,I2,음식,I201,한식,I20101,백반/한정식,I56111,한식 일반 음식점업,30,대전광역시,30170,서구,30170640,둔산2동,3017011200,둔산동,3017011200109630000,1,대지,963,,대전광역시 서구 둔산동 963,301703166020,대전광역시 서구 둔산북로,36,,3017011200109630000020125,대영프라자,대전광역시 서구 둔산북로 36,302828,35229,,1,,127.378374927768,36.3554529069255,gov
MA0101202408A0014925,그림아트스튜디오둔산학원,,P1,교육,P106,기타 교육,P10611,미술학원,P85622,미술학원,30,대전광역시,30170,서구,30170640,둔산2동,3017011200,둔산동,3017011200109630000,1,대지,963,,대전광역시 서구 둔산동 963,301703166020,대전광역시 서구 둔산북로,36,,3017011200109630000020125,,대전광역시 서구 둔산북로 36,302828,35229,,,,127.378374927768,36.3554529069255,gov
MA0101202406A0550075,옥천씨씨,,M1,과학·기술,M107,본사·경영 컨설팅,M10703,경영 컨설팅업,M71531,경영 컨설팅업,30,대전광역시,30170,서구,30170640,둔산2동,3017011200,둔산동,3017011200109630000,1,대지,963,,대전광역시 서구 둔산동 963,301703166020,대전광역시 서구 둔산북로,36,,3017011200109630000020125,,대전광역시 서구 둔산북로 36,302828,35229,,,,127.378374927768,36.3554529069255,gov
MA010120220811917127,두원컴퍼니,,L1,부동산,L102,부동산 서비스,L10203,부동산 중개/대리업,L68221,부동산 중개 및 대리업,30,대전광역시,30170,서구,30170640,둔산2동,3017011200,둔산동,3017011200109630000,1,대지,963,,대전광역시 서구 둔산동 963,301703166020,대전광역시 서구 둔산북로,36,,3017011200109630000020125,대영프라자,대전광역시 서구 둔산북로 36,302828,35229,,4,,127.378374927768,36.3554529069255,gov
MA010120220806213308,둔산공주칼국수,,I2,음식,I201,한식,I20105,국수/칼국수,I56112,한식 면 요리 전문점,30,대전광역시,30170,서구,30170640,둔산2동,3017011200,둔산동,3017011200109630000,1,대지,963,,대전광역시 서구 둔산동 963,301703166020,대전광역시 서구 둔산북로,36,,3017011200109630000020125,,대전광역시 서구 둔산북로 36,302828,35229,,,,127.378374927768,36.3554529069255,gov
MA0101202305A0070514,앤댄,,I2,음식,I210,기타 간이,I21001,빵/도넛,I56191,제과점업,30,대전광역시,30170,서구,30170640,둔산2동,3017011200,둔산동,3017011200109630000,1,대지,963,,대전광역시 서구 둔산동 963,301703166020,대전광역시 서구 둔산북로,36,,3017011200109630000020125,대영프라자,대전광역시 서구 둔산북로 36,302828,35229,,1,,127.378374927768,36.3554529069255,gov
MA0101202310A0035752,미분당,,I2,음식,I205,동남아시아,I20501,베트남식 전문,I56129,기타 외국식 음식점업,30,대전광역시,30170,서구,30170640,둔산2동,3017011200,둔산동,3017011200109630000,1,대지,963,,대전광역시 서구 둔산동 963,301703166020,대전광역시 서구 둔산북로,36,,3017011200109630000020125,,대전광역시 서구 둔산북로 36,302828,35229,,1,,127.378374927768,36.3554529069255,gov
MA010120220813835320,체인스커피,,I2,음식,I212,비알코올 ,I21201,카페,I56221,커피 전문점,30,대전광역시,30170,서구,30170640,둔산2동,3017011200,둔산동,3017011200109630000,1,대지,963,,대전광역시 서구 둔산동 963,301703166020,대전광역시 서구 둔산북로,36,,3017011200109630000020125,,대전광역시 서구 둔산북로 36,302828,35229,,1,,127.378374927768,36.3554529069255,gov
MA0101202308A0029261,그룸,,S2,수리·개인,S207,이용·미용,S20701,미용실,S96111,이용업,30,대전광역시,30170,서구,30170640,둔산2동,3017011200,둔산동,3017011200109630000,1,대지,963,,대전광역시 서구 둔산동 963,301703166020,대전광역시 서구 둔산북로,36,,3017011200109630000020125,대영프라자,대전광역시 서구 둔산북로 36,302828,35229,,1,,127.378374927768,36.3554529069255,gov
MA0101202311A0033375,건강마트,,G2,소매,G204,종합 소매,G20404,슈퍼마켓,G47129,기타 음ㆍ식료품 위주 종합 소매업,30,대전광역시,30170,서구,30170640,둔산2동,3017011200,둔산동,3017011200109630000,1,대지,963,,대전광역시 서구 둔산동 963,301703166020,대전광역시 서구 둔산북로,36,,3017011200109630000020125,대영프라자,대전광역시 서구 둔산북로 36,302828,35229,,,,127.378374927768,36.3554529069255,gov
MA010120220805781852,둔산건강약국,,G2,소매,G215,의약·화장품 소매,G21501,약국,G47811,의약품 및 의료용품 소매업,30,대전광역시,30170,서구,30170640,둔산2동,3017011200,둔산동,3017011200109630000,1,대지,963,,대전광역시 서구 둔산동 963,301703166020,대전광역시 서구 둔산북로,36,,3017011200109630000020125,,대전광역시 서구 둔산북로 36,302828,35229,,,,127.378374927768,36.3554529069255,gov
MA0101202211A0085717,진심커피대전,둔산점,I2,음식,I212,비알코올 ,I21201,카페,I56221,커피 전문점,30,대전광역시,30170,서구,30170640,둔산2동,3017011200,둔산동,3017011200109630000,1,대지,963,,대전광역시 서구 둔산동 963,301703166020,대전광역시 서구 둔산북로,36,,3017011200109630000020125,,대전광역시 서구 둔산북로 36,302828,35229,,,,127.378374927768,36.3554529069255,gov
MA010120220806211181,미루나무,,I2,음식,I210,기타 간이,I21007,김밥/만두/분식,I56194,김밥 및 기타 간이 음식점업,30,대전광역시,30170,서구,30170640,둔산2동,3017011200,둔산동,3017011200109630000,1,대지,963,,대전광역시 서구 둔산동 963,301703166020,대전광역시 서구 둔산북로,36,,3017011200109630000020125,대영프라자,대전광역시 서구 둔산북로 36,302828,35229,,,,127.378374927768,36.3554529069255,gov
MA0101202211A0008200,네일알루아,,S2,수리·개인,S207,이용·미용,S20703,네일숍,S96119,기타 미용업,30,대전광역시,30170,서구,30170640,둔산2동,3017011200,둔산동,3017011200109630000,1,대지,963,,대전광역시 서구 둔산동 963,301703166020,대전광역시 서구 둔산북로,36,,3017011200109630000020125,대영프라자,대전광역시 서구 둔산북로 36,302828,35229,,1,,127.378374927768,36.3554529069255,gov
MA0101202211A0016554,부자랜드원격학원,,P1,교육,P106,기타 교육,P10629,그 외 기타 교육기관,P85699,그 외 기타 분류 안된 교육기관,30,대전광역시,30170,서구,30170640,둔산2동,3017011200,둔산동,3017011200109630000,1,대지,963,,대전광역시 서구 둔산동 963,301703166020,대전광역시 서구 둔산북로,36,,3017011200109630000020125,대영프라자,대전광역시 서구 둔산북로 36,302828,35229,,,,127.378374927768,36.3554529069255,gov
MA0101202301A0056447,그레이토라멘,,I2,음식,I203,일식,I20303,일식 면 요리,I56122,일식 음식점업,30,대전광역시,30170,서구,30170640,둔산2동,3017011200,둔산동,3017011200109630000,1,대지,963,,대전광역시 서구 둔산동 963,301703166020,대전광역시 서구 둔산북로,36,,3017011200109630000020125,,대전광역시 서구 둔산북로 36,302828,35229,,1,,127.378374927768,36.3554529069255,gov
MA0101202302A0094176,도너츠윤,대전점,I2,음식,I210,기타 간이,I21001,빵/도넛,I56191,제과점업,30,대전광역시,30170,서구,30170640,둔산2동,3017011200,둔산동,3017011200109630000,1,대지,963,,대전광역시 서구 둔산동 963,301703166020,대전광역시 서구 둔산북로,36,,3017011200109630000020125,,대전광역시 서구 둔산북로 36,302828,35229,,1,,127.378374927768,36.3554529069255,gov
MA010120220814008154,카페로즈인,,I2,음식,I212,비알코올 ,I21201,카페,I56221,커피 전문점,30,대전광역시,30170,서구,30170640,둔산2동,3017011200,둔산동,3017011200109630000,1,대지,963,,대전광역시 서구 둔산동 963,301703166020,대전광역시 서구 둔산북로,36,,3017011200109630000020125,,대전광역시 서구 둔산북로 36,302828,35229,,1,,127.378374927768,36.3554529069255,gov
MA010120220806193325,왕창문구사,서구점,G2,소매,G213,오락용품 소매,G21302,문구/회화용품 소매업,G47612,문구용품 및 회화용품 소매업,30,대전광역시,30170,서구,30170640,둔산2동,3017011200,둔산동,3017011200109630000,1,대지,963,,대전광역시 서구 둔산동 963,301703166020,대전광역시 서구 둔산북로,36,,3017011200109630000020125,대영프라자,대전광역시 서구 둔산북로 36,302828,35229,,,,127.378374927768,36.3554529069255,gov
MA010120220804660574,준우디앤씨,,L1,부동산,L102,부동산 서비스,L10203,부동산 중개/대리업,L68221,부동산 중개 및 대리업,30,대전광역시,30170,서구,30170640,둔산2동,3017011200,둔산동,3017011200109630000,1,대지,963,,대전광역시 서구 둔산동 963,301703166020,대전광역시 서구 둔산북로,36,,3017011200109630000020125,대영프라자,대전광역시 서구 둔산북로 36,302828,35229,,,,127.378374927768,36.3554529069255,gov
MA010120220806194831,오한균세무회계사무소,,M1,과학·기술,M104,회계·세무,M10402,세무사,M71202,세무사업,30,대전광역시,30170,서구,30170640,둔산2동,3017011200,둔산동,3017011200109630000,1,대지,963,,대전광역시 서구 둔산동 963,301703166020,대전광역시 서구 둔산북로,36,,3017011200109630000020125,대영프라자,대전광역시 서구 둔산북로 36,302828,35229,,,,127.378374927768,36.3554529069255,gov
MA010120220806206773,양평호성할매해장국,,I2,음식,I201,한식,I20102,국/탕/찌개류,I56111,한식 일반 음식점업,30,대전광역시,30170,서구,30170640,둔산2동,3017011200,둔산동,3017011200109630000,1,대지,963,,대전광역시 서구 둔산동 963,301703166020,대전광역시 서구 둔산북로,36,,3017011200109630000020125,,대전광역시 서구 둔산북로 36,302828,35229,,1,,127.378374927768,36.3554529069255,gov
MA010120220812850301,콩쥐팥쥐떡집,,I2,음식,I210,기타 간이,I21002,떡/한과,C10711,떡류 제조업,30,대전광역시,30170,서구,30170640,둔산2동,3017011200,둔산동,3017011200109630000,1,대지,963,,대전광역시 서구 둔산동 963,301703166020,대전광역시 서구 둔산북로,36,,3017011200109630000020125,대영프라자,대전광역시 서구 둔산북로 36,302828,35229,,1,,127.378374927768,36.3554529069255,gov
MA010120220806232845,리틀캔버스,,P1,교육,P106,기타 교육,P10611,미술학원,P85622,미술학원,30,대전광역시,30170,서구,30170640,둔산2동,3017011200,둔산동,3017011200109630000,1,대지,963,,대전광역시 서구 둔산동 963,301703166020,대전광역시 서구 둔산북로,36,,3017011200109630000020125,대영프라자,대전광역시 서구 둔산북로 36,302828,35229,,,,127.378374927768,36.3554529069255,gov
MA010120220806684078,낭만고기국수,,I2,음식,I201,한식,I20105,국수/칼국수,I56112,한식 면 요리 전문점,30,대전광역시,30170,서구,30170640,둔산2동,3017011200,둔산동,3017011200109630000,1,대지,963,,대전광역시 서구 둔산동 963,301703166020,대전광역시 서구 둔산북로,36,,3017011200109630000020125,대영프라자,대전광역시 서구 둔산북로 36,302828,35229,,,,127.378374927768,36.3554529069255,gov
MA010120220806232989,태후사랑,둔산점,G2,소매,G215,의약·화장품 소매,G21503,화장품 소매업,G47813,"화장품, 비누 및 방향제 소매업",30,대전광역시,30170,서구,30170640,둔산2동,3017011200,둔산동,3017011200109630000,1,대지,963,,대전광역시 서구 둔산동 963,301703166020,대전광역시 서구 둔산북로,36,,3017011200109630000020125,대영프라자,대전광역시 서구 둔산북로 36,302828,35229,,1,,127.378374927768,36.3554529069255,gov
MA010120220806211555,정관장홍삼둔산,타임점,G2,소매,G205,식료품 소매,G20508,건강보조식품 소매업,G47217,건강 보조식품 소매업,30,대전광역시,30170,서구,30170640,둔산2동,3017011200,둔산동,3017011200109630000,1,대지,963,,대전광역시 서구 둔산동 963,301703166020,대전광역시 서구 둔산북로,36,,3017011200109630000020125,대영프라자,대전광역시 서구 둔산북로 36,302828,35229,,,,127.378374927768,36.3554529069255,gov
MA010120220808203640,지코바,둔산점,I2,음식,I210,기타 간이,I21006,치킨,I56193,치킨 전문점,30,대전광역시,30170,서구,30170640,둔산2동,3017011200,둔산동,3017011200109630000,1,대지,963,,대전광역시 서구 둔산동 963,301703166020,대전광역시 서구 둔산북로,36,,3017011200109630000020125,,대전광역시 서구 둔산북로 36,302828,35229,,1,,127.378374927768,36.3554529069255,gov
MA0101202508A0029379,청국장보리,,I2,음식,I201,한식,I20102,국/탕/찌개류,I56111,한식 일반 음식점업,30,대전광역시,30170,서구,30170640,둔산2동,3017011200,둔산동,3017011200109630000,1,대지,963,,대전광역시 서구 둔산동 963,301703166020,대전광역시 서구 둔산북로,36,,3017011200109630000020125,대영프라자,대전광역시 서구 둔산북로 36,302828,35229,,1,,127.378374927768,36.3554529069255,gov
MA010120220807935568,슈퍼포토마켓,,M1,과학·기술,M113,사진 촬영,M11301,사진촬영업,M73301,인물 사진 및 행사용 영상 촬영업,30,대전광역시,30170,서구,30170640,둔산2동,3017011200,둔산동,3017011200109630000,1,대지,963,,대전광역시 서구 둔산동 963,301703166020,대전광역시 서구 둔산북로,36,,3017011200109630000020125,,대전광역시 서구 둔산북로 36,302828,35229,,1,,127.378374927768,36.3554529069255,gov
MA010120220806196788,슈필리안,,P1,교육,P106,기타 교육,P10605,레크리에이션 교육기관,P85613,레크리에이션 교육기관,30,대전광역시,30170,서구,30170640,둔산2동,3017011200,둔산동,3017011200109630000,1,대지,963,,대전광역시 서구 둔산동 963,301703166020,대전광역시 서구 둔산북로,36,,3017011200109630000020125,대영프라자,대전광역시 서구 둔산북로 36,302828,35229,,,,127.378374927768,36.3554529069255,gov
MA0101202507A0039667,본도시락대전,타임월드점,I2,음식,I201,한식,I20101,백반/한정식,I56111,한식 일반 음식점업,30,대전광역시,30170,서구,30170640,둔산2동,3017011200,둔산동,3017011200109630000,1,대지,963,,대전광역시 서구 둔산동 963,301703166020,대전광역시 서구 둔산북로,36,,3017011200109630000020125,,대전광역시 서구 둔산북로 36,302828,35229,,1,,127.378374927768,36.3554529069255,gov
MA0101202511A0035660,제비꽃마구로,,I2,음식,I203,일식,I20301,일식 회/초밥,I56122,일식 음식점업,30,대전광역시,30170,서구,30170640,둔산2동,3017011200,둔산동,3017011200109630000,1,대지,963,,대전광역시 서구 둔산동 963,301703166020,대전광역시 서구 둔산북로,36,,3017011200109630000020125,대영프라자,대전광역시 서구 둔산북로 36,302828,35229,,1,,127.378374927768,36.3554529069255,gov
MA0101202510A0019473,에브리데이엘린대전,둔산점,G2,소매,G209,섬유·의복·신발 소매,G20902,여성 의류 소매업,G47412,여자용 겉옷 소매업,30,대전광역시,30170,서구,30170640,둔산2동,3017011200,둔산동,3017011200109630000,1,대지,963,,대전광역시 서구 둔산동 963,301703166020,대전광역시 서구 둔산북로,36,,3017011200109630000020125,대영프라자,대전광역시 서구 둔산북로 36,302828,35229,,1,,127.378374927768,36.3554529069255,gov
MA010120220806176699,가자주류대전,둔산점,G2,소매,G206,음료 소매,G20602,주류 소매업,G47221,음료 소매업,30,대전광역시,30170,서구,30170640,둔산2동,3017011200,둔산동,3017011200109630000,1,대지,963,,대전광역시 서구 둔산동 963,301703166020,대전광역시 서구 둔산북로,36,,3017011200109630000020125,대영프라자,대전광역시 서구 둔산북로 36,302828,35229,,1,,127.378374927768,36.3554529069255,gov
MA010120220805825895,궁죽,,I2,음식,I201,한식,I20101,백반/한정식,I56111,한식 일반 음식점업,30,대전광역시,30170,서구,30170640,둔산2동,3017011200,둔산동,3017011200109630000,1,대지,963,,대전광역시 서구 둔산동 963,301703166020,대전광역시 서구 둔산북로,36,,3017011200109630000020125,,대전광역시 서구 둔산북로 36,302828,35229,,,,127.378374927768,36.3554529069255,gov
MA0101202502A0095959,아인앤윤,,M1,과학·기술,M107,본사·경영 컨설팅,M10703,경영 컨설팅업,M71531,경영 컨설팅업,30,대전광역시,30170,서구,30170640,둔산2동,3017011200,둔산동,3017011200109630000,1,대지,963,,대전광역시 서구 둔산동 963,301703166020,대전광역시 서구 둔산북로,36,,3017011200109630000020125,대영프라자,대전광역시 서구 둔산북로 36,302828,35229,,,,127.378374927768,36.3554529069255,gov
MA0101202505A0006746,연식당,,I2,음식,I201,한식,I20101,백반/한정식,I56111,한식 일반 음식점업,30,대전광역시,30170,서구,30170640,둔산2동,3017011200,둔산동,3017011200109630000,1,대지,963,,대전광역시 서구 둔산동 963,301703166020,대전광역시 서구 둔산북로,36,,3017011200109630000020125,,대전광역시 서구 둔산북로 36,302828,35229,,1,,127.378374927768,36.3554529069255,gov
MA0101202501A0026893,둔산건강약국,,G2,소매,G215,의약·화장품 소매,G21501,약국,G47811,의약품 및 의료용품 소매업,30,대전광역시,30170,서구,30170640,둔산2동,3017011200,둔산동,3017011200109630000,1,대지,963,,대전광역시 서구 둔산동 963,301703166020,대전광역시 서구 둔산북로,36,,3017011200109630000020125,,대전광역시 서구 둔산북로 36,302828,35229,,,,127.378374927768,36.3554529069255,gov
MA0101202410A0479790,S&K병원,,Q1,보건의료,Q101,병원,Q10102,일반병원,Q86102,일반병원,30,대전광역시,30170,서구,30170640,둔산2동,3017011200,둔산동,3017011200109630000,1,대지,963,,대전광역시 서구 둔산동 963,301703166020,대전광역시 서구 둔산북로,36,,3017011200109630000020125,대영프라자,대전광역시 서구 둔산북로 36,302828,35229,,5,,127.378374927768,36.3554529069255,gov
MA0101202410A0480806,미술로생각하기둔산학원,,P1,교육,P106,기타 교육,P10611,미술학원,P85622,미술학원,30,대전광역시,30170,서구,30170640,둔산2동,3017011200,둔산동,3017011200109630000,1,대지,963,,대전광역시 서구 둔산동 963,301703166020,대전광역시 서구 둔산북로,36,,3017011200109630000020125,대영프라자,대전광역시 서구 둔산북로 36,302828,35229,,,,127.378374927768,36.3554529069255,gov
MA0101202410A0486966,부부제세한의원,,Q1,보건의료,Q102,의원,Q10211,한의원,Q86203,한의원,30,대전광역시,30170,서구,30170640,둔산2동,3017011200,둔산동,3017011200109630000,1,대지,963,,대전광역시 서구 둔산동 963,301703166020,대전광역시 서구 둔산북로,36,,3017011200109630000020125,,대전광역시 서구 둔산북로 36,302828,35229,,2,,127.378374927768,36.3554529069255,gov
MA0101202406A0142386,마이미프로젝트대전,,M1,과학·기술,M113,사진 촬영,M11301,사진촬영업,M73301,인물 사진 및 행사용 영상 촬영업,30,대전광역시,30170,서구,30170640,둔산2동,3017011200,둔산동,3017011200109630000,1,대지,963,,대전광역시 서구 둔산동 963,301703166020,대전광역시 서구 둔산북로,36,,3017011200109630000020125,,대전광역시 서구 둔산북로 36,302828,35229,,,,127.378374927768,36.3554529069255,gov
MA0101202410A1036333,와이키즈학원,,P1,교육,P106,기타 교육,P10629,그 외 기타 교육기관,P85699,그 외 기타 분류 안된 교육기관,30,대전광역시,30170,서구,30170640,둔산2동,3017011200,둔산동,3017011200109630000,1,대지,963,,대전광역시 서구 둔산동 963,301703166020,대전광역시 서구 둔산북로,36,,3017011200109630000020125,대영프라자,대전광역시 서구 둔산북로 36,302828,35229,,,,127.378374927768,36.3554529069255,gov
MA0101202409A0260820,리딩터틀잉글리시어학원,,P1,교육,P106,기타 교육,P10615,외국어학원,P85631,외국어학원,30,대전광역시,30170,서구,30170640,둔산2동,3017011200,둔산동,3017011200109630000,1,대지,963,,대전광역시 서구 둔산동 963,301703166020,대전광역시 서구 둔산북로,36,,3017011200109630000020125,,대전광역시 서구 둔산북로 36,302828,35229,,,,127.378374927768,36.3554529069255,gov
MA010120220809297079,포인트피부과,,Q1,보건의료,Q102,의원,Q10204,피부/비뇨기과 의원,Q86201,일반의원,30,대전광역시,30170,서구,30170587,월평2동,3017011300,월평동,3017011300102820002,1,대지,282,2,대전광역시 서구 월평동 282-2,301703166051,대전광역시 서구 청사로,130,,3017011300102820002000001,청사로프라자,대전광역시 서구 청사로 130,302847,35220,,,,127.378406003054,36.3595711734789,gov
MA010120220812516184,이화누리약국,,G2,소매,G215,의약·화장품 소매,G21501,약국,G47811,의약품 및 의료용품 소매업,30,대전광역시,30170,서구,30170587,월평2동,3017011300,월평동,3017011300102820002,1,대지,282,2,대전광역시 서구 월평동 282-2,301703166051,대전광역시 서구 청사로,130,,3017011300102820002000001,청사로프라자,대전광역시 서구 청사로 130,302847,35220,,,,127.378406003054,36.3595711734789,gov
MA010120220810188149,위캔두신경과,,Q1,보건의료,Q102,의원,Q10202,외과 의원,Q86201,일반의원,30,대전광역시,30170,서구,30170587,월평2동,3017011300,월평동,3017011300102820002,1,대지,282,2,대전광역시 서구 월평동 282-2,301703166051,대전광역시 서구 청사로,130,,3017011300102820002000001,,대전광역시 서구 청사로 130,302847,35220,,3,,127.378406003054,36.3595711734789,gov
MA0101202306A0103558,디저트39,월평점,I2,음식,I212,비알코올 ,I21201,카페,I56221,커피 전문점,30,대전광역시,30170,서구,30170587,월평2동,3017011300,월평동,3017011300102820002,1,대지,282,2,대전광역시 서구 월평동 282-2,301703166051,대전광역시 서구 청사로,130,,3017011300102820002000001,청사로프라자,대전광역시 서구 청사로 130,302847,35220,,1,,127.378406003054,36.3595711734789,gov
MA010120220812345653,선사삼계탕,,I2,음식,I201,한식,I20102,국/탕/찌개류,I56111,한식 일반 음식점업,30,대전광역시,30170,서구,30170587,월평2동,3017011300,월평동,3017011300102820002,1,대지,282,2,대전광역시 서구 월평동 282-2,301703166051,대전광역시 서구 청사로,130,,3017011300102820002000001,,대전광역시 서구 청사로 130,302847,35220,,2,,127.378406003054,36.3595711734789,gov
MA010120220806251095,브레인트레이닝센터주,대전점,P1,교육,P106,기타 교육,P10629,그 외 기타 교육기관,P85699,그 외 기타 분류 안된 교육기관,30,대전광역시,30170,서구,30170587,월평2동,3017011300,월평동,3017011300102820002,1,대지,282,2,대전광역시 서구 월평동 282-2,301703166051,대전광역시 서구 청사로,130,,3017011300102820002000001,청사로프라자,대전광역시 서구 청사로 130,302847,35220,,5,,127.378406003054,36.3595711734789,gov
MA010120220807097654,싶빵공장둔산,월평점,I2,음식,I210,기타 간이,I21001,빵/도넛,I56191,제과점업,30,대전광역시,30170,서구,30170587,월평2동,3017011300,월평동,3017011300102820002,1,대지,282,2,대전광역시 서구 월평동 282-2,301703166051,대전광역시 서구 청사로,130,,3017011300102820002000001,청사로프라자,대전광역시 서구 청사로 130,302847,35220,,1,,127.378406003054,36.3595711734789,gov
MA010120220813252814,제주둘레국수,,I2,음식,I201,한식,I20105,국수/칼국수,I56112,한식 면 요리 전문점,30,대전광역시,30170,서구,30170587,월평2동,3017011300,월평동,3017011300102820002,1,대지,282,2,대전광역시 서구 월평동 282-2,301703166051,대전광역시 서구 청사로,130,,3017011300102820002000001,,대전광역시 서구 청사로 130,302847,35220,,1,,127.378406003054,36.3595711734789,gov
MA010120220808634595,토리소아청소년과의원,,Q1,보건의료,Q102,의원,Q10201,내과/소아과 의원,Q86201,일반의원,30,대전광역시,30170,서구,30170587,월평2동,3017011300,월평동,3017011300102820002,1,대지,282,2,대전광역시 서구 월평동 282-2,301703166051,대전광역시 서구 청사로,130,,3017011300102820002000001,,대전광역시 서구 청사로 130,302847,35220,,4,,127.378406003054,36.3595711734789,gov
MA0101202602A0007032,자연드림대전,월평점,G2,소매,G204,종합 소매,G20404,슈퍼마켓,G47121,슈퍼마켓,30,대전광역시,30170,서구,30170587,월평2동,3017011300,월평동,3017011300102820002,1,대지,282,2,대전광역시 서구 월평동 282-2,301703166051,대전광역시 서구 청사로,130,,3017011300102820002000001,청사로프라자,대전광역시 서구 청사로 130,302847,35220,,1,,127.378406003054,36.3595711734789,gov
MA0101202410A0560760,장호열치과의원,,Q1,보건의료,Q102,의원,Q10210,치과의원,Q86202,치과의원,30,대전광역시,30170,서구,30170587,월평2동,3017011300,월평동,3017011300102820002,1,대지,282,2,대전광역시 서구 월평동 282-2,301703166051,대전광역시 서구 청사로,130,,3017011300102820002000001,,대전광역시 서구 청사로 130,302847,35220,,,,127.378406003054,36.3595711734789,gov
MA010120220810322008,달달한하루,,I2,음식,I210,기타 간이,I21001,빵/도넛,I56191,제과점업,30,대전광역시,30170,서구,30170587,월평2동,3017011300,월평동,3017011300102450000,1,대지,245,,대전광역시 서구 월평동 245,301704298182,대전광역시 서구 대덕대로317번길,20,,3017011300102450000019563,선사엔조이상가,대전광역시 서구 대덕대로317번길 20,302847,35214,,,,127.378425957354,36.361391480761,gov
MA0101202311A0102093,네일리,,S2,수리·개인,S207,이용·미용,S20703,네일숍,S96119,기타 미용업,30,대전광역시,30170,서구,30170587,월평2동,3017011300,월평동,3017011300102450000,1,대지,245,,대전광역시 서구 월평동 245,301704298182,대전광역시 서구 대덕대로317번길,20,,3017011300102450000019563,선사엔조이상가,대전광역시 서구 대덕대로317번길 20,302847,35214,,,,127.378425957354,36.361391480761,gov
MA0101202305A0102323,선스포츠,,G2,소매,G213,오락용품 소매,G21304,운동용품 소매업,G47631,운동 및 경기용품 소매업,30,대전광역시,30170,서구,30170587,월평2동,3017011300,월평동,3017011300102450000,1,대지,245,,대전광역시 서구 월평동 245,301704298182,대전광역시 서구 대덕대로317번길,20,,3017011300102450000019563,개호실중일부,대전광역시 서구 대덕대로317번길 20,302847,35214,,,,127.378425957354,36.361391480761,gov
MA010120220805319932,어반그래니,,G2,소매,G209,섬유·의복·신발 소매,G20902,여성 의류 소매업,G47412,여자용 겉옷 소매업,30,대전광역시,30170,서구,30170587,월평2동,3017011300,월평동,3017011300102450000,1,대지,245,,대전광역시 서구 월평동 245,301704298182,대전광역시 서구 대덕대로317번길,20,,3017011300102450000019563,선사엔조이,대전광역시 서구 대덕대로317번길 20,302847,35214,,,,127.378425957354,36.361391480761,gov
MA0101202302A0111693,소소커피,,I2,음식,I212,비알코올 ,I21201,카페,I56221,커피 전문점,30,대전광역시,30170,서구,30170587,월평2동,3017011300,월평동,3017011300102450000,1,대지,245,,대전광역시 서구 월평동 245,301704298182,대전광역시 서구 대덕대로317번길,20,,3017011300102450000019563,월평동,대전광역시 서구 대덕대로317번길 20,302847,35214,,1,,127.378425957354,36.361391480761,gov
MA010120220806846970,댕라운지,,I2,음식,I212,비알코올 ,I21201,카페,I56221,커피 전문점,30,대전광역시,30170,서구,30170587,월평2동,3017011300,월평동,3017011300102450000,1,대지,245,,대전광역시 서구 월평동 245,301704298182,대전광역시 서구 대덕대로317번길,20,,3017011300102450000019563,,대전광역시 서구 대덕대로317번길 20,302847,35214,,6,,127.378425957354,36.361391480761,gov
MA010120220807003948,코칭in에듀,,P1,교육,P107,교육 지원,P10701,교육컨설팅업,P85701,교육관련 자문 및 평가업,30,대전광역시,30170,서구,30170587,월평2동,3017011300,월평동,3017011300102450000,1,대지,245,,대전광역시 서구 월평동 245,301704298182,대전광역시 서구 대덕대로317번길,20,,3017011300102450000019563,선사엔조이,대전광역시 서구 대덕대로317번길 20,302847,35214,,,,127.378425957354,36.361391480761,gov
MA010120220814167916,비랩,,G2,소매,G208,가전·통신 소매,G20801,컴퓨터/소프트웨어 소매업,G47311,"컴퓨터 및 주변장치, 소프트웨어 소매업",30,대전광역시,30170,서구,30170587,월평2동,3017011300,월평동,3017011300102450000,1,대지,245,,대전광역시 서구 월평동 245,301704298182,대전광역시 서구 대덕대로317번길,20,,3017011300102450000019563,,대전광역시 서구 대덕대로317번길 20,302847,35214,,,,127.378425957354,36.361391480761,gov
MA010120220806247333,에뿔국제인증원,,M1,과학·기술,M107,본사·경영 컨설팅,M10703,경영 컨설팅업,M71531,경영 컨설팅업,30,대전광역시,30170,서구,30170587,월평2동,3017011300,월평동,3017011300102450000,1,대지,245,,대전광역시 서구 월평동 245,301704298182,대전광역시 서구 대덕대로317번길,20,,3017011300102450000019563,,대전광역시 서구 대덕대로317번길 20,302847,35214,,,,127.378425957354,36.361391480761,gov
MA010120220808653425,노아디자인,,G2,소매,G209,섬유·의복·신발 소매,G20906,침구류/커튼 소매업,G47421,가정용 직물제품 소매업,30,대전광역시,30170,서구,30170587,월평2동,3017011300,월평동,3017011300102450000,1,대지,245,,대전광역시 서구 월평동 245,301704298182,대전광역시 서구 대덕대로317번길,20,,3017011300102450000019563,,대전광역시 서구 대덕대로317번길 20,302847,35214,,,,127.378425957354,36.361391480761,gov
MA0101202602A0020829,플레이브레인,,N1,시설관리·임대,N108,기타 사업 서비스,N10802,전시/컨벤션/행사 대행 서비스업,N75992,"전시, 컨벤션 및 행사 대행업",30,대전광역시,30170,서구,30170587,월평2동,3017011300,월평동,3017011300102450000,1,대지,245,,대전광역시 서구 월평동 245,301704298182,대전광역시 서구 대덕대로317번길,20,,3017011300102450000019563,,대전광역시 서구 대덕대로317번길 20,302847,35214,,,,127.378425957354,36.361391480761,gov
MA0101202411A0187264,경영인증평가원대전본부,,P1,교육,P106,기타 교육,P10621,직원 훈련기관,P85650,직원 훈련기관,30,대전광역시,30170,서구,30170587,월평2동,3017011300,월평동,3017011300102450000,1,대지,245,,대전광역시 서구 월평동 245,301704298182,대전광역시 서구 대덕대로317번길,20,,3017011300102450000019563,선사엔조이상가,대전광역시 서구 대덕대로317번길 20,302847,35214,,3,,127.378425957354,36.361391480761,gov
MA0101202411A0128016,춘천집닭갈비,,I2,음식,I201,한식,I20110,닭/오리고기 구이/찜,I56111,한식 일반 음식점업,30,대전광역시,30170,서구,30170587,월평2동,3017011300,월평동,3017011300102450000,1,대지,245,,대전광역시 서구 월평동 245,301704298182,대전광역시 서구 대덕대로317번길,20,,3017011300102450000019563,,대전광역시 서구 대덕대로317번길 20,302847,35214,,,,127.378425957354,36.361391480761,gov
MA0101202508A0018148,뉴힐링라이프재활운동센터대전,,S2,수리·개인,S208,욕탕·신체관리,S20803,체형/비만 관리,S96129,체형 등 기타 신체 관리 서비스업,30,대전광역시,30170,서구,30170587,월평2동,3017011300,월평동,3017011300102450000,1,대지,245,,대전광역시 서구 월평동 245,301704298182,대전광역시 서구 대덕대로317번길,20,,3017011300102450000019563,선사엔조이빌딩,대전광역시 서구 대덕대로317번길 20,302847,35214,,4,,127.378425957354,36.361391480761,gov
MA0101202412A0034089,프리커스그룹,대전지점,M1,과학·기술,M105,광고,M10501,광고 대행업,M71310,광고 대행업,30,대전광역시,30170,서구,30170587,월평2동,3017011300,월평동,3017011300102450000,1,대지,245,,대전광역시 서구 월평동 245,301704298182,대전광역시 서구 대덕대로317번길,20,,3017011300102450000019563,,대전광역시 서구 대덕대로317번길 20,302847,35214,,3,,127.378425957354,36.361391480761,gov
MA0101202409A0148880,데일리,,G2,소매,G209,섬유·의복·신발 소매,G20905,기타 의류 소매업,G47414,셔츠 및 블라우스 소매업,30,대전광역시,30170,서구,30170587,월평2동,3017011300,월평동,3017011300102450000,1,대지,245,,대전광역시 서구 월평동 245,301704298182,대전광역시 서구 대덕대로317번길,20,,3017011300102450000019563,선사엔조이,대전광역시 서구 대덕대로317번길 20,302847,35214,,1,,127.378425957354,36.361391480761,gov
MA0106202210A2084493,푸디스트통계교육원점,,I2,음식,I201,한식,I20101,백반/한정식,I56111,한식 일반 음식점업,30,대전광역시,30170,서구,30170587,월평2동,3017011300,월평동,3017011300102820001,1,대지,282,1,대전광역시 서구 월평동 282-1,301702010004,대전광역시 서구 한밭대로,713,,3017011300102820001000001,,대전광역시 서구 한밭대로 713,302847,35220,,,,127.37856884846,36.3586875074102,gov
MA0106202201A0625393,풀무원푸드앤컬처통계교육원,,I2,음식,I201,한식,I20101,백반/한정식,I56111,한식 일반 음식점업,30,대전광역시,30170,서구,30170587,월평2동,3017011300,월평동,3017011300102820001,1,대지,282,1,대전광역시 서구 월평동 282-1,301702010004,대전광역시 서구 한밭대로,713,,3017011300102820001000001,,대전광역시 서구 한밭대로 713,302847,35220,,,,127.37856884846,36.3586875074102,gov
MA010120220800068332,통계교육원,,P1,교육,P106,기타 교육,P10621,직원 훈련기관,P85650,직원 훈련기관,30,대전광역시,30170,서구,30170587,월평2동,3017011300,월평동,3017011300102820001,1,대지,282,1,대전광역시 서구 월평동 282-1,301702010004,대전광역시 서구 한밭대로,713,,3017011300102820001000001,,대전광역시 서구 한밭대로 713,302847,35220,,,,127.37856884846,36.3586875074102,gov
MA010120220808510055,싸이다머니,,P1,교육,P106,기타 교육,P10629,그 외 기타 교육기관,P85699,그 외 기타 분류 안된 교육기관,30,대전광역시,30170,서구,30170587,월평2동,3017011300,월평동,3017011300102820000,1,대지,282,,대전광역시 서구 월평동 282,301703166051,대전광역시 서구 청사로,136,,3017011300102820000000001,대전무역회관,대전광역시 서구 청사로 136,302847,35220,,12,,127.378906627656,36.3594163874426,gov
MA010120220808268365,이선세무회계,,M1,과학·기술,M104,회계·세무,M10402,세무사,M71202,세무사업,30,대전광역시,30170,서구,30170587,월평2동,3017011300,월평동,3017011300102820000,1,대지,282,,대전광역시 서구 월평동 282,301703166051,대전광역시 서구 청사로,136,,3017011300102820000000001,대전무역회관,대전광역시 서구 청사로 136,302847,35220,,12,,127.378906627656,36.3594163874426,gov
MA0101202406A0101023,생각의숲경영컨설팅,,M1,과학·기술,M107,본사·경영 컨설팅,M10703,경영 컨설팅업,M71531,경영 컨설팅업,30,대전광역시,30170,서구,30170587,월평2동,3017011300,월평동,3017011300102820000,1,대지,282,,대전광역시 서구 월평동 282,301703166051,대전광역시 서구 청사로,136,,3017011300102820000000001,대전무역회관,대전광역시 서구 청사로 136,302847,35220,,18,,127.378906627656,36.3594163874426,gov
MA010120220806256024,뉴페이지,,M1,과학·기술,M107,본사·경영 컨설팅,M10703,경영 컨설팅업,M71531,경영 컨설팅업,30,대전광역시,30170,서구,30170587,월평2동,3017011300,월평동,3017011300102820000,1,대지,282,,대전광역시 서구 월평동 282,301703166051,대전광역시 서구 청사로,136,,3017011300102820000000001,대전무역회관,대전광역시 서구 청사로 136,302847,35220,,12,,127.378906627656,36.3594163874426,gov
MA0101202406A0594313,법무법인율지,,M1,과학·기술,M103,법무관련 ,M10301,변호사,M71101,변호사업,30,대전광역시,30170,서구,30170587,월평2동,3017011300,월평동,3017011300102820000,1,대지,282,,대전광역시 서구 월평동 282,301703166051,대전광역시 서구 청사로,136,,3017011300102820000000001,대전무역회관,대전광역시 서구 청사로 136,302847,35220,,,,127.378906627656,36.3594163874426,gov
MA010120220813162247,캐치투어,,N1,시설관리·임대,N105,여행사·보조,N10501,여행사,N75210,여행사업,30,대전광역시,30170,서구,30170587,월평2동,3017011300,월평동,3017011300102820000,1,대지,282,,대전광역시 서구 월평동 282,301703166051,대전광역시 서구 청사로,136,,3017011300102820000000001,대전무역회관,대전광역시 서구 청사로 136,302847,35220,,18,,127.378906627656,36.3594163874426,gov
MA010120220810290689,베르트엠,,M1,과학·기술,M109,기술 서비스,M10902,도시 계획 및 조경 설계 서비스업,M72112,도시 계획 및 조경 설계 서비스업,30,대전광역시,30170,서구,30170587,월평2동,3017011300,월평동,3017011300102820000,1,대지,282,,대전광역시 서구 월평동 282,301703166051,대전광역시 서구 청사로,136,,3017011300102820000000001,대전무역회관,대전광역시 서구 청사로 136,302847,35220,,18,,127.378906627656,36.3594163874426,gov
MA0101202211A0027756,비에스피,,N1,시설관리·임대,N101,시설관리,N10101,사업시설 유지·관리 서비스업,N74100,사업시설 유지ㆍ관리 서비스업,30,대전광역시,30170,서구,30170587,월평2동,3017011300,월평동,3017011300102820000,1,대지,282,,대전광역시 서구 월평동 282,301703166051,대전광역시 서구 청사로,136,,3017011300102820000000001,대전무역회관,대전광역시 서구 청사로 136,302847,35220,,12,,127.378906627656,36.3594163874426,gov
MA0101202306A0074570,파이드톤,,M1,과학·기술,M112,전문 디자인,M11203,시각 디자인업,M73203,시각 디자인업,30,대전광역시,30170,서구,30170587,월평2동,3017011300,월평동,3017011300102820000,1,대지,282,,대전광역시 서구 월평동 282,301703166051,대전광역시 서구 청사로,136,,3017011300102820000000001,대전무역회관,대전광역시 서구 청사로 136,302847,35220,,12,,127.378906627656,36.3594163874426,gov
MA010120220812126255,써볼랩,,M1,과학·기술,M105,광고,M10501,광고 대행업,M71310,광고 대행업,30,대전광역시,30170,서구,30170587,월평2동,3017011300,월평동,3017011300102820000,1,대지,282,,대전광역시 서구 월평동 282,301703166051,대전광역시 서구 청사로,136,,3017011300102820000000001,대전무역회관,대전광역시 서구 청사로 136,302847,35220,,12,,127.378906627656,36.3594163874426,gov
MA0101202305A0071923,리치맘,,P1,교육,P107,교육 지원,P10799,기타 교육지원 서비스업,P85709,기타 교육지원 서비스업,30,대전광역시,30170,서구,30170587,월평2동,3017011300,월평동,3017011300102820000,1,대지,282,,대전광역시 서구 월평동 282,301703166051,대전광역시 서구 청사로,136,,3017011300102820000000001,대전무역회관,대전광역시 서구 청사로 136,302847,35220,,18,,127.378906627656,36.3594163874426,gov
MA010120220808772709,알에프,코리아,L1,부동산,L102,부동산 서비스,L10203,부동산 중개/대리업,L68221,부동산 중개 및 대리업,30,대전광역시,30170,서구,30170587,월평2동,3017011300,월평동,3017011300102820000,1,대지,282,,대전광역시 서구 월평동 282,301703166051,대전광역시 서구 청사로,136,,3017011300102820000000001,,대전광역시 서구 청사로 136,302847,35220,,18,,127.378906627656,36.3594163874426,gov
MA010120220806550751,넘버원유학대전센터,,P1,교육,P107,교육 지원,P10799,기타 교육지원 서비스업,P85709,기타 교육지원 서비스업,30,대전광역시,30170,서구,30170587,월평2동,3017011300,월평동,3017011300102820000,1,대지,282,,대전광역시 서구 월평동 282,301703166051,대전광역시 서구 청사로,136,,3017011300102820000000001,,대전광역시 서구 청사로 136,302847,35220,,12,,127.378906627656,36.3594163874426,gov
MA0101202210A0086123,라온엔지니어링,,M1,과학·기술,M109,기술 서비스,M10999,기타 엔지니어링 서비스업,M72129,기타 엔지니어링 서비스업,30,대전광역시,30170,서구,30170587,월평2동,3017011300,월평동,3017011300102820000,1,대지,282,,대전광역시 서구 월평동 282,301703166051,대전광역시 서구 청사로,136,,3017011300102820000000001,대전무역회관,대전광역시 서구 청사로 136,302847,35220,,12,,127.378906627656,36.3594163874426,gov
MA0101202212A0038397,세종대전변호사,,M1,과학·기술,M103,법무관련 ,M10301,변호사,M71101,변호사업,30,대전광역시,30170,서구,30170587,월평2동,3017011300,월평동,3017011300102820000,1,대지,282,,대전광역시 서구 월평동 282,301703166051,대전광역시 서구 청사로,136,,3017011300102820000000001,대전무역회관,대전광역시 서구 청사로 136,302847,35220,,12,,127.378906627656,36.3594163874426,gov
MA0101202301A0044067,국민권익24행정사사무소,,M1,과학·기술,M103,법무관련 ,M10306,행정사,M71109,기타 법무관련 서비스업,30,대전광역시,30170,서구,30170587,월평2동,3017011300,월평동,3017011300102820000,1,대지,282,,대전광역시 서구 월평동 282,301703166051,대전광역시 서구 청사로,136,,3017011300102820000000001,,대전광역시 서구 청사로 136,302847,35220,,12,,127.378906627656,36.3594163874426,gov
MA0101202301A0015416,오래여행,,N1,시설관리·임대,N105,여행사·보조,N10501,여행사,N75210,여행사업,30,대전광역시,30170,서구,30170587,월평2동,3017011300,월평동,3017011300102820000,1,대지,282,,대전광역시 서구 월평동 282,301703166051,대전광역시 서구 청사로,136,,3017011300102820000000001,대전무역회관,대전광역시 서구 청사로 136,302847,35220,,12,,127.378906627656,36.3594163874426,gov
MA0101202301A0076216,유한책임회사함께,,M1,과학·기술,M107,본사·경영 컨설팅,M10703,경영 컨설팅업,M71531,경영 컨설팅업,30,대전광역시,30170,서구,30170587,월평2동,3017011300,월평동,3017011300102820000,1,대지,282,,대전광역시 서구 월평동 282,301703166051,대전광역시 서구 청사로,136,,3017011300102820000000001,알,대전광역시 서구 청사로 136,302847,35220,,18,,127.378906627656,36.3594163874426,gov
MA0101202301A0041224,에이치케이번역·일반행정사사무소,,M1,과학·기술,M103,법무관련 ,M10306,행정사,M71109,기타 법무관련 서비스업,30,대전광역시,30170,서구,30170587,월평2동,3017011300,월평동,3017011300102820000,1,대지,282,,대전광역시 서구 월평동 282,301703166051,대전광역시 서구 청사로,136,,3017011300102820000000001,대전무역회관,대전광역시 서구 청사로 136,302847,35220,,18,,127.378906627656,36.3594163874426,gov
MA0106202204A0426974,해이커피무역회관점,,I2,음식,I212,비알코올 ,I21201,카페,I56221,커피 전문점,30,대전광역시,30170,서구,30170587,월평2동,3017011300,월평동,3017011300102820000,1,대지,282,,대전광역시 서구 월평동 282,301703166051,대전광역시 서구 청사로,136,,3017011300102820000000001,,대전광역시 서구 청사로 136,302847,35220,,,,127.378906627656,36.3594163874426,gov
MA010120220807342192,디렉션메디,,M1,과학·기술,M107,본사·경영 컨설팅,M10703,경영 컨설팅업,M71531,경영 컨설팅업,30,대전광역시,30170,서구,30170587,월평2동,3017011300,월평동,3017011300102820000,1,대지,282,,대전광역시 서구 월평동 282,301703166051,대전광역시 서구 청사로,136,,3017011300102820000000001,대전무역회관,대전광역시 서구 청사로 136,302847,35220,,12,,127.378906627656,36.3594163874426,gov
MA0101202212A0035599,더뉴원,,N1,시설관리·임대,N108,기타 사업 서비스,N10802,전시/컨벤션/행사 대행 서비스업,N75992,"전시, 컨벤션 및 행사 대행업",30,대전광역시,30170,서구,30170587,월평2동,3017011300,월평동,3017011300102820000,1,대지,282,,대전광역시 서구 월평동 282,301703166051,대전광역시 서구 청사로,136,,3017011300102820000000001,대전무역회관,대전광역시 서구 청사로 136,302847,35220,,18,,127.378906627656,36.3594163874426,gov
MA010120220809883134,디에스컴퍼니,,M1,과학·기술,M107,본사·경영 컨설팅,M10703,경영 컨설팅업,M71531,경영 컨설팅업,30,대전광역시,30170,서구,30170587,월평2동,3017011300,월평동,3017011300102820000,1,대지,282,,대전광역시 서구 월평동 282,301703166051,대전광역시 서구 청사로,136,,3017011300102820000000001,,대전광역시 서구 청사로 136,302847,35220,,,,127.378906627656,36.3594163874426,gov
MA010120220808110761,클래식트래블,,N1,시설관리·임대,N105,여행사·보조,N10501,여행사,N75210,여행사업,30,대전광역시,30170,서구,30170587,월평2동,3017011300,월평동,3017011300102820000,1,대지,282,,대전광역시 서구 월평동 282,301703166051,대전광역시 서구 청사로,136,,3017011300102820000000001,대전무역회관,대전광역시 서구 청사로 136,302847,35220,,18,,127.378906627656,36.3594163874426,gov
MA010120220810039093,에이티에스,,M1,과학·기술,M109,기술 서비스,M10999,기타 엔지니어링 서비스업,M72129,기타 엔지니어링 서비스업,30,대전광역시,30170,서구,30170587,월평2동,3017011300,월평동,3017011300102820000,1,대지,282,,대전광역시 서구 월평동 282,301703166051,대전광역시 서구 청사로,136,,3017011300102820000000001,대전무역회관,대전광역시 서구 청사로 136,302847,35220,,18,,127.378906627656,36.3594163874426,gov
MA0101202209A0099246,티투비,,M1,과학·기술,M107,본사·경영 컨설팅,M10703,경영 컨설팅업,M71531,경영 컨설팅업,30,대전광역시,30170,서구,30170587,월평2동,3017011300,월평동,3017011300102820000,1,대지,282,,대전광역시 서구 월평동 282,301703166051,대전광역시 서구 청사로,136,,3017011300102820000000001,대전무역회관,대전광역시 서구 청사로 136,302847,35220,,12,,127.378906627656,36.3594163874426,gov
MA0101202604A0027945,써전콥,,M1,과학·기술,M107,본사·경영 컨설팅,M10703,경영 컨설팅업,M71531,경영 컨설팅업,30,대전광역시,30170,서구,30170587,월평2동,3017011300,월평동,3017011300102820000,1,대지,282,,대전광역시 서구 월평동 282,301703166051,대전광역시 서구 청사로,136,,3017011300102820000000001,대전무역회관,대전광역시 서구 청사로 136,302847,35220,,12,,127.378906627656,36.3594163874426,gov
MA010120220808615679,모던디자인,,G2,소매,G211,가구 소매,G21101,가구 소매업,G47520,가구 소매업,30,대전광역시,30170,서구,30170587,월평2동,3017011300,월평동,3017011300102820000,1,대지,282,,대전광역시 서구 월평동 282,301703166051,대전광역시 서구 청사로,136,,3017011300102820000000001,,대전광역시 서구 청사로 136,302847,35220,,12,,127.378906627656,36.3594163874426,gov
MA010120220805130788,광고의정답충남온라인광고사,,M1,과학·기술,M105,광고,M10501,광고 대행업,M71310,광고 대행업,30,대전광역시,30170,서구,30170587,월평2동,3017011300,월평동,3017011300102820000,1,대지,282,,대전광역시 서구 월평동 282,301703166051,대전광역시 서구 청사로,136,,3017011300102820000000001,대전무역회관,대전광역시 서구 청사로 136,302847,35220,,18,,127.378906627656,36.3594163874426,gov
MA010120220807289677,대학교육개발센터협의회,,M1,과학·기술,M107,본사·경영 컨설팅,M10703,경영 컨설팅업,M71531,경영 컨설팅업,30,대전광역시,30170,서구,30170587,월평2동,3017011300,월평동,3017011300102820000,1,대지,282,,대전광역시 서구 월평동 282,301703166051,대전광역시 서구 청사로,136,,3017011300102820000000001,대전무역회관,대전광역시 서구 청사로 136,302847,35220,,12,,127.378906627656,36.3594163874426,gov
MA010120220812833193,새봄,,N1,시설관리·임대,N108,기타 사업 서비스,N10802,전시/컨벤션/행사 대행 서비스업,N75992,"전시, 컨벤션 및 행사 대행업",30,대전광역시,30170,서구,30170587,월평2동,3017011300,월평동,3017011300102820000,1,대지,282,,대전광역시 서구 월평동 282,301703166051,대전광역시 서구 청사로,136,,3017011300102820000000001,대전무역회관,대전광역시 서구 청사로 136,302847,35220,,18,,127.378906627656,36.3594163874426,gov
MA010120220810430229,비에스경영연구소,,M1,과학·기술,M107,본사·경영 컨설팅,M10703,경영 컨설팅업,M71531,경영 컨설팅업,30,대전광역시,30170,서구,30170587,월평2동,3017011300,월평동,3017011300102820000,1,대지,282,,대전광역시 서구 월평동 282,301703166051,대전광역시 서구 청사로,136,,3017011300102820000000001,대전무역회관,대전광역시 서구 청사로 136,302847,35220,,12,,127.378906627656,36.3594163874426,gov
MA010120220804947266,이언,,M1,과학·기술,M107,본사·경영 컨설팅,M10703,경영 컨설팅업,M71531,경영 컨설팅업,30,대전광역시,30170,서구,30170587,월평2동,3017011300,월평동,3017011300102820000,1,대지,282,,대전광역시 서구 월평동 282,301703166051,대전광역시 서구 청사로,136,,3017011300102820000000001,대전무역회관,대전광역시 서구 청사로 136,302847,35220,,12,,127.378906627656,36.3594163874426,gov
MA010120220814170103,드림에듀센터,,P1,교육,P107,교육 지원,P10701,교육컨설팅업,P85701,교육관련 자문 및 평가업,30,대전광역시,30170,서구,30170587,월평2동,3017011300,월평동,3017011300102820000,1,대지,282,,대전광역시 서구 월평동 282,301703166051,대전광역시 서구 청사로,136,,3017011300102820000000001,대전무역회관,대전광역시 서구 청사로 136,302847,35220,,12,,127.378906627656,36.3594163874426,gov
MA010120220810497695,고호,,P1,교육,P107,교육 지원,P10701,교육컨설팅업,P85701,교육관련 자문 및 평가업,30,대전광역시,30170,서구,30170587,월평2동,3017011300,월평동,3017011300102820000,1,대지,282,,대전광역시 서구 월평동 282,301703166051,대전광역시 서구 청사로,136,,3017011300102820000000001,대전무역회관,대전광역시 서구 청사로 136,302847,35220,,12,,127.378906627656,36.3594163874426,gov
MA010120220808744149,스마일투어,,N1,시설관리·임대,N105,여행사·보조,N10501,여행사,N75210,여행사업,30,대전광역시,30170,서구,30170587,월평2동,3017011300,월평동,3017011300102820000,1,대지,282,,대전광역시 서구 월평동 282,301703166051,대전광역시 서구 청사로,136,,3017011300102820000000001,대전무역회관,대전광역시 서구 청사로 136,302847,35220,,18,,127.378906627656,36.3594163874426,gov
MA010120220812921030,도윤,,M1,과학·기술,M107,본사·경영 컨설팅,M10703,경영 컨설팅업,G45212,자동차용 전용 신품 부품 판매업,30,대전광역시,30170,서구,30170587,월평2동,3017011300,월평동,3017011300102820000,1,대지,282,,대전광역시 서구 월평동 282,301703166051,대전광역시 서구 청사로,136,,3017011300102820000000001,대전무역회관,대전광역시 서구 청사로 136,302847,35220,,18,,127.378906627656,36.3594163874426,gov
MA0101202601A0048395,아토텍,,M1,과학·기술,M109,기술 서비스,M10999,기타 엔지니어링 서비스업,M72129,기타 엔지니어링 서비스업,30,대전광역시,30170,서구,30170587,월평2동,3017011300,월평동,3017011300102820000,1,대지,282,,대전광역시 서구 월평동 282,301703166051,대전광역시 서구 청사로,136,,3017011300102820000000001,대전무역회관,대전광역시 서구 청사로 136,302847,35220,,18,,127.378906627656,36.3594163874426,gov
MA0101202602A0014014,에스웍스,,M1,과학·기술,M107,본사·경영 컨설팅,M10703,경영 컨설팅업,M71531,경영 컨설팅업,30,대전광역시,30170,서구,30170587,월평2동,3017011300,월평동,3017011300102820000,1,대지,282,,대전광역시 서구 월평동 282,301703166051,대전광역시 서구 청사로,136,,3017011300102820000000001,대전무역회관,대전광역시 서구 청사로 136,302847,35220,,12,,127.378906627656,36.3594163874426,gov
MA0101202507A0032550,오름,,M1,과학·기술,M105,광고,M10501,광고 대행업,M71310,광고 대행업,30,대전광역시,30170,서구,30170587,월평2동,3017011300,월평동,3017011300102820000,1,대지,282,,대전광역시 서구 월평동 282,301703166051,대전광역시 서구 청사로,136,,3017011300102820000000001,대전무역회관,대전광역시 서구 청사로 136,302847,35220,,,,127.378906627656,36.3594163874426,gov
MA0101202507A0007878,나비온케어,,G2,소매,G215,의약·화장품 소매,G21503,화장품 소매업,G47813,"화장품, 비누 및 방향제 소매업",30,대전광역시,30170,서구,30170587,월평2동,3017011300,월평동,3017011300102820000,1,대지,282,,대전광역시 서구 월평동 282,301703166051,대전광역시 서구 청사로,136,,3017011300102820000000001,대전무역회관,대전광역시 서구 청사로 136,302847,35220,,12,,127.378906627656,36.3594163874426,gov
MA0101202603A0045999,문앤파트너스행정사사무소,,M1,과학·기술,M103,법무관련 ,M10306,행정사,M71109,기타 법무관련 서비스업,30,대전광역시,30170,서구,30170587,월평2동,3017011300,월평동,3017011300102820000,1,대지,282,,대전광역시 서구 월평동 282,301703166051,대전광역시 서구 청사로,136,,3017011300102820000000001,대전무역회관,대전광역시 서구 청사로 136,302847,35220,,12,,127.378906627656,36.3594163874426,gov
MA0101202604A0029341,넥스테이지,,M1,과학·기술,M107,본사·경영 컨설팅,M10703,경영 컨설팅업,M71531,경영 컨설팅업,30,대전광역시,30170,서구,30170587,월평2동,3017011300,월평동,3017011300102820000,1,대지,282,,대전광역시 서구 월평동 282,301703166051,대전광역시 서구 청사로,136,,3017011300102820000000001,대전무역회관,대전광역시 서구 청사로 136,302847,35220,,12,,127.378906627656,36.3594163874426,gov
MA010120220810092550,한국메타버스강사협회,,P1,교육,P106,기타 교육,P10625,기타 기술/직업 훈련학원,P85669,기타 기술 및 직업 훈련학원,30,대전광역시,30170,서구,30170587,월평2동,3017011300,월평동,3017011300102820000,1,대지,282,,대전광역시 서구 월평동 282,301703166051,대전광역시 서구 청사로,136,,3017011300102820000000001,대전무역회관,대전광역시 서구 청사로 136,302847,35220,,12,,127.378906627656,36.3594163874426,gov
MA010120220811217406,원썸모어,,G2,소매,G212,기타 생활용품 소매,G21202,주방/가정용품 소매업,G47599,그 외 기타 분류 안된 가정용품 소매업,30,대전광역시,30170,서구,30170587,월평2동,3017011300,월평동,3017011300102820000,1,대지,282,,대전광역시 서구 월평동 282,301703166051,대전광역시 서구 청사로,136,,3017011300102820000000001,대전무역회관,대전광역시 서구 청사로 136,302847,35220,,12,,127.378906627656,36.3594163874426,gov
MA0101202511A0018707,바이오앤메드,,M1,과학·기술,M107,본사·경영 컨설팅,M10703,경영 컨설팅업,M71531,경영 컨설팅업,30,대전광역시,30170,서구,30170587,월평2동,3017011300,월평동,3017011300102820000,1,대지,282,,대전광역시 서구 월평동 282,301703166051,대전광역시 서구 청사로,136,,3017011300102820000000001,대전무역회관,대전광역시 서구 청사로 136,302847,35220,,12,,127.378906627656,36.3594163874426,gov
MA0101202507A0015407,고객유치단,,M1,과학·기술,M105,광고,M10501,광고 대행업,M71310,광고 대행업,30,대전광역시,30170,서구,30170587,월평2동,3017011300,월평동,3017011300102820000,1,대지,282,,대전광역시 서구 월평동 282,301703166051,대전광역시 서구 청사로,136,,3017011300102820000000001,대전무역회관,대전광역시 서구 청사로 136,302847,35220,,12,,127.378906627656,36.3594163874426,gov
MA0101202601A0036124,비와이즈경영연구소,,M1,과학·기술,M107,본사·경영 컨설팅,M10703,경영 컨설팅업,M71531,경영 컨설팅업,30,대전광역시,30170,서구,30170587,월평2동,3017011300,월평동,3017011300102820000,1,대지,282,,대전광역시 서구 월평동 282,301703166051,대전광역시 서구 청사로,136,,3017011300102820000000001,대전무역회관,대전광역시 서구 청사로 136,302847,35220,,12,,127.378906627656,36.3594163874426,gov
MA0101202412A0086167,아이지엠아카데미,,M1,과학·기술,M107,본사·경영 컨설팅,M10703,경영 컨설팅업,M71531,경영 컨설팅업,30,대전광역시,30170,서구,30170587,월평2동,3017011300,월평동,3017011300102820000,1,대지,282,,대전광역시 서구 월평동 282,301703166051,대전광역시 서구 청사로,136,,3017011300102820000000001,대전무역회관,대전광역시 서구 청사로 136,302847,35220,,18,,127.378906627656,36.3594163874426,gov
MA0101202509A0005250,더풀,,P1,교육,P107,교육 지원,P10799,기타 교육지원 서비스업,P85709,기타 교육지원 서비스업,30,대전광역시,30170,서구,30170587,월평2동,3017011300,월평동,3017011300102820000,1,대지,282,,대전광역시 서구 월평동 282,301703166051,대전광역시 서구 청사로,136,,3017011300102820000000001,대전무역회관,대전광역시 서구 청사로 136,302847,35220,,18,,127.378906627656,36.3594163874426,gov
MA0101202511A0002698,비엣,코리아,M1,과학·기술,M107,본사·경영 컨설팅,M10703,경영 컨설팅업,M71531,경영 컨설팅업,30,대전광역시,30170,서구,30170587,월평2동,3017011300,월평동,3017011300102820000,1,대지,282,,대전광역시 서구 월평동 282,301703166051,대전광역시 서구 청사로,136,,3017011300102820000000001,대전무역회관,대전광역시 서구 청사로 136,302847,35220,,18,,127.378906627656,36.3594163874426,gov
MA0101202503A0028874,단평환경감정평가원,,M1,과학·기술,M109,기술 서비스,M10904,환경 관련 엔지니어링 서비스업,M72122,환경 관련 엔지니어링 서비스업,30,대전광역시,30170,서구,30170587,월평2동,3017011300,월평동,3017011300102820000,1,대지,282,,대전광역시 서구 월평동 282,301703166051,대전광역시 서구 청사로,136,,3017011300102820000000001,대전무역회관,대전광역시 서구 청사로 136,302847,35220,,18,,127.378906627656,36.3594163874426,gov
MA0101202503A0077325,오롯행정사사무소,,M1,과학·기술,M103,법무관련 ,M10306,행정사,M71109,기타 법무관련 서비스업,30,대전광역시,30170,서구,30170587,월평2동,3017011300,월평동,3017011300102820000,1,대지,282,,대전광역시 서구 월평동 282,301703166051,대전광역시 서구 청사로,136,,3017011300102820000000001,대전무역회관,대전광역시 서구 청사로 136,302847,35220,,12,,127.378906627656,36.3594163874426,gov
MA0101202505A0016384,리앤박파트너스,,M1,과학·기술,M107,본사·경영 컨설팅,M10703,경영 컨설팅업,M71531,경영 컨설팅업,30,대전광역시,30170,서구,30170587,월평2동,3017011300,월평동,3017011300102820000,1,대지,282,,대전광역시 서구 월평동 282,301703166051,대전광역시 서구 청사로,136,,3017011300102820000000001,대전무역회관,대전광역시 서구 청사로 136,302847,35220,,12,,127.378906627656,36.3594163874426,gov
MA0101202507A0001357,달빛숨,,M1,과학·기술,M112,전문 디자인,M11203,시각 디자인업,M73203,시각 디자인업,30,대전광역시,30170,서구,30170587,월평2동,3017011300,월평동,3017011300102820000,1,대지,282,,대전광역시 서구 월평동 282,301703166051,대전광역시 서구 청사로,136,,3017011300102820000000001,대전무역회관,대전광역시 서구 청사로 136,302847,35220,,12,,127.378906627656,36.3594163874426,gov
MA010120220813673174,에듀파인인력개발센터,,P1,교육,P107,교육 지원,P10701,교육컨설팅업,P85701,교육관련 자문 및 평가업,30,대전광역시,30170,서구,30170587,월평2동,3017011300,월평동,3017011300102820000,1,대지,282,,대전광역시 서구 월평동 282,301703166051,대전광역시 서구 청사로,136,,3017011300102820000000001,대전무역회관,대전광역시 서구 청사로 136,302847,35220,,18,,127.378906627656,36.3594163874426,gov
MA010120220806255432,시드(주),,M1,과학·기술,M112,전문 디자인,M11202,제품 디자인업,M73202,제품 디자인업,30,대전광역시,30170,서구,30170587,월평2동,3017011300,월평동,3017011300102820000,1,대지,282,,대전광역시 서구 월평동 282,301703166051,대전광역시 서구 청사로,136,,3017011300102820000000001,대전무역회관,대전광역시 서구 청사로 136,302847,35220,,12,,127.378906627656,36.3594163874426,gov
MA010120220806911338,크레티보,,M1,과학·기술,M105,광고,M10501,광고 대행업,M71310,광고 대행업,30,대전광역시,30170,서구,30170587,월평2동,3017011300,월평동,3017011300102820000,1,대지,282,,대전광역시 서구 월평동 282,301703166051,대전광역시 서구 청사로,136,,3017011300102820000000001,대전무역회관,대전광역시 서구 청사로 136,302847,35220,,18,,127.378906627656,36.3594163874426,gov
MA010120220804916099,프라임알앤디,,M1,과학·기술,M107,본사·경영 컨설팅,M10703,경영 컨설팅업,M71531,경영 컨설팅업,30,대전광역시,30170,서구,30170587,월평2동,3017011300,월평동,3017011300102820000,1,대지,282,,대전광역시 서구 월평동 282,301703166051,대전광역시 서구 청사로,136,,3017011300102820000000001,대전무역회관,대전광역시 서구 청사로 136,302847,35220,,,,127.378906627656,36.3594163874426,gov
MA010120220805254292,트래블케이,,M1,과학·기술,M107,본사·경영 컨설팅,M10703,경영 컨설팅업,M71531,경영 컨설팅업,30,대전광역시,30170,서구,30170587,월평2동,3017011300,월평동,3017011300102820000,1,대지,282,,대전광역시 서구 월평동 282,301703166051,대전광역시 서구 청사로,136,,3017011300102820000000001,대전무역회관,대전광역시 서구 청사로 136,302847,35220,,,,127.378906627656,36.3594163874426,gov
MA0101202409A0232692,대길구조기술사사무소,,M1,과학·기술,M109,기술 서비스,M10903,건물 및 토목 엔지니어링 서비스업,M72121,건물 및 토목 엔지니어링 서비스업,30,대전광역시,30170,서구,30170587,월평2동,3017011300,월평동,3017011300102820000,1,대지,282,,대전광역시 서구 월평동 282,301703166051,대전광역시 서구 청사로,136,,3017011300102820000000001,대전무역회관,대전광역시 서구 청사로 136,302847,35220,,18,,127.378906627656,36.3594163874426,gov
MA0101202406A0532398,우리술협동조합,,P1,교육,P107,교육 지원,P10799,기타 교육지원 서비스업,P85709,기타 교육지원 서비스업,30,대전광역시,30170,서구,30170640,둔산2동,3017011200,둔산동,3017011200110280000,1,대지,1028,,대전광역시 서구 둔산동 1028,301702010001,대전광역시 서구 대덕대로,239,,3017011200110280000020457,눈높이대전센터,대전광역시 서구 대덕대로 239,302828,35229,,4,,127.378914935923,36.3542346103697,gov
MA0101202406A0528092,창스퀘어,,M1,과학·기술,M106,시장 조사,M10601,시장 조사 및 여론 조사업,M71400,시장 조사 및 여론 조사업,30,대전광역시,30170,서구,30170640,둔산2동,3017011200,둔산동,3017011200110280000,1,대지,1028,,대전광역시 서구 둔산동 1028,301702010001,대전광역시 서구 대덕대로,239,,3017011200110280000020457,온대교눈높이사옥둔산지점,대전광역시 서구 대덕대로 239,302828,35229,,3,,127.378914935923,36.3542346103697,gov
MA010120220806814964,펀리햅,,P1,교육,P106,기타 교육,P10627,컴퓨터 학원,P85691,컴퓨터 학원,30,대전광역시,30170,서구,30170640,둔산2동,3017011200,둔산동,3017011200110280000,1,대지,1028,,대전광역시 서구 둔산동 1028,301702010001,대전광역시 서구 대덕대로,239,,3017011200110280000020457,,대전광역시 서구 대덕대로 239,302828,35229,,,,127.378914935923,36.3542346103697,gov
MA010120220803147222,소사이어티,,N1,시설관리·임대,N108,기타 사업 서비스,N10802,전시/컨벤션/행사 대행 서비스업,N75992,"전시, 컨벤션 및 행사 대행업",30,대전광역시,30170,서구,30170640,둔산2동,3017011200,둔산동,3017011200110280000,1,대지,1028,,대전광역시 서구 둔산동 1028,301702010001,대전광역시 서구 대덕대로,239,,3017011200110280000020457,대교빌딩,대전광역시 서구 대덕대로 239,302828,35229,,4,,127.378914935923,36.3542346103697,gov
MA010120220803419973,대교에듀캠프대전충청지부,,P1,교육,P106,기타 교육,P10627,컴퓨터 학원,P85691,컴퓨터 학원,30,대전광역시,30170,서구,30170640,둔산2동,3017011200,둔산동,3017011200110280000,1,대지,1028,,대전광역시 서구 둔산동 1028,301702010001,대전광역시 서구 대덕대로,239,,3017011200110280000020457,,대전광역시 서구 대덕대로 239,302828,35229,,18,,127.378914935923,36.3542346103697,gov
MA010120220808267413,다봄크리에이티브,,M1,과학·기술,M105,광고,M10501,광고 대행업,M71310,광고 대행업,30,대전광역시,30170,서구,30170640,둔산2동,3017011200,둔산동,3017011200110280000,1,대지,1028,,대전광역시 서구 둔산동 1028,301702010001,대전광역시 서구 대덕대로,239,,3017011200110280000020457,다봄크리에이티브대교빌딩,대전광역시 서구 대덕대로 239,302828,35229,,13,,127.378914935923,36.3542346103697,gov
MA010120220805862656,우리금융캐피탈,,N1,시설관리·임대,N109,운송장비 대여,N10901,자동차 대여업,N76110,자동차 임대업,30,대전광역시,30170,서구,30170640,둔산2동,3017011200,둔산동,3017011200110280000,1,대지,1028,,대전광역시 서구 둔산동 1028,301702010001,대전광역시 서구 대덕대로,239,,3017011200110280000020457,,대전광역시 서구 대덕대로 239,302828,35229,,,,127.378914935923,36.3542346103697,gov
MA010120220806665476,정한방병원,,Q1,보건의료,Q101,병원,Q10104,한방병원,Q86104,한방병원,30,대전광역시,30170,서구,30170640,둔산2동,3017011200,둔산동,3017011200110290000,1,대지,1029,,대전광역시 서구 둔산동 1029,301702010001,대전광역시 서구 대덕대로,237,,3017011200110290000000001,,대전광역시 서구 대덕대로 237,302828,35229,,,,127.378925072114,36.3540273081045,gov
MA010120220805338418,한빛국제특허법률사무소,,M1,과학·기술,M103,법무관련 ,M10302,변리사,M71102,변리사업,30,대전광역시,30170,서구,30170587,월평2동,3017011300,월평동,3017011300102440000,1,대지,244,,대전광역시 서구 월평동 244,301702010001,대전광역시 서구 대덕대로,319,,3017011300102440000020154,우림필유,대전광역시 서구 대덕대로 319,302847,35214,,2,,127.378994448912,36.3614437492767,gov
MA010120220806201516,메가뷰,,G2,소매,G215,의약·화장품 소매,G21503,화장품 소매업,G47813,"화장품, 비누 및 방향제 소매업",30,대전광역시,30170,서구,30170587,월평2동,3017011300,월평동,3017011300102440000,1,대지,244,,대전광역시 서구 월평동 244,301702010001,대전광역시 서구 대덕대로,319,,3017011300102440000020154,,대전광역시 서구 대덕대로 319,302847,35214,,,,127.378994448912,36.3614437492767,gov
MA010120220806956126,와이즈,,M1,과학·기술,M107,본사·경영 컨설팅,M10703,경영 컨설팅업,M71531,경영 컨설팅업,30,대전광역시,30170,서구,30170587,월평2동,3017011300,월평동,3017011300102440000,1,대지,244,,대전광역시 서구 월평동 244,301702010001,대전광역시 서구 대덕대로,319,,3017011300102440000020154,월평동엔터비즈스페이스비즈니스센터,대전광역시 서구 대덕대로 319,302847,35214,,,,127.378994448912,36.3614437492767,gov
MA0101202406A0438293,큐앤에이,,G2,소매,G213,오락용품 소매,G21301,서점,G47611,"서적, 신문 및 잡지류 소매업",30,대전광역시,30170,서구,30170587,월평2동,3017011300,월평동,3017011300102440000,1,대지,244,,대전광역시 서구 월평동 244,301702010001,대전광역시 서구 대덕대로,319,,3017011300102440000020154,우림필유,대전광역시 서구 대덕대로 319,302847,35214,,,,127.378994448912,36.3614437492767,gov
MA010120220802254886,상현씨엔디,,N1,시설관리·임대,N108,기타 사업 서비스,N10802,전시/컨벤션/행사 대행 서비스업,N75992,"전시, 컨벤션 및 행사 대행업",30,대전광역시,30170,서구,30170587,월평2동,3017011300,월평동,3017011300102440000,1,대지,244,,대전광역시 서구 월평동 244,301702010001,대전광역시 서구 대덕대로,319,,3017011300102440000020154,우림필유오피스텔,대전광역시 서구 대덕대로 319,302847,35214,,,,127.378994448912,36.3614437492767,gov
MA010120220812210186,우림공인중개사사무소,,L1,부동산,L102,부동산 서비스,L10203,부동산 중개/대리업,L68221,부동산 중개 및 대리업,30,대전광역시,30170,서구,30170587,월평2동,3017011300,월평동,3017011300102440000,1,대지,244,,대전광역시 서구 월평동 244,301702010001,대전광역시 서구 대덕대로,319,,3017011300102440000020154,우림필유,대전광역시 서구 대덕대로 319,302847,35214,,,,127.378994448912,36.3614437492767,gov
MA0101202406A0028255,두찜대전,월평점,I2,음식,I201,한식,I20101,백반/한정식,I56111,한식 일반 음식점업,30,대전광역시,30170,서구,30170587,월평2동,3017011300,월평동,3017011300102440000,1,대지,244,,대전광역시 서구 월평동 244,301702010001,대전광역시 서구 대덕대로,319,,3017011300102440000020154,,대전광역시 서구 대덕대로 319,302847,35214,,1,,127.378994448912,36.3614437492767,gov
MA010120220806202443,이원섭국제특허법률사무소,,M1,과학·기술,M103,법무관련 ,M10302,변리사,M71102,변리사업,30,대전광역시,30170,서구,30170587,월평2동,3017011300,월평동,3017011300102440000,1,대지,244,,대전광역시 서구 월평동 244,301702010001,대전광역시 서구 대덕대로,319,,3017011300102440000020154,우림필유,대전광역시 서구 대덕대로 319,302847,35214,,,,127.378994448912,36.3614437492767,gov
MA010120220805856355,최고다중장비,,N1,시설관리·임대,N102,청소·방제,N10202,"산업설비, 운송장비 및 공공장소 청소업",N74212,"산업설비, 운송장비 및 공공장소 청소업",30,대전광역시,30170,서구,30170587,월평2동,3017011300,월평동,3017011300102440000,1,대지,244,,대전광역시 서구 월평동 244,301702010001,대전광역시 서구 대덕대로,319,,3017011300102440000020154,M실,대전광역시 서구 대덕대로 319,302847,35214,,,,127.378994448912,36.3614437492767,gov
MA010120220804766582,드림엔지니어링,,M1,과학·기술,M109,기술 서비스,M10999,기타 엔지니어링 서비스업,M72129,기타 엔지니어링 서비스업,30,대전광역시,30170,서구,30170587,월평2동,3017011300,월평동,3017011300102440000,1,대지,244,,대전광역시 서구 월평동 244,301702010001,대전광역시 서구 대덕대로,319,,3017011300102440000020154,우림필유,대전광역시 서구 대덕대로 319,302847,35214,,9,,127.378994448912,36.3614437492767,gov
MA010120220806237060,오수현헤어,,S2,수리·개인,S207,이용·미용,S20701,미용실,S96112,두발 미용업,30,대전광역시,30170,서구,30170587,월평2동,3017011300,월평동,3017011300102440000,1,대지,244,,대전광역시 서구 월평동 244,301702010001,대전광역시 서구 대덕대로,319,,3017011300102440000020154,우림필유,대전광역시 서구 대덕대로 319,302847,35214,,,,127.378994448912,36.3614437492767,gov
MA010120220806194667,스타공인중개사사무소,,L1,부동산,L102,부동산 서비스,L10203,부동산 중개/대리업,L68221,부동산 중개 및 대리업,30,대전광역시,30170,서구,30170587,월평2동,3017011300,월평동,3017011300102440000,1,대지,244,,대전광역시 서구 월평동 244,301702010001,대전광역시 서구 대덕대로,319,,3017011300102440000020154,우림필유,대전광역시 서구 대덕대로 319,302847,35214,,,,127.378994448912,36.3614437492767,gov
MA010120220806214104,윤성국제특허법률사무소,,M1,과학·기술,M103,법무관련 ,M10302,변리사,M71102,변리사업,30,대전광역시,30170,서구,30170587,월평2동,3017011300,월평동,3017011300102440000,1,대지,244,,대전광역시 서구 월평동 244,301702010001,대전광역시 서구 대덕대로,319,,3017011300102440000020154,,대전광역시 서구 대덕대로 319,302847,35214,,,,127.378994448912,36.3614437492767,gov
MA010120220805944398,대한리더스,,N1,시설관리·임대,N104,고용 알선,N10402,임시/일용 인력 공급업,N75121,임시 및 일용 인력 공급업,30,대전광역시,30170,서구,30170587,월평2동,3017011300,월평동,3017011300102440000,1,대지,244,,대전광역시 서구 월평동 244,301702010001,대전광역시 서구 대덕대로,319,,3017011300102440000020154,우림필유,대전광역시 서구 대덕대로 319,302847,35214,,2,,127.378994448912,36.3614437492767,gov
MA010120220805789994,신사의품격맨즈헤어,,S2,수리·개인,S207,이용·미용,S20701,미용실,S96112,두발 미용업,30,대전광역시,30170,서구,30170587,월평2동,3017011300,월평동,3017011300102440000,1,대지,244,,대전광역시 서구 월평동 244,301702010001,대전광역시 서구 대덕대로,319,,3017011300102440000020154,,대전광역시 서구 대덕대로 319,302847,35214,,1,,127.378994448912,36.3614437492767,gov
MA010120220805389226,커피더문,,I2,음식,I212,비알코올 ,I21201,카페,I56221,커피 전문점,30,대전광역시,30170,서구,30170587,월평2동,3017011300,월평동,3017011300102440000,1,대지,244,,대전광역시 서구 월평동 244,301702010001,대전광역시 서구 대덕대로,319,,3017011300102440000020154,,대전광역시 서구 대덕대로 319,302847,35214,,,,127.378994448912,36.3614437492767,gov
MA010120220800830915,라온아이엔씨,,I1,숙박,I101,일반 숙박,I10102,여관/모텔,I55102,여관업,30,대전광역시,30170,서구,30170587,월평2동,3017011300,월평동,3017011300102440000,1,대지,244,,대전광역시 서구 월평동 244,301702010001,대전광역시 서구 대덕대로,319,,3017011300102440000020154,J실,대전광역시 서구 대덕대로 319,302847,35214,,,,127.378994448912,36.3614437492767,gov
MA010120220811683008,더티립스커피,,I2,음식,I212,비알코올 ,I21201,카페,I56221,커피 전문점,30,대전광역시,30170,서구,30170587,월평2동,3017011300,월평동,3017011300102440000,1,대지,244,,대전광역시 서구 월평동 244,301702010001,대전광역시 서구 대덕대로,319,,3017011300102440000020154,우림필유,대전광역시 서구 대덕대로 319,302847,35214,,1,,127.378994448912,36.3614437492767,gov
MA010120220812394930,테크팜,,G2,소매,G208,가전·통신 소매,G20801,컴퓨터/소프트웨어 소매업,G47311,"컴퓨터 및 주변장치, 소프트웨어 소매업",30,대전광역시,30170,서구,30170587,월평2동,3017011300,월평동,3017011300102440000,1,대지,244,,대전광역시 서구 월평동 244,301702010001,대전광역시 서구 대덕대로,319,,3017011300102440000020154,우림필유,대전광역시 서구 대덕대로 319,302847,35214,,,,127.378994448912,36.3614437492767,gov
MA010120220810147906,새론에프앤에스,,I2,음식,I207,구내식당·뷔페,I20701,구내식당,I56130,기관 구내식당업,30,대전광역시,30170,서구,30170587,월평2동,3017011300,월평동,3017011300102440000,1,대지,244,,대전광역시 서구 월평동 244,301702010001,대전광역시 서구 대덕대로,319,,3017011300102440000020154,우림필유,대전광역시 서구 대덕대로 319,302847,35214,,,,127.378994448912,36.3614437492767,gov
MA010120220805475632,무드앤헤어,,S2,수리·개인,S207,이용·미용,S20701,미용실,S96112,두발 미용업,30,대전광역시,30170,서구,30170587,월평2동,3017011300,월평동,3017011300102440000,1,대지,244,,대전광역시 서구 월평동 244,301702010001,대전광역시 서구 대덕대로,319,,3017011300102440000020154,우림필유,대전광역시 서구 대덕대로 319,302847,35214,,1,,127.378994448912,36.3614437492767,gov
MA010120220813327675,씨앤에프커뮤니케이션즈,,M1,과학·기술,M105,광고,M10504,광고물 설계/제작업,M71393,"광고물 문안, 도안, 설계 등 작성업",30,대전광역시,30170,서구,30170587,월평2동,3017011300,월평동,3017011300102440000,1,대지,244,,대전광역시 서구 월평동 244,301702010001,대전광역시 서구 대덕대로,319,,3017011300102440000020154,,대전광역시 서구 대덕대로 319,302847,35214,,4,,127.378994448912,36.3614437492767,gov
MA010120220812702356,유디치과의원,,Q1,보건의료,Q102,의원,Q10210,치과의원,Q86202,치과의원,30,대전광역시,30170,서구,30170587,월평2동,3017011300,월평동,3017011300102440000,1,대지,244,,대전광역시 서구 월평동 244,301702010001,대전광역시 서구 대덕대로,319,,3017011300102440000020154,,대전광역시 서구 대덕대로 319,302847,35214,,,,127.378994448912,36.3614437492767,gov
MA0101202510A0010406,서하벨로니크,,G2,소매,G215,의약·화장품 소매,G21503,화장품 소매업,G47813,"화장품, 비누 및 방향제 소매업",30,대전광역시,30170,서구,30170587,월평2동,3017011300,월평동,3017011300102440000,1,대지,244,,대전광역시 서구 월평동 244,301702010001,대전광역시 서구 대덕대로,319,,3017011300102440000020154,,대전광역시 서구 대덕대로 319,302847,35214,,,,127.378994448912,36.3614437492767,gov
MA0101202511A0012371,루미엘뷰티,,S2,수리·개인,S207,이용·미용,S20702,피부 관리실,S96113,피부 미용업,30,대전광역시,30170,서구,30170587,월평2동,3017011300,월평동,3017011300102440000,1,대지,244,,대전광역시 서구 월평동 244,301702010001,대전광역시 서구 대덕대로,319,,3017011300102440000020154,제,대전광역시 서구 대덕대로 319,302847,35214,,1,,127.378994448912,36.3614437492767,gov
MA010120220808547688,본도시락,월평선사점,I2,음식,I201,한식,I20101,백반/한정식,I56111,한식 일반 음식점업,30,대전광역시,30170,서구,30170587,월평2동,3017011300,월평동,3017011300102440000,1,대지,244,,대전광역시 서구 월평동 244,301702010001,대전광역시 서구 대덕대로,319,,3017011300102440000020154,대전둔산,대전광역시 서구 대덕대로 319,302847,35214,,1,,127.378994448912,36.3614437492767,gov
MA010120220802491313,유니티시스템,,G2,소매,G208,가전·통신 소매,G20801,컴퓨터/소프트웨어 소매업,G47311,"컴퓨터 및 주변장치, 소프트웨어 소매업",30,대전광역시,30170,서구,30170587,월평2동,3017011300,월평동,3017011300102440000,1,대지,244,,대전광역시 서구 월평동 244,301702010001,대전광역시 서구 대덕대로,319,,3017011300102440000020154,,대전광역시 서구 대덕대로 319,302847,35214,,,,127.378994448912,36.3614437492767,gov
MA010120220802596296,한국외식산업진흥원대전충청지회,,P1,교육,P106,기타 교육,P10621,직원 훈련기관,P85650,직원 훈련기관,30,대전광역시,30170,서구,30170587,월평2동,3017011300,월평동,3017011300102440000,1,대지,244,,대전광역시 서구 월평동 244,301702010001,대전광역시 서구 대덕대로,319,,3017011300102440000020154,월평동우림필유우림필유,대전광역시 서구 대덕대로 319,302847,35214,,,,127.378994448912,36.3614437492767,gov
MA010120220806745048,디딤,,I2,음식,I210,기타 간이,I21003,피자,I56192,"피자, 햄버거, 샌드위치 및 유사 음식점업",30,대전광역시,30170,서구,30170587,월평2동,3017011300,월평동,3017011300102440000,1,대지,244,,대전광역시 서구 월평동 244,301702010001,대전광역시 서구 대덕대로,319,,3017011300102440000020154,대전둔산,대전광역시 서구 대덕대로 319,302847,35214,,1,,127.378994448912,36.3614437492767,gov
MA0101202410A0479909,국제가족발달연구소,,P1,교육,P107,교육 지원,P10701,교육컨설팅업,P85701,교육관련 자문 및 평가업,30,대전광역시,30170,서구,30170587,월평2동,3017011300,월평동,3017011300102440000,1,대지,244,,대전광역시 서구 월평동 244,301702010001,대전광역시 서구 대덕대로,319,,3017011300102440000020154,대전둔산,대전광역시 서구 대덕대로 319,302847,35214,,13,,127.378994448912,36.3614437492767,gov
MA0101202410A0480508,오선심리상담센터,,P1,교육,P107,교육 지원,P10701,교육컨설팅업,P85701,교육관련 자문 및 평가업,30,대전광역시,30170,서구,30170587,월평2동,3017011300,월평동,3017011300102440000,1,대지,244,,대전광역시 서구 월평동 244,301702010001,대전광역시 서구 대덕대로,319,,3017011300102440000020154,우림필유,대전광역시 서구 대덕대로 319,302847,35214,,,,127.378994448912,36.3614437492767,gov
MA0101202410A0207059,필아트미술교습소,,P1,교육,P106,기타 교육,P10611,미술학원,P85501,일반 교과학원,30,대전광역시,30170,서구,30170587,월평2동,3017011300,월평동,3017011300102440000,1,대지,244,,대전광역시 서구 월평동 244,301702010001,대전광역시 서구 대덕대로,319,,3017011300102440000020154,,대전광역시 서구 대덕대로 319,302847,35214,,,,127.378994448912,36.3614437492767,gov
MA010120220810357032,애드베이,,M1,과학·기술,M105,광고,M10501,광고 대행업,M71310,광고 대행업,30,대전광역시,30170,서구,30170640,둔산2동,3017011200,둔산동,3017011200110250000,1,대지,1025,,대전광역시 서구 둔산동 1025,301702010001,대전광역시 서구 대덕대로,247,,3017011200110250000018952,아모레퍼시픽,대전광역시 서구 대덕대로 247,302828,35229,,7,,127.37897369731,36.3548652460853,gov
MA010120220801573647,알레르망대전,둔산점,G2,소매,G209,섬유·의복·신발 소매,G20906,침구류/커튼 소매업,G47421,가정용 직물제품 소매업,30,대전광역시,30170,서구,30170640,둔산2동,3017011200,둔산동,3017011200110260000,1,대지,1026,,대전광역시 서구 둔산동 1026,301702010001,대전광역시 서구 대덕대로,243,,3017011200110260000021062,광신빌딩,대전광역시 서구 대덕대로 243,302828,35229,,1,,127.37898339658,36.354567827786,gov
MA010120220808276842,투썸플레이스둔산대로점,,I2,음식,I212,비알코올 ,I21201,카페,I56221,커피 전문점,30,대전광역시,30170,서구,30170640,둔산2동,3017011200,둔산동,3017011200110260000,1,대지,1026,,대전광역시 서구 둔산동 1026,301702010001,대전광역시 서구 대덕대로,243,,3017011200110260000021062,광신빌딩,대전광역시 서구 대덕대로 243,302828,35229,,1,,127.37898339658,36.354567827786,gov
MA0106202201A0955279,씨제이푸드빌빕스,둔산점,I2,음식,I204,서양식,I20403,패밀리레스토랑,I56123,서양식 음식점업,30,대전광역시,30170,서구,30170640,둔산2동,3017011200,둔산동,3017011200110260000,1,대지,1026,,대전광역시 서구 둔산동 1026,301702010001,대전광역시 서구 대덕대로,243,,3017011200110260000021062,,대전광역시 서구 대덕대로 243,302828,35229,,,,127.37898339658,36.354567827786,gov
MA010120220813923996,엠지에프,,G2,소매,G215,의약·화장품 소매,G21503,화장품 소매업,G47813,"화장품, 비누 및 방향제 소매업",30,대전광역시,30170,서구,30170640,둔산2동,3017011200,둔산동,3017011200110260000,1,대지,1026,,대전광역시 서구 둔산동 1026,301702010001,대전광역시 서구 대덕대로,243,,3017011200110260000021062,,대전광역시 서구 대덕대로 243,302828,35229,,1,,127.37898339658,36.354567827786,gov
MA0101202410A0479580,아이누리한의원,,Q1,보건의료,Q102,의원,Q10211,한의원,Q86203,한의원,30,대전광역시,30170,서구,30170640,둔산2동,3017011200,둔산동,3017011200110260000,1,대지,1026,,대전광역시 서구 둔산동 1026,301702010001,대전광역시 서구 대덕대로,243,,3017011200110260000021062,정석빌딩,대전광역시 서구 대덕대로 243,302828,35229,,5,,127.37898339658,36.354567827786,gov
MA0101202410A0479536,피노키오치과,,Q1,보건의료,Q102,의원,Q10210,치과의원,Q86202,치과의원,30,대전광역시,30170,서구,30170640,둔산2동,3017011200,둔산동,3017011200110260000,1,대지,1026,,대전광역시 서구 둔산동 1026,301702010001,대전광역시 서구 대덕대로,243,,3017011200110260000021062,피노키오치과광신빌딩,대전광역시 서구 대덕대로 243,302828,35229,,5,,127.37898339658,36.354567827786,gov
MA0101202309A0076122,라니아퍼퓸,,P1,교육,P106,기타 교육,P10625,기타 기술/직업 훈련학원,P85669,기타 기술 및 직업 훈련학원,30,대전광역시,30170,서구,30170587,월평2동,3017011300,월평동,3017011300102440000,1,대지,244,,대전광역시 서구 월평동 244,301702010001,대전광역시 서구 대덕대로,319,,3017011300102440000020154,,대전광역시 서구 대덕대로 319,302847,35214,,1,,127.379083714107,36.3614705012969,gov
MA0101202305A0168921,지움,대전점,N1,시설관리·임대,N102,청소·방제,N10202,"산업설비, 운송장비 및 공공장소 청소업",N74212,"산업설비, 운송장비 및 공공장소 청소업",30,대전광역시,30170,서구,30170587,월평2동,3017011300,월평동,3017011300102440000,1,대지,244,,대전광역시 서구 월평동 244,301702010001,대전광역시 서구 대덕대로,319,,3017011300102440000020154,엔터비즈스페이즈비즈니스센터,대전광역시 서구 대덕대로 319,302847,35214,,,,127.379083714107,36.3614705012969,gov
MA0101202305A0054040,미라클,,M1,과학·기술,M109,기술 서비스,M10999,기타 엔지니어링 서비스업,M72129,기타 엔지니어링 서비스업,30,대전광역시,30170,서구,30170587,월평2동,3017011300,월평동,3017011300102440000,1,대지,244,,대전광역시 서구 월평동 244,301702010001,대전광역시 서구 대덕대로,319,,3017011300102440000020154,우림필유,대전광역시 서구 대덕대로 319,302847,35214,,,,127.379083714107,36.3614705012969,gov
MA0101202305A0127912,뷰티꾸,,S2,수리·개인,S207,이용·미용,S20702,피부 관리실,S96113,피부 미용업,30,대전광역시,30170,서구,30170587,월평2동,3017011300,월평동,3017011300102440000,1,대지,244,,대전광역시 서구 월평동 244,301702010001,대전광역시 서구 대덕대로,319,,3017011300102440000020154,대전둔산,대전광역시 서구 대덕대로 319,302847,35214,,1,,127.379083714107,36.3614705012969,gov
MA0101202508A0036538,살롱드봄,,S2,수리·개인,S207,이용·미용,S20701,미용실,S96112,두발 미용업,30,대전광역시,30170,서구,30170587,월평2동,3017011300,월평동,3017011300102440000,1,대지,244,,대전광역시 서구 월평동 244,301702010001,대전광역시 서구 대덕대로,319,,3017011300102440000020154,우림필유,대전광역시 서구 대덕대로 319,302847,35214,,1,,127.379083714107,36.3614705012969,gov
MA0101202502A0066701,늘분식,,I2,음식,I210,기타 간이,I21007,김밥/만두/분식,I56194,김밥 및 기타 간이 음식점업,30,대전광역시,30170,서구,30170587,월평2동,3017011300,월평동,3017011300102440000,1,대지,244,,대전광역시 서구 월평동 244,301702010001,대전광역시 서구 대덕대로,319,,3017011300102440000020154,우림필유,대전광역시 서구 대덕대로 319,302847,35214,,,,127.379083714107,36.3614705012969,gov
MA0101202501A0005000,아틀라,코리아,M1,과학·기술,M107,본사·경영 컨설팅,M10703,경영 컨설팅업,M71531,경영 컨설팅업,30,대전광역시,30170,서구,30170587,월평2동,3017011300,월평동,3017011300102440000,1,대지,244,,대전광역시 서구 월평동 244,301702010001,대전광역시 서구 대덕대로,319,,3017011300102440000020154,우림필유,대전광역시 서구 대덕대로 319,302847,35214,,12,,127.379083714107,36.3614705012969,gov
MA0101202303A0120473,모두의안과,,G2,소매,G205,식료품 소매,G20508,건강보조식품 소매업,G47217,건강 보조식품 소매업,30,대전광역시,30170,서구,30170640,둔산2동,3017011200,둔산동,3017011200113670000,1,대지,1367,,대전광역시 서구 둔산동 1367,301702010001,대전광역시 서구 대덕대로,238,,3017011200113670000022225,,대전광역시 서구 대덕대로 238,302830,35233,,,,127.379928173218,36.3541142403652,gov
MA010120220805601919,둔산행복한약국,,G2,소매,G215,의약·화장품 소매,G21501,약국,G47811,의약품 및 의료용품 소매업,30,대전광역시,30170,서구,30170640,둔산2동,3017011200,둔산동,3017011200113670000,1,대지,1367,,대전광역시 서구 둔산동 1367,301702010001,대전광역시 서구 대덕대로,238,,3017011200113670000022225,,대전광역시 서구 대덕대로 238,302830,35233,,1,,127.379928173218,36.3541142403652,gov
MA0101202604A0024646,빽다방대전을지,병원점,I2,음식,I212,비알코올 ,I21201,카페,I56221,커피 전문점,30,대전광역시,30170,서구,30170640,둔산2동,3017011200,둔산동,3017011200113670000,1,대지,1367,,대전광역시 서구 둔산동 1367,301702010001,대전광역시 서구 대덕대로,238,,3017011200113670000022225,,대전광역시 서구 대덕대로 238,302830,35233,,1,,127.379928173218,36.3541142403652,gov
MA010120220809154169,모두의안과의원,,Q1,보건의료,Q102,의원,Q10205,안과 의원,Q86201,일반의원,30,대전광역시,30170,서구,30170640,둔산2동,3017011200,둔산동,3017011200113670000,1,대지,1367,,대전광역시 서구 둔산동 1367,301702010001,대전광역시 서구 대덕대로,238,,3017011200113670000022225,,대전광역시 서구 대덕대로 238,302830,35233,,,,127.379928173218,36.3541142403652,gov
MA010120220806236050,킴벨피부과병원,,Q1,보건의료,Q101,병원,Q10102,일반병원,Q86102,일반병원,30,대전광역시,30170,서구,30170640,둔산2동,3017011200,둔산동,3017011200113670000,1,대지,1367,,대전광역시 서구 둔산동 1367,301702010001,대전광역시 서구 대덕대로,238,,3017011200113670000022225,,대전광역시 서구 대덕대로 238,302830,35233,,,,127.379928173218,36.3541142403652,gov
MA0101202410A0480888,써지탑병원,,Q1,보건의료,Q101,병원,Q10102,일반병원,Q86102,일반병원,30,대전광역시,30170,서구,30170640,둔산2동,3017011200,둔산동,3017011200113670000,1,대지,1367,,대전광역시 서구 둔산동 1367,301702010001,대전광역시 서구 대덕대로,238,,3017011200113670000022225,둔산동4,대전광역시 서구 대덕대로 238,302830,35233,,6,,127.379928173218,36.3541142403652,gov
MA010120220806251077,에스와이에스리테일대전주,본점,G2,소매,G208,가전·통신 소매,G20803,가전제품 소매업,G47320,가전제품 소매업,30,대전광역시,30170,서구,30170640,둔산2동,3017011200,둔산동,3017011200113660000,1,대지,1366,,대전광역시 서구 둔산동 1366,301702010001,대전광역시 서구 대덕대로,234,,3017011200113660000022283,,대전광역시 서구 대덕대로 234,302830,35233,,,,127.379949053253,36.3538257981549,gov
MA0101202601A0023313,고슬고슬꼬마김밥,,I2,음식,I210,기타 간이,I21007,김밥/만두/분식,I56194,김밥 및 기타 간이 음식점업,30,대전광역시,30170,서구,30170640,둔산2동,3017011200,둔산동,3017011200113680000,1,대지,1368,,대전광역시 서구 둔산동 1368,301702010001,대전광역시 서구 대덕대로,244,,3017011200113680000017928,건국타워,대전광역시 서구 대덕대로 244,302830,35233,,,,127.379952381594,36.3545106801208,gov
MA0101202602A0001781,아이리스의원,,Q1,보건의료,Q102,의원,Q10201,내과/소아과 의원,Q86201,일반의원,30,대전광역시,30170,서구,30170640,둔산2동,3017011200,둔산동,3017011200113680000,1,대지,1368,,대전광역시 서구 둔산동 1368,301702010001,대전광역시 서구 대덕대로,244,,3017011200113680000017928,건국타워,대전광역시 서구 대덕대로 244,302830,35233,,,,127.379952381594,36.3545106801208,gov
MA0101202505A0087018,마루기획,,M1,과학·기술,M114,인쇄·제품제작,M11401,명함/간판/광고물 제작,C18111,경 인쇄업,30,대전광역시,30170,서구,30170640,둔산2동,3017011200,둔산동,3017011200113680000,1,대지,1368,,대전광역시 서구 둔산동 1368,301702010001,대전광역시 서구 대덕대로,244,,3017011200113680000017928,건국타워,대전광역시 서구 대덕대로 244,302830,35233,,,,127.379952381594,36.3545106801208,gov
MA0101202501A0050556,브이테라피둔산,,S2,수리·개인,S208,욕탕·신체관리,S20802,마사지/안마,S96122,마사지업,30,대전광역시,30170,서구,30170640,둔산2동,3017011200,둔산동,3017011200113680000,1,대지,1368,,대전광역시 서구 둔산동 1368,301702010001,대전광역시 서구 대덕대로,244,,3017011200113680000017928,건국타워,대전광역시 서구 대덕대로 244,302830,35233,,,,127.379952381594,36.3545106801208,gov
MA010120220806236869,서울하이안치과,,Q1,보건의료,Q102,의원,Q10210,치과의원,Q86202,치과의원,30,대전광역시,30170,서구,30170640,둔산2동,3017011200,둔산동,3017011200113700000,1,대지,1370,,대전광역시 서구 둔산동 1370,301702010001,대전광역시 서구 대덕대로,248,,3017011200113700000022207,넥서스밸리,대전광역시 서구 대덕대로 248,302830,35233,,2,,127.37997689682,36.3549702010691,gov
MA0101202303A0101395,미래공인중개사사무소,,L1,부동산,L102,부동산 서비스,L10203,부동산 중개/대리업,L68221,부동산 중개 및 대리업,30,대전광역시,30170,서구,30170640,둔산2동,3017011200,둔산동,3017011200113700000,1,대지,1370,,대전광역시 서구 둔산동 1370,301702010001,대전광역시 서구 대덕대로,248,,3017011200113700000022207,넥서스밸리,대전광역시 서구 대덕대로 248,302830,35233,,14,,127.37997689682,36.3549702010691,gov
MA0101202603A0008059,나나방콕둔산,직영점,I2,음식,I205,동남아시아,I20501,베트남식 전문,I56129,기타 외국식 음식점업,30,대전광역시,30170,서구,30170640,둔산2동,3017011200,둔산동,3017011200113700000,1,대지,1370,,대전광역시 서구 둔산동 1370,301702010001,대전광역시 서구 대덕대로,248,,3017011200113700000022207,넥서스밸리,대전광역시 서구 대덕대로 248,302830,35233,,1,,127.37997689682,36.3549702010691,gov
MA010120220805817381,현대산업관리주,,N1,시설관리·임대,N102,청소·방제,N10201,건축물 일반 청소업,N74211,건축물 일반 청소업,30,대전광역시,30170,서구,30170640,둔산2동,3017011200,둔산동,3017011200113700000,1,대지,1370,,대전광역시 서구 둔산동 1370,301702010001,대전광역시 서구 대덕대로,248,,3017011200113700000022207,넥서스밸리,대전광역시 서구 대덕대로 248,302830,35233,,,,127.37997689682,36.3549702010691,gov
MA010120220806191529,돼지깡장,,I2,음식,I201,한식,I20107,돼지고기 구이/찜,I56111,한식 일반 음식점업,30,대전광역시,30170,서구,30170640,둔산2동,3017011200,둔산동,3017011200113700000,1,대지,1370,,대전광역시 서구 둔산동 1370,301702010001,대전광역시 서구 대덕대로,248,,3017011200113700000022207,,대전광역시 서구 대덕대로 248,302830,35233,,,,127.37997689682,36.3549702010691,gov
MA010120220806238625,말자싸롱둔산을지점,청담동,I2,음식,I211,주점,I21103,생맥주 전문,I56219,기타 주점업,30,대전광역시,30170,서구,30170640,둔산2동,3017011200,둔산동,3017011200113700000,1,대지,1370,,대전광역시 서구 둔산동 1370,301702010001,대전광역시 서구 대덕대로,248,,3017011200113700000022207,넥서스밸리,대전광역시 서구 대덕대로 248,302830,35233,,1,,127.37997689682,36.3549702010691,gov
MA0101202507A0040101,비전아이피특허사무소,,M1,과학·기술,M103,법무관련 ,M10302,변리사,M71102,변리사업,30,대전광역시,30170,서구,30170640,둔산2동,3017011200,둔산동,3017011200113700000,1,대지,1370,,대전광역시 서구 둔산동 1370,301702010001,대전광역시 서구 대덕대로,248,,3017011200113700000022207,넥서스밸리,대전광역시 서구 대덕대로 248,302830,35233,,8,,127.37997689682,36.3549702010691,gov
MA0101202506A0002668,브라운마케팅,,M1,과학·기술,M105,광고,M10501,광고 대행업,M71310,광고 대행업,30,대전광역시,30170,서구,30170640,둔산2동,3017011200,둔산동,3017011200113700000,1,대지,1370,,대전광역시 서구 둔산동 1370,301702010001,대전광역시 서구 대덕대로,248,,3017011200113700000022207,넥서스밸리,대전광역시 서구 대덕대로 248,302830,35233,,4,,127.37997689682,36.3549702010691,gov
MA010120220812742309,오복집,,I2,음식,I201,한식,I20112,해산물 구이/찜,I56111,한식 일반 음식점업,30,대전광역시,30170,서구,30170640,둔산2동,3017011200,둔산동,3017011200113700000,1,대지,1370,,대전광역시 서구 둔산동 1370,301702010001,대전광역시 서구 대덕대로,248,,3017011200113700000022207,넥서스밸리,대전광역시 서구 대덕대로 248,302830,35233,,1,,127.37997689682,36.3549702010691,gov
MA0101202406A0531744,곱창인가,대전점,I2,음식,I201,한식,I20109,곱창 전골/구이,I56111,한식 일반 음식점업,30,대전광역시,30170,서구,30170640,둔산2동,3017011200,둔산동,3017011200113700000,1,대지,1370,,대전광역시 서구 둔산동 1370,301702010001,대전광역시 서구 대덕대로,248,,3017011200113700000022207,넥서스밸리,대전광역시 서구 대덕대로 248,302830,35233,,,,127.37997689682,36.3549702010691,gov
MA0101202409A0148633,말자싸롱둔산을지점,청담동,I2,음식,I201,한식,I20101,백반/한정식,I56111,한식 일반 음식점업,30,대전광역시,30170,서구,30170640,둔산2동,3017011200,둔산동,3017011200113700000,1,대지,1370,,대전광역시 서구 둔산동 1370,301702010001,대전광역시 서구 대덕대로,248,,3017011200113700000022207,넥서스밸리,대전광역시 서구 대덕대로 248,302830,35233,,,,127.37997689682,36.3549702010691,gov
MA0106202301A2416177,스타벅스,둔산삼성스토어,I2,음식,I212,비알코올 ,I21201,카페,I56221,커피 전문점,30,대전광역시,30170,서구,30170640,둔산2동,3017011200,둔산동,3017011200113720000,1,대지,1372,,대전광역시 서구 둔산동 1372,301702010001,대전광역시 서구 대덕대로,254,,3017011200113720000000001,,대전광역시 서구 대덕대로 254,302830,35233,,,,127.379979086757,36.3554207812308,gov
MA0106202201A0208054,삼성전자서비스모바일대전센터,,S2,수리·개인,S206,기타 가정용품 수리,S20699,그 외 기타 개인/가정용품 수리업,S95399,그 외 기타 개인 및 가정용품 수리업,30,대전광역시,30170,서구,30170640,둔산2동,3017011200,둔산동,3017011200113720000,1,대지,1372,,대전광역시 서구 둔산동 1372,301702010001,대전광역시 서구 대덕대로,254,,3017011200113720000000001,,대전광역시 서구 대덕대로 254,302830,35233,,,,127.379979086757,36.3554207812308,gov
MA0101202311A0005037,제천황기명태,대전점,I2,음식,I201,한식,I20112,해산물 구이/찜,I56111,한식 일반 음식점업,30,대전광역시,30170,서구,30170640,둔산2동,3017011200,둔산동,3017011200113680000,1,대지,1368,,대전광역시 서구 둔산동 1368,301702010001,대전광역시 서구 대덕대로,244,,3017011200113680000017928,건국타워,대전광역시 서구 대덕대로 244,302830,35233,,2,,127.379985847704,36.3545195854458,gov
MA0101202406A0168340,메가엠지씨커피대전을지,병원점,I2,음식,I212,비알코올 ,I21201,카페,I56221,커피 전문점,30,대전광역시,30170,서구,30170640,둔산2동,3017011200,둔산동,3017011200113680000,1,대지,1368,,대전광역시 서구 둔산동 1368,301702010001,대전광역시 서구 대덕대로,244,,3017011200113680000017928,건국타워,대전광역시 서구 대덕대로 244,302830,35233,,1,,127.379985847704,36.3545195854458,gov
MA010120220813526800,아뜰리에어텀,,G2,소매,G219,식물 소매,G21901,꽃집,G47851,화초 및 식물 소매업,30,대전광역시,30170,서구,30170640,둔산2동,3017011200,둔산동,3017011200113680000,1,대지,1368,,대전광역시 서구 둔산동 1368,301702010001,대전광역시 서구 대덕대로,244,,3017011200113680000017928,건국타워,대전광역시 서구 대덕대로 244,302830,35233,,1,,127.379985847704,36.3545195854458,gov
MA010120220806195899,파리바게뜨,,I2,음식,I210,기타 간이,I21001,빵/도넛,I56191,제과점업,30,대전광역시,30170,서구,30170640,둔산2동,3017011200,둔산동,3017011200113680000,1,대지,1368,,대전광역시 서구 둔산동 1368,301702010001,대전광역시 서구 대덕대로,244,,3017011200113680000017928,건국타워,대전광역시 서구 대덕대로 244,302830,35233,,1,,127.379985847704,36.3545195854458,gov
MA0101202310A0094104,모미락,둔산점,I2,음식,I203,일식,I20302,일식 카레/돈가스/덮밥,I56194,김밥 및 기타 간이 음식점업,30,대전광역시,30170,서구,30170640,둔산2동,3017011200,둔산동,3017011200113680000,1,대지,1368,,대전광역시 서구 둔산동 1368,301702010001,대전광역시 서구 대덕대로,244,,3017011200113680000017928,건국타워,대전광역시 서구 대덕대로 244,302830,35233,,1,,127.379985847704,36.3545195854458,gov
MA010120220806255343,아이피온,,M1,과학·기술,M115,기타 전문 과학,M11504,사업/무형 재산권 중개업,M73903,사업 및 무형 재산권 중개업,30,대전광역시,30170,서구,30170640,둔산2동,3017011200,둔산동,3017011200113680000,1,대지,1368,,대전광역시 서구 둔산동 1368,301702010001,대전광역시 서구 대덕대로,244,,3017011200113680000017928,건국타워,대전광역시 서구 대덕대로 244,302830,35233,,7,,127.379985847704,36.3545195854458,gov
MA010120220809968238,엘디케이파트너스,,M1,과학·기술,M107,본사·경영 컨설팅,M10703,경영 컨설팅업,M71531,경영 컨설팅업,30,대전광역시,30170,서구,30170640,둔산2동,3017011200,둔산동,3017011200113680000,1,대지,1368,,대전광역시 서구 둔산동 1368,301702010001,대전광역시 서구 대덕대로,244,,3017011200113680000017928,,대전광역시 서구 대덕대로 244,302830,35233,,,,127.379985847704,36.3545195854458,gov
MA0101202307A0062658,민호원인테리어,,M1,과학·기술,M112,전문 디자인,M11201,인테리어 디자인업,F42412,"도배, 실내 장식 및 내장 목공사업",30,대전광역시,30170,서구,30170640,둔산2동,3017011200,둔산동,3017011200113680000,1,대지,1368,,대전광역시 서구 둔산동 1368,301702010001,대전광역시 서구 대덕대로,244,,3017011200113680000017928,건국타워,대전광역시 서구 대덕대로 244,302830,35233,,,,127.379985847704,36.3545195854458,gov
MA0101202211A0044051,대양푸드,,M1,과학·기술,M107,본사·경영 컨설팅,M10703,경영 컨설팅업,M71531,경영 컨설팅업,30,대전광역시,30170,서구,30170640,둔산2동,3017011200,둔산동,3017011200113680000,1,대지,1368,,대전광역시 서구 둔산동 1368,301702010001,대전광역시 서구 대덕대로,244,,3017011200113680000017928,건국타워,대전광역시 서구 대덕대로 244,302830,35233,,,,127.379985847704,36.3545195854458,gov
MA010120220801052274,원클래스피티,,R1,예술·스포츠,R103,스포츠 서비스,R10307,헬스장,R91132,체력 단련시설 운영업,30,대전광역시,30170,서구,30170640,둔산2동,3017011200,둔산동,3017011200113680000,1,대지,1368,,대전광역시 서구 둔산동 1368,301702010001,대전광역시 서구 대덕대로,244,,3017011200113680000017928,건국타워,대전광역시 서구 대덕대로 244,302830,35233,,4,,127.379985847704,36.3545195854458,gov
MA010120220814029652,티지파트너스,,L1,부동산,L102,부동산 서비스,L10203,부동산 중개/대리업,L68221,부동산 중개 및 대리업,30,대전광역시,30170,서구,30170640,둔산2동,3017011200,둔산동,3017011200113680000,1,대지,1368,,대전광역시 서구 둔산동 1368,301702010001,대전광역시 서구 대덕대로,244,,3017011200113680000017928,건국타워,대전광역시 서구 대덕대로 244,302830,35233,,3,,127.379985847704,36.3545195854458,gov
MA010120220814009936,엘디케이에쿼티,,M1,과학·기술,M107,본사·경영 컨설팅,M10703,경영 컨설팅업,M71531,경영 컨설팅업,30,대전광역시,30170,서구,30170640,둔산2동,3017011200,둔산동,3017011200113680000,1,대지,1368,,대전광역시 서구 둔산동 1368,301702010001,대전광역시 서구 대덕대로,244,,3017011200113680000017928,,대전광역시 서구 대덕대로 244,302830,35233,,,,127.379985847704,36.3545195854458,gov
MA010120220808375714,제천황기명태,대전점,I2,음식,I201,한식,I20112,해산물 구이/찜,I56111,한식 일반 음식점업,30,대전광역시,30170,서구,30170640,둔산2동,3017011200,둔산동,3017011200113680000,1,대지,1368,,대전광역시 서구 둔산동 1368,301702010001,대전광역시 서구 대덕대로,244,,3017011200113680000017928,건국타워,대전광역시 서구 대덕대로 244,302830,35233,,,,127.379985847704,36.3545195854458,gov
MA010120220812415122,제이,,N1,시설관리·임대,N110,가정용품 대여,N11099,기타 개인/가정용품 대여업,N76299,그 외 기타 개인 및 가정용품 임대업,30,대전광역시,30170,서구,30170640,둔산2동,3017011200,둔산동,3017011200113680000,1,대지,1368,,대전광역시 서구 둔산동 1368,301702010001,대전광역시 서구 대덕대로,244,,3017011200113680000017928,건국타워,대전광역시 서구 대덕대로 244,302830,35233,,,,127.379985847704,36.3545195854458,gov
MA010120220808820470,포낙보청기둔산센터,,G2,소매,G215,의약·화장품 소매,G21502,의료기기 소매업,G47812,의료용 기구 소매업,30,대전광역시,30170,서구,30170640,둔산2동,3017011200,둔산동,3017011200113680000,1,대지,1368,,대전광역시 서구 둔산동 1368,301702010001,대전광역시 서구 대덕대로,244,,3017011200113680000017928,건국타워,대전광역시 서구 대덕대로 244,302830,35233,,,,127.379985847704,36.3545195854458,gov
MA010120220813242349,디앤온헤어살롱,,S2,수리·개인,S207,이용·미용,S20701,미용실,S96112,두발 미용업,30,대전광역시,30170,서구,30170640,둔산2동,3017011200,둔산동,3017011200113680000,1,대지,1368,,대전광역시 서구 둔산동 1368,301702010001,대전광역시 서구 대덕대로,244,,3017011200113680000017928,건국타워,대전광역시 서구 대덕대로 244,302830,35233,,3,,127.379985847704,36.3545195854458,gov
MA010120220804501074,둔산힐정신건강의학과의원,,Q1,보건의료,Q102,의원,Q10201,내과/소아과 의원,Q86201,일반의원,30,대전광역시,30170,서구,30170640,둔산2동,3017011200,둔산동,3017011200113680000,1,대지,1368,,대전광역시 서구 둔산동 1368,301702010001,대전광역시 서구 대덕대로,244,,3017011200113680000017928,,대전광역시 서구 대덕대로 244,302830,35233,,,,127.379985847704,36.3545195854458,gov
MA0101202410A0480373,하늘샘아동발달센터,대전점,Q1,보건의료,Q104,기타 보건,Q10402,유사 의료업,Q86902,유사 의료업,30,대전광역시,30170,서구,30170640,둔산2동,3017011200,둔산동,3017011200113680000,1,대지,1368,,대전광역시 서구 둔산동 1368,301702010001,대전광역시 서구 대덕대로,244,,3017011200113680000017928,건국타워,대전광역시 서구 대덕대로 244,302830,35233,,,,127.379985847704,36.3545195854458,gov
MA0101202411A0081298,처치앤댄스홀,둔산점,I2,음식,I212,비알코올 ,I21201,카페,I56221,커피 전문점,30,대전광역시,30170,서구,30170640,둔산2동,3017011200,둔산동,3017011200113680000,1,대지,1368,,대전광역시 서구 둔산동 1368,301702010001,대전광역시 서구 대덕대로,244,,3017011200113680000017928,건국타워,대전광역시 서구 대덕대로 244,302830,35233,,,,127.379985847704,36.3545195854458,gov
MA0101202410A0479881,연세길치과의원,,Q1,보건의료,Q102,의원,Q10210,치과의원,Q86202,치과의원,30,대전광역시,30170,서구,30170640,둔산2동,3017011200,둔산동,3017011200113680000,1,대지,1368,,대전광역시 서구 둔산동 1368,301702010001,대전광역시 서구 대덕대로,244,,3017011200113680000017928,건국타워,대전광역시 서구 대덕대로 244,302830,35233,,,,127.379985847704,36.3545195854458,gov
MA0101202410A0211091,둔산엔젤요양병원,,Q1,보건의료,Q101,병원,Q10105,요양병원,Q86105,요양병원,30,대전광역시,30170,서구,30170640,둔산2동,3017011200,둔산동,3017011200113680000,1,대지,1368,,대전광역시 서구 둔산동 1368,301702010001,대전광역시 서구 대덕대로,244,,3017011200113680000017928,건국타워,대전광역시 서구 대덕대로 244,302830,35233,,11,,127.379985847704,36.3545195854458,gov
MA0101202410A0479965,이엘아이스타치과,,Q1,보건의료,Q102,의원,Q10210,치과의원,Q86202,치과의원,30,대전광역시,30170,서구,30170640,둔산2동,3017011200,둔산동,3017011200113680000,1,대지,1368,,대전광역시 서구 둔산동 1368,301702010001,대전광역시 서구 대덕대로,244,,3017011200113680000017928,건국타워,대전광역시 서구 대덕대로 244,302830,35233,,3,,127.379985847704,36.3545195854458,gov
MA0101202410A0481674,디에이치안광병신경과의원,,Q1,보건의료,Q102,의원,Q10201,내과/소아과 의원,Q86201,일반의원,30,대전광역시,30170,서구,30170640,둔산2동,3017011200,둔산동,3017011200113680000,1,대지,1368,,대전광역시 서구 둔산동 1368,301702010001,대전광역시 서구 대덕대로,244,,3017011200113680000017928,건국타워,대전광역시 서구 대덕대로 244,302830,35233,,704,,127.379985847704,36.3545195854458,gov
MA010120220806226254,숨은그림성형외과,,Q1,보건의료,Q102,의원,Q10208,성형외과 의원,Q86201,일반의원,30,대전광역시,30170,서구,30170640,둔산2동,3017011200,둔산동,3017011200113680000,1,대지,1368,,대전광역시 서구 둔산동 1368,301702010001,대전광역시 서구 대덕대로,244,,3017011200113680000017928,건국타워,대전광역시 서구 대덕대로 244,302830,35233,,5,,127.379985847704,36.3545195854458,gov
MA0101202305A0156525,코코넛,,G2,소매,G208,가전·통신 소매,G20801,컴퓨터/소프트웨어 소매업,G47311,"컴퓨터 및 주변장치, 소프트웨어 소매업",30,대전광역시,30170,서구,30170640,둔산2동,3017011200,둔산동,3017011200113690000,1,대지,1369,,대전광역시 서구 둔산동 1369,301702010001,대전광역시 서구 대덕대로,246,,3017011200113690000021015,넥서스밸리,대전광역시 서구 대덕대로 246,302830,35233,,,,127.379986898875,36.3547358639438,gov
MA010120220805746264,넥서스공인중개사사무소,,L1,부동산,L102,부동산 서비스,L10203,부동산 중개/대리업,L68221,부동산 중개 및 대리업,30,대전광역시,30170,서구,30170640,둔산2동,3017011200,둔산동,3017011200113690000,1,대지,1369,,대전광역시 서구 둔산동 1369,301702010001,대전광역시 서구 대덕대로,246,,3017011200113690000021015,넥서스밸리,대전광역시 서구 대덕대로 246,302830,35233,,,,127.379986898875,36.3547358639438,gov
MA010120220810403174,조은메디,,L1,부동산,L102,부동산 서비스,L10203,부동산 중개/대리업,L68221,부동산 중개 및 대리업,30,대전광역시,30170,서구,30170640,둔산2동,3017011200,둔산동,3017011200113690000,1,대지,1369,,대전광역시 서구 둔산동 1369,301702010001,대전광역시 서구 대덕대로,246,,3017011200113690000021015,넥서스밸리,대전광역시 서구 대덕대로 246,302830,35233,,15,,127.379986898875,36.3547358639438,gov
MA010120220805749992,미라인더아트,,S2,수리·개인,S207,이용·미용,S20702,피부 관리실,S96113,피부 미용업,30,대전광역시,30170,서구,30170640,둔산2동,3017011200,둔산동,3017011200113690000,1,대지,1369,,대전광역시 서구 둔산동 1369,301702010001,대전광역시 서구 대덕대로,246,,3017011200113690000021015,넥서스밸리제,대전광역시 서구 대덕대로 246,302830,35233,,2,,127.379986898875,36.3547358639438,gov
MA010120220801054161,이아이하이컨설팅,,M1,과학·기술,M107,본사·경영 컨설팅,M10703,경영 컨설팅업,M71531,경영 컨설팅업,30,대전광역시,30170,서구,30170640,둔산2동,3017011200,둔산동,3017011200113690000,1,대지,1369,,대전광역시 서구 둔산동 1369,301702010001,대전광역시 서구 대덕대로,246,,3017011200113690000021015,넥서스밸리,대전광역시 서구 대덕대로 246,302830,35233,,8,,127.379986898875,36.3547358639438,gov
MA0101202412A0002254,금손,,G2,소매,G215,의약·화장품 소매,G21503,화장품 소매업,G47813,"화장품, 비누 및 방향제 소매업",30,대전광역시,30170,서구,30170640,둔산2동,3017011200,둔산동,3017011200113690000,1,대지,1369,,대전광역시 서구 둔산동 1369,301702010001,대전광역시 서구 대덕대로,246,,3017011200113690000021015,넥서스밸리,대전광역시 서구 대덕대로 246,302830,35233,,,,127.379986898875,36.3547358639438,gov
MA0101202504A0006617,인디,,I2,음식,I204,서양식,I20401,경양식,I56123,서양식 음식점업,30,대전광역시,30170,서구,30170640,둔산2동,3017011200,둔산동,3017011200113690000,1,대지,1369,,대전광역시 서구 둔산동 1369,301702010001,대전광역시 서구 대덕대로,246,,3017011200113690000021015,넥서스밸리,대전광역시 서구 대덕대로 246,302830,35233,,,,127.379986898875,36.3547358639438,gov
MA0101202410A0038266,더봄구강악안면외과치과의원,,Q1,보건의료,Q102,의원,Q10210,치과의원,Q86202,치과의원,30,대전광역시,30170,서구,30170640,둔산2동,3017011200,둔산동,3017011200113690000,1,대지,1369,,대전광역시 서구 둔산동 1369,301702010001,대전광역시 서구 대덕대로,246,,3017011200113690000021015,넥서스밸리,대전광역시 서구 대덕대로 246,302830,35233,,2,,127.379986898875,36.3547358639438,gov
MA010120220806249809,케이티그룹희망나눔재단둔산재,,I2,음식,I207,구내식당·뷔페,I20701,구내식당,I56130,기관 구내식당업,30,대전광역시,30170,서구,30170640,둔산2동,3017011200,둔산동,3017011200113740000,1,대지,1374,,대전광역시 서구 둔산동 1374,301703166020,대전광역시 서구 둔산북로,51,,3017011200113740000020647,KT둔산지,대전광역시 서구 둔산북로 51,302707,35232,,10,,127.380151370975,36.3564836187177,gov
MA010120220810122722,둔지미매점,,G2,소매,G204,종합 소매,G20404,슈퍼마켓,G47129,기타 음ㆍ식료품 위주 종합 소매업,30,대전광역시,30170,서구,30170640,둔산2동,3017011200,둔산동,3017011200113740000,1,대지,1374,,대전광역시 서구 둔산동 1374,301703166020,대전광역시 서구 둔산북로,51,,3017011200113740000020647,KT둔산사옥건물내,대전광역시 서구 둔산북로 51,302707,35232,,,,127.380151370975,36.3564836187177,gov
MA010120220808230618,현대용공인중개사사무소,,L1,부동산,L102,부동산 서비스,L10203,부동산 중개/대리업,L68221,부동산 중개 및 대리업,30,대전광역시,30170,서구,30170640,둔산2동,3017011200,둔산동,3017011200109390000,1,대지,939,,대전광역시 서구 둔산동 939,301703166051,대전광역시 서구 청사로,148,,3017011200109390000019950,매그놀리아,대전광역시 서구 청사로 148,302828,35209,,,,127.380199169658,36.3594393167938,gov
MA010120220808484972,오델로,대전점,G2,소매,G209,섬유·의복·신발 소매,G20905,기타 의류 소매업,G47414,셔츠 및 블라우스 소매업,30,대전광역시,30170,서구,30170640,둔산2동,3017011200,둔산동,3017011200109390000,1,대지,939,,대전광역시 서구 둔산동 939,301703166051,대전광역시 서구 청사로,148,,3017011200109390000019950,매그놀리아,대전광역시 서구 청사로 148,302828,35209,,17,,127.380199169658,36.3594393167938,gov
MA0101202406A0580373,베스티안,,M1,과학·기술,M109,기술 서비스,M10999,기타 엔지니어링 서비스업,M72129,기타 엔지니어링 서비스업,30,대전광역시,30170,서구,30170640,둔산2동,3017011200,둔산동,3017011200109390000,1,대지,939,,대전광역시 서구 둔산동 939,301703166051,대전광역시 서구 청사로,148,,3017011200109390000019950,매그놀리아,대전광역시 서구 청사로 148,302828,35209,,4,,127.380199169658,36.3594393167938,gov
MA010120220804813463,카일이삼제스퍼,대전지점,N1,시설관리·임대,N109,운송장비 대여,N10901,자동차 대여업,N76110,자동차 임대업,30,대전광역시,30170,서구,30170640,둔산2동,3017011200,둔산동,3017011200109390000,1,대지,939,,대전광역시 서구 둔산동 939,301703166051,대전광역시 서구 청사로,148,,3017011200109390000019950,매그놀리아,대전광역시 서구 청사로 148,302828,35209,,3,,127.380199169658,36.3594393167938,gov
MA0101202406A0579631,여월요리단,,M1,과학·기술,M107,본사·경영 컨설팅,M10703,경영 컨설팅업,M71531,경영 컨설팅업,30,대전광역시,30170,서구,30170640,둔산2동,3017011200,둔산동,3017011200109390000,1,대지,939,,대전광역시 서구 둔산동 939,301703166051,대전광역시 서구 청사로,148,,3017011200109390000019950,매그놀리아,대전광역시 서구 청사로 148,302828,35209,,9,,127.380199169658,36.3594393167938,gov
MA0101202406A0512217,한국중소기업비즈니스센터,,M1,과학·기술,M107,본사·경영 컨설팅,M10703,경영 컨설팅업,M71531,경영 컨설팅업,30,대전광역시,30170,서구,30170640,둔산2동,3017011200,둔산동,3017011200109390000,1,대지,939,,대전광역시 서구 둔산동 939,301703166051,대전광역시 서구 청사로,148,,3017011200109390000019950,매그놀리아,대전광역시 서구 청사로 148,302828,35209,,4,,127.380199169658,36.3594393167938,gov
MA010120220806234958,이재학치과의원,,Q1,보건의료,Q102,의원,Q10210,치과의원,Q86202,치과의원,30,대전광역시,30170,서구,30170640,둔산2동,3017011200,둔산동,3017011200109390000,1,대지,939,,대전광역시 서구 둔산동 939,301703166051,대전광역시 서구 청사로,148,,3017011200109390000019950,,대전광역시 서구 청사로 148,302828,35209,,,,127.380199169658,36.3594393167938,gov
MA010120220812185766,더스퀘어파트너스컨설팅,,N1,시설관리·임대,N104,고용 알선,N10401,고용 알선업,N75110,고용 알선업,30,대전광역시,30170,서구,30170640,둔산2동,3017011200,둔산동,3017011200109390000,1,대지,939,,대전광역시 서구 둔산동 939,301703166051,대전광역시 서구 청사로,148,,3017011200109390000019950,제,대전광역시 서구 청사로 148,302828,35209,,23,,127.380199169658,36.3594393167938,gov
MA010120220806212791,B&B근육관리센타,,Q1,보건의료,Q104,기타 보건,Q10402,유사 의료업,Q86902,유사 의료업,30,대전광역시,30170,서구,30170640,둔산2동,3017011200,둔산동,3017011200109390000,1,대지,939,,대전광역시 서구 둔산동 939,301703166051,대전광역시 서구 청사로,148,,3017011200109390000019950,매그놀리아,대전광역시 서구 청사로 148,302828,35209,,,,127.380199169658,36.3594393167938,gov
MA010120220806224977,업소명없음,,L1,부동산,L102,부동산 서비스,L10203,부동산 중개/대리업,L68221,부동산 중개 및 대리업,30,대전광역시,30170,서구,30170640,둔산2동,3017011200,둔산동,3017011200109390000,1,대지,939,,대전광역시 서구 둔산동 939,301703166051,대전광역시 서구 청사로,148,,3017011200109390000019950,매그놀리아,대전광역시 서구 청사로 148,302828,35209,,,,127.380199169658,36.3594393167938,gov
MA0101202306A0048173,다올인테리어,,M1,과학·기술,M112,전문 디자인,M11201,인테리어 디자인업,F42491,"미장, 타일 및 방수 공사업",30,대전광역시,30170,서구,30170640,둔산2동,3017011200,둔산동,3017011200109390000,1,대지,939,,대전광역시 서구 둔산동 939,301703166051,대전광역시 서구 청사로,148,,3017011200109390000019950,매그놀리아,대전광역시 서구 청사로 148,302828,35209,,24,,127.380199169658,36.3594393167938,gov
MA010120220810086098,아르스테크,,G2,소매,G208,가전·통신 소매,G20801,컴퓨터/소프트웨어 소매업,G47311,"컴퓨터 및 주변장치, 소프트웨어 소매업",30,대전광역시,30170,서구,30170640,둔산2동,3017011200,둔산동,3017011200109390000,1,대지,939,,대전광역시 서구 둔산동 939,301703166051,대전광역시 서구 청사로,148,,3017011200109390000019950,매그놀리아,대전광역시 서구 청사로 148,302828,35209,,7,,127.380199169658,36.3594393167938,gov
MA010120220814039704,베스티안,,M1,과학·기술,M109,기술 서비스,M10999,기타 엔지니어링 서비스업,M72129,기타 엔지니어링 서비스업,30,대전광역시,30170,서구,30170640,둔산2동,3017011200,둔산동,3017011200109390000,1,대지,939,,대전광역시 서구 둔산동 939,301703166051,대전광역시 서구 청사로,148,,3017011200109390000019950,매그놀리아,대전광역시 서구 청사로 148,302828,35209,,,,127.380199169658,36.3594393167938,gov
MA010120220806673435,우반종합건축사사무소,,M1,과학·기술,M109,기술 서비스,M10901,건축 설계 및 관련 서비스업,M72111,건축 설계 및 관련 서비스업,30,대전광역시,30170,서구,30170640,둔산2동,3017011200,둔산동,3017011200109390000,1,대지,939,,대전광역시 서구 둔산동 939,301703166051,대전광역시 서구 청사로,148,,3017011200109390000019950,매그놀리아,대전광역시 서구 청사로 148,302828,35209,,,,127.380199169658,36.3594393167938,gov
MA010120220805814035,마리아의료재단마리아의원,,Q1,보건의료,Q102,의원,Q10207,산부인과 의원,Q86201,일반의원,30,대전광역시,30170,서구,30170640,둔산2동,3017011200,둔산동,3017011200109390000,1,대지,939,,대전광역시 서구 둔산동 939,301703166051,대전광역시 서구 청사로,148,,3017011200109390000019950,둔산동매그놀리아,대전광역시 서구 청사로 148,302828,35209,,,,127.380199169658,36.3594393167938,gov
MA010120220803157545,금조종합건설,,M1,과학·기술,M109,기술 서비스,M10903,건물 및 토목 엔지니어링 서비스업,M72121,건물 및 토목 엔지니어링 서비스업,30,대전광역시,30170,서구,30170640,둔산2동,3017011200,둔산동,3017011200109390000,1,대지,939,,대전광역시 서구 둔산동 939,301703166051,대전광역시 서구 청사로,148,,3017011200109390000019950,,대전광역시 서구 청사로 148,302828,35209,,,,127.380199169658,36.3594393167938,gov
MA010120220803917091,씨유,대전매그놀리아점,G2,소매,G204,종합 소매,G20405,편의점,G47129,기타 음ㆍ식료품 위주 종합 소매업,30,대전광역시,30170,서구,30170640,둔산2동,3017011200,둔산동,3017011200109390000,1,대지,939,,대전광역시 서구 둔산동 939,301703166051,대전광역시 서구 청사로,148,,3017011200109390000019950,매그놀리아,대전광역시 서구 청사로 148,302828,35209,,1,,127.380199169658,36.3594393167938,gov
MA010120220805415491,한국대중음악인협회대전시지회,,P1,교육,P107,교육 지원,P10799,기타 교육지원 서비스업,P85709,기타 교육지원 서비스업,30,대전광역시,30170,서구,30170640,둔산2동,3017011200,둔산동,3017011200109390000,1,대지,939,,대전광역시 서구 둔산동 939,301703166051,대전광역시 서구 청사로,148,,3017011200109390000019950,매그놀리아,대전광역시 서구 청사로 148,302828,35209,,15,,127.380199169658,36.3594393167938,gov
MA010120220812913723,이지스트리트,,M1,과학·기술,M107,본사·경영 컨설팅,M10703,경영 컨설팅업,M71531,경영 컨설팅업,30,대전광역시,30170,서구,30170640,둔산2동,3017011200,둔산동,3017011200109390000,1,대지,939,,대전광역시 서구 둔산동 939,301703166051,대전광역시 서구 청사로,148,,3017011200109390000019950,매그놀리아,대전광역시 서구 청사로 148,302828,35209,,,,127.380199169658,36.3594393167938,gov
MA010120220806191939,매그놀리아공인중개사사무소,,L1,부동산,L102,부동산 서비스,L10203,부동산 중개/대리업,L68221,부동산 중개 및 대리업,30,대전광역시,30170,서구,30170640,둔산2동,3017011200,둔산동,3017011200109390000,1,대지,939,,대전광역시 서구 둔산동 939,301703166051,대전광역시 서구 청사로,148,,3017011200109390000019950,,대전광역시 서구 청사로 148,302828,35209,,,,127.380199169658,36.3594393167938,gov
MA0101202601A0033787,짤규마케팅,,M1,과학·기술,M105,광고,M10501,광고 대행업,M71310,광고 대행업,30,대전광역시,30170,서구,30170640,둔산2동,3017011200,둔산동,3017011200109390000,1,대지,939,,대전광역시 서구 둔산동 939,301703166051,대전광역시 서구 청사로,148,,3017011200109390000019950,매그놀리아,대전광역시 서구 청사로 148,302828,35209,,,,127.380199169658,36.3594393167938,gov
MA0101202506A0007145,칸앤단,,M1,과학·기술,M107,본사·경영 컨설팅,M10703,경영 컨설팅업,M71531,경영 컨설팅업,30,대전광역시,30170,서구,30170640,둔산2동,3017011200,둔산동,3017011200109390000,1,대지,939,,대전광역시 서구 둔산동 939,301703166051,대전광역시 서구 청사로,148,,3017011200109390000019950,매그놀리아,대전광역시 서구 청사로 148,302828,35209,,,,127.380199169658,36.3594393167938,gov
MA010120220812831340,도아약국,,G2,소매,G215,의약·화장품 소매,G21501,약국,G47811,의약품 및 의료용품 소매업,30,대전광역시,30170,서구,30170640,둔산2동,3017011200,둔산동,3017011200109390000,1,대지,939,,대전광역시 서구 둔산동 939,301703166051,대전광역시 서구 청사로,148,,3017011200109390000019950,,대전광역시 서구 청사로 148,302828,35209,,1,,127.380199169658,36.3594393167938,gov
MA0101202505A0008600,밥스토랑,스타점,I2,음식,I201,한식,I20101,백반/한정식,I56111,한식 일반 음식점업,30,대전광역시,30170,서구,30170640,둔산2동,3017011200,둔산동,3017011200109390000,1,대지,939,,대전광역시 서구 둔산동 939,301703166051,대전광역시 서구 청사로,148,,3017011200109390000019950,일부매그놀리아,대전광역시 서구 청사로 148,302828,35209,,1,,127.380199169658,36.3594393167938,gov
MA0101202505A0033550,태현컨설팅,,L1,부동산,L102,부동산 서비스,L10203,부동산 중개/대리업,L68221,부동산 중개 및 대리업,30,대전광역시,30170,서구,30170640,둔산2동,3017011200,둔산동,3017011200109390000,1,대지,939,,대전광역시 서구 둔산동 939,301703166051,대전광역시 서구 청사로,148,,3017011200109390000019950,매그놀리아,대전광역시 서구 청사로 148,302828,35209,,,,127.380199169658,36.3594393167938,gov
MA0101202509A0029560,한비즈마케팅,,M1,과학·기술,M105,광고,M10501,광고 대행업,M71310,광고 대행업,30,대전광역시,30170,서구,30170640,둔산2동,3017011200,둔산동,3017011200109390000,1,대지,939,,대전광역시 서구 둔산동 939,301703166051,대전광역시 서구 청사로,148,,3017011200109390000019950,매그놀리아,대전광역시 서구 청사로 148,302828,35209,,23,,127.380199169658,36.3594393167938,gov
MA0101202505A0029401,스타골프존,,R1,예술·스포츠,R103,스포츠 서비스,R10311,골프 연습장,R91136,골프 연습장 운영업,30,대전광역시,30170,서구,30170640,둔산2동,3017011200,둔산동,3017011200109390000,1,대지,939,,대전광역시 서구 둔산동 939,301703166051,대전광역시 서구 청사로,148,,3017011200109390000019950,제비,대전광역시 서구 청사로 148,302828,35209,,1,,127.380199169658,36.3594393167938,gov
MA0101202410A0480776,비움심리상담센터-연구회,,Q1,보건의료,Q104,기타 보건,Q10402,유사 의료업,Q86902,유사 의료업,30,대전광역시,30170,서구,30170640,둔산2동,3017011200,둔산동,3017011200109390000,1,대지,939,,대전광역시 서구 둔산동 939,301703166051,대전광역시 서구 청사로,148,,3017011200109390000019950,매그놀리아,대전광역시 서구 청사로 148,302828,35209,,,,127.380199169658,36.3594393167938,gov
MA0101202409A0092244,씨앤에프캐터링,,I2,음식,I207,구내식당·뷔페,I20701,구내식당,I56130,기관 구내식당업,30,대전광역시,30170,서구,30170630,둔산1동,3017011200,둔산동,3017011200109500000,1,대지,950,,대전광역시 서구 둔산동 950,301702010004,대전광역시 서구 한밭대로,733,,3017011200109500000019479,대전둔산경찰서,대전광역시 서구 한밭대로 733,302721,35209,,1,,127.380238343848,36.3583307484995,gov
MA0106202201A2054458,푸디스트대전둔산경찰서점,,I2,음식,I201,한식,I20101,백반/한정식,I56111,한식 일반 음식점업,30,대전광역시,30170,서구,30170630,둔산1동,3017011200,둔산동,3017011200109500000,1,대지,950,,대전광역시 서구 둔산동 950,301702010004,대전광역시 서구 한밭대로,733,,3017011200109500000019479,,대전광역시 서구 한밭대로 733,302721,35209,,,,127.380238343848,36.3583307484995,gov
MA0101202209A0036727,케이국방,,N1,시설관리·임대,N101,시설관리,N10101,사업시설 유지·관리 서비스업,N74100,사업시설 유지ㆍ관리 서비스업,30,대전광역시,30170,서구,30170640,둔산2동,3017011200,둔산동,3017011200113740000,1,대지,1374,,대전광역시 서구 둔산동 1374,301703166020,대전광역시 서구 둔산북로,51,,3017011200113740000020647,KT충남본부,대전광역시 서구 둔산북로 51,302707,35232,,,,127.380240762373,36.3565374047296,gov
MA0101202503A0041763,특허법률사무소화평,,M1,과학·기술,M103,법무관련 ,M10302,변리사,M71102,변리사업,30,대전광역시,30170,서구,30170640,둔산2동,3017011200,둔산동,3017011200113740000,1,대지,1374,,대전광역시 서구 둔산동 1374,301703166020,대전광역시 서구 둔산북로,51,,3017011200113740000020647,KT,대전광역시 서구 둔산북로 51,302707,35232,,4,,127.380240762373,36.3565374047296,gov
MA0101202406A0529750,세븐대전둔산을지점,코리아,G2,소매,G204,종합 소매,G20405,편의점,G47122,체인화 편의점,30,대전광역시,30170,서구,30170640,둔산2동,3017011200,둔산동,3017011200113530000,1,대지,1353,,대전광역시 서구 둔산동 1353,301704298326,대전광역시 서구 둔산로51번길,66,,3017011200113530000022216,솔샘파킹프라자,대전광역시 서구 둔산로51번길 66,302830,35233,,1,,127.380585606917,36.3541391834549,gov
MA0101202309A0050726,명동닭한마리,,I2,음식,I201,한식,I20110,닭/오리고기 구이/찜,I56111,한식 일반 음식점업,30,대전광역시,30170,서구,30170640,둔산2동,3017011200,둔산동,3017011200113530000,1,대지,1353,,대전광역시 서구 둔산동 1353,301704298326,대전광역시 서구 둔산로51번길,66,,3017011200113530000022216,,대전광역시 서구 둔산로51번길 66,302830,35233,,,,127.380585606917,36.3541391834549,gov
MA0101202406A0053473,루트골프아카데미,,R1,예술·스포츠,R103,스포츠 서비스,R10311,골프 연습장,R91136,골프 연습장 운영업,30,대전광역시,30170,서구,30170640,둔산2동,3017011200,둔산동,3017011200113530000,1,대지,1353,,대전광역시 서구 둔산동 1353,301704298326,대전광역시 서구 둔산로51번길,66,,3017011200113530000022216,,대전광역시 서구 둔산로51번길 66,302830,35233,,,,127.380585606917,36.3541391834549,gov
MA010120220814362292,채선당도시락샐러드,둔산점,I2,음식,I201,한식,I20101,백반/한정식,I56111,한식 일반 음식점업,30,대전광역시,30170,서구,30170640,둔산2동,3017011200,둔산동,3017011200113530000,1,대지,1353,,대전광역시 서구 둔산동 1353,301704298326,대전광역시 서구 둔산로51번길,66,,3017011200113530000022216,,대전광역시 서구 둔산로51번길 66,302830,35233,,1,,127.380585606917,36.3541391834549,gov
MA0101202305A0062011,비비큐대전둔산,타임월드점,I2,음식,I210,기타 간이,I21006,치킨,I56193,치킨 전문점,30,대전광역시,30170,서구,30170640,둔산2동,3017011200,둔산동,3017011200113530000,1,대지,1353,,대전광역시 서구 둔산동 1353,301704298326,대전광역시 서구 둔산로51번길,66,,3017011200113530000022216,,대전광역시 서구 둔산로51번길 66,302830,35233,,1,,127.380585606917,36.3541391834549,gov
MA010120220805324252,오대장,,I2,음식,I201,한식,I20101,백반/한정식,I56111,한식 일반 음식점업,30,대전광역시,30170,서구,30170640,둔산2동,3017011200,둔산동,3017011200113530000,1,대지,1353,,대전광역시 서구 둔산동 1353,301704298326,대전광역시 서구 둔산로51번길,66,,3017011200113530000022216,,대전광역시 서구 둔산로51번길 66,302830,35233,,1,,127.380585606917,36.3541391834549,gov
MA010120220806216845,설천순대국밥,,I2,음식,I201,한식,I20101,백반/한정식,I56111,한식 일반 음식점업,30,대전광역시,30170,서구,30170640,둔산2동,3017011200,둔산동,3017011200113530000,1,대지,1353,,대전광역시 서구 둔산동 1353,301704298326,대전광역시 서구 둔산로51번길,66,,3017011200113530000022216,솔샘파킹프라자,대전광역시 서구 둔산로51번길 66,302830,35233,,1,,127.380585606917,36.3541391834549,gov
MA010120220813299959,주식,,I2,음식,I210,기타 간이,I21007,김밥/만두/분식,I56194,김밥 및 기타 간이 음식점업,30,대전광역시,30170,서구,30170640,둔산2동,3017011200,둔산동,3017011200113530000,1,대지,1353,,대전광역시 서구 둔산동 1353,301704298326,대전광역시 서구 둔산로51번길,66,,3017011200113530000022216,솔샘파킹프라자,대전광역시 서구 둔산로51번길 66,302830,35233,,1,,127.380585606917,36.3541391834549,gov
MA010120220806198623,머슴촌감자탕,,I2,음식,I201,한식,I20102,국/탕/찌개류,I56111,한식 일반 음식점업,30,대전광역시,30170,서구,30170640,둔산2동,3017011200,둔산동,3017011200113530000,1,대지,1353,,대전광역시 서구 둔산동 1353,301704298326,대전광역시 서구 둔산로51번길,66,,3017011200113530000022216,,대전광역시 서구 둔산로51번길 66,302830,35233,,1,,127.380585606917,36.3541391834549,gov
MA010120220813165202,수미어가,,I2,음식,I201,한식,I20111,횟집,I56114,한식 해산물 요리 전문점,30,대전광역시,30170,서구,30170640,둔산2동,3017011200,둔산동,3017011200113530000,1,대지,1353,,대전광역시 서구 둔산동 1353,301704298326,대전광역시 서구 둔산로51번길,66,,3017011200113530000022216,,대전광역시 서구 둔산로51번길 66,302830,35233,,1,,127.380585606917,36.3541391834549,gov
MA0101202412A0055861,을지설렁탕,,I2,음식,I201,한식,I20102,국/탕/찌개류,I56111,한식 일반 음식점업,30,대전광역시,30170,서구,30170640,둔산2동,3017011200,둔산동,3017011200113530000,1,대지,1353,,대전광역시 서구 둔산동 1353,301704298326,대전광역시 서구 둔산로51번길,66,,3017011200113530000022216,,대전광역시 서구 둔산로51번길 66,302830,35233,,1,,127.380585606917,36.3541391834549,gov
MA010120220810299195,원조멸치국수,,I2,음식,I201,한식,I20105,국수/칼국수,I56112,한식 면 요리 전문점,30,대전광역시,30170,서구,30170640,둔산2동,3017011200,둔산동,3017011200113530000,1,대지,1353,,대전광역시 서구 둔산동 1353,301704298326,대전광역시 서구 둔산로51번길,66,,3017011200113530000022216,솔샘파킹프라자,대전광역시 서구 둔산로51번길 66,302830,35233,,1,,127.380585606917,36.3541391834549,gov
MA0101202406A0279655,세븐일레븐대전,둔산을지점,G2,소매,G204,종합 소매,G20405,편의점,G46103,"섬유, 의복, 신발 및 가죽제품 중개업",30,대전광역시,30170,서구,30170640,둔산2동,3017011200,둔산동,3017011200113530000,1,대지,1353,,대전광역시 서구 둔산동 1353,301704298326,대전광역시 서구 둔산로51번길,66,,3017011200113530000022216,솔샘파킹프라자,대전광역시 서구 둔산로51번길 66,302830,35233,,1,,127.380585606917,36.3541391834549,gov
MA0106202605A1630306,본죽&비빔밥대전,둔산을지점,I2,음식,I201,한식,I20101,백반/한정식,I56111,한식 일반 음식점업,30,대전광역시,30170,서구,30170640,둔산2동,3017011200,둔산동,3017011200113530000,1,대지,1353,,대전광역시 서구 둔산동 1353,301704298326,대전광역시 서구 둔산로51번길,66,,3017011200113530000022216,,대전광역시 서구 둔산로51번길 66,302830,35233,,,,127.380596835371,36.3541571711792,gov
MA0101202409A0086546,나투리스대전,,G2,소매,G213,오락용품 소매,G21304,운동용품 소매업,G47631,운동 및 경기용품 소매업,30,대전광역시,30170,서구,30170640,둔산2동,3017011200,둔산동,3017011200113520000,1,대지,1352,,대전광역시 서구 둔산동 1352,301704298179,대전광역시 서구 대덕대로242번길,15,,3017011200113520000019399,아파트,대전광역시 서구 대덕대로242번길 15,302830,35233,,5,,127.380598458515,36.3544906005236,gov
MA0101202406A0015332,유성닭발,딜리버리점,I2,음식,I201,한식,I20110,닭/오리고기 구이/찜,I56111,한식 일반 음식점업,30,대전광역시,30170,서구,30170640,둔산2동,3017011200,둔산동,3017011200113520000,1,대지,1352,,대전광역시 서구 둔산동 1352,301704298179,대전광역시 서구 대덕대로242번길,15,,3017011200113520000019399,일부호둔산의아침,대전광역시 서구 대덕대로242번길 15,302830,35233,,1,,127.380598458515,36.3544906005236,gov
MA0101202409A0246772,뷰릭스대전,,G2,소매,G213,오락용품 소매,G21304,운동용품 소매업,G47631,운동 및 경기용품 소매업,30,대전광역시,30170,서구,30170640,둔산2동,3017011200,둔산동,3017011200113520000,1,대지,1352,,대전광역시 서구 둔산동 1352,301704298179,대전광역시 서구 대덕대로242번길,15,,3017011200113520000019399,아파트,대전광역시 서구 대덕대로242번길 15,302830,35233,,,,127.380598458515,36.3544906005236,gov
MA0101202406A0287193,촌놈덮밥,,I2,음식,I201,한식,I20199,기타 한식 음식점,I56111,한식 일반 음식점업,30,대전광역시,30170,서구,30170640,둔산2동,3017011200,둔산동,3017011200113520000,1,대지,1352,,대전광역시 서구 둔산동 1352,301704298179,대전광역시 서구 대덕대로242번길,15,,3017011200113520000019399,둔산의아침,대전광역시 서구 대덕대로242번길 15,302830,35233,,1,,127.380598458515,36.3544906005236,gov
MA0101202409A0079590,도리당대전,둔산점,I2,음식,I201,한식,I20101,백반/한정식,I56111,한식 일반 음식점업,30,대전광역시,30170,서구,30170640,둔산2동,3017011200,둔산동,3017011200113520000,1,대지,1352,,대전광역시 서구 둔산동 1352,301704298179,대전광역시 서구 대덕대로242번길,15,,3017011200113520000019399,둔산의아침,대전광역시 서구 대덕대로242번길 15,302830,35233,,1,,127.380598458515,36.3544906005236,gov
MA0101202406A0020040,바로스포츠마사지,,S2,수리·개인,S208,욕탕·신체관리,S20803,체형/비만 관리,S96129,체형 등 기타 신체 관리 서비스업,30,대전광역시,30170,서구,30170640,둔산2동,3017011200,둔산동,3017011200113520000,1,대지,1352,,대전광역시 서구 둔산동 1352,301704298179,대전광역시 서구 대덕대로242번길,15,,3017011200113520000019399,둔산의아침,대전광역시 서구 대덕대로242번길 15,302830,35233,,6,,127.380598458515,36.3544906005236,gov
MA010120220808979564,꼬,기장군,I2,음식,I201,한식,I20107,돼지고기 구이/찜,I56113,한식 육류 요리 전문점,30,대전광역시,30170,서구,30170640,둔산2동,3017011200,둔산동,3017011200113520000,1,대지,1352,,대전광역시 서구 둔산동 1352,301704298179,대전광역시 서구 대덕대로242번길,15,,3017011200113520000019399,둔산의아침,대전광역시 서구 대덕대로242번길 15,302830,35233,,,,127.380598458515,36.3544906005236,gov
MA0101202311A0048318,서촌,,I2,음식,I210,기타 간이,I21001,빵/도넛,I56191,제과점업,30,대전광역시,30170,서구,30170640,둔산2동,3017011200,둔산동,3017011200113520000,1,대지,1352,,대전광역시 서구 둔산동 1352,301704298179,대전광역시 서구 대덕대로242번길,15,,3017011200113520000019399,일부호둔산의아침,대전광역시 서구 대덕대로242번길 15,302830,35233,,1,,127.380598458515,36.3544906005236,gov
MA010120220807770865,울엄마양평해장국,,I2,음식,I201,한식,I20102,국/탕/찌개류,I56111,한식 일반 음식점업,30,대전광역시,30170,서구,30170640,둔산2동,3017011200,둔산동,3017011200113520000,1,대지,1352,,대전광역시 서구 둔산동 1352,301704298179,대전광역시 서구 대덕대로242번길,15,,3017011200113520000019399,둔산의아침,대전광역시 서구 대덕대로242번길 15,302830,35233,,1,,127.380598458515,36.3544906005236,gov
MA0101202308A0011675,루비,,I2,음식,I211,주점,I21104,요리 주점,I56219,기타 주점업,30,대전광역시,30170,서구,30170640,둔산2동,3017011200,둔산동,3017011200113520000,1,대지,1352,,대전광역시 서구 둔산동 1352,301704298179,대전광역시 서구 대덕대로242번길,15,,3017011200113520000019399,,대전광역시 서구 대덕대로242번길 15,302830,35233,,3,,127.380598458515,36.3544906005236,gov
MA0101202303A0118576,파스타한끼,,I2,음식,I204,서양식,I20402,파스타/스테이크,I56123,서양식 음식점업,30,대전광역시,30170,서구,30170640,둔산2동,3017011200,둔산동,3017011200113520000,1,대지,1352,,대전광역시 서구 둔산동 1352,301704298179,대전광역시 서구 대덕대로242번길,15,,3017011200113520000019399,둔산의아침,대전광역시 서구 대덕대로242번길 15,302830,35233,,1,,127.380598458515,36.3544906005236,gov
MA0106202202A0603237,아웃백딜리버리,대전점,I2,음식,I204,서양식,I20401,경양식,I56123,서양식 음식점업,30,대전광역시,30170,서구,30170640,둔산2동,3017011200,둔산동,3017011200113520000,1,대지,1352,,대전광역시 서구 둔산동 1352,301704298179,대전광역시 서구 대덕대로242번길,15,,3017011200113520000019399,,대전광역시 서구 대덕대로242번길 15,302830,35233,,,,127.380598458515,36.3544906005236,gov
MA010120220800757666,블루밍식당,,I2,음식,I211,주점,I21104,요리 주점,I56219,기타 주점업,30,대전광역시,30170,서구,30170640,둔산2동,3017011200,둔산동,3017011200113520000,1,대지,1352,,대전광역시 서구 둔산동 1352,301704298179,대전광역시 서구 대덕대로242번길,15,,3017011200113520000019399,둔산의아침,대전광역시 서구 대덕대로242번길 15,302830,35233,,3,,127.380598458515,36.3544906005236,gov
MA010120220807172514,보끄미,,I2,음식,I201,한식,I20101,백반/한정식,I56111,한식 일반 음식점업,30,대전광역시,30170,서구,30170640,둔산2동,3017011200,둔산동,3017011200113520000,1,대지,1352,,대전광역시 서구 둔산동 1352,301704298179,대전광역시 서구 대덕대로242번길,15,,3017011200113520000019399,둔산의아침,대전광역시 서구 대덕대로242번길 15,302830,35233,,,,127.380598458515,36.3544906005236,gov
MA010120220809753502,그린베어그릭,,I2,음식,I212,비알코올 ,I21201,카페,I56229,기타 비알코올 음료점업,30,대전광역시,30170,서구,30170640,둔산2동,3017011200,둔산동,3017011200113520000,1,대지,1352,,대전광역시 서구 둔산동 1352,301704298179,대전광역시 서구 대덕대로242번길,15,,3017011200113520000019399,,대전광역시 서구 대덕대로242번길 15,302830,35233,,1,,127.380598458515,36.3544906005236,gov
MA0101202209A0028565,우리의마케팅대전지사,,M1,과학·기술,M105,광고,M10501,광고 대행업,M71310,광고 대행업,30,대전광역시,30170,서구,30170640,둔산2동,3017011200,둔산동,3017011200113520000,1,대지,1352,,대전광역시 서구 둔산동 1352,301704298179,대전광역시 서구 대덕대로242번길,15,,3017011200113520000019399,둔산의아침,대전광역시 서구 대덕대로242번길 15,302830,35233,,4,,127.380598458515,36.3544906005236,gov
MA0101202603A0009872,딥파이,,I2,음식,I212,비알코올 ,I21201,카페,I56221,커피 전문점,30,대전광역시,30170,서구,30170640,둔산2동,3017011200,둔산동,3017011200113520000,1,대지,1352,,대전광역시 서구 둔산동 1352,301704298179,대전광역시 서구 대덕대로242번길,15,,3017011200113520000019399,둔산의아침,대전광역시 서구 대덕대로242번길 15,302830,35233,,1,,127.380598458515,36.3544906005236,gov
MA0101202601A0022900,어치브필라테스,,P1,교육,P106,기타 교육,P10603,요가/필라테스 학원,P85612,기타 스포츠 교육기관,30,대전광역시,30170,서구,30170640,둔산2동,3017011200,둔산동,3017011200113520000,1,대지,1352,,대전광역시 서구 둔산동 1352,301704298179,대전광역시 서구 대덕대로242번길,15,,3017011200113520000019399,둔산의아침,대전광역시 서구 대덕대로242번길 15,302830,35233,,8,,127.380598458515,36.3544906005236,gov
MA0101202512A0036305,글로우컴퍼니,,M1,과학·기술,M107,본사·경영 컨설팅,M10703,경영 컨설팅업,M71531,경영 컨설팅업,30,대전광역시,30170,서구,30170640,둔산2동,3017011200,둔산동,3017011200113520000,1,대지,1352,,대전광역시 서구 둔산동 1352,301704298179,대전광역시 서구 대덕대로242번길,15,,3017011200113520000019399,,대전광역시 서구 대덕대로242번길 15,302830,35233,,,,127.380598458515,36.3544906005236,gov
MA0101202512A0025930,현구조연구소,,M1,과학·기술,M109,기술 서비스,M10903,건물 및 토목 엔지니어링 서비스업,M72121,건물 및 토목 엔지니어링 서비스업,30,대전광역시,30170,서구,30170640,둔산2동,3017011200,둔산동,3017011200113520000,1,대지,1352,,대전광역시 서구 둔산동 1352,301704298179,대전광역시 서구 대덕대로242번길,15,,3017011200113520000019399,둔산의아침,대전광역시 서구 대덕대로242번길 15,302830,35233,,,,127.380598458515,36.3544906005236,gov
MA0101202602A0008901,한울타리에프앤비,,I2,음식,I201,한식,I20101,백반/한정식,I56111,한식 일반 음식점업,30,대전광역시,30170,서구,30170640,둔산2동,3017011200,둔산동,3017011200113520000,1,대지,1352,,대전광역시 서구 둔산동 1352,301704298179,대전광역시 서구 대덕대로242번길,15,,3017011200113520000019399,둔산의아침,대전광역시 서구 대덕대로242번길 15,302830,35233,,1,,127.380598458515,36.3544906005236,gov
MA0101202602A0020320,서울반찬,,G2,소매,G205,식료품 소매,G20509,반찬/식료품 소매업,G47218,조리 반찬류 소매업,30,대전광역시,30170,서구,30170640,둔산2동,3017011200,둔산동,3017011200113520000,1,대지,1352,,대전광역시 서구 둔산동 1352,301704298179,대전광역시 서구 대덕대로242번길,15,,3017011200113520000019399,일부호,대전광역시 서구 대덕대로242번길 15,302830,35233,,1,,127.380598458515,36.3544906005236,gov
MA010120220806479427,둥지도시락,,I2,음식,I201,한식,I20101,백반/한정식,I56111,한식 일반 음식점업,30,대전광역시,30170,서구,30170640,둔산2동,3017011200,둔산동,3017011200113520000,1,대지,1352,,대전광역시 서구 둔산동 1352,301704298179,대전광역시 서구 대덕대로242번길,15,,3017011200113520000019399,둔산의아침,대전광역시 서구 대덕대로242번길 15,302830,35233,,1,,127.380598458515,36.3544906005236,gov
MA0101202512A0028400,치킨캐슬,,I2,음식,I210,기타 간이,I21006,치킨,I56193,치킨 전문점,30,대전광역시,30170,서구,30170640,둔산2동,3017011200,둔산동,3017011200113520000,1,대지,1352,,대전광역시 서구 둔산동 1352,301704298179,대전광역시 서구 대덕대로242번길,15,,3017011200113520000019399,둔산의아침,대전광역시 서구 대덕대로242번길 15,302830,35233,,,,127.380598458515,36.3544906005236,gov
MA0101202602A0029203,장가계,,I2,음식,I202,중식,I20201,중국집,I56121,중식 음식점업,30,대전광역시,30170,서구,30170640,둔산2동,3017011200,둔산동,3017011200113520000,1,대지,1352,,대전광역시 서구 둔산동 1352,301704298179,대전광역시 서구 대덕대로242번길,15,,3017011200113520000019399,둔산의아침,대전광역시 서구 대덕대로242번길 15,302830,35233,,1,,127.380598458515,36.3544906005236,gov
MA0101202603A0014857,감성커피대전을지점,,I2,음식,I212,비알코올 ,I21201,카페,I56221,커피 전문점,30,대전광역시,30170,서구,30170640,둔산2동,3017011200,둔산동,3017011200113520000,1,대지,1352,,대전광역시 서구 둔산동 1352,301704298179,대전광역시 서구 대덕대로242번길,15,,3017011200113520000019399,,대전광역시 서구 대덕대로242번길 15,302830,35233,,,,127.380598458515,36.3544906005236,gov
MA0101202505A0051024,플레이버커피,,I2,음식,I212,비알코올 ,I21201,카페,I56221,커피 전문점,30,대전광역시,30170,서구,30170640,둔산2동,3017011200,둔산동,3017011200113520000,1,대지,1352,,대전광역시 서구 둔산동 1352,301704298179,대전광역시 서구 대덕대로242번길,15,,3017011200113520000019399,,대전광역시 서구 대덕대로242번길 15,302830,35233,,1,,127.380598458515,36.3544906005236,gov
MA0101202507A0028773,아구듬뿍알곤마니둔산,갈마점,I2,음식,I201,한식,I20101,백반/한정식,I56111,한식 일반 음식점업,30,대전광역시,30170,서구,30170640,둔산2동,3017011200,둔산동,3017011200113520000,1,대지,1352,,대전광역시 서구 둔산동 1352,301704298179,대전광역시 서구 대덕대로242번길,15,,3017011200113520000019399,둔산의아침,대전광역시 서구 대덕대로242번길 15,302830,35233,,1,,127.380598458515,36.3544906005236,gov
MA0101202501A0061543,뷰티앤헬스,,G2,소매,G212,기타 생활용품 소매,G21202,주방/가정용품 소매업,G47599,그 외 기타 분류 안된 가정용품 소매업,30,대전광역시,30170,서구,30170640,둔산2동,3017011200,둔산동,3017011200113520000,1,대지,1352,,대전광역시 서구 둔산동 1352,301704298179,대전광역시 서구 대덕대로242번길,15,,3017011200113520000019399,둔산의아침,대전광역시 서구 대덕대로242번길 15,302830,35233,,,,127.380598458515,36.3544906005236,gov
MA0101202409A0118682,이글로리,대전지점,M1,과학·기술,M105,광고,M10501,광고 대행업,M71310,광고 대행업,30,대전광역시,30170,서구,30170640,둔산2동,3017011200,둔산동,3017011200113520000,1,대지,1352,,대전광역시 서구 둔산동 1352,301704298179,대전광역시 서구 대덕대로242번길,15,,3017011200113520000019399,지이09둔산의아침,대전광역시 서구 대덕대로242번길 15,302830,35233,,5,,127.380598458515,36.3544906005236,gov
MA0101202409A0194483,휘성컴퍼니,,M1,과학·기술,M107,본사·경영 컨설팅,M10703,경영 컨설팅업,M71531,경영 컨설팅업,30,대전광역시,30170,서구,30170640,둔산2동,3017011200,둔산동,3017011200113520000,1,대지,1352,,대전광역시 서구 둔산동 1352,301704298179,대전광역시 서구 대덕대로242번길,15,,3017011200113520000019399,아파트,대전광역시 서구 대덕대로242번길 15,302830,35233,,5,,127.380598458515,36.3544906005236,gov
MA0101202406A0162548,대전데이터스마트폰외장하드포렌식복구센터,,S2,수리·개인,S202,통신장비 수리,S20201,핸드폰/통신장비 수리업,S95120,통신장비 수리업,30,대전광역시,30170,서구,30170640,둔산2동,3017011200,둔산동,3017011200113490000,1,대지,1349,,대전광역시 서구 둔산동 1349,301704298326,대전광역시 서구 둔산로51번길,84,,3017011200113490000022204,,대전광역시 서구 둔산로51번길 84,302830,35233,,,,127.380600915217,36.3549952503065,gov
MA0101202308A0034951,매머드익스프레스대전을지,한화점,I2,음식,I212,비알코올 ,I21201,카페,I56221,커피 전문점,30,대전광역시,30170,서구,30170640,둔산2동,3017011200,둔산동,3017011200113490000,1,대지,1349,,대전광역시 서구 둔산동 1349,301704298326,대전광역시 서구 둔산로51번길,84,,3017011200113490000022204,,대전광역시 서구 둔산로51번길 84,302830,35233,,1,,127.380600915217,36.3549952503065,gov
MA010120220812125869,티케이플랜,,M1,과학·기술,M105,광고,M10501,광고 대행업,M71310,광고 대행업,30,대전광역시,30170,서구,30170640,둔산2동,3017011200,둔산동,3017011200113490000,1,대지,1349,,대전광역시 서구 둔산동 1349,301704298326,대전광역시 서구 둔산로51번길,84,,3017011200113490000022204,세기빌딩,대전광역시 서구 둔산로51번길 84,302830,35233,,,,127.380600915217,36.3549952503065,gov
MA0101202508A0031030,지에스25,둔산을지점,G2,소매,G204,종합 소매,G20405,편의점,G47122,체인화 편의점,30,대전광역시,30170,서구,30170640,둔산2동,3017011200,둔산동,3017011200113490000,1,대지,1349,,대전광역시 서구 둔산동 1349,301704298326,대전광역시 서구 둔산로51번길,84,,3017011200113490000022204,,대전광역시 서구 둔산로51번길 84,302830,35233,,1,,127.380600915217,36.3549952503065,gov
MA0101202406A0195090,유웰비뇨의학과의원,,Q1,보건의료,Q102,의원,Q10204,피부/비뇨기과 의원,Q86201,일반의원,30,대전광역시,30170,서구,30170640,둔산2동,3017011200,둔산동,3017011200113550000,1,대지,1355,,대전광역시 서구 둔산동 1355,301704298177,대전광역시 서구 대덕대로234번길,18,,3017011200113550000021080,유웰빌딩,대전광역시 서구 대덕대로234번길 18,302830,35233,,,,127.380604071765,36.353355102871,gov
MA010120220809851331,좋은스토어,,G2,소매,G204,종합 소매,G20404,슈퍼마켓,G47129,기타 음ㆍ식료품 위주 종합 소매업,30,대전광역시,30170,서구,30170640,둔산2동,3017011200,둔산동,3017011200113550000,1,대지,1355,,대전광역시 서구 둔산동 1355,301704298177,대전광역시 서구 대덕대로234번길,18,,3017011200113550000021080,,대전광역시 서구 대덕대로234번길 18,302830,35233,,지,,127.380604071765,36.353355102871,gov
MA010120220806202790,이순우세무회계사무소,,M1,과학·기술,M104,회계·세무,M10402,세무사,M71202,세무사업,30,대전광역시,30170,서구,30170640,둔산2동,3017011200,둔산동,3017011200113550000,1,대지,1355,,대전광역시 서구 둔산동 1355,301704298177,대전광역시 서구 대덕대로234번길,18,,3017011200113550000021080,동향빌딩,대전광역시 서구 대덕대로234번길 18,302830,35233,,,,127.380604071765,36.353355102871,gov
MA0101202307A0022215,오늘바로플란트치과의원,,Q1,보건의료,Q102,의원,Q10210,치과의원,Q86202,치과의원,30,대전광역시,30170,서구,30170640,둔산2동,3017011200,둔산동,3017011200113550000,1,대지,1355,,대전광역시 서구 둔산동 1355,301704298177,대전광역시 서구 대덕대로234번길,18,,3017011200113550000021080,유웰빌딩,대전광역시 서구 대덕대로234번길 18,302830,35233,,3,,127.380604071765,36.353355102871,gov
MA010120220806256782,세무법인큐택스,,M1,과학·기술,M104,회계·세무,M10402,세무사,M71202,세무사업,30,대전광역시,30170,서구,30170640,둔산2동,3017011200,둔산동,3017011200113550000,1,대지,1355,,대전광역시 서구 둔산동 1355,301704298177,대전광역시 서구 대덕대로234번길,18,,3017011200113550000021080,동향빌딩,대전광역시 서구 대덕대로234번길 18,302830,35233,,,,127.380604071765,36.353355102871,gov
MA0101202302A0072952,우리인더베스트,,M1,과학·기술,M105,광고,M10501,광고 대행업,M71310,광고 대행업,30,대전광역시,30170,서구,30170640,둔산2동,3017011200,둔산동,3017011200113550000,1,대지,1355,,대전광역시 서구 둔산동 1355,301704298177,대전광역시 서구 대덕대로234번길,18,,3017011200113550000021080,유웰빌딩,대전광역시 서구 대덕대로234번길 18,302830,35233,,8,,127.380604071765,36.353355102871,gov
MA0106202301A2416100,스타벅스,대전대덕로,I2,음식,I212,비알코올 ,I21201,카페,I56221,커피 전문점,30,대전광역시,30170,서구,30170640,둔산2동,3017011200,둔산동,3017011200113550000,1,대지,1355,,대전광역시 서구 둔산동 1355,301704298177,대전광역시 서구 대덕대로234번길,18,,3017011200113550000021080,,대전광역시 서구 대덕대로234번길 18,302830,35233,,,,127.380604071765,36.353355102871,gov
MA010120220805862678,오리엔탈항공여행사,,N1,시설관리·임대,N105,여행사·보조,N10501,여행사,N75210,여행사업,30,대전광역시,30170,서구,30170640,둔산2동,3017011200,둔산동,3017011200113550000,1,대지,1355,,대전광역시 서구 둔산동 1355,301704298177,대전광역시 서구 대덕대로234번길,18,,3017011200113550000021080,향빌딩,대전광역시 서구 대덕대로234번길 18,302830,35233,,8,,127.380604071765,36.353355102871,gov
MA010120220806251561,세무법인중원둔산제1분사무소,,M1,과학·기술,M104,회계·세무,M10402,세무사,M71202,세무사업,30,대전광역시,30170,서구,30170640,둔산2동,3017011200,둔산동,3017011200113550000,1,대지,1355,,대전광역시 서구 둔산동 1355,301704298177,대전광역시 서구 대덕대로234번길,18,,3017011200113550000021080,동향빌딩,대전광역시 서구 대덕대로234번길 18,302830,35233,,,,127.380604071765,36.353355102871,gov
MA010120220813516230,제이와이에이치,,M1,과학·기술,M107,본사·경영 컨설팅,M10703,경영 컨설팅업,M71531,경영 컨설팅업,30,대전광역시,30170,서구,30170640,둔산2동,3017011200,둔산동,3017011200113550000,1,대지,1355,,대전광역시 서구 둔산동 1355,301704298177,대전광역시 서구 대덕대로234번길,18,,3017011200113550000021080,,대전광역시 서구 대덕대로234번길 18,302830,35233,,,,127.380604071765,36.353355102871,gov
MA010120220811935922,유약국,,G2,소매,G215,의약·화장품 소매,G21501,약국,G47811,의약품 및 의료용품 소매업,30,대전광역시,30170,서구,30170640,둔산2동,3017011200,둔산동,3017011200113550000,1,대지,1355,,대전광역시 서구 둔산동 1355,301704298177,대전광역시 서구 대덕대로234번길,18,,3017011200113550000021080,,대전광역시 서구 대덕대로234번길 18,302830,35233,,1,,127.380604071765,36.353355102871,gov
MA010120220806231041,업소명없음,,N1,시설관리·임대,N105,여행사·보조,N10599,기타 여행 보조/예약 서비스업,N75290,기타 여행 보조 및 예약 서비스업,30,대전광역시,30170,서구,30170640,둔산2동,3017011200,둔산동,3017011200113510000,1,대지,1351,,대전광역시 서구 둔산동 1351,301704298326,대전광역시 서구 둔산로51번길,76,,3017011200113510000000001,,대전광역시 서구 둔산로51번길 76,302830,35233,,,,127.380610432823,36.3546617855046,gov
MA010120220813814679,두야리꼬마김밥,,I2,음식,I210,기타 간이,I21007,김밥/만두/분식,I56194,김밥 및 기타 간이 음식점업,30,대전광역시,30170,서구,30170640,둔산2동,3017011200,둔산동,3017011200113510000,1,대지,1351,,대전광역시 서구 둔산동 1351,301704298326,대전광역시 서구 둔산로51번길,76,,3017011200113510000000001,레지던스힐링,대전광역시 서구 둔산로51번길 76,302830,35233,,,,127.380610432823,36.3546617855046,gov
MA010120220813284473,샐러빙유,,I2,음식,I210,기타 간이,I21003,피자,I56192,"피자, 햄버거, 샌드위치 및 유사 음식점업",30,대전광역시,30170,서구,30170640,둔산2동,3017011200,둔산동,3017011200113510000,1,대지,1351,,대전광역시 서구 둔산동 1351,301704298326,대전광역시 서구 둔산로51번길,76,,3017011200113510000000001,레지던스호텔,대전광역시 서구 둔산로51번길 76,302830,35233,,,,127.380610432823,36.3546617855046,gov
MA010120220807417729,호텔라인,,I1,숙박,I101,일반 숙박,I10102,여관/모텔,I55102,여관업,30,대전광역시,30170,서구,30170640,둔산2동,3017011200,둔산동,3017011200113510000,1,대지,1351,,대전광역시 서구 둔산동 1351,301704298326,대전광역시 서구 둔산로51번길,76,,3017011200113510000000001,레지던스호텔,대전광역시 서구 둔산로51번길 76,302830,35233,,,,127.380610432823,36.3546617855046,gov
MA0101202411A0038668,그린팜,,P1,교육,P106,기타 교육,P10621,직원 훈련기관,P85650,직원 훈련기관,30,대전광역시,30170,서구,30170640,둔산2동,3017011200,둔산동,3017011200113510000,1,대지,1351,,대전광역시 서구 둔산동 1351,301704298326,대전광역시 서구 둔산로51번길,76,,3017011200113510000000001,레지던스힐링,대전광역시 서구 둔산로51번길 76,302830,35233,,6,,127.380610432823,36.3546617855046,gov
MA0101202406A0591142,리젠,,G2,소매,G208,가전·통신 소매,G20803,가전제품 소매업,G47320,가전제품 소매업,30,대전광역시,30170,서구,30170640,둔산2동,3017011200,둔산동,3017011200113500000,1,대지,1350,,대전광역시 서구 둔산동 1350,301704298326,대전광역시 서구 둔산로51번길,80,,3017011200113500000020539,센트럴빌딩,대전광역시 서구 둔산로51번길 80,302830,35233,,3,,127.380611222501,36.3548239943632,gov
MA010120220806175001,오행생식원,,G2,소매,G205,식료품 소매,G20508,건강보조식품 소매업,G47217,건강 보조식품 소매업,30,대전광역시,30170,서구,30170640,둔산2동,3017011200,둔산동,3017011200113500000,1,대지,1350,,대전광역시 서구 둔산동 1350,301704298326,대전광역시 서구 둔산로51번길,80,,3017011200113500000020539,센트럴빌딩,대전광역시 서구 둔산로51번길 80,302830,35233,,4,,127.380611222501,36.3548239943632,gov
MA010120220804661050,디와이엘피트니스,,R1,예술·스포츠,R103,스포츠 서비스,R10307,헬스장,R91132,체력 단련시설 운영업,30,대전광역시,30170,서구,30170640,둔산2동,3017011200,둔산동,3017011200113500000,1,대지,1350,,대전광역시 서구 둔산동 1350,301704298326,대전광역시 서구 둔산로51번길,80,,3017011200113500000020539,,대전광역시 서구 둔산로51번길 80,302830,35233,,5,,127.380611222501,36.3548239943632,gov
MA010120220806215267,손춘지콩나물국밥,,I2,음식,I201,한식,I20102,국/탕/찌개류,I56111,한식 일반 음식점업,30,대전광역시,30170,서구,30170640,둔산2동,3017011200,둔산동,3017011200113500000,1,대지,1350,,대전광역시 서구 둔산동 1350,301704298326,대전광역시 서구 둔산로51번길,80,,3017011200113500000020539,,대전광역시 서구 둔산로51번길 80,302830,35233,,1,,127.380611222501,36.3548239943632,gov
MA010120220812645663,퀸노래연습장,,R1,예술·스포츠,R104,유원지·오락,R10407,노래방,R91223,노래 연습장 운영업,30,대전광역시,30170,서구,30170640,둔산2동,3017011200,둔산동,3017011200113500000,1,대지,1350,,대전광역시 서구 둔산동 1350,301704298326,대전광역시 서구 둔산로51번길,80,,3017011200113500000020539,,대전광역시 서구 둔산로51번길 80,302830,35233,,2,,127.380611222501,36.3548239943632,gov
MA010120220811902837,갈비쿡,,I2,음식,I201,한식,I20107,돼지고기 구이/찜,I56111,한식 일반 음식점업,30,대전광역시,30170,서구,30170640,둔산2동,3017011200,둔산동,3017011200113500000,1,대지,1350,,대전광역시 서구 둔산동 1350,301704298326,대전광역시 서구 둔산로51번길,80,,3017011200113500000020539,,대전광역시 서구 둔산로51번길 80,302830,35233,,1,,127.380611222501,36.3548239943632,gov
MA010120220806229954,페이스퀸,,S2,수리·개인,S207,이용·미용,S20702,피부 관리실,S96113,피부 미용업,30,대전광역시,30170,서구,30170640,둔산2동,3017011200,둔산동,3017011200113500000,1,대지,1350,,대전광역시 서구 둔산동 1350,301704298326,대전광역시 서구 둔산로51번길,80,,3017011200113500000020539,센트럴빌딩,대전광역시 서구 둔산로51번길 80,302830,35233,,,,127.380611222501,36.3548239943632,gov
MA010120220812820683,르네,,S2,수리·개인,S207,이용·미용,S20703,네일숍,S96119,기타 미용업,30,대전광역시,30170,서구,30170640,둔산2동,3017011200,둔산동,3017011200113500000,1,대지,1350,,대전광역시 서구 둔산동 1350,301704298326,대전광역시 서구 둔산로51번길,80,,3017011200113500000020539,센트럴빌딩,대전광역시 서구 둔산로51번길 80,302830,35233,,4,,127.380611222501,36.3548239943632,gov
MA010120220800814598,태진기술주,,M1,과학·기술,M109,기술 서비스,M10999,기타 엔지니어링 서비스업,M72129,기타 엔지니어링 서비스업,30,대전광역시,30170,서구,30170630,둔산1동,3017011200,둔산동,3017011200109380000,1,대지,938,,대전광역시 서구 둔산동 938,301703166051,대전광역시 서구 청사로,152,,3017011200109380000019297,이안빌딩,대전광역시 서구 청사로 152,302121,35209,,4,,127.380678296849,36.3594468029934,gov
MA0101202212A0071751,법무법인테헤란,대전점,M1,과학·기술,M103,법무관련 ,M10301,변호사,M71101,변호사업,30,대전광역시,30170,서구,30170640,둔산2동,3017011200,둔산동,3017011200113450000,1,대지,1345,,대전광역시 서구 둔산동 1345,301703166020,대전광역시 서구 둔산북로,56,,3017011200113450000000001,,대전광역시 서구 둔산북로 56,302830,35233,,11,,127.380781319306,36.3554362509174,gov
MA0106202507A0764230,매드포갈릭대전,둔산점,I2,음식,I204,서양식,I20403,패밀리레스토랑,I56123,서양식 음식점업,30,대전광역시,30170,서구,30170640,둔산2동,3017011200,둔산동,3017011200113450000,1,대지,1345,,대전광역시 서구 둔산동 1345,301703166020,대전광역시 서구 둔산북로,56,,3017011200113450000000001,,대전광역시 서구 둔산북로 56,302830,35233,,,,127.380781319306,36.3554362509174,gov
MA0101202507A0014852,릴트커피,,I2,음식,I212,비알코올 ,I21201,카페,I56221,커피 전문점,30,대전광역시,30170,서구,30170640,둔산2동,3017011200,둔산동,3017011200113450000,1,대지,1345,,대전광역시 서구 둔산동 1345,301703166020,대전광역시 서구 둔산북로,56,,3017011200113450000000001,,대전광역시 서구 둔산북로 56,302830,35233,,1,,127.380781319306,36.3554362509174,gov
MA0101202508A0010741,법무법인소울대전분사무소,,M1,과학·기술,M103,법무관련 ,M10301,변호사,M71101,변호사업,30,대전광역시,30170,서구,30170640,둔산2동,3017011200,둔산동,3017011200113450000,1,대지,1345,,대전광역시 서구 둔산동 1345,301703166020,대전광역시 서구 둔산북로,56,,3017011200113450000000001,한화생명보험,대전광역시 서구 둔산북로 56,302830,35233,,4,,127.380781319306,36.3554362509174,gov
MA0101202603A0010220,변호사최현준법률사무소,,M1,과학·기술,M103,법무관련 ,M10301,변호사,M71101,변호사업,30,대전광역시,30170,서구,30170640,둔산2동,3017011200,둔산동,3017011200113360000,1,대지,1336,,대전광역시 서구 둔산동 1336,301704298327,대전광역시 서구 둔산로65번길,43,,3017011200113360000021082,어반브릿지,대전광역시 서구 둔산로65번길 43,302830,35233,,,,127.380927149303,36.3533540733788,gov
MA0101202406A0408095,엔제리너스대덕대로점,,I2,음식,I212,비알코올 ,I21201,카페,I56221,커피 전문점,30,대전광역시,30170,서구,30170640,둔산2동,3017011200,둔산동,3017011200113370000,1,대지,1337,,대전광역시 서구 둔산동 1337,301704298177,대전광역시 서구 대덕대로234번길,21,,3017011200113370000020793,일부호,대전광역시 서구 대덕대로234번길 21,302830,35233,,1,,127.380940441348,36.3537956064926,gov
MA010120220814098804,비인베스트먼트,,I1,숙박,I101,일반 숙박,I10102,여관/모텔,I55102,여관업,30,대전광역시,30170,서구,30170640,둔산2동,3017011200,둔산동,3017011200113370000,1,대지,1337,,대전광역시 서구 둔산동 1337,301704298177,대전광역시 서구 대덕대로234번길,21,,3017011200113370000020793,,대전광역시 서구 대덕대로234번길 21,302830,35233,,,,127.380940441348,36.3537956064926,gov
MA0101202502A0060363,세븐일레븐,대전뉴둔산대덕점,G2,소매,G204,종합 소매,G20405,편의점,G47122,체인화 편의점,30,대전광역시,30170,서구,30170640,둔산2동,3017011200,둔산동,3017011200113370000,1,대지,1337,,대전광역시 서구 둔산동 1337,301704298177,대전광역시 서구 대덕대로234번길,21,,3017011200113370000020793,,대전광역시 서구 대덕대로234번길 21,302830,35233,,1,,127.380940441348,36.3537956064926,gov
MA0101202603A0007237,을지여성의학연구회,,M1,과학·기술,M105,광고,M10501,광고 대행업,M71310,광고 대행업,30,대전광역시,30170,서구,30170640,둔산2동,3017011200,둔산동,3017011200113410000,1,대지,1341,,대전광역시 서구 둔산동 1341,301704298179,대전광역시 서구 대덕대로242번길,23,,3017011200113410000019400,을,대전광역시 서구 대덕대로242번길 23,302830,35233,,,,127.380943866187,36.3544985115897,gov
MA0101202306A0069560,뜰안애,,I2,음식,I201,한식,I20101,백반/한정식,I56111,한식 일반 음식점업,30,대전광역시,30170,서구,30170640,둔산2동,3017011200,둔산동,3017011200113390000,1,대지,1339,,대전광역시 서구 둔산동 1339,301704298179,대전광역시 서구 대덕대로242번길,26,,3017011200113390000018676,,대전광역시 서구 대덕대로242번길 26,302830,35233,,2,,127.380964391277,36.354137976412,gov
MA010120220806204998,올갱이마을,,I2,음식,I201,한식,I20101,백반/한정식,I56111,한식 일반 음식점업,30,대전광역시,30170,서구,30170640,둔산2동,3017011200,둔산동,3017011200113390000,1,대지,1339,,대전광역시 서구 둔산동 1339,301704298179,대전광역시 서구 대덕대로242번길,26,,3017011200113390000018676,,대전광역시 서구 대덕대로242번길 26,302830,35233,,,,127.380964391277,36.354137976412,gov
MA0101202306A0030608,늘푸른약국,,G2,소매,G215,의약·화장품 소매,G21501,약국,G47811,의약품 및 의료용품 소매업,30,대전광역시,30170,서구,30170640,둔산2동,3017011200,둔산동,3017011200113390000,1,대지,1339,,대전광역시 서구 둔산동 1339,301704298179,대전광역시 서구 대덕대로242번길,26,,3017011200113390000018676,,대전광역시 서구 대덕대로242번길 26,302830,35233,,1,,127.380964391277,36.354137976412,gov
MA010120220810318406,퍼팩트당구장,,R1,예술·스포츠,R103,스포츠 서비스,R10310,당구장,R91135,당구장 운영업,30,대전광역시,30170,서구,30170640,둔산2동,3017011200,둔산동,3017011200113390000,1,대지,1339,,대전광역시 서구 둔산동 1339,301704298179,대전광역시 서구 대덕대로242번길,26,,3017011200113390000018676,,대전광역시 서구 대덕대로242번길 26,302830,35233,,4,,127.380964391277,36.354137976412,gov
MA010120220806195597,둔산의료기,,G2,소매,G215,의약·화장품 소매,G21502,의료기기 소매업,G47812,의료용 기구 소매업,30,대전광역시,30170,서구,30170640,둔산2동,3017011200,둔산동,3017011200113390000,1,대지,1339,,대전광역시 서구 둔산동 1339,301704298179,대전광역시 서구 대덕대로242번길,26,,3017011200113390000018676,,대전광역시 서구 대덕대로242번길 26,302830,35233,,,,127.380964391277,36.354137976412,gov
MA0101202305A0013856,을지대컴포즈커피,병원점,I2,음식,I212,비알코올 ,I21201,카페,I56221,커피 전문점,30,대전광역시,30170,서구,30170640,둔산2동,3017011200,둔산동,3017011200113440000,1,대지,1344,,대전광역시 서구 둔산동 1344,301704298327,대전광역시 서구 둔산로65번길,81,,3017011200113440000022206,일부호,대전광역시 서구 둔산로65번길 81,302830,35233,,1,,127.380968694624,36.3550211135187,gov
MA010120220812403616,씨유,둔산을지점,G2,소매,G204,종합 소매,G20405,편의점,G47122,체인화 편의점,30,대전광역시,30170,서구,30170640,둔산2동,3017011200,둔산동,3017011200113440000,1,대지,1344,,대전광역시 서구 둔산동 1344,301704298327,대전광역시 서구 둔산로65번길,81,,3017011200113440000022206,,대전광역시 서구 둔산로65번길 81,302830,35233,,,,127.380979791552,36.3550120663957,gov
MA0101202406A0171607,만남의광장,,I2,음식,I201,한식,I20101,백반/한정식,I56111,한식 일반 음식점업,30,대전광역시,30170,서구,30170640,둔산2동,3017011200,둔산동,3017011200113240000,1,대지,1324,,대전광역시 서구 둔산동 1324,301704298177,대전광역시 서구 대덕대로234번길,30,,3017011200113240000019687,,대전광역시 서구 대덕대로234번길 30,302830,35233,,,,127.381350448306,36.3533437114622,gov
MA010120220808797838,곤지암한우소머리국밥,,I2,음식,I201,한식,I20102,국/탕/찌개류,I56111,한식 일반 음식점업,30,대전광역시,30170,서구,30170640,둔산2동,3017011200,둔산동,3017011200113240000,1,대지,1324,,대전광역시 서구 둔산동 1324,301704298177,대전광역시 서구 대덕대로234번길,30,,3017011200113240000019687,일부호,대전광역시 서구 대덕대로234번길 30,302830,35233,,2,,127.381350448306,36.3533437114622,gov
MA010120220813366977,디제이이종환커피&스튜디오,,I2,음식,I212,비알코올 ,I21201,카페,I56221,커피 전문점,30,대전광역시,30170,서구,30170640,둔산2동,3017011200,둔산동,3017011200113240000,1,대지,1324,,대전광역시 서구 둔산동 1324,301704298177,대전광역시 서구 대덕대로234번길,30,,3017011200113240000019687,,대전광역시 서구 대덕대로234번길 30,302830,35233,,1,,127.381350448306,36.3533437114622,gov
MA010120220807407030,제이마스타스포츠,대전점,G2,소매,G213,오락용품 소매,G21304,운동용품 소매업,G47631,운동 및 경기용품 소매업,30,대전광역시,30170,서구,30170640,둔산2동,3017011200,둔산동,3017011200113240000,1,대지,1324,,대전광역시 서구 둔산동 1324,301704298177,대전광역시 서구 대덕대로234번길,30,,3017011200113240000019687,,대전광역시 서구 대덕대로234번길 30,302830,35233,,2,,127.381350448306,36.3533437114622,gov
MA0101202502A0061553,태화보리밥,,I2,음식,I201,한식,I20101,백반/한정식,I56111,한식 일반 음식점업,30,대전광역시,30170,서구,30170640,둔산2동,3017011200,둔산동,3017011200113240000,1,대지,1324,,대전광역시 서구 둔산동 1324,301704298177,대전광역시 서구 대덕대로234번길,30,,3017011200113240000019687,,대전광역시 서구 대덕대로234번길 30,302830,35233,,2,,127.381350448306,36.3533437114622,gov
MA010120220806188257,엑스포아구,,I2,음식,I201,한식,I20101,백반/한정식,I56111,한식 일반 음식점업,30,대전광역시,30170,서구,30170640,둔산2동,3017011200,둔산동,3017011200113230000,1,대지,1323,,대전광역시 서구 둔산동 1323,301704298177,대전광역시 서구 대덕대로234번길,29,,3017011200113230000021320,,대전광역시 서구 대덕대로234번길 29,302830,35233,,2,,127.381386155946,36.3538122082134,gov
MA010120220802056231,엄경희갈비김치찌개,전문점,I2,음식,I201,한식,I20101,백반/한정식,I56111,한식 일반 음식점업,30,대전광역시,30170,서구,30170640,둔산2동,3017011200,둔산동,3017011200113230000,1,대지,1323,,대전광역시 서구 둔산동 1323,301704298177,대전광역시 서구 대덕대로234번길,29,,3017011200113230000021320,둔산컴포텔,대전광역시 서구 대덕대로234번길 29,302830,35233,,,,127.381386155946,36.3538122082134,gov
MA010120220806183629,황토우렁쌈밥,,I2,음식,I201,한식,I20101,백반/한정식,I56111,한식 일반 음식점업,30,대전광역시,30170,서구,30170640,둔산2동,3017011200,둔산동,3017011200113230000,1,대지,1323,,대전광역시 서구 둔산동 1323,301704298177,대전광역시 서구 대덕대로234번길,29,,3017011200113230000021320,,대전광역시 서구 대덕대로234번길 29,302830,35233,,,,127.381386155946,36.3538122082134,gov
MA010120220810441604,로또,,I1,숙박,I101,일반 숙박,I10102,여관/모텔,I55102,여관업,30,대전광역시,30170,서구,30170640,둔산2동,3017011200,둔산동,3017011200113230000,1,대지,1323,,대전광역시 서구 둔산동 1323,301704298177,대전광역시 서구 대덕대로234번길,29,,3017011200113230000021320,5~8층,대전광역시 서구 대덕대로234번길 29,302830,35233,,,,127.381386155946,36.3538122082134,gov
MA010120220809139830,로또노래연습장,,R1,예술·스포츠,R104,유원지·오락,R10407,노래방,R91223,노래 연습장 운영업,30,대전광역시,30170,서구,30170640,둔산2동,3017011200,둔산동,3017011200113230000,1,대지,1323,,대전광역시 서구 둔산동 1323,301704298177,대전광역시 서구 대덕대로234번길,29,,3017011200113230000021320,,대전광역시 서구 대덕대로234번길 29,302830,35233,,,,127.381386155946,36.3538122082134,gov
MA010120220814259319,봉,,I2,음식,I211,주점,I21101,일반 유흥 주점,I56211,일반 유흥 주점업,30,대전광역시,30170,서구,30170640,둔산2동,3017011200,둔산동,3017011200113230000,1,대지,1323,,대전광역시 서구 둔산동 1323,301704298177,대전광역시 서구 대덕대로234번길,29,,3017011200113230000021320,,대전광역시 서구 대덕대로234번길 29,302830,35233,,3,,127.381386155946,36.3538122082134,gov
MA0101202510A0009559,몽크,,I2,음식,I201,한식,I20101,백반/한정식,I56111,한식 일반 음식점업,30,대전광역시,30170,서구,30170640,둔산2동,3017011200,둔산동,3017011200113230000,1,대지,1323,,대전광역시 서구 둔산동 1323,301704298177,대전광역시 서구 대덕대로234번길,29,,3017011200113230000021320,일부호둔산컴포텔,대전광역시 서구 대덕대로234번길 29,302830,35233,,2,,127.381386155946,36.3538122082134,gov
MA010120220811834717,을지김밥,,I2,음식,I210,기타 간이,I21007,김밥/만두/분식,I56194,김밥 및 기타 간이 음식점업,30,대전광역시,30170,서구,30170640,둔산2동,3017011200,둔산동,3017011200113230000,1,대지,1323,,대전광역시 서구 둔산동 1323,301704298177,대전광역시 서구 대덕대로234번길,29,,3017011200113230000021320,,대전광역시 서구 대덕대로234번길 29,302830,35233,,,,127.381386155946,36.3538122082134,gov
MA0101202512A0001570,을지골관절연구회,,M1,과학·기술,M105,광고,M10501,광고 대행업,M71310,광고 대행업,30,대전광역시,30170,서구,30170640,둔산2동,3017011200,둔산동,3017011200113220000,1,대지,1322,,대전광역시 서구 둔산동 1322,301704298179,대전광역시 서구 대덕대로242번길,30,,3017011200113220000018675,둔산을지빌딩,대전광역시 서구 대덕대로242번길 30,302830,35233,,,,127.381387298882,36.3540465099089,gov
MA010120220813348828,제이인테리어,,M1,과학·기술,M112,전문 디자인,M11201,인테리어 디자인업,F42412,"도배, 실내 장식 및 내장 목공사업",30,대전광역시,30170,서구,30170640,둔산2동,3017011200,둔산동,3017011200109360000,1,대지,936,,대전광역시 서구 둔산동 936,301703166051,대전광역시 서구 청사로,160,,3017011200109360000020188,태산시그마빌,대전광역시 서구 청사로 160,302828,35209,,,,127.381636551455,36.3594617696271,gov
MA010120220813025235,드숑,,I2,음식,I212,비알코올 ,I21201,카페,I56221,커피 전문점,30,대전광역시,30170,서구,30170640,둔산2동,3017011200,둔산동,3017011200109360000,1,대지,936,,대전광역시 서구 둔산동 936,301703166051,대전광역시 서구 청사로,160,,3017011200109360000020188,태산시그마빌,대전광역시 서구 청사로 160,302828,35209,,,,127.381636551455,36.3594617696271,gov
MA0101202309A0073687,지에스25대전,청사점,G2,소매,G204,종합 소매,G20405,편의점,G47122,체인화 편의점,30,대전광역시,30170,서구,30170640,둔산2동,3017011200,둔산동,3017011200109360000,1,대지,936,,대전광역시 서구 둔산동 936,301703166051,대전광역시 서구 청사로,160,,3017011200109360000020188,,대전광역시 서구 청사로 160,302828,35209,,,,127.381636551455,36.3594617696271,gov
MA010120220813258201,성경팜,,G2,소매,G215,의약·화장품 소매,G21503,화장품 소매업,G47813,"화장품, 비누 및 방향제 소매업",30,대전광역시,30170,서구,30170640,둔산2동,3017011200,둔산동,3017011200109360000,1,대지,936,,대전광역시 서구 둔산동 936,301703166051,대전광역시 서구 청사로,160,,3017011200109360000020188,,대전광역시 서구 청사로 160,302828,35209,,,,127.381636551455,36.3594617696271,gov
MA0101202301A0096656,뚱돼지주먹구이,,I2,음식,I201,한식,I20107,돼지고기 구이/찜,I56111,한식 일반 음식점업,30,대전광역시,30170,서구,30170640,둔산2동,3017011200,둔산동,3017011200109360000,1,대지,936,,대전광역시 서구 둔산동 936,301703166051,대전광역시 서구 청사로,160,,3017011200109360000020188,태산시그마빌,대전광역시 서구 청사로 160,302828,35209,,,,127.381636551455,36.3594617696271,gov
MA010120220806210366,굴마당막창,,I2,음식,I201,한식,I20109,곱창 전골/구이,I56113,한식 육류 요리 전문점,30,대전광역시,30170,서구,30170640,둔산2동,3017011200,둔산동,3017011200109360000,1,대지,936,,대전광역시 서구 둔산동 936,301703166051,대전광역시 서구 청사로,160,,3017011200109360000020188,시그마빌,대전광역시 서구 청사로 160,302828,35209,,,,127.381636551455,36.3594617696271,gov
MA010120220814357168,쫄면예찬1992,,I2,음식,I201,한식,I20105,국수/칼국수,I56112,한식 면 요리 전문점,30,대전광역시,30170,서구,30170640,둔산2동,3017011200,둔산동,3017011200109360000,1,대지,936,,대전광역시 서구 둔산동 936,301703166051,대전광역시 서구 청사로,160,,3017011200109360000020188,,대전광역시 서구 청사로 160,302828,35209,,,,127.381636551455,36.3594617696271,gov
MA010120220806901821,준인테리어,,M1,과학·기술,M112,전문 디자인,M11201,인테리어 디자인업,F42412,"도배, 실내 장식 및 내장 목공사업",30,대전광역시,30170,서구,30170640,둔산2동,3017011200,둔산동,3017011200109360000,1,대지,936,,대전광역시 서구 둔산동 936,301703166051,대전광역시 서구 청사로,160,,3017011200109360000020188,태산시그마빌,대전광역시 서구 청사로 160,302828,35209,,,,127.381636551455,36.3594617696271,gov
MA0101202211A0064925,여기는카페,,I2,음식,I212,비알코올 ,I21201,카페,I56221,커피 전문점,30,대전광역시,30170,서구,30170640,둔산2동,3017011200,둔산동,3017011200109360000,1,대지,936,,대전광역시 서구 둔산동 936,301703166051,대전광역시 서구 청사로,160,,3017011200109360000020188,태산시그마빌,대전광역시 서구 청사로 160,302828,35209,,,,127.381636551455,36.3594617696271,gov
MA010120220812343871,샌드데이,청사점,I2,음식,I210,기타 간이,I21003,피자,I56192,"피자, 햄버거, 샌드위치 및 유사 음식점업",30,대전광역시,30170,서구,30170640,둔산2동,3017011200,둔산동,3017011200109360000,1,대지,936,,대전광역시 서구 둔산동 936,301703166051,대전광역시 서구 청사로,160,,3017011200109360000020188,,대전광역시 서구 청사로 160,302828,35209,,,,127.381636551455,36.3594617696271,gov
MA0101202504A0011923,청사로160,,I2,음식,I201,한식,I20101,백반/한정식,I56111,한식 일반 음식점업,30,대전광역시,30170,서구,30170640,둔산2동,3017011200,둔산동,3017011200109360000,1,대지,936,,대전광역시 서구 둔산동 936,301703166051,대전광역시 서구 청사로,160,,3017011200109360000020188,,대전광역시 서구 청사로 160,302828,35209,,1,,127.381636551455,36.3594617696271,gov
MA0101202501A0075987,오기수법무사·행정사,,M1,과학·기술,M103,법무관련 ,M10303,법무사,M71103,법무사업,30,대전광역시,30170,서구,30170640,둔산2동,3017011200,둔산동,3017011200109360000,1,대지,936,,대전광역시 서구 둔산동 936,301703166051,대전광역시 서구 청사로,160,,3017011200109360000020188,태산시그마빌,대전광역시 서구 청사로 160,302828,35209,,,,127.381636551455,36.3594617696271,gov
MA0101202411A0181940,우주발사시스템설계감리연구소,,M1,과학·기술,M109,기술 서비스,M10999,기타 엔지니어링 서비스업,M72129,기타 엔지니어링 서비스업,30,대전광역시,30170,서구,30170640,둔산2동,3017011200,둔산동,3017011200109360000,1,대지,936,,대전광역시 서구 둔산동 936,301703166051,대전광역시 서구 청사로,160,,3017011200109360000020188,태산시그마빌,대전광역시 서구 청사로 160,302828,35209,,,,127.381636551455,36.3594617696271,gov
MA0101202308A0035759,서리내토종순대,,I2,음식,I201,한식,I20102,국/탕/찌개류,I56111,한식 일반 음식점업,30,대전광역시,30170,서구,30170640,둔산2동,3017011200,둔산동,3017011200113190000,1,대지,1319,,대전광역시 서구 둔산동 1319,301704298177,대전광역시 서구 대덕대로234번길,38,,3017011200113190000021352,,대전광역시 서구 대덕대로234번길 38,302830,35233,,1,,127.381684930326,36.3533967139926,gov
MA0101202212A0097213,세무법인택스토리,,M1,과학·기술,M104,회계·세무,M10402,세무사,M71202,세무사업,30,대전광역시,30170,서구,30170640,둔산2동,3017011200,둔산동,3017011200113190000,1,대지,1319,,대전광역시 서구 둔산동 1319,301704298177,대전광역시 서구 대덕대로234번길,38,,3017011200113190000021352,은성빌딩,대전광역시 서구 대덕대로234번길 38,302830,35233,,3,,127.381684930326,36.3533967139926,gov
MA010120220806234369,구자영세무회계사무소,,M1,과학·기술,M104,회계·세무,M10402,세무사,M71202,세무사업,30,대전광역시,30170,서구,30170640,둔산2동,3017011200,둔산동,3017011200113190000,1,대지,1319,,대전광역시 서구 둔산동 1319,301704298177,대전광역시 서구 대덕대로234번길,38,,3017011200113190000021352,,대전광역시 서구 대덕대로234번길 38,302830,35233,,5,,127.381695982948,36.3533786551983,gov
MA010120220800693745,짬뽕관,둔산점,I2,음식,I202,중식,I20201,중국집,I56121,중식 음식점업,30,대전광역시,30170,서구,30170640,둔산2동,3017011200,둔산동,3017011200113190000,1,대지,1319,,대전광역시 서구 둔산동 1319,301704298177,대전광역시 서구 대덕대로234번길,38,,3017011200113190000021352,,대전광역시 서구 대덕대로234번길 38,302830,35233,,1,,127.381695982948,36.3533786551983,gov
MA010120220806236084,도유산업,,G2,소매,G211,가구 소매,G21101,가구 소매업,G47520,가구 소매업,30,대전광역시,30170,서구,30170640,둔산2동,3017011200,둔산동,3017011200113190000,1,대지,1319,,대전광역시 서구 둔산동 1319,301704298177,대전광역시 서구 대덕대로234번길,38,,3017011200113190000021352,,대전광역시 서구 대덕대로234번길 38,302830,35233,,,,127.381695982948,36.3533786551983,gov
MA010120220810898928,케이티앤티,,M1,과학·기술,M107,본사·경영 컨설팅,M10703,경영 컨설팅업,M71531,경영 컨설팅업,30,대전광역시,30170,서구,30170640,둔산2동,3017011200,둔산동,3017011200113190000,1,대지,1319,,대전광역시 서구 둔산동 1319,301704298177,대전광역시 서구 대덕대로234번길,38,,3017011200113190000021352,은성빌딩,대전광역시 서구 대덕대로234번길 38,302830,35233,,3,,127.381695982948,36.3533786551983,gov
MA010120220806200933,그린국제특허법률사무소,,M1,과학·기술,M103,법무관련 ,M10302,변리사,M71102,변리사업,30,대전광역시,30170,서구,30170630,둔산1동,3017011200,둔산동,3017011200109490000,1,대지,949,,대전광역시 서구 둔산동 949,301702010004,대전광역시 서구 한밭대로,745,,3017011200109490000019482,제,대전광역시 서구 한밭대로 745,302868,35209,,12,,127.381809092951,36.3582896926701,gov
MA010120220811829890,맑은눈안과의원,,Q1,보건의료,Q102,의원,Q10205,안과 의원,Q86201,일반의원,30,대전광역시,30170,서구,30170630,둔산1동,3017011200,둔산동,3017011200109490000,1,대지,949,,대전광역시 서구 둔산동 949,301702010004,대전광역시 서구 한밭대로,745,,3017011200109490000019482,둔산동,대전광역시 서구 한밭대로 745,302868,35209,,2,,127.381809092951,36.3582896926701,gov
MA0101202406A0548292,케이씨유엔피엘대부,,M1,과학·기술,M107,본사·경영 컨설팅,M10703,경영 컨설팅업,M71531,경영 컨설팅업,30,대전광역시,30170,서구,30170640,둔산2동,3017011200,둔산동,3017011200109490000,1,대지,949,,대전광역시 서구 둔산동 949,301702010004,대전광역시 서구 한밭대로,745,,3017011200109490000019482,신용협동조합중앙회,대전광역시 서구 한밭대로 745,302868,35209,,14,,127.381809092951,36.3582896926701,gov
MA0101202310A0022359,세븐둔산을지병원점,코리아,G2,소매,G204,종합 소매,G20405,편의점,G47122,체인화 편의점,30,대전광역시,30170,서구,30170640,둔산2동,3017011200,둔산동,3017011200113060000,1,대지,1306,,대전광역시 서구 둔산동 1306,301703166021,대전광역시 서구 둔산서로,95,,3017011200113060000020368,을지대학병원,대전광역시 서구 둔산서로 95,302799,35233,,1,,127.381983876087,36.3552972365294,gov
MA010120220805813922,학교법인을지학원대전을지대학교병원,,Q1,보건의료,Q101,병원,Q10101,종합병원,Q86101,종합병원,30,대전광역시,30170,서구,30170640,둔산2동,3017011200,둔산동,3017011200113060000,1,대지,1306,,대전광역시 서구 둔산동 1306,301703166021,대전광역시 서구 둔산서로,95,,3017011200113060000020368,,대전광역시 서구 둔산서로 95,302799,35233,,,,127.381983876087,36.3552972365294,gov
MA010120220806205686,을지의료기,,G2,소매,G215,의약·화장품 소매,G21502,의료기기 소매업,G47812,의료용 기구 소매업,30,대전광역시,30170,서구,30170640,둔산2동,3017011200,둔산동,3017011200113060000,1,대지,1306,,대전광역시 서구 둔산동 1306,301703166021,대전광역시 서구 둔산서로,95,,3017011200113060000020368,을지대학병원,대전광역시 서구 둔산서로 95,302799,35233,,1,,127.381983876087,36.3552972365294,gov
MA010120220808776831,뚜레쥬르대전을지대,병원점,I2,음식,I210,기타 간이,I21001,빵/도넛,I56191,제과점업,30,대전광역시,30170,서구,30170640,둔산2동,3017011200,둔산동,3017011200113060000,1,대지,1306,,대전광역시 서구 둔산동 1306,301703166021,대전광역시 서구 둔산서로,95,,3017011200113060000020368,을지대학교병원,대전광역시 서구 둔산서로 95,302799,35233,,1,,127.381983876087,36.3552972365294,gov
MA010120220804966476,파운드커피대전을지대학교,병원점,I2,음식,I212,비알코올 ,I21201,카페,I56221,커피 전문점,30,대전광역시,30170,서구,30170640,둔산2동,3017011200,둔산동,3017011200113060000,1,대지,1306,,대전광역시 서구 둔산동 1306,301703166021,대전광역시 서구 둔산서로,95,,3017011200113060000020368,을지대학병원,대전광역시 서구 둔산서로 95,302799,35233,,1,,127.381983876087,36.3552972365294,gov
MA010120220806195996,을지식당가,,I2,음식,I201,한식,I20101,백반/한정식,I56111,한식 일반 음식점업,30,대전광역시,30170,서구,30170640,둔산2동,3017011200,둔산동,3017011200113060000,1,대지,1306,,대전광역시 서구 둔산동 1306,301703166021,대전광역시 서구 둔산서로,95,,3017011200113060000020368,,대전광역시 서구 둔산서로 95,302799,35233,,1,,127.381983876087,36.3552972365294,gov
MA010120220806249628,대전을지대학교병원장례식장,,G2,소매,G204,종합 소매,G20405,편의점,G47122,체인화 편의점,30,대전광역시,30170,서구,30170640,둔산2동,3017011200,둔산동,3017011200113060000,1,대지,1306,,대전광역시 서구 둔산동 1306,301703166021,대전광역시 서구 둔산서로,95,,3017011200113060000020368,,대전광역시 서구 둔산서로 95,302799,35233,,,,127.381983876087,36.3552972365294,gov
MA010120220811571641,을지미용실,,S2,수리·개인,S207,이용·미용,S20701,미용실,S96112,두발 미용업,30,대전광역시,30170,서구,30170640,둔산2동,3017011200,둔산동,3017011200113060000,1,대지,1306,,대전광역시 서구 둔산동 1306,301703166021,대전광역시 서구 둔산서로,95,,3017011200113060000020368,,대전광역시 서구 둔산서로 95,302799,35233,,,,127.381983876087,36.3552972365294,gov
MA0101202502A0011677,세븐일레븐둔산을지,병원점,G2,소매,G204,종합 소매,G20405,편의점,G46103,"섬유, 의복, 신발 및 가죽제품 중개업",30,대전광역시,30170,서구,30170640,둔산2동,3017011200,둔산동,3017011200113060000,1,대지,1306,,대전광역시 서구 둔산동 1306,301703166021,대전광역시 서구 둔산서로,95,,3017011200113060000020368,을지대학병원,대전광역시 서구 둔산서로 95,302799,35233,,1,,127.381983876087,36.3552972365294,gov
MA010120220806250494,대한정형외과학회대전충청지회,,N1,시설관리·임대,N108,기타 사업 서비스,N10802,전시/컨벤션/행사 대행 서비스업,N75992,"전시, 컨벤션 및 행사 대행업",30,대전광역시,30170,서구,30170640,둔산2동,3017011200,둔산동,3017011200113060000,1,대지,1306,,대전광역시 서구 둔산동 1306,301703166021,대전광역시 서구 둔산서로,95,,3017011200113060000020368,을지대학병원,대전광역시 서구 둔산서로 95,302799,35233,,1,,127.381983876087,36.3552972365294,gov
MA0101202410A0479396,을지대학병원꽃집,,G2,소매,G219,식물 소매,G21901,꽃집,G47851,화초 및 식물 소매업,30,대전광역시,30170,서구,30170640,둔산2동,3017011200,둔산동,3017011200113060000,1,대지,1306,,대전광역시 서구 둔산동 1306,301703166021,대전광역시 서구 둔산서로,95,,3017011200113060000020368,,대전광역시 서구 둔산서로 95,302799,35233,,,,127.381983876087,36.3552972365294,gov
MA010120220810202350,든든푸드서비스,,I2,음식,I207,구내식당·뷔페,I20701,구내식당,I56130,기관 구내식당업,30,대전광역시,30170,서구,30170630,둔산1동,3017011200,둔산동,3017011200109350000,1,대지,935,,대전광역시 서구 둔산동 935,301703166051,대전광역시 서구 청사로,166,,3017011200109350000019948,대전지방식품의약품안전청,대전광역시 서구 청사로 166,302121,35209,,,,127.382149279517,36.3595051895422,gov
MA010120220803923581,둔산을지약국,,G2,소매,G215,의약·화장품 소매,G21501,약국,G47811,의약품 및 의료용품 소매업,30,대전광역시,30170,서구,30170640,둔산2동,3017011200,둔산동,3017011200113070000,1,대지,1307,,대전광역시 서구 둔산동 1307,301704298179,대전광역시 서구 대덕대로242번길,48,,3017011200113070000022229,,대전광역시 서구 대덕대로242번길 48,302830,35233,,1,,127.382245441329,36.3541068500607,gov
MA0101202310A0037222,울릉산림직거래사업단,,G2,소매,G205,식료품 소매,G20508,건강보조식품 소매업,G47217,건강 보조식품 소매업,30,대전광역시,30170,서구,30170640,둔산2동,3017011200,둔산동,3017011200113070000,1,대지,1307,,대전광역시 서구 둔산동 1307,301704298179,대전광역시 서구 대덕대로242번길,48,,3017011200113070000022229,,대전광역시 서구 대덕대로242번길 48,302830,35233,,5,,127.382245441329,36.3541068500607,gov
MA010120220804766420,을지나은약국,,G2,소매,G215,의약·화장품 소매,G21501,약국,G47811,의약품 및 의료용품 소매업,30,대전광역시,30170,서구,30170640,둔산2동,3017011200,둔산동,3017011200113070000,1,대지,1307,,대전광역시 서구 둔산동 1307,301704298179,대전광역시 서구 대덕대로242번길,48,,3017011200113070000022229,,대전광역시 서구 대덕대로242번길 48,302830,35233,,1,,127.382245441329,36.3541068500607,gov
MA0101202512A0005856,맥스AG,,M1,과학·기술,M115,기타 전문 과학,M11504,사업/무형 재산권 중개업,M73903,사업 및 무형 재산권 중개업,30,대전광역시,30170,서구,30170640,둔산2동,3017011200,둔산동,3017011200113070000,1,대지,1307,,대전광역시 서구 둔산동 1307,301704298179,대전광역시 서구 대덕대로242번길,48,,3017011200113070000022229,,대전광역시 서구 대덕대로242번길 48,302830,35233,,4,,127.382245441329,36.3541068500607,gov
MA0101202502A0068800,을지온누리약국,,G2,소매,G215,의약·화장품 소매,G21501,약국,G47811,의약품 및 의료용품 소매업,30,대전광역시,30170,서구,30170640,둔산2동,3017011200,둔산동,3017011200113070000,1,대지,1307,,대전광역시 서구 둔산동 1307,301704298179,대전광역시 서구 대덕대로242번길,48,,3017011200113070000022229,유니온빌딩,대전광역시 서구 대덕대로242번길 48,302830,35233,,1,,127.382245441329,36.3541068500607,gov
MA0101202410A1038490,마인드병원,,Q1,보건의료,Q101,병원,Q10102,일반병원,Q86102,일반병원,30,대전광역시,30170,서구,30170640,둔산2동,3017011200,둔산동,3017011200113070000,1,대지,1307,,대전광역시 서구 둔산동 1307,301704298179,대전광역시 서구 대덕대로242번길,48,,3017011200113070000022229,유니온빌딩,대전광역시 서구 대덕대로242번길 48,302830,35233,,,,127.382245441329,36.3541068500607,gov
MA0101202409A0226327,소리,,I2,음식,I203,일식,I20301,일식 회/초밥,I56122,일식 음식점업,30,대전광역시,30170,서구,30170640,둔산2동,3017011200,둔산동,3017011200113090000,1,대지,1309,,대전광역시 서구 둔산동 1309,301704298177,대전광역시 서구 대덕대로234번길,46,,3017011200113090000021350,,대전광역시 서구 대덕대로234번길 46,302830,35233,,1,,127.382252704868,36.3533137933499,gov
MA0101202307A0089758,이로세무회계,,M1,과학·기술,M104,회계·세무,M10402,세무사,M71202,세무사업,30,대전광역시,30170,서구,30170640,둔산2동,3017011200,둔산동,3017011200113090000,1,대지,1309,,대전광역시 서구 둔산동 1309,301704298177,대전광역시 서구 대덕대로234번길,46,,3017011200113090000021350,빌딩,대전광역시 서구 대덕대로234번길 46,302830,35233,,3,,127.382252704868,36.3533137933499,gov
MA010120220806191641,이명식세무회계사무소,,M1,과학·기술,M104,회계·세무,M10402,세무사,M71202,세무사업,30,대전광역시,30170,서구,30170640,둔산2동,3017011200,둔산동,3017011200113090000,1,대지,1309,,대전광역시 서구 둔산동 1309,301704298177,대전광역시 서구 대덕대로234번길,46,,3017011200113090000021350,,대전광역시 서구 대덕대로234번길 46,302830,35233,,5,,127.382252704868,36.3533137933499,gov
MA010120220814182812,태림청사진,,N1,시설관리·임대,N107,사무 지원,N10703,복사업,N75912,복사업,30,대전광역시,30170,서구,30170640,둔산2동,3017011200,둔산동,3017011200113090000,1,대지,1309,,대전광역시 서구 둔산동 1309,301704298177,대전광역시 서구 대덕대로234번길,46,,3017011200113090000021350,,대전광역시 서구 대덕대로234번길 46,302830,35233,,,,127.382252704868,36.3533137933499,gov
MA010120220802288433,파이메이커스,,M1,과학·기술,M105,광고,M10501,광고 대행업,M71310,광고 대행업,30,대전광역시,30170,서구,30170640,둔산2동,3017011200,둔산동,3017011200113090000,1,대지,1309,,대전광역시 서구 둔산동 1309,301704298177,대전광역시 서구 대덕대로234번길,46,,3017011200113090000021350,,대전광역시 서구 대덕대로234번길 46,302830,35233,,4,,127.382252704868,36.3533137933499,gov
MA010120220803136423,코너스톤,,M1,과학·기술,M107,본사·경영 컨설팅,M10703,경영 컨설팅업,M71531,경영 컨설팅업,30,대전광역시,30170,서구,30170640,둔산2동,3017011200,둔산동,3017011200113090000,1,대지,1309,,대전광역시 서구 둔산동 1309,301704298177,대전광역시 서구 대덕대로234번길,46,,3017011200113090000021350,,대전광역시 서구 대덕대로234번길 46,302830,35233,,3,,127.382252704868,36.3533137933499,gov
MA010120220806244945,구성건축사사무소,,M1,과학·기술,M109,기술 서비스,M10901,건축 설계 및 관련 서비스업,M72111,건축 설계 및 관련 서비스업,30,대전광역시,30170,서구,30170640,둔산2동,3017011200,둔산동,3017011200113090000,1,대지,1309,,대전광역시 서구 둔산동 1309,301704298177,대전광역시 서구 대덕대로234번길,46,,3017011200113090000021350,,대전광역시 서구 대덕대로234번길 46,302830,35233,,3,,127.382252704868,36.3533137933499,gov
MA0101202508A0004485,한화공인노무사사무소,,M1,과학·기술,M103,법무관련 ,M10307,공인노무사,M71109,기타 법무관련 서비스업,30,대전광역시,30170,서구,30170640,둔산2동,3017011200,둔산동,3017011200113090000,1,대지,1309,,대전광역시 서구 둔산동 1309,301704298177,대전광역시 서구 대덕대로234번길,46,,3017011200113090000021350,북측,대전광역시 서구 대덕대로234번길 46,302830,35233,,6,,127.382252704868,36.3533137933499,gov
MA0101202504A0082268,불타는반점,,I2,음식,I202,중식,I20201,중국집,I56121,중식 음식점업,30,대전광역시,30170,서구,30170640,둔산2동,3017011200,둔산동,3017011200113090000,1,대지,1309,,대전광역시 서구 둔산동 1309,301704298177,대전광역시 서구 대덕대로234번길,46,,3017011200113090000021350,,대전광역시 서구 대덕대로234번길 46,302830,35233,,1,,127.382252704868,36.3533137933499,gov
MA0101202501A0015346,세무회계태범,,M1,과학·기술,M104,회계·세무,M10402,세무사,M71202,세무사업,30,대전광역시,30170,서구,30170640,둔산2동,3017011200,둔산동,3017011200113090000,1,대지,1309,,대전광역시 서구 둔산동 1309,301704298177,대전광역시 서구 대덕대로234번길,46,,3017011200113090000021350,빌딩,대전광역시 서구 대덕대로234번길 46,302830,35233,,5,,127.382252704868,36.3533137933499,gov
MA010120220806742501,예스세무회계사무소,,M1,과학·기술,M104,회계·세무,M10402,세무사,M71202,세무사업,30,대전광역시,30170,서구,30170640,둔산2동,3017011200,둔산동,3017011200113090000,1,대지,1309,,대전광역시 서구 둔산동 1309,301704298177,대전광역시 서구 대덕대로234번길,46,,3017011200113090000021350,,대전광역시 서구 대덕대로234번길 46,302830,35233,,3,,127.382252704868,36.3533137933499,gov
MA010120220809987512,세무법인경원,,M1,과학·기술,M104,회계·세무,M10402,세무사,M71202,세무사업,30,대전광역시,30170,서구,30170640,둔산2동,3017011200,둔산동,3017011200113080000,1,대지,1308,,대전광역시 서구 둔산동 1308,301704298177,대전광역시 서구 대덕대로234번길,45,,3017011200113080000022281,하이베라스,대전광역시 서구 대덕대로234번길 45,302830,35233,,,,127.382255172141,36.3538184431352,gov
MA010120220806199287,박종용세무회계사무소,,M1,과학·기술,M104,회계·세무,M10402,세무사,M71202,세무사업,30,대전광역시,30170,서구,30170640,둔산2동,3017011200,둔산동,3017011200113080000,1,대지,1308,,대전광역시 서구 둔산동 1308,301704298177,대전광역시 서구 대덕대로234번길,45,,3017011200113080000022281,하이베라스빌딩,대전광역시 서구 대덕대로234번길 45,302830,35233,,,,127.382255172141,36.3538184431352,gov
MA010120220807771467,읍천리382대전,둔산점,I2,음식,I212,비알코올 ,I21201,카페,I56221,커피 전문점,30,대전광역시,30170,서구,30170640,둔산2동,3017011200,둔산동,3017011200113080000,1,대지,1308,,대전광역시 서구 둔산동 1308,301704298177,대전광역시 서구 대덕대로234번길,45,,3017011200113080000022281,,대전광역시 서구 대덕대로234번길 45,302830,35233,,1,,127.382255172141,36.3538184431352,gov
MA0101202406A0124214,을지다사랑약국,,G2,소매,G215,의약·화장품 소매,G21501,약국,G47811,의약품 및 의료용품 소매업,30,대전광역시,30170,서구,30170640,둔산2동,3017011200,둔산동,3017011200113080000,1,대지,1308,,대전광역시 서구 둔산동 1308,301704298177,대전광역시 서구 대덕대로234번길,45,,3017011200113080000022281,하이베라스,대전광역시 서구 대덕대로234번길 45,302830,35233,,1,,127.382255172141,36.3538184431352,gov
MA0101202309A0083010,감노래연습장,,R1,예술·스포츠,R104,유원지·오락,R10407,노래방,R91223,노래 연습장 운영업,30,대전광역시,30170,서구,30170640,둔산2동,3017011200,둔산동,3017011200113080000,1,대지,1308,,대전광역시 서구 둔산동 1308,301704298177,대전광역시 서구 대덕대로234번길,45,,3017011200113080000022281,하이베라스,대전광역시 서구 대덕대로234번길 45,302830,35233,,,,127.382255172141,36.3538184431352,gov
MA010120220806200727,삼우공인노무사사무소,,M1,과학·기술,M103,법무관련 ,M10306,행정사,M71109,기타 법무관련 서비스업,30,대전광역시,30170,서구,30170640,둔산2동,3017011200,둔산동,3017011200113080000,1,대지,1308,,대전광역시 서구 둔산동 1308,301704298177,대전광역시 서구 대덕대로234번길,45,,3017011200113080000022281,하이베라스,대전광역시 서구 대덕대로234번길 45,302830,35233,,6,,127.382255172141,36.3538184431352,gov
MA010120220806456385,로열택스이현지세무사무소,,M1,과학·기술,M104,회계·세무,M10402,세무사,M71202,세무사업,30,대전광역시,30170,서구,30170640,둔산2동,3017011200,둔산동,3017011200113080000,1,대지,1308,,대전광역시 서구 둔산동 1308,301704298177,대전광역시 서구 대덕대로234번길,45,,3017011200113080000022281,하이베라스,대전광역시 서구 대덕대로234번길 45,302830,35233,,,,127.382255172141,36.3538184431352,gov
MA010120220806198479,정순희세무회계사무소,,M1,과학·기술,M104,회계·세무,M10402,세무사,M71202,세무사업,30,대전광역시,30170,서구,30170640,둔산2동,3017011200,둔산동,3017011200113080000,1,대지,1308,,대전광역시 서구 둔산동 1308,301704298177,대전광역시 서구 대덕대로234번길,45,,3017011200113080000022281,하이베라스빌딩,대전광역시 서구 대덕대로234번길 45,302830,35233,,,,127.382255172141,36.3538184431352,gov
MA010120220812056098,저스티스,,M1,과학·기술,M103,법무관련 ,M10307,공인노무사,M71109,기타 법무관련 서비스업,30,대전광역시,30170,서구,30170640,둔산2동,3017011200,둔산동,3017011200113080000,1,대지,1308,,대전광역시 서구 둔산동 1308,301704298177,대전광역시 서구 대덕대로234번길,45,,3017011200113080000022281,하이베라스,대전광역시 서구 대덕대로234번길 45,302830,35233,,,,127.382255172141,36.3538184431352,gov
MA010120220803549754,감노래연습장,,R1,예술·스포츠,R104,유원지·오락,R10407,노래방,R91223,노래 연습장 운영업,30,대전광역시,30170,서구,30170640,둔산2동,3017011200,둔산동,3017011200113080000,1,대지,1308,,대전광역시 서구 둔산동 1308,301704298177,대전광역시 서구 대덕대로234번길,45,,3017011200113080000022281,하이베라스,대전광역시 서구 대덕대로234번길 45,302830,35233,,5,,127.382255172141,36.3538184431352,gov
MA010120220802648120,감,,R1,예술·스포츠,R104,유원지·오락,R10407,노래방,R91223,노래 연습장 운영업,30,대전광역시,30170,서구,30170640,둔산2동,3017011200,둔산동,3017011200113080000,1,대지,1308,,대전광역시 서구 둔산동 1308,301704298177,대전광역시 서구 대덕대로234번길,45,,3017011200113080000022281,하이베라스,대전광역시 서구 대덕대로234번길 45,302830,35233,,5,,127.382255172141,36.3538184431352,gov
MA010120220806211461,덕원세무회계사무소,,M1,과학·기술,M104,회계·세무,M10402,세무사,M71202,세무사업,30,대전광역시,30170,서구,30170640,둔산2동,3017011200,둔산동,3017011200113080000,1,대지,1308,,대전광역시 서구 둔산동 1308,301704298177,대전광역시 서구 대덕대로234번길,45,,3017011200113080000022281,하이베라스,대전광역시 서구 대덕대로234번길 45,302830,35233,,,,127.382255172141,36.3538184431352,gov
MA0101202308A0103859,궁,,I2,음식,I211,주점,I21104,요리 주점,I56219,기타 주점업,30,대전광역시,30170,서구,30170640,둔산2동,3017011200,둔산동,3017011200113080000,1,대지,1308,,대전광역시 서구 둔산동 1308,301704298177,대전광역시 서구 대덕대로234번길,45,,3017011200113080000022281,,대전광역시 서구 대덕대로234번길 45,302830,35233,,5,,127.382255172141,36.3538184431352,gov
MA0101202306A0099781,로열택스이태훈세무사,,M1,과학·기술,M104,회계·세무,M10402,세무사,M71202,세무사업,30,대전광역시,30170,서구,30170640,둔산2동,3017011200,둔산동,3017011200113080000,1,대지,1308,,대전광역시 서구 둔산동 1308,301704298177,대전광역시 서구 대덕대로234번길,45,,3017011200113080000022281,하이베라스,대전광역시 서구 대덕대로234번길 45,302830,35233,,,,127.382255172141,36.3538184431352,gov
MA010120220806188153,남한산성,,I2,음식,I201,한식,I20101,백반/한정식,I56111,한식 일반 음식점업,30,대전광역시,30170,서구,30170640,둔산2동,3017011200,둔산동,3017011200113080000,1,대지,1308,,대전광역시 서구 둔산동 1308,301704298177,대전광역시 서구 대덕대로234번길,45,,3017011200113080000022281,,대전광역시 서구 대덕대로234번길 45,302830,35233,,2,,127.382255172141,36.3538184431352,gov
MA010120220807088490,궁,,I2,음식,I211,주점,I21104,요리 주점,I56219,기타 주점업,30,대전광역시,30170,서구,30170640,둔산2동,3017011200,둔산동,3017011200113080000,1,대지,1308,,대전광역시 서구 둔산동 1308,301704298177,대전광역시 서구 대덕대로234번길,45,,3017011200113080000022281,하이베라스,대전광역시 서구 대덕대로234번길 45,302830,35233,,5,,127.382255172141,36.3538184431352,gov
MA0101202303A0118753,부산면관,,I2,음식,I201,한식,I20106,냉면/밀면,I56111,한식 일반 음식점업,30,대전광역시,30170,서구,30170640,둔산2동,3017011200,둔산동,3017011200113080000,1,대지,1308,,대전광역시 서구 둔산동 1308,301704298177,대전광역시 서구 대덕대로234번길,45,,3017011200113080000022281,하이베라스,대전광역시 서구 대덕대로234번길 45,302830,35233,,1,,127.382255172141,36.3538184431352,gov
MA010120220806178833,홍연대세무회계사무소,,M1,과학·기술,M104,회계·세무,M10402,세무사,M71202,세무사업,30,대전광역시,30170,서구,30170640,둔산2동,3017011200,둔산동,3017011200113080000,1,대지,1308,,대전광역시 서구 둔산동 1308,301704298177,대전광역시 서구 대덕대로234번길,45,,3017011200113080000022281,하이베라스,대전광역시 서구 대덕대로234번길 45,302830,35233,,,,127.382255172141,36.3538184431352,gov
MA010120220806251560,세무법인중원둔산제2분사무소,,M1,과학·기술,M104,회계·세무,M10402,세무사,M71202,세무사업,30,대전광역시,30170,서구,30170640,둔산2동,3017011200,둔산동,3017011200113080000,1,대지,1308,,대전광역시 서구 둔산동 1308,301704298177,대전광역시 서구 대덕대로234번길,45,,3017011200113080000022281,하이베라스,대전광역시 서구 대덕대로234번길 45,302830,35233,,,,127.382255172141,36.3538184431352,gov
MA010120220812924403,소문난우리집,,I2,음식,I201,한식,I20107,돼지고기 구이/찜,I56113,한식 육류 요리 전문점,30,대전광역시,30170,서구,30170640,둔산2동,3017011200,둔산동,3017011200113080000,1,대지,1308,,대전광역시 서구 둔산동 1308,301704298177,대전광역시 서구 대덕대로234번길,45,,3017011200113080000022281,,대전광역시 서구 대덕대로234번길 45,302830,35233,,,,127.382255172141,36.3538184431352,gov
MA010120220806202997,김낙범세무회계사무소,,M1,과학·기술,M104,회계·세무,M10402,세무사,M71202,세무사업,30,대전광역시,30170,서구,30170640,둔산2동,3017011200,둔산동,3017011200113080000,1,대지,1308,,대전광역시 서구 둔산동 1308,301704298177,대전광역시 서구 대덕대로234번길,45,,3017011200113080000022281,하이베라스빌딩,대전광역시 서구 대덕대로234번길 45,302830,35233,,,,127.382255172141,36.3538184431352,gov
MA010120220806251601,한강세무법인,,M1,과학·기술,M104,회계·세무,M10402,세무사,M71202,세무사업,30,대전광역시,30170,서구,30170640,둔산2동,3017011200,둔산동,3017011200113080000,1,대지,1308,,대전광역시 서구 둔산동 1308,301704298177,대전광역시 서구 대덕대로234번길,45,,3017011200113080000022281,하이베라스,대전광역시 서구 대덕대로234번길 45,302830,35233,,,,127.382255172141,36.3538184431352,gov
MA010120220806194188,나기호세무회계사무소,,M1,과학·기술,M104,회계·세무,M10402,세무사,M71202,세무사업,30,대전광역시,30170,서구,30170640,둔산2동,3017011200,둔산동,3017011200113080000,1,대지,1308,,대전광역시 서구 둔산동 1308,301704298177,대전광역시 서구 대덕대로234번길,45,,3017011200113080000022281,하이베라스,대전광역시 서구 대덕대로234번길 45,302830,35233,,3,,127.382255172141,36.3538184431352,gov
MA010120220811728116,센트럴택스세무회계사무소,,M1,과학·기술,M104,회계·세무,M10402,세무사,M71202,세무사업,30,대전광역시,30170,서구,30170640,둔산2동,3017011200,둔산동,3017011200113080000,1,대지,1308,,대전광역시 서구 둔산동 1308,301704298177,대전광역시 서구 대덕대로234번길,45,,3017011200113080000022281,하이베라스,대전광역시 서구 대덕대로234번길 45,302830,35233,,2,,127.382255172141,36.3538184431352,gov
MA010120220806254410,세무법인이정,,M1,과학·기술,M104,회계·세무,M10402,세무사,M71202,세무사업,30,대전광역시,30170,서구,30170640,둔산2동,3017011200,둔산동,3017011200113080000,1,대지,1308,,대전광역시 서구 둔산동 1308,301704298177,대전광역시 서구 대덕대로234번길,45,,3017011200113080000022281,하이베라스,대전광역시 서구 대덕대로234번길 45,302830,35233,,,,127.382255172141,36.3538184431352,gov
MA010120220810418313,줄리아유통,,G2,소매,G215,의약·화장품 소매,G21503,화장품 소매업,G47813,"화장품, 비누 및 방향제 소매업",30,대전광역시,30170,서구,30170640,둔산2동,3017011200,둔산동,3017011200113080000,1,대지,1308,,대전광역시 서구 둔산동 1308,301704298177,대전광역시 서구 대덕대로234번길,45,,3017011200113080000022281,하이베라스,대전광역시 서구 대덕대로234번길 45,302830,35233,,,,127.382255172141,36.3538184431352,gov
MA010120220806197898,김용관세무회계사무소,,M1,과학·기술,M104,회계·세무,M10402,세무사,M71202,세무사업,30,대전광역시,30170,서구,30170640,둔산2동,3017011200,둔산동,3017011200113080000,1,대지,1308,,대전광역시 서구 둔산동 1308,301704298177,대전광역시 서구 대덕대로234번길,45,,3017011200113080000022281,하이베라스빌딩,대전광역시 서구 대덕대로234번길 45,302830,35233,,,,127.382255172141,36.3538184431352,gov
MA010120220806251120,한강세무법인,,M1,과학·기술,M104,회계·세무,M10402,세무사,M71202,세무사업,30,대전광역시,30170,서구,30170640,둔산2동,3017011200,둔산동,3017011200113080000,1,대지,1308,,대전광역시 서구 둔산동 1308,301704298177,대전광역시 서구 대덕대로234번길,45,,3017011200113080000022281,하이베라스빌딩,대전광역시 서구 대덕대로234번길 45,302830,35233,,,,127.382255172141,36.3538184431352,gov
MA010120220806175545,이정규，이진성세무사무소,,M1,과학·기술,M104,회계·세무,M10402,세무사,M71202,세무사업,30,대전광역시,30170,서구,30170640,둔산2동,3017011200,둔산동,3017011200113080000,1,대지,1308,,대전광역시 서구 둔산동 1308,301704298177,대전광역시 서구 대덕대로234번길,45,,3017011200113080000022281,하이베라스,대전광역시 서구 대덕대로234번길 45,302830,35233,,5,,127.382255172141,36.3538184431352,gov
MA0101202507A0034579,로열택스조동원세무사,,M1,과학·기술,M104,회계·세무,M10402,세무사,M71202,세무사업,30,대전광역시,30170,서구,30170640,둔산2동,3017011200,둔산동,3017011200113080000,1,대지,1308,,대전광역시 서구 둔산동 1308,301704298177,대전광역시 서구 대덕대로234번길,45,,3017011200113080000022281,내,대전광역시 서구 대덕대로234번길 45,302830,35233,,2,,127.382255172141,36.3538184431352,gov
MA010120220806232451,시골순대국밥,,I2,음식,I201,한식,I20101,백반/한정식,I56111,한식 일반 음식점업,30,대전광역시,30170,서구,30170640,둔산2동,3017011200,둔산동,3017011200113080000,1,대지,1308,,대전광역시 서구 둔산동 1308,301704298177,대전광역시 서구 대덕대로234번길,45,,3017011200113080000022281,하이베라스,대전광역시 서구 대덕대로234번길 45,302830,35233,,,,127.382255172141,36.3538184431352,gov
MA010120220806193481,을지실로암약국,,G2,소매,G215,의약·화장품 소매,G21501,약국,G47811,의약품 및 의료용품 소매업,30,대전광역시,30170,서구,30170640,둔산2동,3017011200,둔산동,3017011200113080000,1,대지,1308,,대전광역시 서구 둔산동 1308,301704298177,대전광역시 서구 대덕대로234번길,45,,3017011200113080000022281,하이베라스,대전광역시 서구 대덕대로234번길 45,302830,35233,,1,,127.382255172141,36.3538184431352,gov
MA010120220806222011,아름다운컨디셔닝,,S2,수리·개인,S208,욕탕·신체관리,S20802,마사지/안마,S96122,마사지업,30,대전광역시,30170,서구,30170640,둔산2동,3017011200,둔산동,3017011200113080000,1,대지,1308,,대전광역시 서구 둔산동 1308,301704298177,대전광역시 서구 대덕대로234번길,45,,3017011200113080000022281,하이베라스빌딩,대전광역시 서구 대덕대로234번길 45,302830,35233,,,,127.382255172141,36.3538184431352,gov
MA0101202503A0040466,로열택스라운지,,M1,과학·기술,M107,본사·경영 컨설팅,M10703,경영 컨설팅업,M71531,경영 컨설팅업,30,대전광역시,30170,서구,30170640,둔산2동,3017011200,둔산동,3017011200113080000,1,대지,1308,,대전광역시 서구 둔산동 1308,301704298177,대전광역시 서구 대덕대로234번길,45,,3017011200113080000022281,하이베라스,대전광역시 서구 대덕대로234번길 45,302830,35233,,2,,127.382255172141,36.3538184431352,gov
MA010120220812794641,스팀파워,둔산점,S2,수리·개인,S203,자동차 수리·세차,S20302,자동차 세차장,S95213,자동차 세차업,30,대전광역시,30170,서구,30170630,둔산1동,3017011200,둔산동,3017011200109480000,1,대지,948,,대전광역시 서구 둔산동 948,301702010004,대전광역시 서구 한밭대로,755,,3017011200109480000000001,둔산빌딩,대전광역시 서구 한밭대로 755,302121,35209,,,,127.382510421991,36.358170296988,gov
MA0101202409A0060024,법무법인감동으로분사무소,,M1,과학·기술,M103,법무관련 ,M10301,변호사,M71101,변호사업,30,대전광역시,30170,서구,30170640,둔산2동,3017011200,둔산동,3017011200109480000,1,대지,948,,대전광역시 서구 둔산동 948,301702010004,대전광역시 서구 한밭대로,755,,3017011200109480000000001,삼성생명빌딩,대전광역시 서구 한밭대로 755,302828,35209,,15,,127.382510421991,36.358170296988,gov
MA0106202301A2415827,스타벅스,대전정부청사역,I2,음식,I212,비알코올 ,I21201,카페,I56221,커피 전문점,30,대전광역시,30170,서구,30170640,둔산2동,3017011200,둔산동,3017011200109480000,1,대지,948,,대전광역시 서구 둔산동 948,301702010004,대전광역시 서구 한밭대로,755,,3017011200109480000000001,,대전광역시 서구 한밭대로 755,302828,35209,,,,127.382510421991,36.358170296988,gov
MA010120220805057011,법무법인마중대전분사무소,,M1,과학·기술,M103,법무관련 ,M10301,변호사,M71101,변호사업,30,대전광역시,30170,서구,30170630,둔산1동,3017011200,둔산동,3017011200109480000,1,대지,948,,대전광역시 서구 둔산동 948,301702010004,대전광역시 서구 한밭대로,755,,3017011200109480000000001,일부,대전광역시 서구 한밭대로 755,302121,35209,,15,,127.382510421991,36.358170296988,gov
MA010120220806251123,캡스텍,서부지점,N1,시설관리·임대,N104,고용 알선,N10403,상용 인력 공급 및 인사관리 서비스업,N75122,상용 인력 공급 및 인사관리 서비스업,30,대전광역시,30170,서구,30170630,둔산1동,3017011200,둔산동,3017011200109480000,1,대지,948,,대전광역시 서구 둔산동 948,301702010004,대전광역시 서구 한밭대로,755,,3017011200109480000000001,삼성생명,대전광역시 서구 한밭대로 755,302121,35209,,17,,127.382510421991,36.358170296988,gov
MA010120220814177247,건물코디뱅크,,N1,시설관리·임대,N102,청소·방제,N10201,건축물 일반 청소업,N74211,건축물 일반 청소업,30,대전광역시,30170,서구,30170630,둔산1동,3017011200,둔산동,3017011200109480000,1,대지,948,,대전광역시 서구 둔산동 948,301702010004,대전광역시 서구 한밭대로,755,,3017011200109480000000001,,대전광역시 서구 한밭대로 755,302121,35209,,3,,127.382510421991,36.358170296988,gov
MA0101202411A0013363,씨유,대전삼성생명점,G2,소매,G204,종합 소매,G20405,편의점,G47122,체인화 편의점,30,대전광역시,30170,서구,30170640,둔산2동,3017011200,둔산동,3017011200109480000,1,대지,948,,대전광역시 서구 둔산동 948,301702010004,대전광역시 서구 한밭대로,755,,3017011200109480000000001,둔산빌딩,대전광역시 서구 한밭대로 755,302828,35209,,,,127.382510421991,36.358170296988,gov
MA010120220806256882,특허법인공간,,M1,과학·기술,M103,법무관련 ,M10302,변리사,M71102,변리사업,30,대전광역시,30170,서구,30170630,둔산1동,3017011200,둔산동,3017011200109460000,1,대지,946,,대전광역시 서구 둔산동 946,301703166021,대전광역시 서구 둔산서로,137,,3017011200109470000018985,산업은행빌딩,대전광역시 서구 둔산서로 137,302121,35209,,5,,127.382626069362,36.359035053421,gov
MA0106202201A0605235,커피니산업,은행점,I2,음식,I212,비알코올 ,I21201,카페,I56111,한식 일반 음식점업,30,대전광역시,30170,서구,30170630,둔산1동,3017011200,둔산동,3017011200109460000,1,대지,946,,대전광역시 서구 둔산동 946,301703166021,대전광역시 서구 둔산서로,137,,3017011200109470000018985,,대전광역시 서구 둔산서로 137,302121,35209,,,,127.382626069362,36.359035053421,gov
MA010120220806175463,이흥준세무사무소,,M1,과학·기술,M104,회계·세무,M10402,세무사,M71202,세무사업,30,대전광역시,30170,서구,30170640,둔산2동,3017011200,둔산동,3017011200112990000,1,대지,1299,,대전광역시 서구 둔산동 1299,301703166021,대전광역시 서구 둔산서로,79,,3017011200112990000021314,,대전광역시 서구 둔산서로 79,302830,35233,,,,127.382633954874,36.353817230809,gov
MA010120220810156476,법무사노무사임성진사무소,,M1,과학·기술,M103,법무관련 ,M10303,법무사,M71103,법무사업,30,대전광역시,30170,서구,30170640,둔산2동,3017011200,둔산동,3017011200112990000,1,대지,1299,,대전광역시 서구 둔산동 1299,301703166021,대전광역시 서구 둔산서로,79,,3017011200112990000021314,두리,대전광역시 서구 둔산서로 79,302830,35233,,4,,127.382633954874,36.353817230809,gov
MA010120220806254199,세무법인중원,,M1,과학·기술,M104,회계·세무,M10402,세무사,M71202,세무사업,30,대전광역시,30170,서구,30170640,둔산2동,3017011200,둔산동,3017011200112990000,1,대지,1299,,대전광역시 서구 둔산동 1299,301703166021,대전광역시 서구 둔산서로,79,,3017011200112990000021314,제일은행,대전광역시 서구 둔산서로 79,302830,35233,,2,,127.382633954874,36.353817230809,gov
MA010120220806246332,대전경영세무회계자문,,M1,과학·기술,M107,본사·경영 컨설팅,M10703,경영 컨설팅업,M71531,경영 컨설팅업,30,대전광역시,30170,서구,30170640,둔산2동,3017011200,둔산동,3017011200112990000,1,대지,1299,,대전광역시 서구 둔산동 1299,301703166021,대전광역시 서구 둔산서로,79,,3017011200112990000021314,,대전광역시 서구 둔산서로 79,302830,35233,,,,127.382633954874,36.353817230809,gov
MA010120220806246784,두리합명회사,,M1,과학·기술,M103,법무관련 ,M10307,공인노무사,M71109,기타 법무관련 서비스업,30,대전광역시,30170,서구,30170640,둔산2동,3017011200,둔산동,3017011200112990000,1,대지,1299,,대전광역시 서구 둔산동 1299,301703166021,대전광역시 서구 둔산서로,79,,3017011200112990000021314,제일은행빌딩,대전광역시 서구 둔산서로 79,302830,35233,,4,,127.382633954874,36.353817230809,gov
MA010120220808522027,세무법인벗,대전지점,M1,과학·기술,M104,회계·세무,M10402,세무사,M71202,세무사업,30,대전광역시,30170,서구,30170640,둔산2동,3017011200,둔산동,3017011200112990000,1,대지,1299,,대전광역시 서구 둔산동 1299,301703166021,대전광역시 서구 둔산서로,79,,3017011200112990000021314,스탠다드차타드은행,대전광역시 서구 둔산서로 79,302830,35233,,4,,127.382633954874,36.353817230809,gov
MA010120220806251034,푸른대전지사,,M1,과학·기술,M103,법무관련 ,M10306,행정사,M71109,기타 법무관련 서비스업,30,대전광역시,30170,서구,30170640,둔산2동,3017011200,둔산동,3017011200112990000,1,대지,1299,,대전광역시 서구 둔산동 1299,301703166021,대전광역시 서구 둔산서로,79,,3017011200112990000021314,제일은행,대전광역시 서구 둔산서로 79,302830,35233,,2,,127.382633954874,36.353817230809,gov
MA010120220806367030,이창환세무회계,,M1,과학·기술,M104,회계·세무,M10402,세무사,M71202,세무사업,30,대전광역시,30170,서구,30170640,둔산2동,3017011200,둔산동,3017011200112990000,1,대지,1299,,대전광역시 서구 둔산동 1299,301703166021,대전광역시 서구 둔산서로,79,,3017011200112990000021314,SC은행,대전광역시 서구 둔산서로 79,302830,35233,,5,,127.382633954874,36.353817230809,gov
MA010120220806175390,김용은세무회계사무소,,M1,과학·기술,M104,회계·세무,M10402,세무사,M71202,세무사업,30,대전광역시,30170,서구,30170640,둔산2동,3017011200,둔산동,3017011200112990000,1,대지,1299,,대전광역시 서구 둔산동 1299,301703166021,대전광역시 서구 둔산서로,79,,3017011200112990000021314,제일은행,대전광역시 서구 둔산서로 79,302830,35233,,3,,127.382633954874,36.353817230809,gov
MA010120220806244980,한국캐피탈주,,N1,시설관리·임대,N111,산업용품 대여,N11199,기타 산업용 기계/장비 대여업,N76390,기타 산업용 기계 및 장비 임대업,30,대전광역시,30170,서구,30170640,둔산2동,3017011200,둔산동,3017011200113050000,1,대지,1305,,대전광역시 서구 둔산동 1305,301703166021,대전광역시 서구 둔산서로,81,,3017011200113050000022232,,대전광역시 서구 둔산서로 81,302830,35233,,,,127.382635322065,36.3540965904808,gov
MA010120220809331543,레전드국제특허법률사무소,,M1,과학·기술,M103,법무관련 ,M10302,변리사,M71102,변리사업,30,대전광역시,30170,서구,30170640,둔산2동,3017011200,둔산동,3017011200113050000,1,대지,1305,,대전광역시 서구 둔산동 1305,301703166021,대전광역시 서구 둔산서로,81,,3017011200113050000022232,,대전광역시 서구 둔산서로 81,302830,35233,,,,127.382635322065,36.3540965904808,gov
MA010120220806195766,을지참조은약국,,G2,소매,G215,의약·화장품 소매,G21501,약국,G47811,의약품 및 의료용품 소매업,30,대전광역시,30170,서구,30170640,둔산2동,3017011200,둔산동,3017011200113050000,1,대지,1305,,대전광역시 서구 둔산동 1305,301703166021,대전광역시 서구 둔산서로,81,,3017011200113050000022232,,대전광역시 서구 둔산서로 81,302830,35233,,,,127.382635322065,36.3540965904808,gov
MA0101202310A0095369,한국장애인사진콘텐츠협회장애인자활자립및장애인표준사업장,,N1,시설관리·임대,N107,사무 지원,N10703,복사업,N75912,복사업,30,대전광역시,30170,서구,30170630,둔산1동,3017011200,둔산동,3017011200113000000,1,대지,1300,,대전광역시 서구 둔산동 1300,301703166021,대전광역시 서구 둔산서로,100,,3017011200113000000018544,,대전광역시 서구 둔산서로 100,302702,35238,,1,,127.383353055297,36.3550585464417,gov
MA0106202201A0976368,대전시지체장애인협회서구,,I2,음식,I201,한식,I20101,백반/한정식,I56111,한식 일반 음식점업,30,대전광역시,30170,서구,30170630,둔산1동,3017011200,둔산동,3017011200113000000,1,대지,1300,,대전광역시 서구 둔산동 1300,301703166021,대전광역시 서구 둔산서로,100,,3017011200113000000018544,,대전광역시 서구 둔산서로 100,302702,35238,,,,127.38336424033,36.3550675222987,gov
MA010120220806251754,하이에치알분사무소,,M1,과학·기술,M103,법무관련 ,M10306,행정사,M71109,기타 법무관련 서비스업,30,대전광역시,30170,서구,30170630,둔산1동,3017011200,둔산동,3017011200113040000,1,대지,1304,,대전광역시 서구 둔산동 1304,301703166021,대전광역시 서구 둔산서로,84,,3017011200113040000021290,,대전광역시 서구 둔산서로 84,302121,35238,,2,,127.383471891711,36.354301178784,gov
MA0101202410A0480592,우리플란트치과의원,,Q1,보건의료,Q102,의원,Q10210,치과의원,Q86202,치과의원,30,대전광역시,30170,서구,30170630,둔산1동,3017011200,둔산동,3017011200113040000,1,대지,1304,,대전광역시 서구 둔산동 1304,301703166021,대전광역시 서구 둔산서로,84,,3017011200113040000021290,,대전광역시 서구 둔산서로 84,302121,35238,,2,,127.383471891711,36.354301178784,gov
MA010120220808421247,고릴라웰니스,,G2,소매,G205,식료품 소매,G20508,건강보조식품 소매업,G47217,건강 보조식품 소매업,30,대전광역시,30170,서구,30170630,둔산1동,3017011200,둔산동,3017011200113040000,1,대지,1304,,대전광역시 서구 둔산동 1304,301703166021,대전광역시 서구 둔산서로,84,,3017011200113040000021290,근로자종합복지관,대전광역시 서구 둔산서로 84,302121,35238,,1,,127.383471891711,36.354301178784,gov
MA0101202210A0073200,오씨칼국수,,I2,음식,I201,한식,I20105,국수/칼국수,I56112,한식 면 요리 전문점,30,대전광역시,30170,서구,30170630,둔산1동,3017011200,둔산동,3017011200113040000,1,대지,1304,,대전광역시 서구 둔산동 1304,301703166021,대전광역시 서구 둔산서로,84,,3017011200113040000021290,한국노총대전지역본부,대전광역시 서구 둔산서로 84,302121,35238,,,,127.383471891711,36.354301178784,gov
MA010120220806177188,이레사,,G2,소매,G213,오락용품 소매,G21302,문구/회화용품 소매업,G47612,문구용품 및 회화용품 소매업,30,대전광역시,30170,서구,30170630,둔산1동,3017011200,둔산동,3017011200113040000,1,대지,1304,,대전광역시 서구 둔산동 1304,301703166021,대전광역시 서구 둔산서로,84,,3017011200113040000021290,근로자종합복지관,대전광역시 서구 둔산서로 84,302121,35238,,1,,127.383471891711,36.354301178784,gov
MA010120220806713231,오씨칼국수,,I2,음식,I201,한식,I20105,국수/칼국수,I56112,한식 면 요리 전문점,30,대전광역시,30170,서구,30170630,둔산1동,3017011200,둔산동,3017011200113040000,1,대지,1304,,대전광역시 서구 둔산동 1304,301703166021,대전광역시 서구 둔산서로,84,,3017011200113040000021290,근로자종합복지관,대전광역시 서구 둔산서로 84,302121,35238,,1,,127.383471891711,36.354301178784,gov
MA010120220814167347,항운테크항운노조연합,,N1,시설관리·임대,N104,고용 알선,N10401,고용 알선업,N75110,고용 알선업,30,대전광역시,30170,서구,30170630,둔산1동,3017011200,둔산동,3017011200113040000,1,대지,1304,,대전광역시 서구 둔산동 1304,301703166021,대전광역시 서구 둔산서로,84,,3017011200113040000021290,근로자종합복지관,대전광역시 서구 둔산서로 84,302121,35238,,,,127.383471891711,36.354301178784,gov
MA010120220805107392,대전시니어커피협동조합,,I2,음식,I212,비알코올 ,I21201,카페,I56221,커피 전문점,30,대전광역시,30170,서구,30170630,둔산1동,3017011200,둔산동,3017011200113040000,1,대지,1304,,대전광역시 서구 둔산동 1304,301703166021,대전광역시 서구 둔산서로,84,,3017011200113040000021290,근로자종합복지관,대전광역시 서구 둔산서로 84,302121,35238,,1,,127.383471891711,36.354301178784,gov
MA010120220812891756,이든에프엔씨,,I2,음식,I207,구내식당·뷔페,I20701,구내식당,I56130,기관 구내식당업,30,대전광역시,30170,서구,30170630,둔산1동,3017011200,둔산동,3017011200113030000,1,대지,1303,,대전광역시 서구 둔산동 1303,301704298330,대전광역시 서구 둔산북로90번길,34,,3017011200113030000021288,대전지방노동청,대전광역시 서구 둔산북로90번길 34,302705,35238,,1,,127.384095861448,36.3543171981969,gov
