날짜,노드,대여,야간대여,시전체대여,시전체야간
2024-08-01,etri,3,0,15904,2898
2024-08-01,kier,9,1,15904,2898
2024-08-01,kiom,4,0,15904,2898
2024-08-01,kribb,23,6,15904,2898
2024-08-01,krict,9,0,15904,2898
2024-08-01,단지_KTG중앙연구원,3,0,15904,2898
2024-08-01,단지_LG생활건강,1,0,15904,2898
2024-08-01,단지_연구단지네거리,6,1,15904,2898
2024-08-01,단지_연구단지운동장,15,0,15904,2898
2024-08-01,단지_한화솔루션,3,0,15904,2898
2024-08-01,대조_충남대,291,44,15904,2898
2024-08-02,etri,5,0,16022,2937
2024-08-02,kier,1,0,16022,2937
2024-08-02,kiom,4,0,16022,2937
2024-08-02,kribb,20,1,16022,2937
2024-08-02,krict,4,0,16022,2937
2024-08-02,단지_KTG중앙연구원,3,1,16022,2937
2024-08-02,단지_LG생활건강,1,0,16022,2937
2024-08-02,단지_연구단지네거리,15,1,16022,2937
2024-08-02,단지_연구단지운동장,12,1,16022,2937
2024-08-02,단지_한화솔루션,2,1,16022,2937
2024-08-02,대조_충남대,264,41,16022,2937
2024-08-03,etri,3,0,13525,2502
2024-08-03,kier,3,0,13525,2502
2024-08-03,kiom,2,0,13525,2502
2024-08-03,kribb,3,0,13525,2502
2024-08-03,krict,2,0,13525,2502
2024-08-03,단지_KTG중앙연구원,2,0,13525,2502
2024-08-03,단지_LG생활건강,2,0,13525,2502
2024-08-03,단지_연구단지네거리,10,4,13525,2502
2024-08-03,단지_연구단지운동장,14,2,13525,2502
2024-08-03,단지_한화솔루션,2,2,13525,2502
2024-08-03,대조_충남대,193,36,13525,2502
2024-08-04,etri,1,0,10371,2078
2024-08-04,kier,4,2,10371,2078
2024-08-04,kiom,3,0,10371,2078
2024-08-04,kribb,14,3,10371,2078
2024-08-04,krict,1,0,10371,2078
2024-08-04,단지_연구단지네거리,9,1,10371,2078
2024-08-04,단지_연구단지운동장,16,2,10371,2078
2024-08-04,단지_한화솔루션,9,2,10371,2078
2024-08-04,대조_충남대,191,43,10371,2078
2024-08-05,etri,5,1,12103,2383
2024-08-05,kier,6,1,12103,2383
2024-08-05,kiom,2,0,12103,2383
2024-08-05,kribb,15,1,12103,2383
2024-08-05,krict,5,1,12103,2383
2024-08-05,단지_연구단지네거리,8,0,12103,2383
2024-08-05,단지_연구단지운동장,8,1,12103,2383
2024-08-05,단지_한화솔루션,3,1,12103,2383
2024-08-05,대조_충남대,204,40,12103,2383
2024-08-06,etri,5,0,16491,3088
2024-08-06,kier,11,1,16491,3088
2024-08-06,kiom,3,0,16491,3088
2024-08-06,kribb,24,5,16491,3088
2024-08-06,krict,19,1,16491,3088
2024-08-06,단지_KTG중앙연구원,5,1,16491,3088
2024-08-06,단지_LG생활건강,1,0,16491,3088
2024-08-06,단지_연구단지네거리,13,2,16491,3088
2024-08-06,단지_연구단지운동장,27,5,16491,3088
2024-08-06,대조_충남대,341,59,16491,3088
2024-08-07,etri,5,0,16798,2688
2024-08-07,kier,6,0,16798,2688
2024-08-07,kiom,1,0,16798,2688
2024-08-07,kribb,23,2,16798,2688
2024-08-07,krict,12,0,16798,2688
2024-08-07,단지_KTG중앙연구원,4,0,16798,2688
2024-08-07,단지_LG생활건강,2,0,16798,2688
2024-08-07,단지_연구단지네거리,9,2,16798,2688
2024-08-07,단지_연구단지운동장,17,1,16798,2688
2024-08-07,단지_한화솔루션,4,1,16798,2688
2024-08-07,대조_충남대,302,32,16798,2688
2024-08-08,etri,6,0,18272,3054
2024-08-08,kier,5,1,18272,3054
2024-08-08,kiom,4,0,18272,3054
2024-08-08,kribb,25,7,18272,3054
2024-08-08,krict,12,0,18272,3054
2024-08-08,단지_KTG중앙연구원,4,1,18272,3054
2024-08-08,단지_연구단지네거리,11,2,18272,3054
2024-08-08,단지_연구단지운동장,20,5,18272,3054
2024-08-08,단지_한화솔루션,4,0,18272,3054
2024-08-08,대조_충남대,361,48,18272,3054
2024-08-09,etri,2,0,18977,3274
2024-08-09,kier,2,0,18977,3274
2024-08-09,kiom,5,0,18977,3274
2024-08-09,kribb,25,1,18977,3274
2024-08-09,krict,11,0,18977,3274
2024-08-09,단지_KTG중앙연구원,2,1,18977,3274
2024-08-09,단지_LG생활건강,2,0,18977,3274
2024-08-09,단지_연구단지네거리,12,3,18977,3274
2024-08-09,단지_연구단지운동장,22,1,18977,3274
2024-08-09,단지_한화솔루션,5,0,18977,3274
2024-08-09,대조_충남대,323,34,18977,3274
2024-08-10,etri,1,0,16389,2823
2024-08-10,kier,5,1,16389,2823
2024-08-10,kiom,4,0,16389,2823
2024-08-10,kribb,15,1,16389,2823
2024-08-10,krict,3,0,16389,2823
2024-08-10,단지_KTG중앙연구원,7,1,16389,2823
2024-08-10,단지_연구단지네거리,12,0,16389,2823
2024-08-10,단지_연구단지운동장,20,7,16389,2823
2024-08-10,단지_한화솔루션,4,0,16389,2823
2024-08-10,대조_충남대,204,32,16389,2823
2024-08-11,etri,1,0,14205,2290
2024-08-11,kier,1,0,14205,2290
2024-08-11,kiom,3,0,14205,2290
2024-08-11,kribb,6,1,14205,2290
2024-08-11,krict,4,0,14205,2290
2024-08-11,단지_KTG중앙연구원,4,1,14205,2290
2024-08-11,단지_LG생활건강,1,0,14205,2290
2024-08-11,단지_연구단지네거리,15,0,14205,2290
2024-08-11,단지_연구단지운동장,12,2,14205,2290
2024-08-11,단지_한화솔루션,4,2,14205,2290
2024-08-11,대조_충남대,244,35,14205,2290
2024-08-12,etri,3,0,17121,2911
2024-08-12,kier,3,0,17121,2911
2024-08-12,kiom,4,0,17121,2911
2024-08-12,kribb,26,1,17121,2911
2024-08-12,krict,7,2,17121,2911
2024-08-12,단지_KTG중앙연구원,4,2,17121,2911
2024-08-12,단지_연구단지네거리,9,5,17121,2911
2024-08-12,단지_연구단지운동장,14,5,17121,2911
2024-08-12,단지_한화솔루션,4,0,17121,2911
2024-08-12,대조_충남대,364,41,17121,2911
2024-08-13,etri,4,0,15968,2644
2024-08-13,kier,2,0,15968,2644
2024-08-13,kiom,3,0,15968,2644
2024-08-13,kribb,18,0,15968,2644
2024-08-13,krict,3,0,15968,2644
2024-08-13,단지_KTG중앙연구원,5,0,15968,2644
2024-08-13,단지_LG생활건강,2,0,15968,2644
2024-08-13,단지_연구단지네거리,9,0,15968,2644
2024-08-13,단지_연구단지운동장,18,2,15968,2644
2024-08-13,단지_한화솔루션,1,0,15968,2644
2024-08-13,대조_충남대,312,25,15968,2644
2024-08-14,etri,4,0,18854,3437
2024-08-14,kier,5,0,18854,3437
2024-08-14,kiom,4,0,18854,3437
2024-08-14,kribb,20,1,18854,3437
2024-08-14,krict,6,0,18854,3437
2024-08-14,단지_KTG중앙연구원,3,0,18854,3437
2024-08-14,단지_연구단지네거리,21,3,18854,3437
2024-08-14,단지_연구단지운동장,17,2,18854,3437
2024-08-14,단지_한화솔루션,7,1,18854,3437
2024-08-14,대조_충남대,335,47,18854,3437
2024-08-15,etri,1,0,15590,2713
2024-08-15,kier,5,1,15590,2713
2024-08-15,kiom,1,0,15590,2713
2024-08-15,kribb,20,5,15590,2713
2024-08-15,krict,2,0,15590,2713
2024-08-15,단지_KTG중앙연구원,6,1,15590,2713
2024-08-15,단지_연구단지네거리,10,0,15590,2713
2024-08-15,단지_연구단지운동장,15,0,15590,2713
2024-08-15,단지_한화솔루션,3,1,15590,2713
2024-08-15,대조_충남대,269,47,15590,2713
2024-08-16,etri,8,0,18722,3327
2024-08-16,kier,5,0,18722,3327
2024-08-16,kiom,7,1,18722,3327
2024-08-16,kribb,21,2,18722,3327
2024-08-16,krict,8,1,18722,3327
2024-08-16,단지_KTG중앙연구원,2,0,18722,3327
2024-08-16,단지_LG생활건강,1,0,18722,3327
2024-08-16,단지_연구단지네거리,15,3,18722,3327
2024-08-16,단지_연구단지운동장,20,3,18722,3327
2024-08-16,단지_한화솔루션,3,1,18722,3327
2024-08-16,대조_충남대,292,51,18722,3327
2024-08-17,etri,3,2,17077,3213
2024-08-17,kier,5,1,17077,3213
2024-08-17,kiom,2,0,17077,3213
2024-08-17,kribb,11,2,17077,3213
2024-08-17,krict,1,0,17077,3213
2024-08-17,단지_KTG중앙연구원,5,0,17077,3213
2024-08-17,단지_LG생활건강,3,0,17077,3213
2024-08-17,단지_연구단지네거리,11,2,17077,3213
2024-08-17,단지_연구단지운동장,18,3,17077,3213
2024-08-17,단지_한화솔루션,5,0,17077,3213
2024-08-17,대조_충남대,206,44,17077,3213
2024-08-18,etri,2,1,14302,2355
2024-08-18,kier,4,0,14302,2355
2024-08-18,kiom,5,0,14302,2355
2024-08-18,kribb,9,0,14302,2355
2024-08-18,krict,1,0,14302,2355
2024-08-18,단지_KTG중앙연구원,2,0,14302,2355
2024-08-18,단지_연구단지네거리,10,3,14302,2355
2024-08-18,단지_연구단지운동장,19,0,14302,2355
2024-08-18,단지_한화솔루션,3,0,14302,2355
2024-08-18,대조_충남대,212,30,14302,2355
2024-08-19,etri,5,0,16480,2948
2024-08-19,kier,4,0,16480,2948
2024-08-19,kiom,5,0,16480,2948
2024-08-19,kribb,23,2,16480,2948
2024-08-19,krict,5,1,16480,2948
2024-08-19,단지_KTG중앙연구원,9,0,16480,2948
2024-08-19,단지_LG생활건강,1,0,16480,2948
2024-08-19,단지_연구단지네거리,7,1,16480,2948
2024-08-19,단지_연구단지운동장,17,4,16480,2948
2024-08-19,단지_한화솔루션,2,0,16480,2948
2024-08-19,대조_충남대,303,34,16480,2948
2024-08-20,etri,5,0,13670,2346
2024-08-20,kier,6,0,13670,2346
2024-08-20,kiom,3,0,13670,2346
2024-08-20,kribb,16,0,13670,2346
2024-08-20,krict,7,1,13670,2346
2024-08-20,단지_KTG중앙연구원,1,0,13670,2346
2024-08-20,단지_LG생활건강,1,0,13670,2346
2024-08-20,단지_연구단지네거리,8,1,13670,2346
2024-08-20,단지_연구단지운동장,16,1,13670,2346
2024-08-20,대조_충남대,261,43,13670,2346
2024-08-21,etri,3,0,13920,2564
2024-08-21,kier,8,1,13920,2564
2024-08-21,kiom,2,0,13920,2564
2024-08-21,kribb,14,2,13920,2564
2024-08-21,krict,4,0,13920,2564
2024-08-21,단지_KTG중앙연구원,3,0,13920,2564
2024-08-21,단지_LG생활건강,2,0,13920,2564
2024-08-21,단지_연구단지네거리,8,3,13920,2564
2024-08-21,단지_연구단지운동장,16,6,13920,2564
2024-08-21,단지_한화솔루션,4,0,13920,2564
2024-08-21,대조_충남대,297,40,13920,2564
2024-08-22,etri,7,0,15337,2899
2024-08-22,kier,9,0,15337,2899
2024-08-22,kiom,4,0,15337,2899
2024-08-22,kribb,22,3,15337,2899
2024-08-22,krict,3,1,15337,2899
2024-08-22,단지_KTG중앙연구원,1,0,15337,2899
2024-08-22,단지_연구단지네거리,12,1,15337,2899
2024-08-22,단지_연구단지운동장,25,7,15337,2899
2024-08-22,단지_한화솔루션,3,0,15337,2899
2024-08-22,대조_충남대,283,46,15337,2899
2024-08-23,etri,6,0,19330,3498
2024-08-23,kier,5,0,19330,3498
2024-08-23,kiom,3,0,19330,3498
2024-08-23,kribb,21,0,19330,3498
2024-08-23,krict,4,0,19330,3498
2024-08-23,단지_KTG중앙연구원,5,0,19330,3498
2024-08-23,단지_LG생활건강,3,0,19330,3498
2024-08-23,단지_연구단지네거리,11,1,19330,3498
2024-08-23,단지_연구단지운동장,28,4,19330,3498
2024-08-23,단지_한화솔루션,5,0,19330,3498
2024-08-23,대조_충남대,331,59,19330,3498
2024-08-24,etri,5,4,17370,3073
2024-08-24,kier,5,1,17370,3073
2024-08-24,kiom,4,1,17370,3073
2024-08-24,kribb,13,3,17370,3073
2024-08-24,krict,2,0,17370,3073
2024-08-24,단지_KTG중앙연구원,4,1,17370,3073
2024-08-24,단지_LG생활건강,3,0,17370,3073
2024-08-24,단지_연구단지네거리,12,1,17370,3073
2024-08-24,단지_연구단지운동장,24,2,17370,3073
2024-08-24,단지_한화솔루션,4,2,17370,3073
2024-08-24,대조_충남대,301,47,17370,3073
2024-08-25,etri,7,3,15347,2466
2024-08-25,kier,5,2,15347,2466
2024-08-25,kiom,4,0,15347,2466
2024-08-25,kribb,17,6,15347,2466
2024-08-25,krict,3,1,15347,2466
2024-08-25,단지_연구단지네거리,11,2,15347,2466
2024-08-25,단지_연구단지운동장,21,2,15347,2466
2024-08-25,단지_한화솔루션,7,1,15347,2466
2024-08-25,대조_충남대,215,46,15347,2466
2024-08-26,etri,7,0,17700,2809
2024-08-26,kier,11,0,17700,2809
2024-08-26,kiom,3,0,17700,2809
2024-08-26,kribb,29,4,17700,2809
2024-08-26,krict,9,0,17700,2809
2024-08-26,단지_LG생활건강,3,0,17700,2809
2024-08-26,단지_연구단지네거리,11,3,17700,2809
2024-08-26,단지_연구단지운동장,31,2,17700,2809
2024-08-26,단지_한화솔루션,4,1,17700,2809
2024-08-26,대조_충남대,313,56,17700,2809
2024-08-27,etri,10,0,17766,3209
2024-08-27,kier,9,0,17766,3209
2024-08-27,kiom,4,1,17766,3209
2024-08-27,kribb,23,2,17766,3209
2024-08-27,krict,11,1,17766,3209
2024-08-27,단지_KTG중앙연구원,4,0,17766,3209
2024-08-27,단지_LG생활건강,3,0,17766,3209
2024-08-27,단지_연구단지네거리,34,7,17766,3209
2024-08-27,단지_연구단지운동장,25,3,17766,3209
2024-08-27,단지_한화솔루션,3,0,17766,3209
2024-08-27,대조_충남대,242,43,17766,3209
2024-08-28,etri,5,0,19864,3291
2024-08-28,kier,13,1,19864,3291
2024-08-28,kiom,3,0,19864,3291
2024-08-28,kribb,22,6,19864,3291
2024-08-28,krict,9,0,19864,3291
2024-08-28,단지_KTG중앙연구원,10,2,19864,3291
2024-08-28,단지_LG생활건강,3,0,19864,3291
2024-08-28,단지_연구단지네거리,10,3,19864,3291
2024-08-28,단지_연구단지운동장,30,6,19864,3291
2024-08-28,단지_한화솔루션,4,0,19864,3291
2024-08-28,대조_충남대,297,44,19864,3291
2024-08-29,etri,5,1,19413,3259
2024-08-29,kier,9,0,19413,3259
2024-08-29,kiom,3,0,19413,3259
2024-08-29,kribb,28,2,19413,3259
2024-08-29,krict,9,0,19413,3259
2024-08-29,단지_KTG중앙연구원,10,2,19413,3259
2024-08-29,단지_연구단지네거리,24,3,19413,3259
2024-08-29,단지_연구단지운동장,15,4,19413,3259
2024-08-29,대조_충남대,263,33,19413,3259
2024-08-30,etri,3,0,20828,3681
2024-08-30,kier,9,0,20828,3681
2024-08-30,kiom,6,0,20828,3681
2024-08-30,kribb,16,1,20828,3681
2024-08-30,krict,2,0,20828,3681
2024-08-30,단지_KTG중앙연구원,3,0,20828,3681
2024-08-30,단지_LG생활건강,1,0,20828,3681
2024-08-30,단지_연구단지네거리,5,1,20828,3681
2024-08-30,단지_연구단지운동장,8,0,20828,3681
2024-08-30,단지_한화솔루션,1,0,20828,3681
2024-08-30,대조_충남대,316,46,20828,3681
2024-08-31,etri,2,0,19169,3112
2024-08-31,kier,4,1,19169,3112
2024-08-31,kiom,2,0,19169,3112
2024-08-31,kribb,11,0,19169,3112
2024-08-31,단지_KTG중앙연구원,11,3,19169,3112
2024-08-31,단지_LG생활건강,1,0,19169,3112
2024-08-31,단지_연구단지네거리,7,2,19169,3112
2024-08-31,단지_연구단지운동장,17,5,19169,3112
2024-08-31,단지_한화솔루션,2,0,19169,3112
2024-08-31,대조_충남대,264,39,19169,3112
2024-09-01,etri,3,1,17240,2637
2024-09-01,kier,4,1,17240,2637
2024-09-01,kiom,6,0,17240,2637
2024-09-01,kribb,16,4,17240,2637
2024-09-01,단지_KTG중앙연구원,8,0,17240,2637
2024-09-01,단지_연구단지네거리,20,2,17240,2637
2024-09-01,단지_연구단지운동장,28,2,17240,2637
2024-09-01,단지_한화솔루션,6,0,17240,2637
2024-09-01,대조_충남대,346,89,17240,2637
2024-09-02,etri,7,1,19769,3255
2024-09-02,kier,8,1,19769,3255
2024-09-02,kiom,8,2,19769,3255
2024-09-02,kribb,29,3,19769,3255
2024-09-02,krict,5,0,19769,3255
2024-09-02,단지_KTG중앙연구원,4,0,19769,3255
2024-09-02,단지_연구단지네거리,11,3,19769,3255
2024-09-02,단지_연구단지운동장,21,5,19769,3255
2024-09-02,단지_한화솔루션,4,0,19769,3255
2024-09-02,대조_충남대,475,55,19769,3255
2024-09-03,etri,3,0,20287,3207
2024-09-03,kier,7,0,20287,3207
2024-09-03,kiom,1,0,20287,3207
2024-09-03,kribb,31,3,20287,3207
2024-09-03,krict,7,1,20287,3207
2024-09-03,단지_KTG중앙연구원,11,0,20287,3207
2024-09-03,단지_LG생활건강,2,0,20287,3207
2024-09-03,단지_연구단지네거리,20,5,20287,3207
2024-09-03,단지_연구단지운동장,25,7,20287,3207
2024-09-03,단지_한화솔루션,3,0,20287,3207
2024-09-03,대조_충남대,550,59,20287,3207
2024-09-04,etri,3,0,20602,3354
2024-09-04,kier,9,1,20602,3354
2024-09-04,kiom,4,0,20602,3354
2024-09-04,kribb,32,6,20602,3354
2024-09-04,krict,13,3,20602,3354
2024-09-04,단지_KTG중앙연구원,9,1,20602,3354
2024-09-04,단지_LG생활건강,1,1,20602,3354
2024-09-04,단지_연구단지네거리,15,1,20602,3354
2024-09-04,단지_연구단지운동장,24,1,20602,3354
2024-09-04,단지_한화솔루션,1,0,20602,3354
2024-09-04,대조_충남대,564,65,20602,3354
2024-09-05,etri,3,0,19712,3044
2024-09-05,kier,17,4,19712,3044
2024-09-05,kiom,2,0,19712,3044
2024-09-05,kribb,37,4,19712,3044
2024-09-05,krict,14,1,19712,3044
2024-09-05,단지_KTG중앙연구원,13,1,19712,3044
2024-09-05,단지_연구단지네거리,11,0,19712,3044
2024-09-05,단지_연구단지운동장,40,5,19712,3044
2024-09-05,단지_한화솔루션,1,0,19712,3044
2024-09-05,대조_충남대,509,41,19712,3044
2024-09-06,etri,3,0,17274,2441
2024-09-06,kier,9,0,17274,2441
2024-09-06,kiom,4,0,17274,2441
2024-09-06,kribb,26,1,17274,2441
2024-09-06,krict,3,0,17274,2441
2024-09-06,단지_KTG중앙연구원,5,0,17274,2441
2024-09-06,단지_LG생활건강,1,0,17274,2441
2024-09-06,단지_연구단지네거리,13,2,17274,2441
2024-09-06,단지_연구단지운동장,13,0,17274,2441
2024-09-06,단지_한화솔루션,3,0,17274,2441
2024-09-06,대조_충남대,466,48,17274,2441
2024-09-07,etri,1,0,20849,3332
2024-09-07,kier,11,3,20849,3332
2024-09-07,kiom,3,0,20849,3332
2024-09-07,kribb,18,2,20849,3332
2024-09-07,단지_KTG중앙연구원,11,1,20849,3332
2024-09-07,단지_연구단지네거리,21,2,20849,3332
2024-09-07,단지_연구단지운동장,36,5,20849,3332
2024-09-07,단지_한화솔루션,3,0,20849,3332
2024-09-07,대조_충남대,296,42,20849,3332
2024-09-08,etri,1,0,17469,2642
2024-09-08,kier,7,1,17469,2642
2024-09-08,kiom,3,0,17469,2642
2024-09-08,kribb,18,2,17469,2642
2024-09-08,krict,1,0,17469,2642
2024-09-08,단지_KTG중앙연구원,6,1,17469,2642
2024-09-08,단지_LG생활건강,2,0,17469,2642
2024-09-08,단지_연구단지네거리,10,2,17469,2642
2024-09-08,단지_연구단지운동장,20,2,17469,2642
2024-09-08,단지_한화솔루션,1,0,17469,2642
2024-09-08,대조_충남대,321,72,17469,2642
2024-09-09,etri,3,0,18931,2971
2024-09-09,kier,10,1,18931,2971
2024-09-09,kiom,5,1,18931,2971
2024-09-09,kribb,31,1,18931,2971
2024-09-09,krict,4,0,18931,2971
2024-09-09,단지_KTG중앙연구원,8,1,18931,2971
2024-09-09,단지_LG생활건강,1,0,18931,2971
2024-09-09,단지_연구단지네거리,11,1,18931,2971
2024-09-09,단지_연구단지운동장,17,1,18931,2971
2024-09-09,단지_한화솔루션,4,0,18931,2971
2024-09-09,대조_충남대,557,66,18931,2971
2024-09-10,etri,5,0,19083,3127
2024-09-10,kier,13,0,19083,3127
2024-09-10,kiom,2,0,19083,3127
2024-09-10,kribb,25,6,19083,3127
2024-09-10,krict,5,1,19083,3127
2024-09-10,단지_KTG중앙연구원,3,0,19083,3127
2024-09-10,단지_LG생활건강,2,1,19083,3127
2024-09-10,단지_연구단지네거리,14,2,19083,3127
2024-09-10,단지_연구단지운동장,22,0,19083,3127
2024-09-10,단지_한화솔루션,3,0,19083,3127
2024-09-10,대조_충남대,564,46,19083,3127
2024-09-11,etri,1,0,12114,1777
2024-09-11,kier,5,1,12114,1777
2024-09-11,kiom,3,1,12114,1777
2024-09-11,kribb,13,7,12114,1777
2024-09-11,krict,11,4,12114,1777
2024-09-11,단지_KTG중앙연구원,2,0,12114,1777
2024-09-11,단지_연구단지네거리,13,0,12114,1777
2024-09-11,단지_연구단지운동장,12,1,12114,1777
2024-09-11,단지_한화솔루션,3,0,12114,1777
2024-09-11,대조_충남대,449,45,12114,1777
2024-09-12,etri,5,0,15654,2961
2024-09-12,kier,7,1,15654,2961
2024-09-12,kiom,4,0,15654,2961
2024-09-12,kribb,33,5,15654,2961
2024-09-12,krict,6,0,15654,2961
2024-09-12,단지_KTG중앙연구원,3,0,15654,2961
2024-09-12,단지_LG생활건강,1,0,15654,2961
2024-09-12,단지_연구단지네거리,13,2,15654,2961
2024-09-12,단지_연구단지운동장,18,1,15654,2961
2024-09-12,대조_충남대,382,36,15654,2961
2024-09-13,etri,9,0,21108,3319
2024-09-13,kier,13,2,21108,3319
2024-09-13,kiom,3,0,21108,3319
2024-09-13,kribb,32,0,21108,3319
2024-09-13,krict,16,1,21108,3319
2024-09-13,단지_KTG중앙연구원,8,0,21108,3319
2024-09-13,단지_LG생활건강,4,0,21108,3319
2024-09-13,단지_연구단지네거리,18,1,21108,3319
2024-09-13,단지_연구단지운동장,36,4,21108,3319
2024-09-13,단지_한화솔루션,6,2,21108,3319
2024-09-13,대조_충남대,397,53,21108,3319
2024-09-14,etri,2,1,18039,2962
2024-09-14,kier,8,3,18039,2962
2024-09-14,kiom,4,0,18039,2962
2024-09-14,kribb,4,0,18039,2962
2024-09-14,krict,2,2,18039,2962
2024-09-14,단지_KTG중앙연구원,4,0,18039,2962
2024-09-14,단지_연구단지네거리,12,3,18039,2962
2024-09-14,단지_연구단지운동장,18,2,18039,2962
2024-09-14,단지_한화솔루션,2,0,18039,2962
2024-09-14,대조_충남대,247,22,18039,2962
2024-09-15,etri,1,0,14078,2513
2024-09-15,kier,3,1,14078,2513
2024-09-15,kiom,1,0,14078,2513
2024-09-15,kribb,4,1,14078,2513
2024-09-15,krict,2,0,14078,2513
2024-09-15,단지_KTG중앙연구원,1,0,14078,2513
2024-09-15,단지_LG생활건강,1,0,14078,2513
2024-09-15,단지_연구단지네거리,9,3,14078,2513
2024-09-15,단지_연구단지운동장,10,1,14078,2513
2024-09-15,단지_한화솔루션,1,0,14078,2513
2024-09-15,대조_충남대,146,27,14078,2513
2024-09-16,etri,2,2,12607,2147
2024-09-16,kribb,6,0,12607,2147
2024-09-16,단지_KTG중앙연구원,1,1,12607,2147
2024-09-16,단지_연구단지네거리,3,1,12607,2147
2024-09-16,단지_연구단지운동장,10,2,12607,2147
2024-09-16,대조_충남대,125,15,12607,2147
2024-09-17,etri,1,0,10222,2347
2024-09-17,kiom,1,0,10222,2347
2024-09-17,kribb,7,0,10222,2347
2024-09-17,단지_KTG중앙연구원,3,0,10222,2347
2024-09-17,단지_연구단지네거리,5,0,10222,2347
2024-09-17,단지_연구단지운동장,7,2,10222,2347
2024-09-17,단지_한화솔루션,1,0,10222,2347
2024-09-17,대조_충남대,142,34,10222,2347
2024-09-18,kier,7,0,10467,1329
2024-09-18,kiom,1,0,10467,1329
2024-09-18,kribb,14,1,10467,1329
2024-09-18,단지_KTG중앙연구원,3,0,10467,1329
2024-09-18,단지_연구단지네거리,3,0,10467,1329
2024-09-18,단지_연구단지운동장,19,2,10467,1329
2024-09-18,단지_한화솔루션,3,0,10467,1329
2024-09-18,대조_충남대,228,45,10467,1329
2024-09-19,etri,2,0,17144,2826
2024-09-19,kier,9,1,17144,2826
2024-09-19,kiom,7,0,17144,2826
2024-09-19,kribb,29,5,17144,2826
2024-09-19,krict,6,1,17144,2826
2024-09-19,단지_KTG중앙연구원,7,0,17144,2826
2024-09-19,단지_연구단지네거리,18,2,17144,2826
2024-09-19,단지_연구단지운동장,27,3,17144,2826
2024-09-19,대조_충남대,422,39,17144,2826
2024-09-20,etri,1,0,6406,562
2024-09-20,kier,11,2,6406,562
2024-09-20,kribb,3,0,6406,562
2024-09-20,krict,2,0,6406,562
2024-09-20,단지_KTG중앙연구원,4,0,6406,562
2024-09-20,단지_LG생활건강,1,0,6406,562
2024-09-20,단지_연구단지네거리,4,1,6406,562
2024-09-20,단지_연구단지운동장,9,0,6406,562
2024-09-20,단지_한화솔루션,1,0,6406,562
2024-09-20,대조_충남대,68,8,6406,562
2024-09-21,etri,1,0,6243,2059
2024-09-21,kier,4,0,6243,2059
2024-09-21,kribb,7,3,6243,2059
2024-09-21,krict,1,1,6243,2059
2024-09-21,단지_KTG중앙연구원,2,0,6243,2059
2024-09-21,단지_연구단지네거리,3,0,6243,2059
2024-09-21,단지_연구단지운동장,6,1,6243,2059
2024-09-21,대조_충남대,98,44,6243,2059
2024-09-22,etri,7,1,18457,2588
2024-09-22,kier,5,1,18457,2588
2024-09-22,kiom,3,1,18457,2588
2024-09-22,kribb,15,0,18457,2588
2024-09-22,krict,5,0,18457,2588
2024-09-22,단지_KTG중앙연구원,3,0,18457,2588
2024-09-22,단지_LG생활건강,3,0,18457,2588
2024-09-22,단지_연구단지네거리,24,3,18457,2588
2024-09-22,단지_연구단지운동장,26,4,18457,2588
2024-09-22,단지_한화솔루션,7,0,18457,2588
2024-09-22,대조_충남대,366,61,18457,2588
2024-09-23,etri,3,0,19328,3023
2024-09-23,kier,13,0,19328,3023
2024-09-23,kiom,6,0,19328,3023
2024-09-23,kribb,28,5,19328,3023
2024-09-23,krict,9,1,19328,3023
2024-09-23,단지_KTG중앙연구원,5,2,19328,3023
2024-09-23,단지_LG생활건강,5,0,19328,3023
2024-09-23,단지_연구단지네거리,7,2,19328,3023
2024-09-23,단지_연구단지운동장,28,6,19328,3023
2024-09-23,단지_한화솔루션,2,0,19328,3023
2024-09-23,대조_충남대,486,58,19328,3023
2024-09-24,etri,6,0,19727,3030
2024-09-24,kier,11,1,19727,3030
2024-09-24,kiom,4,0,19727,3030
2024-09-24,kribb,28,9,19727,3030
2024-09-24,krict,7,1,19727,3030
2024-09-24,단지_KTG중앙연구원,7,0,19727,3030
2024-09-24,단지_LG생활건강,2,1,19727,3030
2024-09-24,단지_연구단지네거리,14,3,19727,3030
2024-09-24,단지_연구단지운동장,21,3,19727,3030
2024-09-24,단지_한화솔루션,2,0,19727,3030
2024-09-24,대조_충남대,544,48,19727,3030
2024-09-25,etri,7,0,20892,3205
2024-09-25,kier,9,0,20892,3205
2024-09-25,kiom,2,1,20892,3205
2024-09-25,kribb,30,5,20892,3205
2024-09-25,krict,9,0,20892,3205
2024-09-25,단지_KTG중앙연구원,5,0,20892,3205
2024-09-25,단지_LG생활건강,1,0,20892,3205
2024-09-25,단지_연구단지네거리,17,1,20892,3205
2024-09-25,단지_연구단지운동장,25,3,20892,3205
2024-09-25,단지_한화솔루션,1,0,20892,3205
2024-09-25,대조_충남대,446,49,20892,3205
2024-09-26,etri,7,0,20950,3246
2024-09-26,kier,10,0,20950,3246
2024-09-26,kiom,3,0,20950,3246
2024-09-26,kribb,30,1,20950,3246
2024-09-26,krict,6,1,20950,3246
2024-09-26,단지_KTG중앙연구원,8,0,20950,3246
2024-09-26,단지_LG생활건강,4,0,20950,3246
2024-09-26,단지_연구단지네거리,13,4,20950,3246
2024-09-26,단지_연구단지운동장,21,7,20950,3246
2024-09-26,단지_한화솔루션,5,0,20950,3246
2024-09-26,대조_충남대,540,62,20950,3246
2024-09-27,etri,10,0,22180,3662
2024-09-27,kier,12,1,22180,3662
2024-09-27,kiom,8,0,22180,3662
2024-09-27,kribb,20,0,22180,3662
2024-09-27,krict,6,0,22180,3662
2024-09-27,단지_KTG중앙연구원,5,0,22180,3662
2024-09-27,단지_LG생활건강,4,0,22180,3662
2024-09-27,단지_연구단지네거리,23,1,22180,3662
2024-09-27,단지_연구단지운동장,24,3,22180,3662
2024-09-27,단지_한화솔루션,2,0,22180,3662
2024-09-27,대조_충남대,418,51,22180,3662
2024-09-28,kier,7,3,21505,3292
2024-09-28,kiom,1,0,21505,3292
2024-09-28,kribb,19,1,21505,3292
2024-09-28,단지_KTG중앙연구원,10,2,21505,3292
2024-09-28,단지_연구단지네거리,31,7,21505,3292
2024-09-28,단지_연구단지운동장,10,2,21505,3292
2024-09-28,단지_한화솔루션,6,0,21505,3292
2024-09-28,대조_충남대,350,43,21505,3292
2024-09-29,etri,1,0,19166,2665
2024-09-29,kier,9,0,19166,2665
2024-09-29,kiom,3,0,19166,2665
2024-09-29,kribb,12,1,19166,2665
2024-09-29,krict,1,0,19166,2665
2024-09-29,단지_KTG중앙연구원,3,0,19166,2665
2024-09-29,단지_연구단지네거리,33,6,19166,2665
2024-09-29,단지_연구단지운동장,34,4,19166,2665
2024-09-29,단지_한화솔루션,3,0,19166,2665
2024-09-29,대조_충남대,278,47,19166,2665
2024-09-30,etri,5,0,20555,3441
2024-09-30,kier,14,0,20555,3441
2024-09-30,kiom,2,1,20555,3441
2024-09-30,kribb,30,2,20555,3441
2024-09-30,krict,10,0,20555,3441
2024-09-30,단지_KTG중앙연구원,7,0,20555,3441
2024-09-30,단지_LG생활건강,2,0,20555,3441
2024-09-30,단지_연구단지네거리,17,4,20555,3441
2024-09-30,단지_연구단지운동장,27,2,20555,3441
2024-09-30,대조_충남대,458,35,20555,3441
2024-10-01,etri,3,0,15582,2503
2024-10-01,kier,16,0,15582,2503
2024-10-01,kiom,1,0,15582,2503
2024-10-01,kribb,24,1,15582,2503
2024-10-01,단지_KTG중앙연구원,3,0,15582,2503
2024-10-01,단지_연구단지네거리,27,6,15582,2503
2024-10-01,단지_연구단지운동장,21,7,15582,2503
2024-10-01,단지_한화솔루션,2,0,15582,2503
2024-10-01,대조_충남대,274,51,15582,2503
2024-10-02,etri,4,0,20618,3024
2024-10-02,kier,12,1,20618,3024
2024-10-02,kiom,14,3,20618,3024
2024-10-02,kribb,28,2,20618,3024
2024-10-02,krict,3,1,20618,3024
2024-10-02,단지_KTG중앙연구원,3,0,20618,3024
2024-10-02,단지_LG생활건강,2,0,20618,3024
2024-10-02,단지_연구단지네거리,20,4,20618,3024
2024-10-02,단지_연구단지운동장,32,5,20618,3024
2024-10-02,단지_한화솔루션,6,2,20618,3024
2024-10-02,대조_충남대,460,44,20618,3024
2024-10-03,etri,2,0,9982,1918
2024-10-03,kier,2,0,9982,1918
2024-10-03,kribb,12,0,9982,1918
2024-10-03,krict,3,1,9982,1918
2024-10-03,단지_KTG중앙연구원,2,1,9982,1918
2024-10-03,단지_연구단지네거리,15,5,9982,1918
2024-10-03,단지_연구단지운동장,22,5,9982,1918
2024-10-03,대조_충남대,194,30,9982,1918
2024-10-04,etri,6,0,20934,3119
2024-10-04,kier,5,1,20934,3119
2024-10-04,kiom,3,0,20934,3119
2024-10-04,kribb,23,2,20934,3119
2024-10-04,krict,5,1,20934,3119
2024-10-04,단지_KTG중앙연구원,8,4,20934,3119
2024-10-04,단지_LG생활건강,2,0,20934,3119
2024-10-04,단지_연구단지네거리,26,2,20934,3119
2024-10-04,단지_연구단지운동장,14,1,20934,3119
2024-10-04,단지_한화솔루션,3,2,20934,3119
2024-10-04,대조_충남대,396,43,20934,3119
2024-10-05,etri,3,1,20380,2733
2024-10-05,kier,3,0,20380,2733
2024-10-05,kiom,2,0,20380,2733
2024-10-05,kribb,18,3,20380,2733
2024-10-05,단지_KTG중앙연구원,3,0,20380,2733
2024-10-05,단지_연구단지네거리,20,2,20380,2733
2024-10-05,단지_연구단지운동장,29,5,20380,2733
2024-10-05,단지_한화솔루션,4,1,20380,2733
2024-10-05,대조_충남대,287,47,20380,2733
2024-10-06,etri,1,1,14390,2108
2024-10-06,kier,1,0,14390,2108
2024-10-06,kiom,1,0,14390,2108
2024-10-06,kribb,3,0,14390,2108
2024-10-06,krict,2,0,14390,2108
2024-10-06,단지_KTG중앙연구원,8,1,14390,2108
2024-10-06,단지_연구단지네거리,17,2,14390,2108
2024-10-06,단지_연구단지운동장,9,2,14390,2108
2024-10-06,단지_한화솔루션,3,0,14390,2108
2024-10-06,대조_충남대,224,41,14390,2108
2024-10-07,etri,11,0,16391,2525
2024-10-07,kier,8,0,16391,2525
2024-10-07,kiom,4,0,16391,2525
2024-10-07,kribb,15,2,16391,2525
2024-10-07,krict,8,0,16391,2525
2024-10-07,단지_KTG중앙연구원,11,3,16391,2525
2024-10-07,단지_LG생활건강,1,0,16391,2525
2024-10-07,단지_연구단지네거리,7,0,16391,2525
2024-10-07,단지_연구단지운동장,15,4,16391,2525
2024-10-07,단지_한화솔루션,2,0,16391,2525
2024-10-07,대조_충남대,360,42,16391,2525
2024-10-08,etri,5,0,20053,3119
2024-10-08,kier,4,0,20053,3119
2024-10-08,kiom,5,0,20053,3119
2024-10-08,kribb,12,0,20053,3119
2024-10-08,krict,5,0,20053,3119
2024-10-08,단지_KTG중앙연구원,4,0,20053,3119
2024-10-08,단지_LG생활건강,1,0,20053,3119
2024-10-08,단지_연구단지네거리,25,4,20053,3119
2024-10-08,단지_연구단지운동장,14,5,20053,3119
2024-10-08,단지_한화솔루션,2,0,20053,3119
2024-10-08,대조_충남대,493,26,20053,3119
2024-10-09,etri,2,1,20185,2510
2024-10-09,kier,12,2,20185,2510
2024-10-09,kiom,3,0,20185,2510
2024-10-09,kribb,23,1,20185,2510
2024-10-09,krict,1,0,20185,2510
2024-10-09,단지_KTG중앙연구원,10,4,20185,2510
2024-10-09,단지_연구단지네거리,18,0,20185,2510
2024-10-09,단지_연구단지운동장,32,2,20185,2510
2024-10-09,단지_한화솔루션,1,0,20185,2510
2024-10-09,대조_충남대,373,41,20185,2510
2024-10-10,etri,7,0,19534,2824
2024-10-10,kier,9,0,19534,2824
2024-10-10,kiom,1,0,19534,2824
2024-10-10,kribb,17,1,19534,2824
2024-10-10,krict,5,1,19534,2824
2024-10-10,단지_KTG중앙연구원,12,1,19534,2824
2024-10-10,단지_LG생활건강,1,0,19534,2824
2024-10-10,단지_연구단지네거리,22,3,19534,2824
2024-10-10,단지_연구단지운동장,25,5,19534,2824
2024-10-10,단지_한화솔루션,3,1,19534,2824
2024-10-10,대조_충남대,534,45,19534,2824
2024-10-11,etri,7,0,21814,3152
2024-10-11,kier,11,0,21814,3152
2024-10-11,kiom,5,0,21814,3152
2024-10-11,kribb,19,0,21814,3152
2024-10-11,krict,8,1,21814,3152
2024-10-11,단지_KTG중앙연구원,6,0,21814,3152
2024-10-11,단지_LG생활건강,1,0,21814,3152
2024-10-11,단지_연구단지네거리,29,3,21814,3152
2024-10-11,단지_연구단지운동장,14,1,21814,3152
2024-10-11,단지_한화솔루션,9,0,21814,3152
2024-10-11,대조_충남대,477,41,21814,3152
2024-10-12,etri,1,0,20939,2880
2024-10-12,kier,7,0,20939,2880
2024-10-12,kiom,2,0,20939,2880
2024-10-12,kribb,18,1,20939,2880
2024-10-12,krict,3,1,20939,2880
2024-10-12,단지_KTG중앙연구원,6,0,20939,2880
2024-10-12,단지_연구단지네거리,33,4,20939,2880
2024-10-12,단지_연구단지운동장,32,3,20939,2880
2024-10-12,단지_한화솔루션,3,1,20939,2880
2024-10-12,대조_충남대,384,44,20939,2880
2024-10-13,etri,1,0,18592,2406
2024-10-13,kier,6,0,18592,2406
2024-10-13,kiom,3,0,18592,2406
2024-10-13,kribb,11,1,18592,2406
2024-10-13,krict,4,1,18592,2406
2024-10-13,단지_KTG중앙연구원,12,3,18592,2406
2024-10-13,단지_LG생활건강,1,0,18592,2406
2024-10-13,단지_연구단지네거리,24,2,18592,2406
2024-10-13,단지_연구단지운동장,33,3,18592,2406
2024-10-13,단지_한화솔루션,1,0,18592,2406
2024-10-13,대조_충남대,396,46,18592,2406
2024-10-14,etri,1,0,6350,828
2024-10-14,kier,5,2,6350,828
2024-10-14,kiom,1,0,6350,828
2024-10-14,kribb,8,4,6350,828
2024-10-14,krict,2,0,6350,828
2024-10-14,단지_KTG중앙연구원,3,0,6350,828
2024-10-14,단지_연구단지네거리,4,2,6350,828
2024-10-14,단지_한화솔루션,1,0,6350,828
2024-10-14,대조_충남대,140,22,6350,828
2024-10-15,etri,5,0,12564,2361
2024-10-15,kier,8,1,12564,2361
2024-10-15,kiom,7,0,12564,2361
2024-10-15,kribb,25,2,12564,2361
2024-10-15,krict,8,0,12564,2361
2024-10-15,단지_LG생활건강,8,0,12564,2361
2024-10-15,단지_연구단지네거리,11,3,12564,2361
2024-10-15,단지_연구단지운동장,25,2,12564,2361
2024-10-15,단지_한화솔루션,1,0,12564,2361
2024-10-15,대조_충남대,293,34,12564,2361
2024-10-16,etri,4,0,19830,2747
2024-10-16,kier,7,0,19830,2747
2024-10-16,kiom,4,0,19830,2747
2024-10-16,kribb,28,5,19830,2747
2024-10-16,krict,14,0,19830,2747
2024-10-16,단지_KTG중앙연구원,8,1,19830,2747
2024-10-16,단지_LG생활건강,3,0,19830,2747
2024-10-16,단지_연구단지네거리,19,4,19830,2747
2024-10-16,단지_연구단지운동장,20,2,19830,2747
2024-10-16,단지_한화솔루션,2,0,19830,2747
2024-10-16,대조_충남대,494,64,19830,2747
2024-10-17,etri,4,0,20877,2972
2024-10-17,kier,12,0,20877,2972
2024-10-17,kiom,1,0,20877,2972
2024-10-17,kribb,25,4,20877,2972
2024-10-17,krict,5,0,20877,2972
2024-10-17,단지_KTG중앙연구원,6,1,20877,2972
2024-10-17,단지_LG생활건강,1,0,20877,2972
2024-10-17,단지_연구단지네거리,16,3,20877,2972
2024-10-17,단지_연구단지운동장,22,2,20877,2972
2024-10-17,단지_한화솔루션,2,0,20877,2972
2024-10-17,대조_충남대,518,39,20877,2972
2024-10-18,etri,4,1,8343,993
2024-10-18,kier,2,0,8343,993
2024-10-18,kiom,2,0,8343,993
2024-10-18,kribb,10,0,8343,993
2024-10-18,krict,2,0,8343,993
2024-10-18,단지_KTG중앙연구원,2,0,8343,993
2024-10-18,단지_LG생활건강,2,0,8343,993
2024-10-18,단지_연구단지네거리,8,1,8343,993
2024-10-18,단지_연구단지운동장,5,0,8343,993
2024-10-18,단지_한화솔루션,4,0,8343,993
2024-10-18,대조_충남대,144,19,8343,993
2024-10-19,etri,4,1,13217,2019
2024-10-19,kier,5,0,13217,2019
2024-10-19,kiom,5,0,13217,2019
2024-10-19,kribb,20,2,13217,2019
2024-10-19,krict,4,1,13217,2019
2024-10-19,단지_KTG중앙연구원,5,0,13217,2019
2024-10-19,단지_LG생활건강,1,0,13217,2019
2024-10-19,단지_연구단지네거리,21,1,13217,2019
2024-10-19,단지_연구단지운동장,23,4,13217,2019
2024-10-19,단지_한화솔루션,1,0,13217,2019
2024-10-19,대조_충남대,315,60,13217,2019
2024-10-20,etri,4,1,15778,1784
2024-10-20,kier,5,0,15778,1784
2024-10-20,kiom,1,0,15778,1784
2024-10-20,kribb,17,4,15778,1784
2024-10-20,krict,3,0,15778,1784
2024-10-20,단지_KTG중앙연구원,8,0,15778,1784
2024-10-20,단지_연구단지네거리,17,1,15778,1784
2024-10-20,단지_연구단지운동장,23,3,15778,1784
2024-10-20,단지_한화솔루션,2,0,15778,1784
2024-10-20,대조_충남대,357,45,15778,1784
2024-10-21,etri,5,0,13564,890
2024-10-21,kier,9,0,13564,890
2024-10-21,kiom,2,0,13564,890
2024-10-21,kribb,17,3,13564,890
2024-10-21,krict,3,2,13564,890
2024-10-21,단지_KTG중앙연구원,5,0,13564,890
2024-10-21,단지_LG생활건강,1,0,13564,890
2024-10-21,단지_연구단지네거리,13,3,13564,890
2024-10-21,단지_연구단지운동장,13,3,13564,890
2024-10-21,대조_충남대,405,25,13564,890
2024-10-22,etri,1,0,3329,339
2024-10-22,kier,1,0,3329,339
2024-10-22,kribb,9,4,3329,339
2024-10-22,krict,1,0,3329,339
2024-10-22,단지_KTG중앙연구원,1,0,3329,339
2024-10-22,단지_LG생활건강,1,0,3329,339
2024-10-22,단지_연구단지네거리,5,1,3329,339
2024-10-22,단지_연구단지운동장,5,0,3329,339
2024-10-22,단지_한화솔루션,2,0,3329,339
2024-10-22,대조_충남대,71,5,3329,339
2024-10-23,etri,9,0,16663,2222
2024-10-23,kier,15,1,16663,2222
2024-10-23,kiom,3,2,16663,2222
2024-10-23,kribb,29,3,16663,2222
2024-10-23,krict,14,0,16663,2222
2024-10-23,단지_KTG중앙연구원,2,0,16663,2222
2024-10-23,단지_LG생활건강,1,0,16663,2222
2024-10-23,단지_연구단지네거리,25,2,16663,2222
2024-10-23,단지_연구단지운동장,23,2,16663,2222
2024-10-23,단지_한화솔루션,4,0,16663,2222
2024-10-23,대조_충남대,401,34,16663,2222
2024-10-24,etri,8,0,18374,2371
2024-10-24,kier,11,0,18374,2371
2024-10-24,kiom,3,0,18374,2371
2024-10-24,kribb,32,7,18374,2371
2024-10-24,krict,7,2,18374,2371
2024-10-24,단지_KTG중앙연구원,6,0,18374,2371
2024-10-24,단지_LG생활건강,2,0,18374,2371
2024-10-24,단지_연구단지네거리,17,2,18374,2371
2024-10-24,단지_연구단지운동장,24,4,18374,2371
2024-10-24,단지_한화솔루션,3,0,18374,2371
2024-10-24,대조_충남대,429,25,18374,2371
2024-10-25,etri,5,0,20104,2778
2024-10-25,kier,9,0,20104,2778
2024-10-25,kiom,3,0,20104,2778
2024-10-25,kribb,17,0,20104,2778
2024-10-25,krict,5,0,20104,2778
2024-10-25,단지_KTG중앙연구원,13,0,20104,2778
2024-10-25,단지_연구단지네거리,25,6,20104,2778
2024-10-25,단지_연구단지운동장,14,1,20104,2778
2024-10-25,단지_한화솔루션,5,0,20104,2778
2024-10-25,대조_충남대,391,39,20104,2778
2024-10-26,etri,2,0,19741,2596
2024-10-26,kier,7,4,19741,2596
2024-10-26,kiom,1,0,19741,2596
2024-10-26,kribb,10,2,19741,2596
2024-10-26,krict,4,0,19741,2596
2024-10-26,단지_KTG중앙연구원,6,2,19741,2596
2024-10-26,단지_LG생활건강,1,0,19741,2596
2024-10-26,단지_연구단지네거리,18,1,19741,2596
2024-10-26,단지_연구단지운동장,24,5,19741,2596
2024-10-26,단지_한화솔루션,2,0,19741,2596
2024-10-26,대조_충남대,310,35,19741,2596
2024-10-27,etri,1,0,13527,1194
2024-10-27,kier,3,1,13527,1194
2024-10-27,kiom,2,0,13527,1194
2024-10-27,kribb,12,2,13527,1194
2024-10-27,krict,4,0,13527,1194
2024-10-27,단지_KTG중앙연구원,6,0,13527,1194
2024-10-27,단지_연구단지네거리,18,0,13527,1194
2024-10-27,단지_연구단지운동장,14,0,13527,1194
2024-10-27,단지_한화솔루션,1,0,13527,1194
2024-10-27,대조_충남대,258,20,13527,1194
2024-10-28,etri,5,1,16660,2257
2024-10-28,kier,16,1,16660,2257
2024-10-28,kiom,1,0,16660,2257
2024-10-28,kribb,29,7,16660,2257
2024-10-28,krict,8,0,16660,2257
2024-10-28,단지_KTG중앙연구원,4,1,16660,2257
2024-10-28,단지_LG생활건강,3,0,16660,2257
2024-10-28,단지_연구단지네거리,19,2,16660,2257
2024-10-28,단지_연구단지운동장,26,4,16660,2257
2024-10-28,단지_한화솔루션,2,0,16660,2257
2024-10-28,대조_충남대,464,40,16660,2257
2024-10-29,etri,8,1,18432,2517
2024-10-29,kier,12,0,18432,2517
2024-10-29,kiom,3,1,18432,2517
2024-10-29,kribb,33,6,18432,2517
2024-10-29,krict,8,4,18432,2517
2024-10-29,단지_KTG중앙연구원,9,2,18432,2517
2024-10-29,단지_LG생활건강,1,0,18432,2517
2024-10-29,단지_연구단지네거리,23,4,18432,2517
2024-10-29,단지_연구단지운동장,28,2,18432,2517
2024-10-29,단지_한화솔루션,5,0,18432,2517
2024-10-29,대조_충남대,474,41,18432,2517
2024-10-30,etri,7,0,18655,2386
2024-10-30,kier,11,0,18655,2386
2024-10-30,kiom,2,0,18655,2386
2024-10-30,kribb,22,1,18655,2386
2024-10-30,krict,11,0,18655,2386
2024-10-30,단지_KTG중앙연구원,6,1,18655,2386
2024-10-30,단지_LG생활건강,2,0,18655,2386
2024-10-30,단지_연구단지네거리,21,4,18655,2386
2024-10-30,단지_연구단지운동장,24,1,18655,2386
2024-10-30,단지_한화솔루션,3,0,18655,2386
2024-10-30,대조_충남대,451,29,18655,2386
2024-10-31,etri,3,0,18378,2477
2024-10-31,kier,6,1,18378,2477
2024-10-31,kribb,26,6,18378,2477
2024-10-31,krict,10,0,18378,2477
2024-10-31,단지_KTG중앙연구원,11,3,18378,2477
2024-10-31,단지_연구단지네거리,14,1,18378,2477
2024-10-31,단지_연구단지운동장,23,4,18378,2477
2024-10-31,단지_한화솔루션,5,2,18378,2477
2024-10-31,대조_충남대,375,41,18378,2477
2024-11-01,etri,3,0,13462,2398
2024-11-01,kier,4,0,13462,2398
2024-11-01,kribb,20,3,13462,2398
2024-11-01,krict,2,0,13462,2398
2024-11-01,단지_KTG중앙연구원,5,0,13462,2398
2024-11-01,단지_연구단지네거리,13,3,13462,2398
2024-11-01,단지_연구단지운동장,9,4,13462,2398
2024-11-01,대조_충남대,222,28,13462,2398
2024-11-02,etri,6,0,17373,2482
2024-11-02,kier,2,0,17373,2482
2024-11-02,kiom,2,0,17373,2482
2024-11-02,kribb,15,2,17373,2482
2024-11-02,krict,3,1,17373,2482
2024-11-02,단지_KTG중앙연구원,7,2,17373,2482
2024-11-02,단지_연구단지네거리,24,1,17373,2482
2024-11-02,단지_연구단지운동장,20,3,17373,2482
2024-11-02,대조_충남대,214,33,17373,2482
2024-11-03,etri,3,0,16365,1901
2024-11-03,kier,3,0,16365,1901
2024-11-03,kiom,2,0,16365,1901
2024-11-03,kribb,14,4,16365,1901
2024-11-03,krict,2,1,16365,1901
2024-11-03,단지_KTG중앙연구원,11,0,16365,1901
2024-11-03,단지_연구단지네거리,16,4,16365,1901
2024-11-03,단지_연구단지운동장,11,3,16365,1901
2024-11-03,단지_한화솔루션,1,1,16365,1901
2024-11-03,대조_충남대,238,37,16365,1901
2024-11-04,etri,6,0,15807,2050
2024-11-04,kier,8,1,15807,2050
2024-11-04,kiom,4,1,15807,2050
2024-11-04,kribb,28,5,15807,2050
2024-11-04,krict,8,0,15807,2050
2024-11-04,단지_KTG중앙연구원,7,0,15807,2050
2024-11-04,단지_LG생활건강,2,0,15807,2050
2024-11-04,단지_연구단지네거리,10,0,15807,2050
2024-11-04,단지_연구단지운동장,18,4,15807,2050
2024-11-04,대조_충남대,373,33,15807,2050
2024-11-05,etri,6,0,16075,2038
2024-11-05,kier,11,1,16075,2038
2024-11-05,kiom,3,0,16075,2038
2024-11-05,kribb,19,5,16075,2038
2024-11-05,krict,2,0,16075,2038
2024-11-05,단지_KTG중앙연구원,5,0,16075,2038
2024-11-05,단지_LG생활건강,1,0,16075,2038
2024-11-05,단지_연구단지네거리,21,1,16075,2038
2024-11-05,단지_연구단지운동장,17,0,16075,2038
2024-11-05,단지_한화솔루션,4,1,16075,2038
2024-11-05,대조_충남대,406,21,16075,2038
2024-11-06,etri,1,0,15477,1780
2024-11-06,kier,1,0,15477,1780
2024-11-06,kiom,2,0,15477,1780
2024-11-06,kribb,22,1,15477,1780
2024-11-06,krict,4,0,15477,1780
2024-11-06,단지_KTG중앙연구원,2,0,15477,1780
2024-11-06,단지_LG생활건강,2,0,15477,1780
2024-11-06,단지_연구단지네거리,17,4,15477,1780
2024-11-06,단지_연구단지운동장,13,0,15477,1780
2024-11-06,단지_한화솔루션,5,0,15477,1780
2024-11-06,대조_충남대,357,30,15477,1780
2024-11-07,etri,6,0,15565,1907
2024-11-07,kier,11,2,15565,1907
2024-11-07,kiom,2,1,15565,1907
2024-11-07,kribb,23,2,15565,1907
2024-11-07,krict,4,0,15565,1907
2024-11-07,단지_KTG중앙연구원,4,2,15565,1907
2024-11-07,단지_LG생활건강,1,0,15565,1907
2024-11-07,단지_연구단지네거리,15,3,15565,1907
2024-11-07,단지_연구단지운동장,22,5,15565,1907
2024-11-07,단지_한화솔루션,4,1,15565,1907
2024-11-07,대조_충남대,365,30,15565,1907
2024-11-08,etri,3,0,17374,2327
2024-11-08,kier,8,2,17374,2327
2024-11-08,kiom,6,0,17374,2327
2024-11-08,kribb,23,2,17374,2327
2024-11-08,krict,8,2,17374,2327
2024-11-08,단지_KTG중앙연구원,2,0,17374,2327
2024-11-08,단지_LG생활건강,1,0,17374,2327
2024-11-08,단지_연구단지네거리,14,2,17374,2327
2024-11-08,단지_연구단지운동장,16,3,17374,2327
2024-11-08,단지_한화솔루션,1,0,17374,2327
2024-11-08,대조_충남대,298,28,17374,2327
2024-11-09,etri,4,0,17063,2149
2024-11-09,kier,7,0,17063,2149
2024-11-09,kiom,1,0,17063,2149
2024-11-09,kribb,3,1,17063,2149
2024-11-09,krict,1,0,17063,2149
2024-11-09,단지_KTG중앙연구원,6,0,17063,2149
2024-11-09,단지_LG생활건강,1,0,17063,2149
2024-11-09,단지_연구단지네거리,27,3,17063,2149
2024-11-09,단지_연구단지운동장,12,0,17063,2149
2024-11-09,단지_한화솔루션,2,0,17063,2149
2024-11-09,대조_충남대,242,42,17063,2149
2024-11-10,etri,1,1,14761,1604
2024-11-10,kier,4,0,14761,1604
2024-11-10,kribb,16,2,14761,1604
2024-11-10,krict,3,0,14761,1604
2024-11-10,단지_KTG중앙연구원,5,0,14761,1604
2024-11-10,단지_연구단지네거리,11,2,14761,1604
2024-11-10,단지_연구단지운동장,18,1,14761,1604
2024-11-10,단지_한화솔루션,1,0,14761,1604
2024-11-10,대조_충남대,231,39,14761,1604
2024-11-11,etri,2,0,15525,2018
2024-11-11,kier,6,0,15525,2018
2024-11-11,kiom,1,1,15525,2018
2024-11-11,kribb,33,5,15525,2018
2024-11-11,krict,10,2,15525,2018
2024-11-11,단지_KTG중앙연구원,7,1,15525,2018
2024-11-11,단지_LG생활건강,2,0,15525,2018
2024-11-11,단지_연구단지네거리,13,1,15525,2018
2024-11-11,단지_연구단지운동장,19,1,15525,2018
2024-11-11,단지_한화솔루션,5,0,15525,2018
2024-11-11,대조_충남대,294,23,15525,2018
2024-11-12,etri,2,1,16583,2108
2024-11-12,kier,9,0,16583,2108
2024-11-12,kiom,6,0,16583,2108
2024-11-12,kribb,23,3,16583,2108
2024-11-12,krict,4,0,16583,2108
2024-11-12,단지_KTG중앙연구원,13,0,16583,2108
2024-11-12,단지_LG생활건강,6,0,16583,2108
2024-11-12,단지_연구단지네거리,26,2,16583,2108
2024-11-12,단지_연구단지운동장,19,1,16583,2108
2024-11-12,단지_한화솔루션,5,1,16583,2108
2024-11-12,대조_충남대,377,34,16583,2108
2024-11-13,etri,4,0,17823,2228
2024-11-13,kier,5,0,17823,2228
2024-11-13,kiom,1,0,17823,2228
2024-11-13,kribb,24,3,17823,2228
2024-11-13,krict,4,0,17823,2228
2024-11-13,단지_KTG중앙연구원,1,0,17823,2228
2024-11-13,단지_LG생활건강,1,0,17823,2228
2024-11-13,단지_연구단지네거리,14,0,17823,2228
2024-11-13,단지_연구단지운동장,9,1,17823,2228
2024-11-13,단지_한화솔루션,3,0,17823,2228
2024-11-13,대조_충남대,381,41,17823,2228
2024-11-14,etri,6,0,15493,1978
2024-11-14,kier,8,0,15493,1978
2024-11-14,kiom,3,0,15493,1978
2024-11-14,kribb,23,3,15493,1978
2024-11-14,krict,2,0,15493,1978
2024-11-14,단지_KTG중앙연구원,5,0,15493,1978
2024-11-14,단지_LG생활건강,1,0,15493,1978
2024-11-14,단지_연구단지네거리,14,1,15493,1978
2024-11-14,단지_연구단지운동장,9,0,15493,1978
2024-11-14,단지_한화솔루션,1,0,15493,1978
2024-11-14,대조_충남대,349,33,15493,1978
2024-11-15,kier,4,0,15358,2572
2024-11-15,kiom,3,0,15358,2572
2024-11-15,kribb,8,0,15358,2572
2024-11-15,krict,2,0,15358,2572
2024-11-15,단지_KTG중앙연구원,2,0,15358,2572
2024-11-15,단지_연구단지네거리,11,2,15358,2572
2024-11-15,단지_연구단지운동장,18,0,15358,2572
2024-11-15,단지_한화솔루션,3,0,15358,2572
2024-11-15,대조_충남대,239,22,15358,2572
2024-11-16,kier,2,0,16411,1434
2024-11-16,kiom,4,0,16411,1434
2024-11-16,kribb,8,1,16411,1434
2024-11-16,단지_연구단지네거리,19,2,16411,1434
2024-11-16,단지_연구단지운동장,16,0,16411,1434
2024-11-16,단지_한화솔루션,1,0,16411,1434
2024-11-16,대조_충남대,207,18,16411,1434
2024-11-17,etri,2,0,12070,1258
2024-11-17,kier,1,0,12070,1258
2024-11-17,kiom,1,0,12070,1258
2024-11-17,kribb,13,2,12070,1258
2024-11-17,krict,5,2,12070,1258
2024-11-17,단지_KTG중앙연구원,2,0,12070,1258
2024-11-17,단지_연구단지네거리,10,1,12070,1258
2024-11-17,단지_연구단지운동장,18,1,12070,1258
2024-11-17,단지_한화솔루션,2,0,12070,1258
2024-11-17,대조_충남대,222,19,12070,1258
2024-11-18,etri,1,0,11793,1374
2024-11-18,kier,7,0,11793,1374
2024-11-18,kiom,1,0,11793,1374
2024-11-18,kribb,22,2,11793,1374
2024-11-18,krict,5,0,11793,1374
2024-11-18,단지_KTG중앙연구원,1,0,11793,1374
2024-11-18,단지_LG생활건강,2,0,11793,1374
2024-11-18,단지_연구단지네거리,6,0,11793,1374
2024-11-18,단지_연구단지운동장,14,2,11793,1374
2024-11-18,단지_한화솔루션,3,0,11793,1374
2024-11-18,대조_충남대,266,13,11793,1374
2024-11-19,etri,4,0,13778,1719
2024-11-19,kier,9,3,13778,1719
2024-11-19,kiom,1,1,13778,1719
2024-11-19,kribb,26,1,13778,1719
2024-11-19,krict,4,0,13778,1719
2024-11-19,단지_KTG중앙연구원,1,0,13778,1719
2024-11-19,단지_LG생활건강,2,0,13778,1719
2024-11-19,단지_연구단지네거리,12,1,13778,1719
2024-11-19,단지_연구단지운동장,13,2,13778,1719
2024-11-19,단지_한화솔루션,8,1,13778,1719
2024-11-19,대조_충남대,297,22,13778,1719
2024-11-20,etri,1,0,14734,1858
2024-11-20,kier,9,0,14734,1858
2024-11-20,kiom,2,0,14734,1858
2024-11-20,kribb,26,3,14734,1858
2024-11-20,krict,5,0,14734,1858
2024-11-20,단지_KTG중앙연구원,8,0,14734,1858
2024-11-20,단지_LG생활건강,2,0,14734,1858
2024-11-20,단지_연구단지네거리,19,2,14734,1858
2024-11-20,단지_연구단지운동장,17,3,14734,1858
2024-11-20,단지_한화솔루션,3,1,14734,1858
2024-11-20,대조_충남대,316,33,14734,1858
2024-11-21,etri,3,0,15293,2018
2024-11-21,kier,6,1,15293,2018
2024-11-21,kiom,1,0,15293,2018
2024-11-21,kribb,24,1,15293,2018
2024-11-21,krict,4,0,15293,2018
2024-11-21,단지_KTG중앙연구원,8,3,15293,2018
2024-11-21,단지_연구단지네거리,16,4,15293,2018
2024-11-21,단지_연구단지운동장,20,6,15293,2018
2024-11-21,단지_한화솔루션,6,3,15293,2018
2024-11-21,대조_충남대,345,31,15293,2018
2024-11-22,kier,7,0,15311,1740
2024-11-22,kiom,1,1,15311,1740
2024-11-22,kribb,15,0,15311,1740
2024-11-22,krict,5,1,15311,1740
2024-11-22,단지_KTG중앙연구원,5,0,15311,1740
2024-11-22,단지_LG생활건강,2,0,15311,1740
2024-11-22,단지_연구단지네거리,19,0,15311,1740
2024-11-22,단지_연구단지운동장,28,3,15311,1740
2024-11-22,단지_한화솔루션,1,1,15311,1740
2024-11-22,대조_충남대,260,15,15311,1740
2024-11-23,etri,1,0,13037,1512
2024-11-23,kier,4,0,13037,1512
2024-11-23,kiom,3,0,13037,1512
2024-11-23,kribb,15,2,13037,1512
2024-11-23,krict,2,0,13037,1512
2024-11-23,단지_KTG중앙연구원,10,0,13037,1512
2024-11-23,단지_LG생활건강,1,0,13037,1512
2024-11-23,단지_연구단지네거리,10,1,13037,1512
2024-11-23,단지_연구단지운동장,16,1,13037,1512
2024-11-23,단지_한화솔루션,2,0,13037,1512
2024-11-23,대조_충남대,219,29,13037,1512
2024-11-24,etri,2,0,11819,1226
2024-11-24,kier,3,0,11819,1226
2024-11-24,kiom,4,0,11819,1226
2024-11-24,kribb,6,0,11819,1226
2024-11-24,krict,1,1,11819,1226
2024-11-24,단지_KTG중앙연구원,9,0,11819,1226
2024-11-24,단지_연구단지네거리,18,0,11819,1226
2024-11-24,단지_연구단지운동장,11,0,11819,1226
2024-11-24,단지_한화솔루션,2,0,11819,1226
2024-11-24,대조_충남대,245,30,11819,1226
2024-11-25,etri,8,0,13874,1660
2024-11-25,kier,5,1,13874,1660
2024-11-25,kiom,2,0,13874,1660
2024-11-25,kribb,18,0,13874,1660
2024-11-25,krict,12,0,13874,1660
2024-11-25,단지_KTG중앙연구원,6,1,13874,1660
2024-11-25,단지_연구단지네거리,5,3,13874,1660
2024-11-25,단지_연구단지운동장,24,0,13874,1660
2024-11-25,단지_한화솔루션,3,0,13874,1660
2024-11-25,대조_충남대,331,22,13874,1660
2024-11-26,etri,2,0,7920,1163
2024-11-26,kier,6,0,7920,1163
2024-11-26,kiom,1,0,7920,1163
2024-11-26,kribb,8,3,7920,1163
2024-11-26,단지_KTG중앙연구원,1,0,7920,1163
2024-11-26,단지_연구단지네거리,5,0,7920,1163
2024-11-26,단지_연구단지운동장,8,0,7920,1163
2024-11-26,단지_한화솔루션,2,0,7920,1163
2024-11-26,대조_충남대,199,21,7920,1163
2024-11-27,etri,2,0,6155,789
2024-11-27,kier,1,1,6155,789
2024-11-27,kiom,2,0,6155,789
2024-11-27,kribb,10,2,6155,789
2024-11-27,krict,1,0,6155,789
2024-11-27,단지_KTG중앙연구원,3,0,6155,789
2024-11-27,단지_LG생활건강,2,0,6155,789
2024-11-27,단지_연구단지네거리,6,0,6155,789
2024-11-27,단지_연구단지운동장,8,2,6155,789
2024-11-27,대조_충남대,181,14,6155,789
2024-11-28,etri,3,1,6390,1087
2024-11-28,kribb,19,5,6390,1087
2024-11-28,krict,2,1,6390,1087
2024-11-28,단지_KTG중앙연구원,2,0,6390,1087
2024-11-28,단지_연구단지네거리,3,0,6390,1087
2024-11-28,단지_연구단지운동장,10,0,6390,1087
2024-11-28,단지_한화솔루션,1,1,6390,1087
2024-11-28,대조_충남대,202,25,6390,1087
2024-11-29,etri,4,0,8955,936
2024-11-29,kier,7,0,8955,936
2024-11-29,kiom,1,0,8955,936
2024-11-29,kribb,18,3,8955,936
2024-11-29,krict,13,5,8955,936
2024-11-29,단지_KTG중앙연구원,6,0,8955,936
2024-11-29,단지_LG생활건강,1,0,8955,936
2024-11-29,단지_연구단지네거리,6,1,8955,936
2024-11-29,단지_연구단지운동장,9,1,8955,936
2024-11-29,단지_한화솔루션,3,0,8955,936
2024-11-29,대조_충남대,212,11,8955,936
2024-11-30,etri,2,0,11059,1511
2024-11-30,ibs,2,2,11059,1511
2024-11-30,kier,6,1,11059,1511
2024-11-30,kribb,14,1,11059,1511
2024-11-30,krict,1,0,11059,1511
2024-11-30,단지_KTG중앙연구원,7,2,11059,1511
2024-11-30,단지_연구단지네거리,8,0,11059,1511
2024-11-30,단지_연구단지운동장,24,4,11059,1511
2024-11-30,단지_한화솔루션,1,0,11059,1511
2024-11-30,대조_충남대,181,27,11059,1511
2024-12-01,kiom,1,0,11045,1301
2024-12-01,kribb,15,3,11045,1301
2024-12-01,krict,2,0,11045,1301
2024-12-01,단지_KTG중앙연구원,4,0,11045,1301
2024-12-01,단지_연구단지네거리,10,2,11045,1301
2024-12-01,단지_연구단지운동장,14,1,11045,1301
2024-12-01,단지_한화솔루션,3,1,11045,1301
2024-12-01,대조_충남대,197,31,11045,1301
2024-12-02,etri,3,0,11617,1468
2024-12-02,ibs,1,0,11617,1468
2024-12-02,kier,8,0,11617,1468
2024-12-02,kiom,4,0,11617,1468
2024-12-02,kribb,18,3,11617,1468
2024-12-02,krict,5,0,11617,1468
2024-12-02,단지_KTG중앙연구원,8,1,11617,1468
2024-12-02,단지_연구단지네거리,12,3,11617,1468
2024-12-02,단지_연구단지운동장,16,1,11617,1468
2024-12-02,단지_한화솔루션,1,0,11617,1468
2024-12-02,대조_충남대,295,23,11617,1468
2024-12-03,etri,5,0,10292,1249
2024-12-03,kier,7,1,10292,1249
2024-12-03,kiom,2,0,10292,1249
2024-12-03,kribb,15,1,10292,1249
2024-12-03,krict,1,0,10292,1249
2024-12-03,단지_KTG중앙연구원,3,0,10292,1249
2024-12-03,단지_LG생활건강,2,0,10292,1249
2024-12-03,단지_연구단지네거리,12,0,10292,1249
2024-12-03,단지_연구단지운동장,16,2,10292,1249
2024-12-03,단지_한화솔루션,3,0,10292,1249
2024-12-03,대조_충남대,282,20,10292,1249
2024-12-04,etri,1,0,10546,1294
2024-12-04,ibs,2,0,10546,1294
2024-12-04,kier,9,3,10546,1294
2024-12-04,kiom,2,0,10546,1294
2024-12-04,kribb,16,1,10546,1294
2024-12-04,krict,7,0,10546,1294
2024-12-04,단지_KTG중앙연구원,7,1,10546,1294
2024-12-04,단지_LG생활건강,3,0,10546,1294
2024-12-04,단지_연구단지네거리,19,3,10546,1294
2024-12-04,단지_연구단지운동장,13,2,10546,1294
2024-12-04,단지_한화솔루션,1,0,10546,1294
2024-12-04,대조_충남대,282,19,10546,1294
2024-12-05,etri,1,0,8873,534
2024-12-05,kier,5,0,8873,534
2024-12-05,kiom,1,0,8873,534
2024-12-05,kribb,17,0,8873,534
2024-12-05,krict,4,0,8873,534
2024-12-05,단지_KTG중앙연구원,1,0,8873,534
2024-12-05,단지_LG생활건강,2,0,8873,534
2024-12-05,단지_연구단지네거리,9,0,8873,534
2024-12-05,단지_연구단지운동장,11,0,8873,534
2024-12-05,단지_한화솔루션,1,0,8873,534
2024-12-05,대조_충남대,219,7,8873,534
2024-12-06,etri,4,0,11463,1498
2024-12-06,kier,17,2,11463,1498
2024-12-06,kiom,2,0,11463,1498
2024-12-06,kribb,14,0,11463,1498
2024-12-06,krict,6,0,11463,1498
2024-12-06,단지_KTG중앙연구원,3,0,11463,1498
2024-12-06,단지_LG생활건강,1,0,11463,1498
2024-12-06,단지_연구단지네거리,11,1,11463,1498
2024-12-06,단지_연구단지운동장,22,2,11463,1498
2024-12-06,단지_한화솔루션,2,1,11463,1498
2024-12-06,대조_충남대,223,23,11463,1498
2024-12-07,etri,1,0,8845,1056
2024-12-07,kier,1,0,8845,1056
2024-12-07,kiom,2,0,8845,1056
2024-12-07,kribb,12,0,8845,1056
2024-12-07,단지_KTG중앙연구원,4,1,8845,1056
2024-12-07,단지_연구단지네거리,9,2,8845,1056
2024-12-07,단지_연구단지운동장,24,1,8845,1056
2024-12-07,단지_한화솔루션,1,0,8845,1056
2024-12-07,대조_충남대,139,18,8845,1056
2024-12-08,kier,4,1,7417,888
2024-12-08,kiom,2,0,7417,888
2024-12-08,kribb,14,0,7417,888
2024-12-08,단지_KTG중앙연구원,2,0,7417,888
2024-12-08,단지_연구단지네거리,7,0,7417,888
2024-12-08,단지_연구단지운동장,6,2,7417,888
2024-12-08,대조_충남대,134,18,7417,888
2024-12-09,etri,1,0,9932,1392
2024-12-09,kier,10,2,9932,1392
2024-12-09,kiom,1,0,9932,1392
2024-12-09,kribb,22,3,9932,1392
2024-12-09,krict,6,0,9932,1392
2024-12-09,단지_KTG중앙연구원,6,3,9932,1392
2024-12-09,단지_연구단지네거리,9,0,9932,1392
2024-12-09,단지_연구단지운동장,23,2,9932,1392
2024-12-09,단지_한화솔루션,2,0,9932,1392
2024-12-09,대조_충남대,253,22,9932,1392
2024-12-10,etri,1,0,10751,1361
2024-12-10,ibs,1,0,10751,1361
2024-12-10,kier,11,0,10751,1361
2024-12-10,kiom,1,0,10751,1361
2024-12-10,kribb,21,2,10751,1361
2024-12-10,krict,11,0,10751,1361
2024-12-10,단지_KTG중앙연구원,4,0,10751,1361
2024-12-10,단지_LG생활건강,1,0,10751,1361
2024-12-10,단지_연구단지네거리,8,0,10751,1361
2024-12-10,단지_연구단지운동장,17,1,10751,1361
2024-12-10,단지_한화솔루션,2,0,10751,1361
2024-12-10,대조_충남대,227,18,10751,1361
2024-12-11,etri,4,0,11221,1366
2024-12-11,ibs,1,0,11221,1366
2024-12-11,kier,7,1,11221,1366
2024-12-11,kiom,3,1,11221,1366
2024-12-11,kribb,28,2,11221,1366
2024-12-11,krict,10,1,11221,1366
2024-12-11,단지_KTG중앙연구원,5,0,11221,1366
2024-12-11,단지_LG생활건강,4,0,11221,1366
2024-12-11,단지_연구단지네거리,11,0,11221,1366
2024-12-11,단지_연구단지운동장,15,1,11221,1366
2024-12-11,단지_한화솔루션,4,1,11221,1366
2024-12-11,대조_충남대,257,41,11221,1366
2024-12-12,etri,5,0,10346,1371
2024-12-12,ibs,4,0,10346,1371
2024-12-12,kier,9,0,10346,1371
2024-12-12,kiom,1,1,10346,1371
2024-12-12,kribb,27,1,10346,1371
2024-12-12,krict,6,0,10346,1371
2024-12-12,단지_LG생활건강,5,1,10346,1371
2024-12-12,단지_연구단지네거리,12,0,10346,1371
2024-12-12,단지_연구단지운동장,23,2,10346,1371
2024-12-12,단지_한화솔루션,2,0,10346,1371
2024-12-12,대조_충남대,212,13,10346,1371
2024-12-13,etri,4,0,10340,1423
2024-12-13,ibs,2,0,10340,1423
2024-12-13,kier,8,1,10340,1423
2024-12-13,kiom,2,0,10340,1423
2024-12-13,kribb,19,1,10340,1423
2024-12-13,krict,3,1,10340,1423
2024-12-13,단지_KTG중앙연구원,4,0,10340,1423
2024-12-13,단지_LG생활건강,1,0,10340,1423
2024-12-13,단지_연구단지네거리,14,2,10340,1423
2024-12-13,단지_연구단지운동장,24,1,10340,1423
2024-12-13,단지_한화솔루션,3,0,10340,1423
2024-12-13,대조_충남대,183,28,10340,1423
2024-12-14,etri,1,0,8446,1144
2024-12-14,kier,3,1,8446,1144
2024-12-14,kiom,1,0,8446,1144
2024-12-14,kribb,8,0,8446,1144
2024-12-14,krict,6,0,8446,1144
2024-12-14,단지_KTG중앙연구원,3,0,8446,1144
2024-12-14,단지_연구단지네거리,5,1,8446,1144
2024-12-14,단지_연구단지운동장,15,0,8446,1144
2024-12-14,단지_한화솔루션,3,0,8446,1144
2024-12-14,대조_충남대,144,19,8446,1144
2024-12-15,kier,1,0,4385,847
2024-12-15,kribb,9,3,4385,847
2024-12-15,단지_KTG중앙연구원,2,0,4385,847
2024-12-15,단지_연구단지네거리,3,0,4385,847
2024-12-15,단지_연구단지운동장,9,0,4385,847
2024-12-15,대조_충남대,71,11,4385,847
2024-12-16,etri,4,0,8198,965
2024-12-16,ibs,1,0,8198,965
2024-12-16,kier,10,0,8198,965
2024-12-16,kiom,1,0,8198,965
2024-12-16,kribb,22,1,8198,965
2024-12-16,krict,8,0,8198,965
2024-12-16,단지_KTG중앙연구원,1,0,8198,965
2024-12-16,단지_LG생활건강,1,0,8198,965
2024-12-16,단지_연구단지네거리,4,0,8198,965
2024-12-16,단지_연구단지운동장,13,1,8198,965
2024-12-16,단지_한화솔루션,5,1,8198,965
2024-12-16,대조_충남대,190,13,8198,965
2024-12-17,etri,3,0,9708,1298
2024-12-17,ibs,3,0,9708,1298
2024-12-17,kier,3,0,9708,1298
2024-12-17,kiom,1,0,9708,1298
2024-12-17,kribb,19,1,9708,1298
2024-12-17,krict,6,0,9708,1298
2024-12-17,단지_KTG중앙연구원,1,1,9708,1298
2024-12-17,단지_LG생활건강,1,0,9708,1298
2024-12-17,단지_연구단지네거리,7,0,9708,1298
2024-12-17,단지_연구단지운동장,10,0,9708,1298
2024-12-17,단지_한화솔루션,3,0,9708,1298
2024-12-17,대조_충남대,188,15,9708,1298
2024-12-18,etri,2,0,9006,1172
2024-12-18,ibs,2,0,9006,1172
2024-12-18,kier,6,0,9006,1172
2024-12-18,kiom,1,0,9006,1172
2024-12-18,kribb,14,1,9006,1172
2024-12-18,krict,6,0,9006,1172
2024-12-18,단지_KTG중앙연구원,4,0,9006,1172
2024-12-18,단지_연구단지네거리,5,0,9006,1172
2024-12-18,단지_연구단지운동장,8,1,9006,1172
2024-12-18,단지_한화솔루션,3,0,9006,1172
2024-12-18,대조_충남대,175,15,9006,1172
2024-12-19,etri,2,0,9234,1184
2024-12-19,ibs,2,0,9234,1184
2024-12-19,kier,5,0,9234,1184
2024-12-19,kiom,1,1,9234,1184
2024-12-19,kribb,20,2,9234,1184
2024-12-19,krict,7,0,9234,1184
2024-12-19,단지_LG생활건강,1,0,9234,1184
2024-12-19,단지_연구단지네거리,4,0,9234,1184
2024-12-19,단지_연구단지운동장,11,2,9234,1184
2024-12-19,단지_한화솔루션,1,0,9234,1184
2024-12-19,대조_충남대,156,14,9234,1184
2024-12-20,etri,2,0,9427,744
2024-12-20,kier,6,0,9427,744
2024-12-20,kribb,23,3,9427,744
2024-12-20,krict,5,0,9427,744
2024-12-20,단지_KTG중앙연구원,6,0,9427,744
2024-12-20,단지_연구단지네거리,13,1,9427,744
2024-12-20,단지_연구단지운동장,17,0,9427,744
2024-12-20,단지_한화솔루션,7,0,9427,744
2024-12-20,대조_충남대,204,12,9427,744
2024-12-21,etri,2,0,5052,841
2024-12-21,kribb,4,0,5052,841
2024-12-21,단지_KTG중앙연구원,1,0,5052,841
2024-12-21,단지_연구단지네거리,4,0,5052,841
2024-12-21,단지_연구단지운동장,11,2,5052,841
2024-12-21,단지_한화솔루션,1,0,5052,841
2024-12-21,대조_충남대,80,11,5052,841
2024-12-22,kier,2,0,5810,702
2024-12-22,kribb,13,0,5810,702
2024-12-22,단지_KTG중앙연구원,6,0,5810,702
2024-12-22,단지_연구단지네거리,7,0,5810,702
2024-12-22,단지_연구단지운동장,8,2,5810,702
2024-12-22,단지_한화솔루션,1,0,5810,702
2024-12-22,대조_충남대,91,20,5810,702
2024-12-23,etri,5,0,8621,1153
2024-12-23,kier,1,0,8621,1153
2024-12-23,kribb,15,0,8621,1153
2024-12-23,krict,8,0,8621,1153
2024-12-23,단지_KTG중앙연구원,1,0,8621,1153
2024-12-23,단지_LG생활건강,1,1,8621,1153
2024-12-23,단지_연구단지네거리,5,1,8621,1153
2024-12-23,단지_연구단지운동장,9,1,8621,1153
2024-12-23,대조_충남대,111,20,8621,1153
2024-12-24,etri,6,0,9093,1055
2024-12-24,ibs,1,0,9093,1055
2024-12-24,kier,7,0,9093,1055
2024-12-24,kribb,17,0,9093,1055
2024-12-24,krict,8,0,9093,1055
2024-12-24,단지_KTG중앙연구원,3,0,9093,1055
2024-12-24,단지_LG생활건강,1,0,9093,1055
2024-12-24,단지_연구단지네거리,10,1,9093,1055
2024-12-24,단지_연구단지운동장,13,0,9093,1055
2024-12-24,단지_한화솔루션,4,1,9093,1055
2024-12-24,대조_충남대,125,6,9093,1055
2024-12-25,etri,1,0,7212,1022
2024-12-25,ibs,3,0,7212,1022
2024-12-25,kribb,8,0,7212,1022
2024-12-25,단지_KTG중앙연구원,2,0,7212,1022
2024-12-25,단지_LG생활건강,1,0,7212,1022
2024-12-25,단지_연구단지네거리,4,1,7212,1022
2024-12-25,단지_연구단지운동장,8,0,7212,1022
2024-12-25,단지_한화솔루션,3,0,7212,1022
2024-12-25,대조_충남대,118,15,7212,1022
2024-12-26,etri,4,0,7974,1088
2024-12-26,ibs,1,0,7974,1088
2024-12-26,kier,5,1,7974,1088
2024-12-26,kribb,15,0,7974,1088
2024-12-26,krict,8,0,7974,1088
2024-12-26,단지_KTG중앙연구원,6,1,7974,1088
2024-12-26,단지_LG생활건강,5,0,7974,1088
2024-12-26,단지_연구단지네거리,8,1,7974,1088
2024-12-26,단지_연구단지운동장,11,0,7974,1088
2024-12-26,단지_한화솔루션,8,0,7974,1088
2024-12-26,대조_충남대,167,17,7974,1088
2024-12-27,etri,1,0,7590,632
2024-12-27,kier,4,0,7590,632
2024-12-27,kiom,1,1,7590,632
2024-12-27,kribb,22,0,7590,632
2024-12-27,krict,5,0,7590,632
2024-12-27,단지_KTG중앙연구원,3,0,7590,632
2024-12-27,단지_LG생활건강,1,0,7590,632
2024-12-27,단지_연구단지네거리,7,0,7590,632
2024-12-27,단지_연구단지운동장,13,1,7590,632
2024-12-27,단지_한화솔루션,3,1,7590,632
2024-12-27,대조_충남대,164,8,7590,632
2024-12-28,kier,1,0,5958,838
2024-12-28,kiom,1,0,5958,838
2024-12-28,kribb,8,2,5958,838
2024-12-28,단지_KTG중앙연구원,2,0,5958,838
2024-12-28,단지_연구단지네거리,10,1,5958,838
2024-12-28,단지_연구단지운동장,10,1,5958,838
2024-12-28,단지_한화솔루션,3,0,5958,838
2024-12-28,대조_충남대,78,10,5958,838
2024-12-29,etri,1,0,6234,801
2024-12-29,ibs,1,0,6234,801
2024-12-29,kier,2,0,6234,801
2024-12-29,kribb,8,1,6234,801
2024-12-29,단지_KTG중앙연구원,5,0,6234,801
2024-12-29,단지_연구단지네거리,7,1,6234,801
2024-12-29,단지_연구단지운동장,12,0,6234,801
2024-12-29,단지_한화솔루션,2,0,6234,801
2024-12-29,대조_충남대,110,22,6234,801
2024-12-30,etri,2,0,9165,1301
2024-12-30,ibs,2,0,9165,1301
2024-12-30,kier,5,0,9165,1301
2024-12-30,kiom,1,0,9165,1301
2024-12-30,kribb,8,0,9165,1301
2024-12-30,krict,3,0,9165,1301
2024-12-30,단지_KTG중앙연구원,4,1,9165,1301
2024-12-30,단지_연구단지네거리,5,0,9165,1301
2024-12-30,단지_연구단지운동장,16,0,9165,1301
2024-12-30,단지_한화솔루션,1,1,9165,1301
2024-12-30,대조_충남대,167,24,9165,1301
2024-12-31,etri,1,0,8933,1009
2024-12-31,kier,5,0,8933,1009
2024-12-31,kribb,7,0,8933,1009
2024-12-31,krict,1,0,8933,1009
2024-12-31,단지_KTG중앙연구원,1,0,8933,1009
2024-12-31,단지_연구단지네거리,12,1,8933,1009
2024-12-31,단지_연구단지운동장,16,2,8933,1009
2024-12-31,단지_한화솔루션,2,0,8933,1009
2024-12-31,대조_충남대,147,12,8933,1009
2025-01-01,ibs,1,0,6672,788
2025-01-01,kier,3,0,6672,788
2025-01-01,kribb,6,1,6672,788
2025-01-01,단지_KTG중앙연구원,2,0,6672,788
2025-01-01,단지_연구단지네거리,6,1,6672,788
2025-01-01,단지_연구단지운동장,2,0,6672,788
2025-01-01,단지_한화솔루션,5,1,6672,788
2025-01-01,대조_충남대,102,11,6672,788
2025-01-02,etri,5,0,8426,1030
2025-01-02,ibs,3,0,8426,1030
2025-01-02,kier,12,0,8426,1030
2025-01-02,kribb,10,2,8426,1030
2025-01-02,krict,3,1,8426,1030
2025-01-02,단지_KTG중앙연구원,7,1,8426,1030
2025-01-02,단지_연구단지네거리,6,0,8426,1030
2025-01-02,단지_연구단지운동장,10,1,8426,1030
2025-01-02,단지_한화솔루션,3,0,8426,1030
2025-01-02,대조_충남대,179,5,8426,1030
2025-01-03,etri,2,0,8463,1104
2025-01-03,kier,7,1,8463,1104
2025-01-03,kribb,16,0,8463,1104
2025-01-03,krict,3,0,8463,1104
2025-01-03,단지_KTG중앙연구원,2,0,8463,1104
2025-01-03,단지_LG생활건강,2,0,8463,1104
2025-01-03,단지_연구단지네거리,6,0,8463,1104
2025-01-03,단지_연구단지운동장,13,2,8463,1104
2025-01-03,단지_한화솔루션,4,0,8463,1104
2025-01-03,대조_충남대,134,13,8463,1104
2025-01-04,etri,1,0,7588,892
2025-01-04,ibs,2,0,7588,892
2025-01-04,kier,2,0,7588,892
2025-01-04,kribb,2,0,7588,892
2025-01-04,krict,1,0,7588,892
2025-01-04,단지_KTG중앙연구원,1,0,7588,892
2025-01-04,단지_연구단지네거리,4,1,7588,892
2025-01-04,단지_연구단지운동장,8,1,7588,892
2025-01-04,단지_한화솔루션,2,0,7588,892
2025-01-04,대조_충남대,99,17,7588,892
2025-01-05,kier,2,1,4724,700
2025-01-05,kribb,4,1,4724,700
2025-01-05,krict,1,0,4724,700
2025-01-05,단지_KTG중앙연구원,3,0,4724,700
2025-01-05,단지_연구단지네거리,3,0,4724,700
2025-01-05,단지_연구단지운동장,4,0,4724,700
2025-01-05,단지_한화솔루션,1,0,4724,700
2025-01-05,대조_충남대,78,17,4724,700
2025-01-06,etri,1,0,6103,823
2025-01-06,kier,5,0,6103,823
2025-01-06,kiom,2,0,6103,823
2025-01-06,kribb,8,1,6103,823
2025-01-06,krict,3,0,6103,823
2025-01-06,단지_KTG중앙연구원,2,0,6103,823
2025-01-06,단지_LG생활건강,2,0,6103,823
2025-01-06,단지_연구단지네거리,3,0,6103,823
2025-01-06,단지_연구단지운동장,9,0,6103,823
2025-01-06,단지_한화솔루션,1,0,6103,823
2025-01-06,대조_충남대,133,11,6103,823
2025-01-07,etri,3,0,5293,675
2025-01-07,ibs,1,0,5293,675
2025-01-07,kier,4,0,5293,675
2025-01-07,kribb,8,0,5293,675
2025-01-07,krict,3,0,5293,675
2025-01-07,단지_KTG중앙연구원,1,0,5293,675
2025-01-07,단지_연구단지네거리,5,2,5293,675
2025-01-07,단지_연구단지운동장,11,1,5293,675
2025-01-07,단지_한화솔루션,5,1,5293,675
2025-01-07,대조_충남대,107,21,5293,675
2025-01-08,etri,2,0,4313,687
2025-01-08,ibs,1,0,4313,687
2025-01-08,kier,2,0,4313,687
2025-01-08,kribb,7,0,4313,687
2025-01-08,krict,2,0,4313,687
2025-01-08,단지_LG생활건강,1,0,4313,687
2025-01-08,단지_연구단지네거리,2,0,4313,687
2025-01-08,단지_연구단지운동장,4,0,4313,687
2025-01-08,단지_한화솔루션,1,0,4313,687
2025-01-08,대조_충남대,91,10,4313,687
2025-01-09,etri,1,1,3773,441
2025-01-09,kier,4,0,3773,441
2025-01-09,kribb,7,0,3773,441
2025-01-09,krict,1,0,3773,441
2025-01-09,단지_연구단지네거리,1,0,3773,441
2025-01-09,단지_연구단지운동장,4,0,3773,441
2025-01-09,단지_한화솔루션,1,0,3773,441
2025-01-09,대조_충남대,100,2,3773,441
2025-01-10,etri,2,0,5332,776
2025-01-10,kier,1,0,5332,776
2025-01-10,kribb,4,0,5332,776
2025-01-10,단지_KTG중앙연구원,1,0,5332,776
2025-01-10,단지_연구단지네거리,4,1,5332,776
2025-01-10,단지_연구단지운동장,3,1,5332,776
2025-01-10,단지_한화솔루션,2,0,5332,776
2025-01-10,대조_충남대,115,10,5332,776
2025-01-11,ibs,3,0,5126,716
2025-01-11,kier,1,0,5126,716
2025-01-11,kribb,5,0,5126,716
2025-01-11,krict,1,0,5126,716
2025-01-11,단지_KTG중앙연구원,3,0,5126,716
2025-01-11,단지_연구단지네거리,1,1,5126,716
2025-01-11,단지_연구단지운동장,4,1,5126,716
2025-01-11,단지_한화솔루션,1,0,5126,716
2025-01-11,대조_충남대,58,12,5126,716
2025-01-12,ibs,4,0,5092,651
2025-01-12,kier,1,0,5092,651
2025-01-12,kribb,6,0,5092,651
2025-01-12,단지_연구단지네거리,6,1,5092,651
2025-01-12,단지_연구단지운동장,2,0,5092,651
2025-01-12,대조_충남대,93,16,5092,651
2025-01-13,etri,4,0,6914,994
2025-01-13,ibs,6,0,6914,994
2025-01-13,kier,4,0,6914,994
2025-01-13,kribb,6,1,6914,994
2025-01-13,krict,2,1,6914,994
2025-01-13,단지_KTG중앙연구원,1,0,6914,994
2025-01-13,단지_LG생활건강,1,0,6914,994
2025-01-13,단지_연구단지네거리,5,1,6914,994
2025-01-13,단지_연구단지운동장,8,0,6914,994
2025-01-13,대조_충남대,135,15,6914,994
2025-01-14,etri,2,0,7729,1124
2025-01-14,ibs,1,0,7729,1124
2025-01-14,kier,6,0,7729,1124
2025-01-14,kiom,1,0,7729,1124
2025-01-14,kribb,13,2,7729,1124
2025-01-14,krict,3,0,7729,1124
2025-01-14,단지_KTG중앙연구원,4,1,7729,1124
2025-01-14,단지_LG생활건강,2,0,7729,1124
2025-01-14,단지_연구단지네거리,6,1,7729,1124
2025-01-14,단지_연구단지운동장,13,0,7729,1124
2025-01-14,단지_한화솔루션,3,0,7729,1124
2025-01-14,대조_충남대,180,23,7729,1124
2025-01-15,etri,3,0,6968,958
2025-01-15,ibs,2,0,6968,958
2025-01-15,kier,5,0,6968,958
2025-01-15,kribb,16,0,6968,958
2025-01-15,krict,5,2,6968,958
2025-01-15,단지_KTG중앙연구원,2,0,6968,958
2025-01-15,단지_LG생활건강,3,0,6968,958
2025-01-15,단지_연구단지네거리,7,0,6968,958
2025-01-15,단지_연구단지운동장,16,1,6968,958
2025-01-15,단지_한화솔루션,3,0,6968,958
2025-01-15,대조_충남대,145,20,6968,958
2025-01-16,etri,2,0,7795,1112
2025-01-16,ibs,2,0,7795,1112
2025-01-16,kier,6,0,7795,1112
2025-01-16,kribb,12,2,7795,1112
2025-01-16,krict,5,0,7795,1112
2025-01-16,단지_KTG중앙연구원,3,1,7795,1112
2025-01-16,단지_LG생활건강,2,0,7795,1112
2025-01-16,단지_연구단지네거리,5,0,7795,1112
2025-01-16,단지_연구단지운동장,23,2,7795,1112
2025-01-16,단지_한화솔루션,1,0,7795,1112
2025-01-16,대조_충남대,143,22,7795,1112
2025-01-17,etri,4,0,8556,1099
2025-01-17,ibs,5,0,8556,1099
2025-01-17,kier,6,0,8556,1099
2025-01-17,kribb,13,0,8556,1099
2025-01-17,krict,7,0,8556,1099
2025-01-17,단지_KTG중앙연구원,5,0,8556,1099
2025-01-17,단지_LG생활건강,1,0,8556,1099
2025-01-17,단지_연구단지네거리,8,1,8556,1099
2025-01-17,단지_연구단지운동장,18,2,8556,1099
2025-01-17,단지_한화솔루션,4,0,8556,1099
2025-01-17,대조_충남대,154,19,8556,1099
2025-01-18,ibs,1,0,7367,930
2025-01-18,kier,2,0,7367,930
2025-01-18,kribb,6,1,7367,930
2025-01-18,단지_KTG중앙연구원,1,0,7367,930
2025-01-18,단지_연구단지네거리,5,1,7367,930
2025-01-18,단지_연구단지운동장,3,0,7367,930
2025-01-18,대조_충남대,108,14,7367,930
2025-01-19,ibs,2,0,6872,879
2025-01-19,kier,2,0,6872,879
2025-01-19,kiom,3,0,6872,879
2025-01-19,kribb,9,2,6872,879
2025-01-19,krict,3,1,6872,879
2025-01-19,단지_KTG중앙연구원,3,0,6872,879
2025-01-19,단지_연구단지네거리,4,1,6872,879
2025-01-19,단지_연구단지운동장,15,1,6872,879
2025-01-19,대조_충남대,142,22,6872,879
2025-01-20,etri,2,0,8589,1129
2025-01-20,ibs,2,0,8589,1129
2025-01-20,kier,7,0,8589,1129
2025-01-20,kiom,1,1,8589,1129
2025-01-20,kribb,8,2,8589,1129
2025-01-20,krict,6,0,8589,1129
2025-01-20,단지_KTG중앙연구원,6,1,8589,1129
2025-01-20,단지_LG생활건강,1,0,8589,1129
2025-01-20,단지_연구단지네거리,4,0,8589,1129
2025-01-20,단지_연구단지운동장,12,2,8589,1129
2025-01-20,단지_한화솔루션,3,0,8589,1129
2025-01-20,대조_충남대,157,22,8589,1129
2025-01-21,ibs,3,1,8730,1179
2025-01-21,kier,7,0,8730,1179
2025-01-21,kribb,8,1,8730,1179
2025-01-21,krict,5,0,8730,1179
2025-01-21,단지_KTG중앙연구원,2,0,8730,1179
2025-01-21,단지_LG생활건강,1,0,8730,1179
2025-01-21,단지_연구단지네거리,9,2,8730,1179
2025-01-21,단지_연구단지운동장,7,2,8730,1179
2025-01-21,단지_한화솔루션,1,0,8730,1179
2025-01-21,대조_충남대,157,17,8730,1179
2025-01-22,etri,1,0,9333,1325
2025-01-22,kier,4,1,9333,1325
2025-01-22,kribb,14,0,9333,1325
2025-01-22,krict,4,0,9333,1325
2025-01-22,단지_KTG중앙연구원,5,0,9333,1325
2025-01-22,단지_LG생활건강,2,0,9333,1325
2025-01-22,단지_연구단지네거리,6,4,9333,1325
2025-01-22,단지_연구단지운동장,11,0,9333,1325
2025-01-22,단지_한화솔루션,3,0,9333,1325
2025-01-22,대조_충남대,162,28,9333,1325
2025-01-23,etri,3,0,9778,1374
2025-01-23,kier,5,0,9778,1374
2025-01-23,kribb,16,4,9778,1374
2025-01-23,krict,2,0,9778,1374
2025-01-23,단지_KTG중앙연구원,3,0,9778,1374
2025-01-23,단지_LG생활건강,2,1,9778,1374
2025-01-23,단지_연구단지네거리,8,1,9778,1374
2025-01-23,단지_연구단지운동장,14,1,9778,1374
2025-01-23,단지_한화솔루션,1,0,9778,1374
2025-01-23,대조_충남대,149,16,9778,1374
2025-01-24,etri,5,0,10323,1180
2025-01-24,ibs,2,0,10323,1180
2025-01-24,kier,5,0,10323,1180
2025-01-24,kribb,10,0,10323,1180
2025-01-24,krict,4,0,10323,1180
2025-01-24,단지_KTG중앙연구원,7,1,10323,1180
2025-01-24,단지_LG생활건강,2,0,10323,1180
2025-01-24,단지_연구단지네거리,11,2,10323,1180
2025-01-24,단지_연구단지운동장,7,2,10323,1180
2025-01-24,단지_한화솔루션,7,0,10323,1180
2025-01-24,대조_충남대,136,18,10323,1180
2025-01-25,etri,2,0,8858,1129
2025-01-25,ibs,1,0,8858,1129
2025-01-25,kribb,2,0,8858,1129
2025-01-25,단지_KTG중앙연구원,1,0,8858,1129
2025-01-25,단지_연구단지네거리,10,0,8858,1129
2025-01-25,단지_연구단지운동장,11,1,8858,1129
2025-01-25,단지_한화솔루션,1,0,8858,1129
2025-01-25,대조_충남대,98,8,8858,1129
2025-01-26,etri,1,0,7286,900
2025-01-26,kier,1,0,7286,900
2025-01-26,kribb,1,0,7286,900
2025-01-26,krict,2,0,7286,900
2025-01-26,단지_KTG중앙연구원,4,0,7286,900
2025-01-26,단지_연구단지네거리,1,0,7286,900
2025-01-26,단지_연구단지운동장,8,0,7286,900
2025-01-26,단지_한화솔루션,2,0,7286,900
2025-01-26,대조_충남대,72,8,7286,900
2025-01-27,etri,1,0,3060,415
2025-01-27,kiom,1,0,3060,415
2025-01-27,단지_연구단지운동장,1,0,3060,415
2025-01-27,단지_한화솔루션,1,0,3060,415
2025-01-27,대조_충남대,34,2,3060,415
2025-01-28,kribb,1,0,1285,227
2025-01-28,대조_충남대,15,2,1285,227
2025-01-29,단지_KTG중앙연구원,1,1,1640,387
2025-01-29,단지_한화솔루션,1,0,1640,387
2025-01-29,대조_충남대,21,3,1640,387
2025-01-30,ibs,1,0,3813,578
2025-01-30,kier,3,1,3813,578
2025-01-30,kribb,1,0,3813,578
2025-01-30,단지_KTG중앙연구원,1,0,3813,578
2025-01-30,단지_연구단지네거리,1,0,3813,578
2025-01-30,단지_연구단지운동장,1,0,3813,578
2025-01-30,단지_한화솔루션,5,1,3813,578
2025-01-30,대조_충남대,47,8,3813,578
2025-01-31,etri,6,0,7744,1052
2025-01-31,ibs,1,0,7744,1052
2025-01-31,kier,2,0,7744,1052
2025-01-31,kribb,2,0,7744,1052
2025-01-31,krict,1,0,7744,1052
2025-01-31,단지_KTG중앙연구원,2,0,7744,1052
2025-01-31,단지_연구단지네거리,8,0,7744,1052
2025-01-31,단지_연구단지운동장,10,0,7744,1052
2025-01-31,단지_한화솔루션,1,0,7744,1052
2025-01-31,대조_충남대,108,18,7744,1052
2025-02-01,etri,2,0,7135,1077
2025-02-01,ibs,1,0,7135,1077
2025-02-01,kier,2,0,7135,1077
2025-02-01,kribb,4,1,7135,1077
2025-02-01,krict,2,0,7135,1077
2025-02-01,단지_KTG중앙연구원,2,0,7135,1077
2025-02-01,단지_연구단지네거리,9,1,7135,1077
2025-02-01,단지_연구단지운동장,7,0,7135,1077
2025-02-01,단지_한화솔루션,2,0,7135,1077
2025-02-01,대조_충남대,97,7,7135,1077
2025-02-02,ibs,2,0,7297,885
2025-02-02,kiom,2,0,7297,885
2025-02-02,kribb,6,0,7297,885
2025-02-02,krict,2,0,7297,885
2025-02-02,단지_KTG중앙연구원,2,0,7297,885
2025-02-02,단지_LG생활건강,1,0,7297,885
2025-02-02,단지_연구단지네거리,6,0,7297,885
2025-02-02,단지_연구단지운동장,11,1,7297,885
2025-02-02,대조_충남대,114,9,7297,885
2025-02-03,etri,4,0,6399,726
2025-02-03,ibs,2,0,6399,726
2025-02-03,kier,3,0,6399,726
2025-02-03,kribb,13,2,6399,726
2025-02-03,krict,3,0,6399,726
2025-02-03,단지_KTG중앙연구원,5,0,6399,726
2025-02-03,단지_연구단지네거리,2,0,6399,726
2025-02-03,단지_연구단지운동장,5,0,6399,726
2025-02-03,단지_한화솔루션,2,0,6399,726
2025-02-03,대조_충남대,114,13,6399,726
2025-02-04,etri,3,1,5278,721
2025-02-04,ibs,2,0,5278,721
2025-02-04,kier,4,0,5278,721
2025-02-04,kribb,5,1,5278,721
2025-02-04,krict,1,0,5278,721
2025-02-04,단지_KTG중앙연구원,1,0,5278,721
2025-02-04,단지_연구단지네거리,7,1,5278,721
2025-02-04,단지_연구단지운동장,7,1,5278,721
2025-02-04,대조_충남대,95,7,5278,721
2025-02-05,etri,2,0,5782,732
2025-02-05,ibs,2,0,5782,732
2025-02-05,kier,3,0,5782,732
2025-02-05,kribb,12,3,5782,732
2025-02-05,krict,3,1,5782,732
2025-02-05,단지_KTG중앙연구원,4,0,5782,732
2025-02-05,단지_LG생활건강,1,1,5782,732
2025-02-05,단지_연구단지네거리,7,1,5782,732
2025-02-05,단지_연구단지운동장,5,0,5782,732
2025-02-05,단지_한화솔루션,2,0,5782,732
2025-02-05,대조_충남대,86,9,5782,732
2025-02-06,etri,1,1,5260,311
2025-02-06,kier,5,1,5260,311
2025-02-06,kiom,1,0,5260,311
2025-02-06,kribb,7,0,5260,311
2025-02-06,krict,2,0,5260,311
2025-02-06,단지_KTG중앙연구원,2,0,5260,311
2025-02-06,단지_LG생활건강,1,0,5260,311
2025-02-06,단지_연구단지네거리,19,3,5260,311
2025-02-06,단지_연구단지운동장,12,3,5260,311
2025-02-06,단지_한화솔루션,3,0,5260,311
2025-02-06,대조_충남대,105,3,5260,311
2025-02-07,ibs,2,2,2341,349
2025-02-07,kier,1,0,2341,349
2025-02-07,kribb,6,0,2341,349
2025-02-07,krict,1,0,2341,349
2025-02-07,단지_KTG중앙연구원,2,0,2341,349
2025-02-07,단지_LG생활건강,3,0,2341,349
2025-02-07,단지_연구단지네거리,4,0,2341,349
2025-02-07,단지_연구단지운동장,5,0,2341,349
2025-02-07,대조_충남대,38,3,2341,349
2025-02-08,ibs,2,0,3342,492
2025-02-08,kribb,11,0,3342,492
2025-02-08,krict,2,0,3342,492
2025-02-08,단지_KTG중앙연구원,1,0,3342,492
2025-02-08,단지_연구단지네거리,2,2,3342,492
2025-02-08,단지_연구단지운동장,4,0,3342,492
2025-02-08,단지_한화솔루션,1,0,3342,492
2025-02-08,대조_충남대,41,4,3342,492
2025-02-09,kier,2,0,4302,606
2025-02-09,kribb,6,2,4302,606
2025-02-09,krict,2,0,4302,606
2025-02-09,단지_KTG중앙연구원,5,1,4302,606
2025-02-09,단지_연구단지네거리,5,0,4302,606
2025-02-09,단지_연구단지운동장,5,0,4302,606
2025-02-09,단지_한화솔루션,1,0,4302,606
2025-02-09,대조_충남대,74,11,4302,606
2025-02-10,etri,4,1,6134,857
2025-02-10,ibs,5,0,6134,857
2025-02-10,kier,7,0,6134,857
2025-02-10,kribb,20,1,6134,857
2025-02-10,단지_KTG중앙연구원,3,0,6134,857
2025-02-10,단지_LG생활건강,2,0,6134,857
2025-02-10,단지_연구단지네거리,5,3,6134,857
2025-02-10,단지_연구단지운동장,10,0,6134,857
2025-02-10,단지_한화솔루션,2,0,6134,857
2025-02-10,대조_충남대,104,9,6134,857
2025-02-11,etri,3,0,8327,1100
2025-02-11,ibs,1,0,8327,1100
2025-02-11,kier,2,0,8327,1100
2025-02-11,kribb,11,0,8327,1100
2025-02-11,krict,6,0,8327,1100
2025-02-11,단지_KTG중앙연구원,6,1,8327,1100
2025-02-11,단지_LG생활건강,2,1,8327,1100
2025-02-11,단지_연구단지네거리,10,3,8327,1100
2025-02-11,단지_연구단지운동장,8,0,8327,1100
2025-02-11,단지_한화솔루션,4,0,8327,1100
2025-02-11,대조_충남대,114,8,8327,1100
2025-02-12,ibs,1,0,2944,678
2025-02-12,kribb,10,0,2944,678
2025-02-12,krict,3,1,2944,678
2025-02-12,단지_LG생활건강,1,0,2944,678
2025-02-12,단지_연구단지네거리,5,0,2944,678
2025-02-12,단지_연구단지운동장,5,0,2944,678
2025-02-12,대조_충남대,37,9,2944,678
2025-02-13,etri,3,0,7867,1072
2025-02-13,ibs,1,0,7867,1072
2025-02-13,kier,2,0,7867,1072
2025-02-13,kribb,13,1,7867,1072
2025-02-13,krict,10,0,7867,1072
2025-02-13,단지_KTG중앙연구원,5,1,7867,1072
2025-02-13,단지_LG생활건강,5,0,7867,1072
2025-02-13,단지_연구단지네거리,7,0,7867,1072
2025-02-13,단지_연구단지운동장,9,0,7867,1072
2025-02-13,단지_한화솔루션,1,0,7867,1072
2025-02-13,대조_충남대,144,16,7867,1072
2025-02-14,etri,5,0,9501,1301
2025-02-14,kier,6,0,9501,1301
2025-02-14,kiom,7,1,9501,1301
2025-02-14,kribb,16,1,9501,1301
2025-02-14,krict,6,1,9501,1301
2025-02-14,단지_KTG중앙연구원,1,0,9501,1301
2025-02-14,단지_연구단지네거리,8,3,9501,1301
2025-02-14,단지_연구단지운동장,5,0,9501,1301
2025-02-14,단지_한화솔루션,2,0,9501,1301
2025-02-14,대조_충남대,145,12,9501,1301
2025-02-15,etri,2,0,8447,1136
2025-02-15,ibs,2,1,8447,1136
2025-02-15,kier,1,1,8447,1136
2025-02-15,kiom,2,0,8447,1136
2025-02-15,kribb,5,0,8447,1136
2025-02-15,krict,1,0,8447,1136
2025-02-15,단지_KTG중앙연구원,3,0,8447,1136
2025-02-15,단지_연구단지네거리,8,2,8447,1136
2025-02-15,단지_연구단지운동장,15,1,8447,1136
2025-02-15,단지_한화솔루션,2,0,8447,1136
2025-02-15,대조_충남대,120,12,8447,1136
2025-02-16,kier,5,0,8230,944
2025-02-16,kribb,7,0,8230,944
2025-02-16,krict,1,1,8230,944
2025-02-16,단지_KTG중앙연구원,4,0,8230,944
2025-02-16,단지_LG생활건강,1,0,8230,944
2025-02-16,단지_연구단지네거리,7,0,8230,944
2025-02-16,단지_연구단지운동장,19,1,8230,944
2025-02-16,단지_한화솔루션,1,0,8230,944
2025-02-16,대조_충남대,146,20,8230,944
2025-02-17,etri,4,0,8270,1023
2025-02-17,ibs,2,0,8270,1023
2025-02-17,kier,5,1,8270,1023
2025-02-17,kiom,8,1,8270,1023
2025-02-17,kribb,18,1,8270,1023
2025-02-17,krict,10,0,8270,1023
2025-02-17,단지_KTG중앙연구원,3,0,8270,1023
2025-02-17,단지_LG생활건강,1,0,8270,1023
2025-02-17,단지_연구단지네거리,1,0,8270,1023
2025-02-17,단지_연구단지운동장,18,2,8270,1023
2025-02-17,단지_한화솔루션,3,0,8270,1023
2025-02-17,대조_충남대,131,12,8270,1023
2025-02-18,etri,3,0,8221,1085
2025-02-18,ibs,1,0,8221,1085
2025-02-18,kier,3,0,8221,1085
2025-02-18,kiom,2,0,8221,1085
2025-02-18,kribb,12,1,8221,1085
2025-02-18,krict,6,0,8221,1085
2025-02-18,단지_KTG중앙연구원,2,0,8221,1085
2025-02-18,단지_LG생활건강,2,0,8221,1085
2025-02-18,단지_연구단지네거리,3,0,8221,1085
2025-02-18,단지_연구단지운동장,12,1,8221,1085
2025-02-18,단지_한화솔루션,2,0,8221,1085
2025-02-18,대조_충남대,142,15,8221,1085
2025-02-19,etri,11,1,8422,1078
2025-02-19,kier,9,0,8422,1078
2025-02-19,kiom,2,1,8422,1078
2025-02-19,kribb,10,0,8422,1078
2025-02-19,krict,9,1,8422,1078
2025-02-19,단지_KTG중앙연구원,4,1,8422,1078
2025-02-19,단지_LG생활건강,2,0,8422,1078
2025-02-19,단지_연구단지네거리,3,0,8422,1078
2025-02-19,단지_연구단지운동장,13,0,8422,1078
2025-02-19,단지_한화솔루션,3,0,8422,1078
2025-02-19,대조_충남대,149,16,8422,1078
2025-02-20,etri,11,1,8504,1078
2025-02-20,kier,7,1,8504,1078
2025-02-20,kiom,2,0,8504,1078
2025-02-20,kribb,14,0,8504,1078
2025-02-20,krict,11,1,8504,1078
2025-02-20,단지_KTG중앙연구원,6,0,8504,1078
2025-02-20,단지_LG생활건강,3,0,8504,1078
2025-02-20,단지_연구단지네거리,3,0,8504,1078
2025-02-20,단지_연구단지운동장,13,0,8504,1078
2025-02-20,단지_한화솔루션,2,0,8504,1078
2025-02-20,대조_충남대,163,19,8504,1078
2025-02-21,etri,5,0,9023,1092
2025-02-21,kier,5,0,9023,1092
2025-02-21,kiom,2,0,9023,1092
2025-02-21,kribb,8,0,9023,1092
2025-02-21,krict,9,0,9023,1092
2025-02-21,단지_KTG중앙연구원,4,0,9023,1092
2025-02-21,단지_LG생활건강,1,1,9023,1092
2025-02-21,단지_연구단지네거리,9,0,9023,1092
2025-02-21,단지_연구단지운동장,15,2,9023,1092
2025-02-21,단지_한화솔루션,3,0,9023,1092
2025-02-21,대조_충남대,144,13,9023,1092
2025-02-22,etri,1,0,7203,979
2025-02-22,kier,2,0,7203,979
2025-02-22,kribb,9,1,7203,979
2025-02-22,krict,6,2,7203,979
2025-02-22,단지_연구단지네거리,5,0,7203,979
2025-02-22,단지_연구단지운동장,13,2,7203,979
2025-02-22,단지_한화솔루션,7,0,7203,979
2025-02-22,대조_충남대,82,10,7203,979
2025-02-23,kier,1,0,5568,725
2025-02-23,kiom,3,0,5568,725
2025-02-23,kribb,9,1,5568,725
2025-02-23,krict,2,0,5568,725
2025-02-23,단지_KTG중앙연구원,1,0,5568,725
2025-02-23,단지_연구단지네거리,9,1,5568,725
2025-02-23,단지_연구단지운동장,14,0,5568,725
2025-02-23,단지_한화솔루션,3,0,5568,725
2025-02-23,대조_충남대,83,11,5568,725
2025-02-24,etri,3,0,8912,1190
2025-02-24,ibs,2,0,8912,1190
2025-02-24,kier,6,0,8912,1190
2025-02-24,kiom,5,1,8912,1190
2025-02-24,kribb,13,0,8912,1190
2025-02-24,krict,7,0,8912,1190
2025-02-24,단지_KTG중앙연구원,3,0,8912,1190
2025-02-24,단지_연구단지네거리,5,0,8912,1190
2025-02-24,단지_연구단지운동장,11,1,8912,1190
2025-02-24,대조_충남대,163,18,8912,1190
2025-02-25,etri,10,0,9727,1353
2025-02-25,kier,12,3,9727,1353
2025-02-25,kiom,1,0,9727,1353
2025-02-25,kribb,11,0,9727,1353
2025-02-25,krict,5,0,9727,1353
2025-02-25,단지_KTG중앙연구원,4,1,9727,1353
2025-02-25,단지_LG생활건강,2,1,9727,1353
2025-02-25,단지_연구단지네거리,6,0,9727,1353
2025-02-25,단지_연구단지운동장,18,3,9727,1353
2025-02-25,단지_한화솔루션,1,0,9727,1353
2025-02-25,대조_충남대,162,13,9727,1353
2025-02-26,etri,2,0,4770,0
2025-02-26,ibs,1,0,4770,0
2025-02-26,kier,6,0,4770,0
2025-02-26,kiom,5,0,4770,0
2025-02-26,kribb,2,0,4770,0
2025-02-26,krict,2,0,4770,0
2025-02-26,단지_KTG중앙연구원,4,0,4770,0
2025-02-26,단지_LG생활건강,1,0,4770,0
2025-02-26,단지_연구단지네거리,7,0,4770,0
2025-02-26,단지_연구단지운동장,7,0,4770,0
2025-02-26,단지_한화솔루션,1,0,4770,0
2025-02-26,대조_충남대,74,0,4770,0
2025-03-04,etri,1,0,3586,990
2025-03-04,ibs,1,1,3586,990
2025-03-04,kier,1,0,3586,990
2025-03-04,kribb,3,2,3586,990
2025-03-04,krict,1,0,3586,990
2025-03-04,단지_KTG중앙연구원,2,2,3586,990
2025-03-04,단지_연구단지네거리,1,0,3586,990
2025-03-04,단지_연구단지운동장,3,1,3586,990
2025-03-04,단지_한화솔루션,1,0,3586,990
2025-03-04,대조_충남대,52,12,3586,990
2025-03-05,ibs,15,2,7004,1232
2025-03-05,kier,2,0,7004,1232
2025-03-05,kiom,1,0,7004,1232
2025-03-05,kribb,16,1,7004,1232
2025-03-05,krict,2,0,7004,1232
2025-03-05,단지_KTG중앙연구원,3,0,7004,1232
2025-03-05,단지_LG생활건강,3,0,7004,1232
2025-03-05,단지_연구단지네거리,3,1,7004,1232
2025-03-05,단지_연구단지운동장,7,1,7004,1232
2025-03-05,단지_한화솔루션,1,0,7004,1232
2025-03-05,대조_충남대,184,16,7004,1232
2025-03-06,etri,1,0,8546,1378
2025-03-06,ibs,6,1,8546,1378
2025-03-06,kier,4,0,8546,1378
2025-03-06,kribb,15,1,8546,1378
2025-03-06,krict,7,1,8546,1378
2025-03-06,단지_KTG중앙연구원,5,0,8546,1378
2025-03-06,단지_LG생활건강,2,1,8546,1378
2025-03-06,단지_연구단지네거리,5,2,8546,1378
2025-03-06,단지_연구단지운동장,8,1,8546,1378
2025-03-06,단지_한화솔루션,1,0,8546,1378
2025-03-06,대조_충남대,190,18,8546,1378
2025-03-07,etri,14,0,9894,1551
2025-03-07,ibs,10,1,9894,1551
2025-03-07,kier,4,0,9894,1551
2025-03-07,kiom,1,0,9894,1551
2025-03-07,kribb,18,1,9894,1551
2025-03-07,krict,11,1,9894,1551
2025-03-07,단지_KTG중앙연구원,2,0,9894,1551
2025-03-07,단지_LG생활건강,1,0,9894,1551
2025-03-07,단지_연구단지네거리,11,0,9894,1551
2025-03-07,단지_연구단지운동장,17,1,9894,1551
2025-03-07,대조_충남대,192,14,9894,1551
2025-03-08,etri,1,0,10004,1467
2025-03-08,ibs,5,0,10004,1467
2025-03-08,kier,2,0,10004,1467
2025-03-08,kribb,7,1,10004,1467
2025-03-08,krict,2,0,10004,1467
2025-03-08,단지_KTG중앙연구원,1,1,10004,1467
2025-03-08,단지_LG생활건강,2,0,10004,1467
2025-03-08,단지_연구단지네거리,5,1,10004,1467
2025-03-08,단지_연구단지운동장,13,0,10004,1467
2025-03-08,대조_충남대,175,34,10004,1467
2025-03-09,etri,5,0,10762,1244
2025-03-09,ibs,15,2,10762,1244
2025-03-09,kier,5,0,10762,1244
2025-03-09,kiom,2,0,10762,1244
2025-03-09,kribb,13,2,10762,1244
2025-03-09,krict,7,1,10762,1244
2025-03-09,단지_KTG중앙연구원,6,0,10762,1244
2025-03-09,단지_LG생활건강,1,0,10762,1244
2025-03-09,단지_연구단지네거리,15,1,10762,1244
2025-03-09,단지_연구단지운동장,9,0,10762,1244
2025-03-09,단지_한화솔루션,1,0,10762,1244
2025-03-09,대조_충남대,176,25,10762,1244
2025-03-10,etri,11,1,10892,1664
2025-03-10,ibs,15,4,10892,1664
2025-03-10,kier,8,0,10892,1664
2025-03-10,kiom,1,1,10892,1664
2025-03-10,kribb,20,2,10892,1664
2025-03-10,krict,10,1,10892,1664
2025-03-10,단지_KTG중앙연구원,2,0,10892,1664
2025-03-10,단지_LG생활건강,3,0,10892,1664
2025-03-10,단지_연구단지네거리,6,0,10892,1664
2025-03-10,단지_연구단지운동장,15,0,10892,1664
2025-03-10,단지_한화솔루션,2,1,10892,1664
2025-03-10,대조_충남대,320,29,10892,1664
2025-03-11,etri,4,0,11631,1936
2025-03-11,ibs,22,5,11631,1936
2025-03-11,kier,12,0,11631,1936
2025-03-11,kribb,22,2,11631,1936
2025-03-11,krict,6,2,11631,1936
2025-03-11,단지_KTG중앙연구원,2,1,11631,1936
2025-03-11,단지_LG생활건강,3,0,11631,1936
2025-03-11,단지_연구단지네거리,15,1,11631,1936
2025-03-11,단지_연구단지운동장,14,1,11631,1936
2025-03-11,단지_한화솔루션,1,0,11631,1936
2025-03-11,대조_충남대,290,33,11631,1936
2025-03-12,etri,2,0,11569,1809
2025-03-12,ibs,10,0,11569,1809
2025-03-12,kier,11,1,11569,1809
2025-03-12,kribb,28,1,11569,1809
2025-03-12,krict,6,0,11569,1809
2025-03-12,단지_KTG중앙연구원,6,0,11569,1809
2025-03-12,단지_LG생활건강,3,0,11569,1809
2025-03-12,단지_연구단지네거리,12,1,11569,1809
2025-03-12,단지_연구단지운동장,22,9,11569,1809
2025-03-12,단지_한화솔루션,1,0,11569,1809
2025-03-12,대조_충남대,323,27,11569,1809
2025-03-13,etri,6,0,12150,2038
2025-03-13,ibs,8,1,12150,2038
2025-03-13,kier,6,0,12150,2038
2025-03-13,kiom,7,0,12150,2038
2025-03-13,kribb,27,1,12150,2038
2025-03-13,krict,4,0,12150,2038
2025-03-13,단지_KTG중앙연구원,4,0,12150,2038
2025-03-13,단지_LG생활건강,1,0,12150,2038
2025-03-13,단지_연구단지네거리,4,2,12150,2038
2025-03-13,단지_연구단지운동장,11,2,12150,2038
2025-03-13,대조_충남대,308,30,12150,2038
2025-03-14,etri,4,0,13580,2101
2025-03-14,ibs,10,1,13580,2101
2025-03-14,kier,4,1,13580,2101
2025-03-14,kiom,1,0,13580,2101
2025-03-14,kribb,20,1,13580,2101
2025-03-14,krict,9,1,13580,2101
2025-03-14,단지_KTG중앙연구원,6,0,13580,2101
2025-03-14,단지_LG생활건강,2,0,13580,2101
2025-03-14,단지_연구단지네거리,20,0,13580,2101
2025-03-14,단지_연구단지운동장,12,0,13580,2101
2025-03-14,단지_한화솔루션,2,0,13580,2101
2025-03-14,대조_충남대,247,26,13580,2101
2025-03-15,etri,4,0,11457,1678
2025-03-15,ibs,11,6,11457,1678
2025-03-15,kier,3,0,11457,1678
2025-03-15,kribb,5,1,11457,1678
2025-03-15,krict,3,0,11457,1678
2025-03-15,단지_KTG중앙연구원,7,0,11457,1678
2025-03-15,단지_연구단지네거리,9,1,11457,1678
2025-03-15,단지_연구단지운동장,5,1,11457,1678
2025-03-15,단지_한화솔루션,1,1,11457,1678
2025-03-15,대조_충남대,150,25,11457,1678
2025-03-16,ibs,5,2,5936,878
2025-03-16,kier,1,0,5936,878
2025-03-16,kribb,13,1,5936,878
2025-03-16,krict,1,0,5936,878
2025-03-16,단지_KTG중앙연구원,1,0,5936,878
2025-03-16,단지_연구단지네거리,8,1,5936,878
2025-03-16,단지_연구단지운동장,7,1,5936,878
2025-03-16,대조_충남대,91,15,5936,878
2025-03-17,etri,5,0,9742,1449
2025-03-17,ibs,5,2,9742,1449
2025-03-17,kier,5,1,9742,1449
2025-03-17,kiom,1,0,9742,1449
2025-03-17,kribb,18,3,9742,1449
2025-03-17,krict,4,0,9742,1449
2025-03-17,단지_KTG중앙연구원,2,1,9742,1449
2025-03-17,단지_LG생활건강,2,0,9742,1449
2025-03-17,단지_연구단지네거리,9,0,9742,1449
2025-03-17,단지_연구단지운동장,3,1,9742,1449
2025-03-17,단지_한화솔루션,2,0,9742,1449
2025-03-17,대조_충남대,313,36,9742,1449
2025-03-18,etri,1,0,5298,1139
2025-03-18,ibs,2,0,5298,1139
2025-03-18,kier,5,1,5298,1139
2025-03-18,kribb,12,1,5298,1139
2025-03-18,krict,3,0,5298,1139
2025-03-18,단지_KTG중앙연구원,1,0,5298,1139
2025-03-18,단지_LG생활건강,2,1,5298,1139
2025-03-18,단지_연구단지네거리,2,0,5298,1139
2025-03-18,단지_연구단지운동장,3,0,5298,1139
2025-03-18,대조_충남대,137,13,5298,1139
2025-03-19,etri,2,0,9548,1439
2025-03-19,ibs,10,0,9548,1439
2025-03-19,kier,11,4,9548,1439
2025-03-19,kribb,20,6,9548,1439
2025-03-19,krict,4,1,9548,1439
2025-03-19,단지_KTG중앙연구원,5,0,9548,1439
2025-03-19,단지_LG생활건강,2,0,9548,1439
2025-03-19,단지_연구단지네거리,7,1,9548,1439
2025-03-19,단지_연구단지운동장,10,2,9548,1439
2025-03-19,단지_한화솔루션,5,0,9548,1439
2025-03-19,대조_충남대,234,27,9548,1439
2025-03-20,etri,3,0,11355,1748
2025-03-20,ibs,16,0,11355,1748
2025-03-20,kier,8,0,11355,1748
2025-03-20,kribb,22,4,11355,1748
2025-03-20,krict,9,0,11355,1748
2025-03-20,단지_KTG중앙연구원,10,1,11355,1748
2025-03-20,단지_LG생활건강,4,0,11355,1748
2025-03-20,단지_연구단지네거리,11,2,11355,1748
2025-03-20,단지_연구단지운동장,14,1,11355,1748
2025-03-20,단지_한화솔루션,3,0,11355,1748
2025-03-20,대조_충남대,263,18,11355,1748
2025-03-21,etri,6,0,13471,2033
2025-03-21,ibs,13,0,13471,2033
2025-03-21,kier,4,1,13471,2033
2025-03-21,kribb,29,2,13471,2033
2025-03-21,krict,5,0,13471,2033
2025-03-21,단지_KTG중앙연구원,2,0,13471,2033
2025-03-21,단지_LG생활건강,2,0,13471,2033
2025-03-21,단지_연구단지네거리,6,1,13471,2033
2025-03-21,단지_연구단지운동장,8,1,13471,2033
2025-03-21,단지_한화솔루션,2,0,13471,2033
2025-03-21,대조_충남대,221,21,13471,2033
2025-03-22,etri,2,0,14532,2024
2025-03-22,ibs,24,1,14532,2024
2025-03-22,kier,4,0,14532,2024
2025-03-22,kiom,3,2,14532,2024
2025-03-22,kribb,16,2,14532,2024
2025-03-22,krict,2,0,14532,2024
2025-03-22,단지_KTG중앙연구원,5,0,14532,2024
2025-03-22,단지_연구단지네거리,19,3,14532,2024
2025-03-22,단지_연구단지운동장,15,0,14532,2024
2025-03-22,단지_한화솔루션,3,0,14532,2024
2025-03-22,대조_충남대,178,26,14532,2024
2025-03-23,etri,1,0,14359,1832
2025-03-23,ibs,11,3,14359,1832
2025-03-23,kier,4,0,14359,1832
2025-03-23,kribb,16,1,14359,1832
2025-03-23,krict,2,0,14359,1832
2025-03-23,단지_KTG중앙연구원,6,0,14359,1832
2025-03-23,단지_LG생활건강,2,0,14359,1832
2025-03-23,단지_연구단지네거리,16,1,14359,1832
2025-03-23,단지_연구단지운동장,24,1,14359,1832
2025-03-23,단지_한화솔루션,3,1,14359,1832
2025-03-23,대조_충남대,254,42,14359,1832
2025-03-24,etri,3,0,13243,2137
2025-03-24,ibs,15,1,13243,2137
2025-03-24,kier,7,0,13243,2137
2025-03-24,kiom,2,0,13243,2137
2025-03-24,kribb,13,1,13243,2137
2025-03-24,krict,6,0,13243,2137
2025-03-24,단지_KTG중앙연구원,6,1,13243,2137
2025-03-24,단지_LG생활건강,2,0,13243,2137
2025-03-24,단지_연구단지네거리,15,0,13243,2137
2025-03-24,단지_연구단지운동장,12,2,13243,2137
2025-03-24,단지_한화솔루션,6,0,13243,2137
2025-03-24,대조_충남대,358,30,13243,2137
2025-03-25,etri,6,0,12140,1988
2025-03-25,ibs,11,1,12140,1988
2025-03-25,kier,2,1,12140,1988
2025-03-25,kribb,19,4,12140,1988
2025-03-25,krict,6,1,12140,1988
2025-03-25,단지_KTG중앙연구원,5,1,12140,1988
2025-03-25,단지_LG생활건강,2,0,12140,1988
2025-03-25,단지_연구단지네거리,11,3,12140,1988
2025-03-25,단지_연구단지운동장,17,4,12140,1988
2025-03-25,단지_한화솔루션,1,0,12140,1988
2025-03-25,대조_충남대,375,24,12140,1988
2025-03-26,etri,6,1,13837,2653
2025-03-26,ibs,24,3,13837,2653
2025-03-26,kier,7,0,13837,2653
2025-03-26,kiom,2,0,13837,2653
2025-03-26,kribb,24,1,13837,2653
2025-03-26,krict,6,0,13837,2653
2025-03-26,단지_KTG중앙연구원,5,0,13837,2653
2025-03-26,단지_LG생활건강,2,0,13837,2653
2025-03-26,단지_연구단지네거리,9,3,13837,2653
2025-03-26,단지_연구단지운동장,20,1,13837,2653
2025-03-26,단지_한화솔루션,4,0,13837,2653
2025-03-26,대조_충남대,351,46,13837,2653
2025-03-27,etri,4,0,10399,1787
2025-03-27,ibs,12,1,10399,1787
2025-03-27,kier,5,0,10399,1787
2025-03-27,kiom,3,0,10399,1787
2025-03-27,kribb,17,3,10399,1787
2025-03-27,krict,7,1,10399,1787
2025-03-27,단지_KTG중앙연구원,3,0,10399,1787
2025-03-27,단지_LG생활건강,5,0,10399,1787
2025-03-27,단지_연구단지네거리,8,4,10399,1787
2025-03-27,단지_연구단지운동장,12,0,10399,1787
2025-03-27,단지_한화솔루션,3,0,10399,1787
2025-03-27,대조_충남대,283,17,10399,1787
2025-03-28,etri,3,0,12878,2045
2025-03-28,ibs,16,1,12878,2045
2025-03-28,kier,12,0,12878,2045
2025-03-28,kribb,16,0,12878,2045
2025-03-28,krict,5,1,12878,2045
2025-03-28,단지_KTG중앙연구원,3,0,12878,2045
2025-03-28,단지_LG생활건강,1,0,12878,2045
2025-03-28,단지_연구단지네거리,6,1,12878,2045
2025-03-28,단지_연구단지운동장,11,1,12878,2045
2025-03-28,단지_한화솔루션,2,0,12878,2045
2025-03-28,대조_충남대,240,22,12878,2045
2025-03-29,etri,1,0,8639,1375
2025-03-29,ibs,8,2,8639,1375
2025-03-29,kier,1,0,8639,1375
2025-03-29,kribb,9,1,8639,1375
2025-03-29,krict,1,0,8639,1375
2025-03-29,단지_KTG중앙연구원,5,0,8639,1375
2025-03-29,단지_연구단지네거리,1,1,8639,1375
2025-03-29,단지_연구단지운동장,14,1,8639,1375
2025-03-29,단지_한화솔루션,2,0,8639,1375
2025-03-29,대조_충남대,118,31,8639,1375
2025-03-30,etri,1,0,9929,1270
2025-03-30,ibs,8,2,9929,1270
2025-03-30,kier,4,1,9929,1270
2025-03-30,kribb,11,1,9929,1270
2025-03-30,krict,3,0,9929,1270
2025-03-30,단지_KTG중앙연구원,4,0,9929,1270
2025-03-30,단지_연구단지네거리,12,0,9929,1270
2025-03-30,단지_연구단지운동장,9,0,9929,1270
2025-03-30,대조_충남대,189,42,9929,1270
2025-03-31,etri,4,1,12783,1991
2025-03-31,ibs,20,2,12783,1991
2025-03-31,kier,9,1,12783,1991
2025-03-31,kiom,3,0,12783,1991
2025-03-31,kribb,16,0,12783,1991
2025-03-31,krict,5,0,12783,1991
2025-03-31,단지_KTG중앙연구원,1,0,12783,1991
2025-03-31,단지_LG생활건강,5,0,12783,1991
2025-03-31,단지_연구단지네거리,11,2,12783,1991
2025-03-31,단지_연구단지운동장,14,5,12783,1991
2025-03-31,단지_한화솔루션,5,0,12783,1991
2025-03-31,대조_충남대,335,30,12783,1991
2025-04-01,etri,3,0,17590,2238
2025-04-01,ibs,18,2,17590,2238
2025-04-01,kier,8,0,17590,2238
2025-04-01,kiom,2,0,17590,2238
2025-04-01,kribb,23,4,17590,2238
2025-04-01,krict,12,0,17590,2238
2025-04-01,단지_KTG중앙연구원,6,0,17590,2238
2025-04-01,단지_LG생활건강,4,0,17590,2238
2025-04-01,단지_연구단지네거리,15,0,17590,2238
2025-04-01,단지_연구단지운동장,15,1,17590,2238
2025-04-01,단지_한화솔루션,4,0,17590,2238
2025-04-01,대조_충남대,418,24,17590,2238
2025-04-02,etri,3,0,16696,2101
2025-04-02,ibs,18,2,16696,2101
2025-04-02,kier,6,0,16696,2101
2025-04-02,kiom,1,0,16696,2101
2025-04-02,kribb,17,4,16696,2101
2025-04-02,krict,10,0,16696,2101
2025-04-02,단지_KTG중앙연구원,7,0,16696,2101
2025-04-02,단지_LG생활건강,5,0,16696,2101
2025-04-02,단지_연구단지네거리,13,1,16696,2101
2025-04-02,단지_연구단지운동장,19,5,16696,2101
2025-04-02,단지_한화솔루션,3,0,16696,2101
2025-04-02,대조_충남대,400,28,16696,2101
2025-04-03,etri,5,0,18507,2356
2025-04-03,ibs,19,3,18507,2356
2025-04-03,kier,8,1,18507,2356
2025-04-03,kiom,2,1,18507,2356
2025-04-03,kribb,21,4,18507,2356
2025-04-03,krict,8,1,18507,2356
2025-04-03,단지_KTG중앙연구원,5,0,18507,2356
2025-04-03,단지_LG생활건강,3,0,18507,2356
2025-04-03,단지_연구단지네거리,17,6,18507,2356
2025-04-03,단지_연구단지운동장,18,3,18507,2356
2025-04-03,단지_한화솔루션,3,0,18507,2356
2025-04-03,대조_충남대,420,41,18507,2356
2025-04-04,etri,12,0,19930,2563
2025-04-04,ibs,19,2,19930,2563
2025-04-04,kier,7,1,19930,2563
2025-04-04,kiom,10,1,19930,2563
2025-04-04,kribb,16,0,19930,2563
2025-04-04,krict,11,1,19930,2563
2025-04-04,단지_KTG중앙연구원,4,0,19930,2563
2025-04-04,단지_LG생활건강,4,0,19930,2563
2025-04-04,단지_연구단지네거리,15,0,19930,2563
2025-04-04,단지_연구단지운동장,26,5,19930,2563
2025-04-04,단지_한화솔루션,6,0,19930,2563
2025-04-04,대조_충남대,352,27,19930,2563
2025-04-05,ibs,4,1,6170,1172
2025-04-05,kribb,1,0,6170,1172
2025-04-05,단지_KTG중앙연구원,1,0,6170,1172
2025-04-05,단지_연구단지네거리,6,1,6170,1172
2025-04-05,단지_연구단지운동장,5,1,6170,1172
2025-04-05,단지_한화솔루션,1,0,6170,1172
2025-04-05,대조_충남대,68,16,6170,1172
2025-04-06,etri,2,1,18179,1868
2025-04-06,ibs,21,2,18179,1868
2025-04-06,kier,7,0,18179,1868
2025-04-06,kiom,1,0,18179,1868
2025-04-06,kribb,18,1,18179,1868
2025-04-06,krict,2,0,18179,1868
2025-04-06,단지_KTG중앙연구원,6,0,18179,1868
2025-04-06,단지_LG생활건강,1,1,18179,1868
2025-04-06,단지_연구단지네거리,16,2,18179,1868
2025-04-06,단지_연구단지운동장,18,0,18179,1868
2025-04-06,대조_충남대,260,28,18179,1868
2025-04-07,etri,5,0,19268,2562
2025-04-07,ibs,21,2,19268,2562
2025-04-07,kier,7,0,19268,2562
2025-04-07,kiom,4,0,19268,2562
2025-04-07,kribb,24,1,19268,2562
2025-04-07,krict,11,0,19268,2562
2025-04-07,단지_KTG중앙연구원,7,0,19268,2562
2025-04-07,단지_LG생활건강,2,0,19268,2562
2025-04-07,단지_연구단지네거리,11,2,19268,2562
2025-04-07,단지_연구단지운동장,24,3,19268,2562
2025-04-07,단지_한화솔루션,7,0,19268,2562
2025-04-07,대조_충남대,421,41,19268,2562
2025-04-08,etri,2,0,20527,2646
2025-04-08,ibs,25,5,20527,2646
2025-04-08,kier,8,0,20527,2646
2025-04-08,kiom,3,0,20527,2646
2025-04-08,kribb,34,3,20527,2646
2025-04-08,krict,8,1,20527,2646
2025-04-08,단지_KTG중앙연구원,6,0,20527,2646
2025-04-08,단지_LG생활건강,3,0,20527,2646
2025-04-08,단지_연구단지네거리,13,1,20527,2646
2025-04-08,단지_연구단지운동장,25,1,20527,2646
2025-04-08,단지_한화솔루션,5,0,20527,2646
2025-04-08,대조_충남대,544,36,20527,2646
2025-04-09,etri,5,0,20016,2634
2025-04-09,ibs,23,1,20016,2634
2025-04-09,kier,17,3,20016,2634
2025-04-09,kiom,1,0,20016,2634
2025-04-09,kribb,22,6,20016,2634
2025-04-09,krict,4,0,20016,2634
2025-04-09,단지_KTG중앙연구원,4,0,20016,2634
2025-04-09,단지_LG생활건강,3,0,20016,2634
2025-04-09,단지_연구단지네거리,20,0,20016,2634
2025-04-09,단지_연구단지운동장,16,6,20016,2634
2025-04-09,단지_한화솔루션,5,1,20016,2634
2025-04-09,대조_충남대,463,44,20016,2634
2025-04-10,etri,7,0,19912,2599
2025-04-10,ibs,17,2,19912,2599
2025-04-10,kier,12,1,19912,2599
2025-04-10,kiom,2,0,19912,2599
2025-04-10,kribb,22,6,19912,2599
2025-04-10,krict,4,1,19912,2599
2025-04-10,단지_KTG중앙연구원,10,0,19912,2599
2025-04-10,단지_LG생활건강,5,0,19912,2599
2025-04-10,단지_연구단지네거리,19,1,19912,2599
2025-04-10,단지_연구단지운동장,23,4,19912,2599
2025-04-10,단지_한화솔루션,3,0,19912,2599
2025-04-10,대조_충남대,444,39,19912,2599
2025-04-11,etri,4,0,22723,3241
2025-04-11,ibs,37,0,22723,3241
2025-04-11,kier,7,0,22723,3241
2025-04-11,kribb,21,1,22723,3241
2025-04-11,krict,8,0,22723,3241
2025-04-11,단지_KTG중앙연구원,12,0,22723,3241
2025-04-11,단지_LG생활건강,2,0,22723,3241
2025-04-11,단지_연구단지네거리,15,4,22723,3241
2025-04-11,단지_연구단지운동장,23,2,22723,3241
2025-04-11,단지_한화솔루션,6,0,22723,3241
2025-04-11,대조_충남대,371,57,22723,3241
2025-04-12,etri,2,0,11444,74
2025-04-12,ibs,4,0,11444,74
2025-04-12,kier,2,0,11444,74
2025-04-12,kribb,9,0,11444,74
2025-04-12,단지_KTG중앙연구원,6,0,11444,74
2025-04-12,단지_연구단지네거리,14,0,11444,74
2025-04-12,단지_연구단지운동장,15,0,11444,74
2025-04-12,단지_한화솔루션,2,0,11444,74
2025-04-12,대조_충남대,188,1,11444,74
2025-04-13,etri,1,0,7214,1168
2025-04-13,ibs,8,2,7214,1168
2025-04-13,kribb,6,1,7214,1168
2025-04-13,krict,1,1,7214,1168
2025-04-13,단지_KTG중앙연구원,4,0,7214,1168
2025-04-13,단지_연구단지네거리,2,1,7214,1168
2025-04-13,단지_연구단지운동장,4,0,7214,1168
2025-04-13,단지_한화솔루션,1,0,7214,1168
2025-04-13,대조_충남대,144,25,7214,1168
2025-04-14,etri,2,0,5055,1094
2025-04-14,ibs,3,1,5055,1094
2025-04-14,kier,2,0,5055,1094
2025-04-14,kiom,2,1,5055,1094
2025-04-14,kribb,6,3,5055,1094
2025-04-14,krict,1,0,5055,1094
2025-04-14,단지_KTG중앙연구원,2,1,5055,1094
2025-04-14,단지_연구단지네거리,6,2,5055,1094
2025-04-14,단지_연구단지운동장,7,0,5055,1094
2025-04-14,대조_충남대,159,44,5055,1094
2025-04-15,etri,9,0,16843,2167
2025-04-15,ibs,17,1,16843,2167
2025-04-15,kier,17,1,16843,2167
2025-04-15,kiom,2,0,16843,2167
2025-04-15,kribb,28,2,16843,2167
2025-04-15,krict,8,0,16843,2167
2025-04-15,단지_KTG중앙연구원,5,1,16843,2167
2025-04-15,단지_LG생활건강,1,0,16843,2167
2025-04-15,단지_연구단지네거리,14,0,16843,2167
2025-04-15,단지_연구단지운동장,18,2,16843,2167
2025-04-15,단지_한화솔루션,3,1,16843,2167
2025-04-15,대조_충남대,357,37,16843,2167
2025-04-16,etri,8,1,19256,2877
2025-04-16,ibs,19,3,19256,2877
2025-04-16,kier,7,1,19256,2877
2025-04-16,kiom,5,0,19256,2877
2025-04-16,kribb,18,2,19256,2877
2025-04-16,krict,11,2,19256,2877
2025-04-16,단지_KTG중앙연구원,4,0,19256,2877
2025-04-16,단지_LG생활건강,1,0,19256,2877
2025-04-16,단지_연구단지네거리,22,4,19256,2877
2025-04-16,단지_연구단지운동장,24,2,19256,2877
2025-04-16,단지_한화솔루션,3,0,19256,2877
2025-04-16,대조_충남대,464,42,19256,2877
2025-04-17,etri,8,0,21805,3166
2025-04-17,ibs,24,2,21805,3166
2025-04-17,kier,9,2,21805,3166
2025-04-17,kiom,1,0,21805,3166
2025-04-17,kribb,34,2,21805,3166
2025-04-17,krict,11,0,21805,3166
2025-04-17,단지_KTG중앙연구원,8,1,21805,3166
2025-04-17,단지_LG생활건강,2,0,21805,3166
2025-04-17,단지_연구단지네거리,23,4,21805,3166
2025-04-17,단지_연구단지운동장,33,4,21805,3166
2025-04-17,단지_한화솔루션,6,3,21805,3166
2025-04-17,대조_충남대,511,69,21805,3166
2025-04-18,etri,6,0,23424,3539
2025-04-18,ibs,24,5,23424,3539
2025-04-18,kier,16,1,23424,3539
2025-04-18,kiom,2,1,23424,3539
2025-04-18,kribb,33,2,23424,3539
2025-04-18,krict,8,0,23424,3539
2025-04-18,단지_KTG중앙연구원,10,1,23424,3539
2025-04-18,단지_LG생활건강,2,0,23424,3539
2025-04-18,단지_연구단지네거리,19,6,23424,3539
2025-04-18,단지_연구단지운동장,30,5,23424,3539
2025-04-18,단지_한화솔루션,8,0,23424,3539
2025-04-18,대조_충남대,434,60,23424,3539
2025-04-19,etri,1,0,14931,447
2025-04-19,ibs,8,0,14931,447
2025-04-19,kier,8,0,14931,447
2025-04-19,kiom,1,0,14931,447
2025-04-19,kribb,10,1,14931,447
2025-04-19,krict,4,0,14931,447
2025-04-19,단지_KTG중앙연구원,5,0,14931,447
2025-04-19,단지_연구단지네거리,14,1,14931,447
2025-04-19,단지_연구단지운동장,17,0,14931,447
2025-04-19,단지_한화솔루션,6,0,14931,447
2025-04-19,대조_충남대,224,5,14931,447
2025-04-20,etri,2,0,18181,2362
2025-04-20,ibs,20,3,18181,2362
2025-04-20,kier,8,0,18181,2362
2025-04-20,kribb,16,3,18181,2362
2025-04-20,krict,3,0,18181,2362
2025-04-20,단지_KTG중앙연구원,4,1,18181,2362
2025-04-20,단지_LG생활건강,1,0,18181,2362
2025-04-20,단지_연구단지네거리,16,1,18181,2362
2025-04-20,단지_연구단지운동장,23,3,18181,2362
2025-04-20,단지_한화솔루션,1,0,18181,2362
2025-04-20,대조_충남대,324,59,18181,2362
2025-04-21,etri,2,0,21368,2957
2025-04-21,ibs,24,3,21368,2957
2025-04-21,kier,5,0,21368,2957
2025-04-21,kiom,8,1,21368,2957
2025-04-21,kribb,20,2,21368,2957
2025-04-21,krict,15,1,21368,2957
2025-04-21,단지_KTG중앙연구원,9,2,21368,2957
2025-04-21,단지_LG생활건강,2,0,21368,2957
2025-04-21,단지_연구단지네거리,17,3,21368,2957
2025-04-21,단지_연구단지운동장,29,9,21368,2957
2025-04-21,단지_한화솔루션,7,1,21368,2957
2025-04-21,대조_충남대,407,44,21368,2957
2025-04-22,etri,2,0,5151,826
2025-04-22,ibs,1,0,5151,826
2025-04-22,kribb,6,2,5151,826
2025-04-22,단지_연구단지네거리,5,1,5151,826
2025-04-22,단지_연구단지운동장,3,0,5151,826
2025-04-22,단지_한화솔루션,1,1,5151,826
2025-04-22,대조_충남대,53,8,5151,826
2025-04-23,etri,4,0,21469,2811
2025-04-23,ibs,23,2,21469,2811
2025-04-23,kier,14,4,21469,2811
2025-04-23,kiom,7,0,21469,2811
2025-04-23,kribb,19,0,21469,2811
2025-04-23,krict,8,1,21469,2811
2025-04-23,단지_KTG중앙연구원,8,1,21469,2811
2025-04-23,단지_LG생활건강,3,0,21469,2811
2025-04-23,단지_연구단지네거리,19,1,21469,2811
2025-04-23,단지_연구단지운동장,22,3,21469,2811
2025-04-23,단지_한화솔루션,5,0,21469,2811
2025-04-23,대조_충남대,367,35,21469,2811
2025-04-24,etri,6,0,21244,2665
2025-04-24,ibs,23,0,21244,2665
2025-04-24,kier,4,0,21244,2665
2025-04-24,kiom,1,0,21244,2665
2025-04-24,kribb,20,3,21244,2665
2025-04-24,krict,8,0,21244,2665
2025-04-24,단지_KTG중앙연구원,9,0,21244,2665
2025-04-24,단지_LG생활건강,6,0,21244,2665
2025-04-24,단지_연구단지네거리,19,2,21244,2665
2025-04-24,단지_연구단지운동장,19,1,21244,2665
2025-04-24,단지_한화솔루션,3,0,21244,2665
2025-04-24,대조_충남대,393,43,21244,2665
2025-04-25,etri,5,0,22454,2736
2025-04-25,ibs,27,0,22454,2736
2025-04-25,kier,8,1,22454,2736
2025-04-25,kiom,2,0,22454,2736
2025-04-25,kribb,27,2,22454,2736
2025-04-25,krict,9,1,22454,2736
2025-04-25,단지_KTG중앙연구원,6,1,22454,2736
2025-04-25,단지_LG생활건강,3,0,22454,2736
2025-04-25,단지_연구단지네거리,28,4,22454,2736
2025-04-25,단지_연구단지운동장,25,7,22454,2736
2025-04-25,단지_한화솔루션,1,0,22454,2736
2025-04-25,대조_충남대,424,40,22454,2736
2025-04-26,etri,3,0,21370,2777
2025-04-26,ibs,12,1,21370,2777
2025-04-26,kier,5,0,21370,2777
2025-04-26,kiom,1,0,21370,2777
2025-04-26,kribb,14,1,21370,2777
2025-04-26,krict,3,0,21370,2777
2025-04-26,단지_KTG중앙연구원,5,0,21370,2777
2025-04-26,단지_LG생활건강,1,1,21370,2777
2025-04-26,단지_연구단지네거리,15,0,21370,2777
2025-04-26,단지_연구단지운동장,23,0,21370,2777
2025-04-26,단지_한화솔루션,3,1,21370,2777
2025-04-26,대조_충남대,341,39,21370,2777
2025-04-27,ibs,8,2,19836,2248
2025-04-27,kier,7,1,19836,2248
2025-04-27,kiom,3,1,19836,2248
2025-04-27,kribb,17,2,19836,2248
2025-04-27,krict,1,1,19836,2248
2025-04-27,단지_KTG중앙연구원,5,0,19836,2248
2025-04-27,단지_LG생활건강,1,0,19836,2248
2025-04-27,단지_연구단지네거리,14,2,19836,2248
2025-04-27,단지_연구단지운동장,18,3,19836,2248
2025-04-27,단지_한화솔루션,1,0,19836,2248
2025-04-27,대조_충남대,365,59,19836,2248
2025-04-28,etri,4,0,20824,2564
2025-04-28,ibs,21,2,20824,2564
2025-04-28,kier,6,0,20824,2564
2025-04-28,kribb,34,1,20824,2564
2025-04-28,krict,20,5,20824,2564
2025-04-28,단지_KTG중앙연구원,6,1,20824,2564
2025-04-28,단지_LG생활건강,5,0,20824,2564
2025-04-28,단지_연구단지네거리,15,0,20824,2564
2025-04-28,단지_연구단지운동장,24,2,20824,2564
2025-04-28,단지_한화솔루션,2,0,20824,2564
2025-04-28,대조_충남대,467,32,20824,2564
2025-04-29,etri,7,0,21917,2800
2025-04-29,ibs,19,0,21917,2800
2025-04-29,kier,10,0,21917,2800
2025-04-29,kiom,1,0,21917,2800
2025-04-29,kribb,26,4,21917,2800
2025-04-29,krict,11,1,21917,2800
2025-04-29,단지_KTG중앙연구원,5,0,21917,2800
2025-04-29,단지_LG생활건강,5,0,21917,2800
2025-04-29,단지_연구단지네거리,20,4,21917,2800
2025-04-29,단지_연구단지운동장,25,5,21917,2800
2025-04-29,단지_한화솔루션,5,0,21917,2800
2025-04-29,대조_충남대,473,50,21917,2800
2025-04-30,etri,4,0,23807,3398
2025-04-30,ibs,25,2,23807,3398
2025-04-30,kier,3,1,23807,3398
2025-04-30,kiom,7,0,23807,3398
2025-04-30,kribb,31,5,23807,3398
2025-04-30,krict,13,3,23807,3398
2025-04-30,단지_KTG중앙연구원,8,0,23807,3398
2025-04-30,단지_LG생활건강,3,0,23807,3398
2025-04-30,단지_연구단지네거리,23,5,23807,3398
2025-04-30,단지_연구단지운동장,24,2,23807,3398
2025-04-30,단지_한화솔루션,4,0,23807,3398
2025-04-30,대조_충남대,482,54,23807,3398
2025-05-01,etri,1,0,10455,1815
2025-05-01,ibs,6,1,10455,1815
2025-05-01,kier,4,1,10455,1815
2025-05-01,kribb,12,1,10455,1815
2025-05-01,krict,4,0,10455,1815
2025-05-01,단지_KTG중앙연구원,5,0,10455,1815
2025-05-01,단지_연구단지네거리,6,0,10455,1815
2025-05-01,단지_연구단지운동장,13,4,10455,1815
2025-05-01,단지_한화솔루션,1,0,10455,1815
2025-05-01,대조_충남대,192,36,10455,1815
2025-05-02,etri,1,0,22829,2827
2025-05-02,ibs,20,0,22829,2827
2025-05-02,kier,8,0,22829,2827
2025-05-02,kiom,8,1,22829,2827
2025-05-02,kribb,15,2,22829,2827
2025-05-02,krict,7,0,22829,2827
2025-05-02,단지_KTG중앙연구원,8,2,22829,2827
2025-05-02,단지_LG생활건강,3,0,22829,2827
2025-05-02,단지_연구단지네거리,15,5,22829,2827
2025-05-02,단지_연구단지운동장,18,0,22829,2827
2025-05-02,단지_한화솔루션,1,0,22829,2827
2025-05-02,대조_충남대,369,27,22829,2827
2025-05-03,etri,3,0,11036,2013
2025-05-03,ibs,5,0,11036,2013
2025-05-03,kier,2,0,11036,2013
2025-05-03,kiom,2,1,11036,2013
2025-05-03,kribb,6,1,11036,2013
2025-05-03,단지_KTG중앙연구원,9,1,11036,2013
2025-05-03,단지_연구단지네거리,6,2,11036,2013
2025-05-03,단지_연구단지운동장,13,0,11036,2013
2025-05-03,대조_충남대,107,17,11036,2013
2025-05-04,ibs,23,4,18494,2517
2025-05-04,kier,2,1,18494,2517
2025-05-04,kribb,9,4,18494,2517
2025-05-04,krict,3,0,18494,2517
2025-05-04,단지_KTG중앙연구원,3,0,18494,2517
2025-05-04,단지_연구단지네거리,10,2,18494,2517
2025-05-04,단지_연구단지운동장,12,2,18494,2517
2025-05-04,대조_충남대,234,31,18494,2517
2025-05-05,ibs,14,0,13755,2120
2025-05-05,kier,4,1,13755,2120
2025-05-05,kiom,2,0,13755,2120
2025-05-05,kribb,8,0,13755,2120
2025-05-05,krict,3,2,13755,2120
2025-05-05,단지_KTG중앙연구원,6,0,13755,2120
2025-05-05,단지_연구단지네거리,4,0,13755,2120
2025-05-05,단지_연구단지운동장,17,1,13755,2120
2025-05-05,단지_한화솔루션,1,0,13755,2120
2025-05-05,대조_충남대,217,40,13755,2120
2025-05-06,etri,3,0,17642,2244
2025-05-06,ibs,19,2,17642,2244
2025-05-06,kier,9,2,17642,2244
2025-05-06,kribb,10,2,17642,2244
2025-05-06,krict,3,1,17642,2244
2025-05-06,단지_KTG중앙연구원,13,0,17642,2244
2025-05-06,단지_연구단지네거리,10,1,17642,2244
2025-05-06,단지_연구단지운동장,33,5,17642,2244
2025-05-06,단지_한화솔루션,12,0,17642,2244
2025-05-06,대조_충남대,278,38,17642,2244
2025-05-07,etri,5,0,21529,2807
2025-05-07,ibs,27,2,21529,2807
2025-05-07,kier,9,1,21529,2807
2025-05-07,kribb,23,1,21529,2807
2025-05-07,krict,4,0,21529,2807
2025-05-07,단지_KTG중앙연구원,6,1,21529,2807
2025-05-07,단지_LG생활건강,3,1,21529,2807
2025-05-07,단지_연구단지네거리,20,3,21529,2807
2025-05-07,단지_연구단지운동장,19,1,21529,2807
2025-05-07,단지_한화솔루션,6,2,21529,2807
2025-05-07,대조_충남대,497,47,21529,2807
2025-05-08,etri,7,0,22721,3103
2025-05-08,ibs,38,0,22721,3103
2025-05-08,kier,6,2,22721,3103
2025-05-08,kiom,1,0,22721,3103
2025-05-08,kribb,23,6,22721,3103
2025-05-08,krict,8,0,22721,3103
2025-05-08,단지_KTG중앙연구원,3,1,22721,3103
2025-05-08,단지_LG생활건강,2,0,22721,3103
2025-05-08,단지_연구단지네거리,18,4,22721,3103
2025-05-08,단지_연구단지운동장,12,1,22721,3103
2025-05-08,단지_한화솔루션,4,1,22721,3103
2025-05-08,대조_충남대,505,49,22721,3103
2025-05-09,etri,2,0,7390,1200
2025-05-09,kier,1,0,7390,1200
2025-05-09,kiom,1,0,7390,1200
2025-05-09,단지_KTG중앙연구원,2,0,7390,1200
2025-05-09,단지_연구단지네거리,3,1,7390,1200
2025-05-09,단지_연구단지운동장,4,0,7390,1200
2025-05-09,대조_충남대,107,14,7390,1200
2025-05-10,ibs,3,0,4796,1222
2025-05-10,kier,1,0,4796,1222
2025-05-10,kiom,2,0,4796,1222
2025-05-10,kribb,6,2,4796,1222
2025-05-10,krict,1,0,4796,1222
2025-05-10,단지_연구단지네거리,1,0,4796,1222
2025-05-10,단지_연구단지운동장,5,0,4796,1222
2025-05-10,대조_충남대,43,14,4796,1222
2025-05-11,etri,4,1,19253,2236
2025-05-11,ibs,20,1,19253,2236
2025-05-11,kier,11,0,19253,2236
2025-05-11,kiom,1,0,19253,2236
2025-05-11,kribb,17,2,19253,2236
2025-05-11,krict,2,0,19253,2236
2025-05-11,단지_KTG중앙연구원,7,0,19253,2236
2025-05-11,단지_연구단지네거리,12,4,19253,2236
2025-05-11,단지_연구단지운동장,23,1,19253,2236
2025-05-11,단지_한화솔루션,4,0,19253,2236
2025-05-11,대조_충남대,323,53,19253,2236
2025-05-12,etri,4,0,22205,3068
2025-05-12,ibs,27,2,22205,3068
2025-05-12,kier,10,0,22205,3068
2025-05-12,kiom,3,0,22205,3068
2025-05-12,kribb,40,5,22205,3068
2025-05-12,krict,11,0,22205,3068
2025-05-12,단지_KTG중앙연구원,6,0,22205,3068
2025-05-12,단지_LG생활건강,5,0,22205,3068
2025-05-12,단지_연구단지네거리,16,0,22205,3068
2025-05-12,단지_연구단지운동장,25,7,22205,3068
2025-05-12,단지_한화솔루션,9,0,22205,3068
2025-05-12,대조_충남대,619,56,22205,3068
2025-05-13,etri,4,0,23359,3214
2025-05-13,ibs,29,2,23359,3214
2025-05-13,kier,11,1,23359,3214
2025-05-13,kiom,5,0,23359,3214
2025-05-13,kribb,32,2,23359,3214
2025-05-13,krict,17,1,23359,3214
2025-05-13,단지_KTG중앙연구원,5,0,23359,3214
2025-05-13,단지_LG생활건강,2,0,23359,3214
2025-05-13,단지_연구단지네거리,19,2,23359,3214
2025-05-13,단지_연구단지운동장,23,5,23359,3214
2025-05-13,단지_한화솔루션,7,0,23359,3214
2025-05-13,대조_충남대,604,57,23359,3214
2025-05-14,etri,4,0,24393,3649
2025-05-14,ibs,40,3,24393,3649
2025-05-14,kier,13,0,24393,3649
2025-05-14,kiom,3,0,24393,3649
2025-05-14,kribb,32,5,24393,3649
2025-05-14,krict,7,0,24393,3649
2025-05-14,단지_KTG중앙연구원,9,0,24393,3649
2025-05-14,단지_LG생활건강,5,0,24393,3649
2025-05-14,단지_연구단지네거리,14,2,24393,3649
2025-05-14,단지_연구단지운동장,26,7,24393,3649
2025-05-14,단지_한화솔루션,6,2,24393,3649
2025-05-14,대조_충남대,558,61,24393,3649
2025-05-15,etri,6,0,18818,3060
2025-05-15,ibs,18,5,18818,3060
2025-05-15,kier,17,2,18818,3060
2025-05-15,kribb,18,5,18818,3060
2025-05-15,krict,4,1,18818,3060
2025-05-15,단지_KTG중앙연구원,2,0,18818,3060
2025-05-15,단지_LG생활건강,2,0,18818,3060
2025-05-15,단지_연구단지네거리,18,1,18818,3060
2025-05-15,단지_연구단지운동장,24,1,18818,3060
2025-05-15,대조_충남대,410,49,18818,3060
2025-05-16,etri,3,0,8176,162
2025-05-16,ibs,9,0,8176,162
2025-05-16,kier,6,0,8176,162
2025-05-16,kribb,6,0,8176,162
2025-05-16,krict,2,0,8176,162
2025-05-16,단지_KTG중앙연구원,12,0,8176,162
2025-05-16,단지_LG생활건강,1,0,8176,162
2025-05-16,단지_연구단지네거리,10,0,8176,162
2025-05-16,단지_연구단지운동장,11,0,8176,162
2025-05-16,단지_한화솔루션,2,0,8176,162
2025-05-16,대조_충남대,179,1,8176,162
2025-05-17,ibs,29,3,18888,2054
2025-05-17,kier,10,1,18888,2054
2025-05-17,kiom,2,0,18888,2054
2025-05-17,kribb,28,1,18888,2054
2025-05-17,단지_KTG중앙연구원,4,0,18888,2054
2025-05-17,단지_LG생활건강,1,0,18888,2054
2025-05-17,단지_연구단지네거리,21,3,18888,2054
2025-05-17,단지_연구단지운동장,16,2,18888,2054
2025-05-17,단지_한화솔루션,2,0,18888,2054
2025-05-17,대조_충남대,231,45,18888,2054
2025-05-18,etri,1,0,21075,2616
2025-05-18,ibs,23,5,21075,2616
2025-05-18,kier,10,2,21075,2616
2025-05-18,kiom,1,0,21075,2616
2025-05-18,kribb,27,1,21075,2616
2025-05-18,krict,1,1,21075,2616
2025-05-18,단지_KTG중앙연구원,3,1,21075,2616
2025-05-18,단지_LG생활건강,1,0,21075,2616
2025-05-18,단지_연구단지네거리,32,2,21075,2616
2025-05-18,단지_연구단지운동장,26,2,21075,2616
2025-05-18,단지_한화솔루션,1,0,21075,2616
2025-05-18,대조_충남대,356,34,21075,2616
2025-05-19,etri,4,0,22048,3102
2025-05-19,ibs,22,1,22048,3102
2025-05-19,kier,11,2,22048,3102
2025-05-19,kiom,4,0,22048,3102
2025-05-19,kribb,33,1,22048,3102
2025-05-19,krict,5,1,22048,3102
2025-05-19,단지_KTG중앙연구원,9,0,22048,3102
2025-05-19,단지_LG생활건강,3,0,22048,3102
2025-05-19,단지_연구단지네거리,20,3,22048,3102
2025-05-19,단지_연구단지운동장,39,5,22048,3102
2025-05-19,단지_한화솔루션,5,0,22048,3102
2025-05-19,대조_충남대,484,49,22048,3102
2025-05-20,etri,12,2,22166,3294
2025-05-20,ibs,32,3,22166,3294
2025-05-20,kier,10,1,22166,3294
2025-05-20,kiom,2,0,22166,3294
2025-05-20,kribb,30,3,22166,3294
2025-05-20,krict,10,0,22166,3294
2025-05-20,단지_KTG중앙연구원,5,2,22166,3294
2025-05-20,단지_LG생활건강,5,0,22166,3294
2025-05-20,단지_연구단지네거리,14,1,22166,3294
2025-05-20,단지_연구단지운동장,29,4,22166,3294
2025-05-20,단지_한화솔루션,6,0,22166,3294
2025-05-20,대조_충남대,512,55,22166,3294
2025-05-21,etri,2,0,23036,3294
2025-05-21,ibs,34,6,23036,3294
2025-05-21,kier,11,1,23036,3294
2025-05-21,kribb,24,3,23036,3294
2025-05-21,krict,7,0,23036,3294
2025-05-21,단지_KTG중앙연구원,6,3,23036,3294
2025-05-21,단지_LG생활건강,5,0,23036,3294
2025-05-21,단지_연구단지네거리,15,3,23036,3294
2025-05-21,단지_연구단지운동장,31,5,23036,3294
2025-05-21,단지_한화솔루션,6,0,23036,3294
2025-05-21,대조_충남대,556,53,23036,3294
2025-05-22,etri,4,0,20780,3076
2025-05-22,ibs,20,1,20780,3076
2025-05-22,kier,11,5,20780,3076
2025-05-22,kribb,22,2,20780,3076
2025-05-22,krict,9,0,20780,3076
2025-05-22,단지_KTG중앙연구원,8,1,20780,3076
2025-05-22,단지_LG생활건강,4,0,20780,3076
2025-05-22,단지_연구단지네거리,14,2,20780,3076
2025-05-22,단지_연구단지운동장,6,0,20780,3076
2025-05-22,단지_한화솔루션,8,0,20780,3076
2025-05-22,대조_충남대,582,45,20780,3076
2025-05-23,etri,7,0,24474,3248
2025-05-23,ibs,20,0,24474,3248
2025-05-23,kier,6,1,24474,3248
2025-05-23,kiom,1,0,24474,3248
2025-05-23,kribb,26,1,24474,3248
2025-05-23,krict,7,0,24474,3248
2025-05-23,단지_KTG중앙연구원,10,2,24474,3248
2025-05-23,단지_LG생활건강,4,0,24474,3248
2025-05-23,단지_연구단지네거리,19,3,24474,3248
2025-05-23,단지_연구단지운동장,29,5,24474,3248
2025-05-23,단지_한화솔루션,4,0,24474,3248
2025-05-23,대조_충남대,428,38,24474,3248
2025-05-24,etri,3,0,18062,2706
2025-05-24,ibs,5,2,18062,2706
2025-05-24,kier,2,0,18062,2706
2025-05-24,kribb,10,0,18062,2706
2025-05-24,krict,4,0,18062,2706
2025-05-24,단지_KTG중앙연구원,4,2,18062,2706
2025-05-24,단지_연구단지네거리,10,2,18062,2706
2025-05-24,단지_연구단지운동장,12,2,18062,2706
2025-05-24,대조_충남대,274,41,18062,2706
2025-05-25,etri,3,0,22598,2902
2025-05-25,ibs,25,4,22598,2902
2025-05-25,kier,9,4,22598,2902
2025-05-25,kribb,22,2,22598,2902
2025-05-25,krict,5,1,22598,2902
2025-05-25,단지_KTG중앙연구원,9,1,22598,2902
2025-05-25,단지_연구단지네거리,23,6,22598,2902
2025-05-25,단지_연구단지운동장,36,9,22598,2902
2025-05-25,단지_한화솔루션,2,0,22598,2902
2025-05-25,대조_충남대,373,49,22598,2902
2025-05-26,etri,12,0,24112,3401
2025-05-26,ibs,26,3,24112,3401
2025-05-26,kier,12,1,24112,3401
2025-05-26,kiom,6,1,24112,3401
2025-05-26,kribb,40,4,24112,3401
2025-05-26,krict,7,0,24112,3401
2025-05-26,단지_KTG중앙연구원,9,0,24112,3401
2025-05-26,단지_LG생활건강,4,0,24112,3401
2025-05-26,단지_연구단지네거리,33,3,24112,3401
2025-05-26,단지_연구단지운동장,37,3,24112,3401
2025-05-26,단지_한화솔루션,4,0,24112,3401
2025-05-26,대조_충남대,614,57,24112,3401
2025-05-27,etri,4,0,24600,3518
2025-05-27,ibs,29,4,24600,3518
2025-05-27,kier,9,1,24600,3518
2025-05-27,kiom,1,0,24600,3518
2025-05-27,kribb,27,2,24600,3518
2025-05-27,krict,14,0,24600,3518
2025-05-27,단지_KTG중앙연구원,13,2,24600,3518
2025-05-27,단지_LG생활건강,8,0,24600,3518
2025-05-27,단지_연구단지네거리,23,4,24600,3518
2025-05-27,단지_연구단지운동장,41,10,24600,3518
2025-05-27,단지_한화솔루션,15,0,24600,3518
2025-05-27,대조_충남대,568,51,24600,3518
2025-05-28,etri,9,0,25889,3668
2025-05-28,ibs,34,5,25889,3668
2025-05-28,kier,6,0,25889,3668
2025-05-28,kiom,4,0,25889,3668
2025-05-28,kribb,36,4,25889,3668
2025-05-28,krict,4,1,25889,3668
2025-05-28,단지_KTG중앙연구원,12,0,25889,3668
2025-05-28,단지_LG생활건강,3,0,25889,3668
2025-05-28,단지_연구단지네거리,11,0,25889,3668
2025-05-28,단지_연구단지운동장,37,5,25889,3668
2025-05-28,단지_한화솔루션,2,0,25889,3668
2025-05-28,대조_충남대,572,56,25889,3668
2025-05-29,etri,9,0,25676,3371
2025-05-29,ibs,28,1,25676,3371
2025-05-29,kier,16,1,25676,3371
2025-05-29,kiom,2,0,25676,3371
2025-05-29,kribb,49,9,25676,3371
2025-05-29,krict,13,1,25676,3371
2025-05-29,단지_KTG중앙연구원,20,1,25676,3371
2025-05-29,단지_LG생활건강,7,0,25676,3371
2025-05-29,단지_연구단지네거리,19,6,25676,3371
2025-05-29,단지_연구단지운동장,25,4,25676,3371
2025-05-29,단지_한화솔루션,7,0,25676,3371
2025-05-29,대조_충남대,585,30,25676,3371
2025-05-30,etri,11,0,27848,3985
2025-05-30,ibs,30,1,27848,3985
2025-05-30,kier,10,0,27848,3985
2025-05-30,kiom,2,0,27848,3985
2025-05-30,kribb,47,3,27848,3985
2025-05-30,krict,7,1,27848,3985
2025-05-30,단지_KTG중앙연구원,25,3,27848,3985
2025-05-30,단지_LG생활건강,5,0,27848,3985
2025-05-30,단지_연구단지네거리,19,5,27848,3985
2025-05-30,단지_연구단지운동장,28,2,27848,3985
2025-05-30,단지_한화솔루션,2,0,27848,3985
2025-05-30,대조_충남대,514,46,27848,3985
2025-05-31,etri,5,1,26632,4067
2025-05-31,ibs,12,4,26632,4067
2025-05-31,kier,3,1,26632,4067
2025-05-31,kribb,21,1,26632,4067
2025-05-31,krict,1,0,26632,4067
2025-05-31,단지_KTG중앙연구원,11,0,26632,4067
2025-05-31,단지_LG생활건강,1,0,26632,4067
2025-05-31,단지_연구단지네거리,13,0,26632,4067
2025-05-31,단지_연구단지운동장,17,4,26632,4067
2025-05-31,단지_한화솔루션,3,0,26632,4067
2025-05-31,대조_충남대,372,47,26632,4067
2025-06-01,etri,1,0,23085,3292
2025-06-01,ibs,30,9,23085,3292
2025-06-01,kier,8,0,23085,3292
2025-06-01,kiom,4,0,23085,3292
2025-06-01,kribb,24,6,23085,3292
2025-06-01,krict,2,0,23085,3292
2025-06-01,단지_KTG중앙연구원,2,0,23085,3292
2025-06-01,단지_LG생활건강,2,0,23085,3292
2025-06-01,단지_연구단지네거리,25,4,23085,3292
2025-06-01,단지_연구단지운동장,19,2,23085,3292
2025-06-01,단지_한화솔루션,2,0,23085,3292
2025-06-01,대조_충남대,429,68,23085,3292
2025-06-02,etri,5,0,24843,4194
2025-06-02,ibs,26,2,24843,4194
2025-06-02,kier,3,0,24843,4194
2025-06-02,kiom,2,0,24843,4194
2025-06-02,kribb,25,1,24843,4194
2025-06-02,krict,11,0,24843,4194
2025-06-02,단지_KTG중앙연구원,7,1,24843,4194
2025-06-02,단지_LG생활건강,2,0,24843,4194
2025-06-02,단지_연구단지네거리,14,2,24843,4194
2025-06-02,단지_연구단지운동장,26,6,24843,4194
2025-06-02,단지_한화솔루션,2,0,24843,4194
2025-06-02,대조_충남대,597,61,24843,4194
2025-06-03,etri,2,0,26551,3191
2025-06-03,ibs,38,19,26551,3191
2025-06-03,kier,5,1,26551,3191
2025-06-03,kiom,1,0,26551,3191
2025-06-03,kribb,31,5,26551,3191
2025-06-03,krict,4,0,26551,3191
2025-06-03,단지_KTG중앙연구원,8,0,26551,3191
2025-06-03,단지_LG생활건강,2,0,26551,3191
2025-06-03,단지_연구단지네거리,20,2,26551,3191
2025-06-03,단지_연구단지운동장,27,2,26551,3191
2025-06-03,단지_한화솔루션,18,0,26551,3191
2025-06-03,대조_충남대,439,62,26551,3191
2025-06-04,etri,5,1,25207,3830
2025-06-04,ibs,39,1,25207,3830
2025-06-04,kier,14,1,25207,3830
2025-06-04,kiom,1,0,25207,3830
2025-06-04,kribb,28,4,25207,3830
2025-06-04,krict,8,0,25207,3830
2025-06-04,단지_KTG중앙연구원,3,1,25207,3830
2025-06-04,단지_LG생활건강,11,1,25207,3830
2025-06-04,단지_연구단지네거리,17,3,25207,3830
2025-06-04,단지_연구단지운동장,26,6,25207,3830
2025-06-04,단지_한화솔루션,11,1,25207,3830
2025-06-04,대조_충남대,492,43,25207,3830
2025-06-05,etri,7,0,27227,4457
2025-06-05,ibs,27,3,27227,4457
2025-06-05,kier,12,1,27227,4457
2025-06-05,kiom,1,0,27227,4457
2025-06-05,kribb,34,4,27227,4457
2025-06-05,krict,7,0,27227,4457
2025-06-05,단지_KTG중앙연구원,9,0,27227,4457
2025-06-05,단지_LG생활건강,2,0,27227,4457
2025-06-05,단지_연구단지네거리,16,5,27227,4457
2025-06-05,단지_연구단지운동장,24,1,27227,4457
2025-06-05,단지_한화솔루션,14,0,27227,4457
2025-06-05,대조_충남대,540,54,27227,4457
2025-06-06,etri,2,0,25104,4207
2025-06-06,ibs,20,3,25104,4207
2025-06-06,kier,4,2,25104,4207
2025-06-06,kiom,3,0,25104,4207
2025-06-06,kribb,16,3,25104,4207
2025-06-06,krict,4,1,25104,4207
2025-06-06,단지_KTG중앙연구원,1,0,25104,4207
2025-06-06,단지_LG생활건강,1,0,25104,4207
2025-06-06,단지_연구단지네거리,17,1,25104,4207
2025-06-06,단지_연구단지운동장,20,2,25104,4207
2025-06-06,단지_한화솔루션,9,0,25104,4207
2025-06-06,대조_충남대,390,80,25104,4207
2025-06-07,ibs,18,1,25660,4373
2025-06-07,kier,9,2,25660,4373
2025-06-07,kiom,6,3,25660,4373
2025-06-07,kribb,18,6,25660,4373
2025-06-07,krict,14,1,25660,4373
2025-06-07,단지_KTG중앙연구원,7,0,25660,4373
2025-06-07,단지_LG생활건강,1,0,25660,4373
2025-06-07,단지_연구단지네거리,16,4,25660,4373
2025-06-07,단지_연구단지운동장,30,5,25660,4373
2025-06-07,단지_한화솔루션,2,2,25660,4373
2025-06-07,대조_충남대,418,56,25660,4373
2025-06-08,etri,4,1,21893,3166
2025-06-08,ibs,25,5,21893,3166
2025-06-08,kier,3,0,21893,3166
2025-06-08,kiom,2,0,21893,3166
2025-06-08,kribb,20,3,21893,3166
2025-06-08,krict,10,0,21893,3166
2025-06-08,단지_KTG중앙연구원,4,0,21893,3166
2025-06-08,단지_연구단지네거리,18,1,21893,3166
2025-06-08,단지_연구단지운동장,32,1,21893,3166
2025-06-08,단지_한화솔루션,4,0,21893,3166
2025-06-08,대조_충남대,436,65,21893,3166
2025-06-09,etri,4,0,23931,3798
2025-06-09,ibs,19,2,23931,3798
2025-06-09,kier,7,1,23931,3798
2025-06-09,kribb,29,1,23931,3798
2025-06-09,krict,8,0,23931,3798
2025-06-09,단지_KTG중앙연구원,2,0,23931,3798
2025-06-09,단지_LG생활건강,6,0,23931,3798
2025-06-09,단지_연구단지네거리,11,4,23931,3798
2025-06-09,단지_연구단지운동장,22,4,23931,3798
2025-06-09,단지_한화솔루션,3,0,23931,3798
2025-06-09,대조_충남대,558,66,23931,3798
2025-06-10,etri,3,0,24521,3635
2025-06-10,ibs,21,4,24521,3635
2025-06-10,kier,11,2,24521,3635
2025-06-10,kiom,5,0,24521,3635
2025-06-10,kribb,29,2,24521,3635
2025-06-10,krict,6,0,24521,3635
2025-06-10,단지_KTG중앙연구원,5,2,24521,3635
2025-06-10,단지_LG생활건강,5,0,24521,3635
2025-06-10,단지_연구단지네거리,18,2,24521,3635
2025-06-10,단지_연구단지운동장,29,1,24521,3635
2025-06-10,단지_한화솔루션,8,0,24521,3635
2025-06-10,대조_충남대,559,65,24521,3635
2025-06-11,etri,8,0,25493,4015
2025-06-11,ibs,35,5,25493,4015
2025-06-11,kier,12,1,25493,4015
2025-06-11,kiom,2,0,25493,4015
2025-06-11,kribb,26,5,25493,4015
2025-06-11,krict,9,0,25493,4015
2025-06-11,단지_KTG중앙연구원,6,2,25493,4015
2025-06-11,단지_LG생활건강,7,0,25493,4015
2025-06-11,단지_연구단지네거리,8,2,25493,4015
2025-06-11,단지_연구단지운동장,26,3,25493,4015
2025-06-11,단지_한화솔루션,11,0,25493,4015
2025-06-11,대조_충남대,578,48,25493,4015
2025-06-12,etri,8,0,26145,4256
2025-06-12,ibs,27,1,26145,4256
2025-06-12,kier,7,0,26145,4256
2025-06-12,kiom,1,0,26145,4256
2025-06-12,kribb,38,2,26145,4256
2025-06-12,krict,10,0,26145,4256
2025-06-12,단지_KTG중앙연구원,8,0,26145,4256
2025-06-12,단지_LG생활건강,4,0,26145,4256
2025-06-12,단지_연구단지네거리,19,4,26145,4256
2025-06-12,단지_연구단지운동장,28,6,26145,4256
2025-06-12,단지_한화솔루션,2,0,26145,4256
2025-06-12,대조_충남대,566,61,26145,4256
2025-06-13,etri,2,0,11130,135
2025-06-13,ibs,8,0,11130,135
2025-06-13,kier,5,0,11130,135
2025-06-13,kribb,12,1,11130,135
2025-06-13,krict,3,0,11130,135
2025-06-13,단지_KTG중앙연구원,3,0,11130,135
2025-06-13,단지_LG생활건강,1,0,11130,135
2025-06-13,단지_연구단지네거리,8,1,11130,135
2025-06-13,단지_연구단지운동장,10,0,11130,135
2025-06-13,단지_한화솔루션,2,0,11130,135
2025-06-13,대조_충남대,237,0,11130,135
2025-06-14,etri,3,1,18936,3811
2025-06-14,ibs,22,3,18936,3811
2025-06-14,kier,6,0,18936,3811
2025-06-14,kribb,22,4,18936,3811
2025-06-14,krict,7,2,18936,3811
2025-06-14,단지_KTG중앙연구원,3,0,18936,3811
2025-06-14,단지_연구단지네거리,16,8,18936,3811
2025-06-14,단지_연구단지운동장,20,2,18936,3811
2025-06-14,단지_한화솔루션,14,3,18936,3811
2025-06-14,대조_충남대,339,44,18936,3811
2025-06-15,etri,6,0,14805,420
2025-06-15,ibs,18,2,14805,420
2025-06-15,kier,9,0,14805,420
2025-06-15,kiom,4,0,14805,420
2025-06-15,kribb,16,0,14805,420
2025-06-15,krict,4,0,14805,420
2025-06-15,단지_KTG중앙연구원,1,0,14805,420
2025-06-15,단지_연구단지네거리,10,0,14805,420
2025-06-15,단지_연구단지운동장,20,0,14805,420
2025-06-15,단지_한화솔루션,2,0,14805,420
2025-06-15,대조_충남대,280,3,14805,420
2025-06-16,etri,5,0,18676,3497
2025-06-16,ibs,21,3,18676,3497
2025-06-16,kier,19,1,18676,3497
2025-06-16,kiom,7,0,18676,3497
2025-06-16,kribb,13,1,18676,3497
2025-06-16,krict,10,0,18676,3497
2025-06-16,단지_KTG중앙연구원,7,1,18676,3497
2025-06-16,단지_LG생활건강,3,0,18676,3497
2025-06-16,단지_연구단지네거리,11,1,18676,3497
2025-06-16,단지_연구단지운동장,26,4,18676,3497
2025-06-16,단지_한화솔루션,5,1,18676,3497
2025-06-16,대조_충남대,334,48,18676,3497
2025-06-17,etri,4,0,23475,3600
2025-06-17,ibs,32,2,23475,3600
2025-06-17,kier,11,0,23475,3600
2025-06-17,kiom,6,0,23475,3600
2025-06-17,kribb,26,2,23475,3600
2025-06-17,krict,10,1,23475,3600
2025-06-17,단지_KTG중앙연구원,8,1,23475,3600
2025-06-17,단지_LG생활건강,3,0,23475,3600
2025-06-17,단지_연구단지네거리,15,3,23475,3600
2025-06-17,단지_연구단지운동장,29,3,23475,3600
2025-06-17,단지_한화솔루션,12,2,23475,3600
2025-06-17,대조_충남대,485,56,23475,3600
2025-06-18,etri,12,0,24316,3992
2025-06-18,ibs,30,1,24316,3992
2025-06-18,kier,16,2,24316,3992
2025-06-18,kiom,4,0,24316,3992
2025-06-18,kribb,36,0,24316,3992
2025-06-18,krict,7,0,24316,3992
2025-06-18,단지_KTG중앙연구원,4,2,24316,3992
2025-06-18,단지_LG생활건강,6,0,24316,3992
2025-06-18,단지_연구단지네거리,13,1,24316,3992
2025-06-18,단지_연구단지운동장,38,11,24316,3992
2025-06-18,단지_한화솔루션,5,0,24316,3992
2025-06-18,대조_충남대,438,54,24316,3992
2025-06-19,etri,12,0,24097,3676
2025-06-19,ibs,30,3,24097,3676
2025-06-19,kier,9,3,24097,3676
2025-06-19,kiom,2,0,24097,3676
2025-06-19,kribb,39,6,24097,3676
2025-06-19,krict,8,0,24097,3676
2025-06-19,단지_KTG중앙연구원,7,0,24097,3676
2025-06-19,단지_LG생활건강,6,0,24097,3676
2025-06-19,단지_연구단지네거리,14,3,24097,3676
2025-06-19,단지_연구단지운동장,30,3,24097,3676
2025-06-19,단지_한화솔루션,4,0,24097,3676
2025-06-19,대조_충남대,400,49,24097,3676
2025-06-20,ibs,3,0,5681,173
2025-06-20,kribb,6,0,5681,173
2025-06-20,단지_LG생활건강,1,0,5681,173
2025-06-20,단지_연구단지네거리,3,0,5681,173
2025-06-20,단지_연구단지운동장,8,0,5681,173
2025-06-20,대조_충남대,65,1,5681,173
2025-06-21,kier,1,0,1753,588
2025-06-21,kribb,1,0,1753,588
2025-06-21,단지_연구단지네거리,3,1,1753,588
2025-06-21,단지_연구단지운동장,2,0,1753,588
2025-06-21,단지_한화솔루션,2,0,1753,588
2025-06-21,대조_충남대,21,12,1753,588
2025-06-22,etri,4,0,21093,3417
2025-06-22,ibs,24,10,21093,3417
2025-06-22,kier,13,0,21093,3417
2025-06-22,kribb,28,6,21093,3417
2025-06-22,krict,3,1,21093,3417
2025-06-22,단지_KTG중앙연구원,2,0,21093,3417
2025-06-22,단지_LG생활건강,3,0,21093,3417
2025-06-22,단지_연구단지네거리,27,1,21093,3417
2025-06-22,단지_연구단지운동장,19,5,21093,3417
2025-06-22,단지_한화솔루션,1,0,21093,3417
2025-06-22,대조_충남대,336,74,21093,3417
2025-06-23,etri,7,0,24088,3951
2025-06-23,ibs,22,2,24088,3951
2025-06-23,kier,12,0,24088,3951
2025-06-23,kiom,1,0,24088,3951
2025-06-23,kribb,35,0,24088,3951
2025-06-23,krict,10,0,24088,3951
2025-06-23,단지_KTG중앙연구원,3,0,24088,3951
2025-06-23,단지_LG생활건강,3,0,24088,3951
2025-06-23,단지_연구단지네거리,16,2,24088,3951
2025-06-23,단지_연구단지운동장,31,5,24088,3951
2025-06-23,단지_한화솔루션,7,1,24088,3951
2025-06-23,대조_충남대,411,50,24088,3951
2025-06-24,etri,5,0,16970,3198
2025-06-24,ibs,11,4,16970,3198
2025-06-24,kier,12,4,16970,3198
2025-06-24,kribb,27,6,16970,3198
2025-06-24,krict,8,1,16970,3198
2025-06-24,단지_KTG중앙연구원,6,1,16970,3198
2025-06-24,단지_LG생활건강,3,0,16970,3198
2025-06-24,단지_연구단지네거리,17,2,16970,3198
2025-06-24,단지_연구단지운동장,13,1,16970,3198
2025-06-24,단지_한화솔루션,2,1,16970,3198
2025-06-24,대조_충남대,315,44,16970,3198
2025-06-25,etri,7,0,19239,3275
2025-06-25,ibs,37,1,19239,3275
2025-06-25,kier,13,0,19239,3275
2025-06-25,kiom,4,0,19239,3275
2025-06-25,kribb,28,2,19239,3275
2025-06-25,krict,4,0,19239,3275
2025-06-25,단지_KTG중앙연구원,11,1,19239,3275
2025-06-25,단지_LG생활건강,3,0,19239,3275
2025-06-25,단지_연구단지네거리,24,3,19239,3275
2025-06-25,단지_연구단지운동장,28,2,19239,3275
2025-06-25,단지_한화솔루션,1,0,19239,3275
2025-06-25,대조_충남대,274,41,19239,3275
2025-06-26,etri,2,0,23530,3778
2025-06-26,ibs,23,2,23530,3778
2025-06-26,kier,15,0,23530,3778
2025-06-26,kiom,8,0,23530,3778
2025-06-26,kribb,34,4,23530,3778
2025-06-26,krict,6,0,23530,3778
2025-06-26,단지_KTG중앙연구원,5,0,23530,3778
2025-06-26,단지_LG생활건강,1,0,23530,3778
2025-06-26,단지_연구단지네거리,28,4,23530,3778
2025-06-26,단지_연구단지운동장,30,4,23530,3778
2025-06-26,단지_한화솔루션,3,1,23530,3778
2025-06-26,대조_충남대,390,33,23530,3778
2025-06-27,etri,4,0,25775,4180
2025-06-27,ibs,22,5,25775,4180
2025-06-27,kier,12,1,25775,4180
2025-06-27,kribb,24,2,25775,4180
2025-06-27,krict,11,1,25775,4180
2025-06-27,단지_KTG중앙연구원,6,0,25775,4180
2025-06-27,단지_LG생활건강,3,0,25775,4180
2025-06-27,단지_연구단지네거리,20,2,25775,4180
2025-06-27,단지_연구단지운동장,20,1,25775,4180
2025-06-27,단지_한화솔루션,5,2,25775,4180
2025-06-27,대조_충남대,377,38,25775,4180
2025-06-28,ibs,10,4,21233,3554
2025-06-28,kier,5,0,21233,3554
2025-06-28,kribb,17,5,21233,3554
2025-06-28,krict,4,0,21233,3554
2025-06-28,단지_KTG중앙연구원,4,0,21233,3554
2025-06-28,단지_연구단지네거리,14,2,21233,3554
2025-06-28,단지_연구단지운동장,27,5,21233,3554
2025-06-28,대조_충남대,282,45,21233,3554
2025-06-29,etri,1,0,18525,3139
2025-06-29,ibs,21,7,18525,3139
2025-06-29,kier,4,0,18525,3139
2025-06-29,kribb,29,9,18525,3139
2025-06-29,krict,5,2,18525,3139
2025-06-29,단지_KTG중앙연구원,5,0,18525,3139
2025-06-29,단지_LG생활건강,2,0,18525,3139
2025-06-29,단지_연구단지네거리,15,4,18525,3139
2025-06-29,단지_연구단지운동장,21,2,18525,3139
2025-06-29,단지_한화솔루션,1,0,18525,3139
2025-06-29,대조_충남대,292,50,18525,3139
2025-06-30,etri,6,0,21469,3455
2025-06-30,ibs,20,2,21469,3455
2025-06-30,kier,7,0,21469,3455
2025-06-30,kribb,19,2,21469,3455
2025-06-30,krict,10,0,21469,3455
2025-06-30,단지_KTG중앙연구원,3,0,21469,3455
2025-06-30,단지_LG생활건강,2,0,21469,3455
2025-06-30,단지_연구단지네거리,17,5,21469,3455
2025-06-30,단지_연구단지운동장,26,6,21469,3455
2025-06-30,단지_한화솔루션,2,0,21469,3455
2025-06-30,대조_충남대,418,43,21469,3455
2025-07-01,etri,14,0,22058,3518
2025-07-01,ibs,25,2,22058,3518
2025-07-01,kier,11,1,22058,3518
2025-07-01,kiom,2,0,22058,3518
2025-07-01,kribb,22,2,22058,3518
2025-07-01,krict,17,2,22058,3518
2025-07-01,단지_KTG중앙연구원,5,0,22058,3518
2025-07-01,단지_LG생활건강,8,1,22058,3518
2025-07-01,단지_연구단지네거리,21,8,22058,3518
2025-07-01,단지_연구단지운동장,25,1,22058,3518
2025-07-01,단지_한화솔루션,4,2,22058,3518
2025-07-01,대조_충남대,383,37,22058,3518
2025-07-02,etri,5,0,22128,3553
2025-07-02,ibs,28,2,22128,3553
2025-07-02,kier,9,1,22128,3553
2025-07-02,kiom,2,0,22128,3553
2025-07-02,kribb,38,6,22128,3553
2025-07-02,krict,23,0,22128,3553
2025-07-02,단지_KTG중앙연구원,4,0,22128,3553
2025-07-02,단지_LG생활건강,3,0,22128,3553
2025-07-02,단지_연구단지네거리,19,7,22128,3553
2025-07-02,단지_연구단지운동장,19,5,22128,3553
2025-07-02,단지_한화솔루션,8,0,22128,3553
2025-07-02,대조_충남대,387,35,22128,3553
2025-07-03,etri,14,0,22724,3788
2025-07-03,ibs,30,3,22724,3788
2025-07-03,kier,14,0,22724,3788
2025-07-03,kribb,32,2,22724,3788
2025-07-03,krict,15,0,22724,3788
2025-07-03,단지_KTG중앙연구원,5,2,22724,3788
2025-07-03,단지_LG생활건강,10,0,22724,3788
2025-07-03,단지_연구단지네거리,12,1,22724,3788
2025-07-03,단지_연구단지운동장,41,0,22724,3788
2025-07-03,단지_한화솔루션,7,0,22724,3788
2025-07-03,대조_충남대,436,46,22724,3788
2025-07-04,etri,8,0,25112,4115
2025-07-04,ibs,19,1,25112,4115
2025-07-04,kier,10,0,25112,4115
2025-07-04,kribb,31,3,25112,4115
2025-07-04,krict,14,0,25112,4115
2025-07-04,단지_KTG중앙연구원,6,0,25112,4115
2025-07-04,단지_LG생활건강,9,0,25112,4115
2025-07-04,단지_연구단지네거리,13,2,25112,4115
2025-07-04,단지_연구단지운동장,43,2,25112,4115
2025-07-04,단지_한화솔루션,2,0,25112,4115
2025-07-04,대조_충남대,459,56,25112,4115
2025-07-05,etri,3,0,20563,3784
2025-07-05,ibs,13,2,20563,3784
2025-07-05,kier,4,1,20563,3784
2025-07-05,kribb,15,2,20563,3784
2025-07-05,krict,6,3,20563,3784
2025-07-05,단지_LG생활건강,1,0,20563,3784
2025-07-05,단지_연구단지네거리,16,4,20563,3784
2025-07-05,단지_연구단지운동장,34,10,20563,3784
2025-07-05,단지_한화솔루션,4,0,20563,3784
2025-07-05,대조_충남대,307,53,20563,3784
2025-07-06,etri,1,0,18462,3017
2025-07-06,ibs,21,7,18462,3017
2025-07-06,kier,7,0,18462,3017
2025-07-06,kiom,1,0,18462,3017
2025-07-06,kribb,15,2,18462,3017
2025-07-06,krict,7,2,18462,3017
2025-07-06,단지_KTG중앙연구원,4,0,18462,3017
2025-07-06,단지_LG생활건강,6,0,18462,3017
2025-07-06,단지_연구단지네거리,17,5,18462,3017
2025-07-06,단지_연구단지운동장,21,4,18462,3017
2025-07-06,단지_한화솔루션,4,0,18462,3017
2025-07-06,대조_충남대,279,62,18462,3017
2025-07-07,etri,7,0,20847,3404
2025-07-07,ibs,39,3,20847,3404
2025-07-07,kier,8,2,20847,3404
2025-07-07,kiom,2,0,20847,3404
2025-07-07,kribb,26,3,20847,3404
2025-07-07,krict,13,1,20847,3404
2025-07-07,단지_KTG중앙연구원,3,0,20847,3404
2025-07-07,단지_LG생활건강,3,0,20847,3404
2025-07-07,단지_연구단지네거리,14,0,20847,3404
2025-07-07,단지_연구단지운동장,29,6,20847,3404
2025-07-07,단지_한화솔루션,5,2,20847,3404
2025-07-07,대조_충남대,427,54,20847,3404
2025-07-08,etri,4,0,20847,3604
2025-07-08,ibs,27,3,20847,3604
2025-07-08,kier,10,0,20847,3604
2025-07-08,kiom,1,0,20847,3604
2025-07-08,kribb,33,9,20847,3604
2025-07-08,krict,11,0,20847,3604
2025-07-08,단지_KTG중앙연구원,11,1,20847,3604
2025-07-08,단지_LG생활건강,4,0,20847,3604
2025-07-08,단지_연구단지네거리,10,3,20847,3604
2025-07-08,단지_연구단지운동장,26,3,20847,3604
2025-07-08,대조_충남대,405,51,20847,3604
2025-07-09,etri,8,0,21338,3796
2025-07-09,ibs,26,7,21338,3796
2025-07-09,kier,10,0,21338,3796
2025-07-09,kiom,4,0,21338,3796
2025-07-09,kribb,41,0,21338,3796
2025-07-09,krict,13,1,21338,3796
2025-07-09,단지_KTG중앙연구원,2,0,21338,3796
2025-07-09,단지_LG생활건강,3,0,21338,3796
2025-07-09,단지_연구단지네거리,12,1,21338,3796
2025-07-09,단지_연구단지운동장,38,10,21338,3796
2025-07-09,단지_한화솔루션,8,0,21338,3796
2025-07-09,대조_충남대,390,55,21338,3796
2025-07-10,etri,5,0,21925,3919
2025-07-10,ibs,27,1,21925,3919
2025-07-10,kier,18,1,21925,3919
2025-07-10,kiom,3,0,21925,3919
2025-07-10,kribb,35,5,21925,3919
2025-07-10,krict,14,2,21925,3919
2025-07-10,단지_KTG중앙연구원,7,0,21925,3919
2025-07-10,단지_LG생활건강,2,0,21925,3919
2025-07-10,단지_연구단지네거리,26,4,21925,3919
2025-07-10,단지_연구단지운동장,35,10,21925,3919
2025-07-10,단지_한화솔루션,3,0,21925,3919
2025-07-10,대조_충남대,372,68,21925,3919
2025-07-11,etri,7,0,23539,4231
2025-07-11,ibs,27,6,23539,4231
2025-07-11,kier,15,1,23539,4231
2025-07-11,kiom,3,0,23539,4231
2025-07-11,kribb,35,2,23539,4231
2025-07-11,krict,6,0,23539,4231
2025-07-11,단지_KTG중앙연구원,3,1,23539,4231
2025-07-11,단지_LG생활건강,4,0,23539,4231
2025-07-11,단지_연구단지네거리,16,3,23539,4231
2025-07-11,단지_연구단지운동장,29,6,23539,4231
2025-07-11,단지_한화솔루션,6,2,23539,4231
2025-07-11,대조_충남대,443,60,23539,4231
2025-07-12,etri,3,1,20943,4068
2025-07-12,ibs,21,4,20943,4068
2025-07-12,kier,14,2,20943,4068
2025-07-12,kribb,24,3,20943,4068
2025-07-12,krict,1,0,20943,4068
2025-07-12,단지_KTG중앙연구원,4,2,20943,4068
2025-07-12,단지_LG생활건강,1,0,20943,4068
2025-07-12,단지_연구단지네거리,9,1,20943,4068
2025-07-12,단지_연구단지운동장,28,4,20943,4068
2025-07-12,단지_한화솔루션,7,0,20943,4068
2025-07-12,대조_충남대,307,52,20943,4068
2025-07-13,etri,1,0,9757,882
2025-07-13,ibs,4,2,9757,882
2025-07-13,kier,1,0,9757,882
2025-07-13,kiom,2,0,9757,882
2025-07-13,kribb,12,3,9757,882
2025-07-13,krict,3,0,9757,882
2025-07-13,단지_KTG중앙연구원,3,1,9757,882
2025-07-13,단지_연구단지네거리,10,0,9757,882
2025-07-13,단지_연구단지운동장,17,1,9757,882
2025-07-13,단지_한화솔루션,2,0,9757,882
2025-07-13,대조_충남대,139,11,9757,882
2025-07-14,etri,6,0,15752,2702
2025-07-14,ibs,21,1,15752,2702
2025-07-14,kier,12,3,15752,2702
2025-07-14,kiom,1,0,15752,2702
2025-07-14,kribb,32,2,15752,2702
2025-07-14,krict,6,0,15752,2702
2025-07-14,단지_KTG중앙연구원,3,0,15752,2702
2025-07-14,단지_LG생활건강,6,0,15752,2702
2025-07-14,단지_연구단지네거리,10,3,15752,2702
2025-07-14,단지_연구단지운동장,13,2,15752,2702
2025-07-14,단지_한화솔루션,5,0,15752,2702
2025-07-14,대조_충남대,298,32,15752,2702
2025-07-15,etri,12,0,18774,3586
2025-07-15,ibs,19,1,18774,3586
2025-07-15,kier,13,4,18774,3586
2025-07-15,kiom,1,0,18774,3586
2025-07-15,kribb,32,1,18774,3586
2025-07-15,krict,8,2,18774,3586
2025-07-15,단지_KTG중앙연구원,5,1,18774,3586
2025-07-15,단지_LG생활건강,3,0,18774,3586
2025-07-15,단지_연구단지네거리,11,3,18774,3586
2025-07-15,단지_연구단지운동장,35,9,18774,3586
2025-07-15,단지_한화솔루션,4,0,18774,3586
2025-07-15,대조_충남대,317,48,18774,3586
2025-07-16,etri,4,0,6606,304
2025-07-16,ibs,3,1,6606,304
2025-07-16,kier,1,0,6606,304
2025-07-16,kribb,6,0,6606,304
2025-07-16,krict,3,0,6606,304
2025-07-16,단지_KTG중앙연구원,1,0,6606,304
2025-07-16,단지_LG생활건강,2,0,6606,304
2025-07-16,단지_연구단지네거리,4,1,6606,304
2025-07-16,단지_연구단지운동장,10,0,6606,304
2025-07-16,단지_한화솔루션,2,0,6606,304
2025-07-16,대조_충남대,100,11,6606,304
2025-07-17,ibs,2,0,2306,254
2025-07-17,kier,2,0,2306,254
2025-07-17,kribb,3,0,2306,254
2025-07-17,단지_LG생활건강,1,0,2306,254
2025-07-17,단지_연구단지네거리,2,0,2306,254
2025-07-17,단지_연구단지운동장,4,0,2306,254
2025-07-17,대조_충남대,35,5,2306,254
2025-07-18,etri,11,0,14520,2482
2025-07-18,ibs,29,5,14520,2482
2025-07-18,kier,9,1,14520,2482
2025-07-18,kiom,4,0,14520,2482
2025-07-18,kribb,40,2,14520,2482
2025-07-18,krict,10,0,14520,2482
2025-07-18,단지_KTG중앙연구원,7,0,14520,2482
2025-07-18,단지_LG생활건강,4,0,14520,2482
2025-07-18,단지_연구단지네거리,10,0,14520,2482
2025-07-18,단지_연구단지운동장,20,2,14520,2482
2025-07-18,대조_충남대,230,29,14520,2482
2025-07-19,etri,1,0,9433,1719
2025-07-19,ibs,9,1,9433,1719
2025-07-19,kier,5,0,9433,1719
2025-07-19,kribb,10,0,9433,1719
2025-07-19,krict,3,0,9433,1719
2025-07-19,단지_KTG중앙연구원,1,0,9433,1719
2025-07-19,단지_연구단지네거리,11,2,9433,1719
2025-07-19,단지_연구단지운동장,10,0,9433,1719
2025-07-19,대조_충남대,117,26,9433,1719
2025-07-20,etri,5,0,18390,3072
2025-07-20,ibs,15,3,18390,3072
2025-07-20,kier,5,2,18390,3072
2025-07-20,kiom,2,0,18390,3072
2025-07-20,kribb,24,5,18390,3072
2025-07-20,krict,8,2,18390,3072
2025-07-20,단지_KTG중앙연구원,5,0,18390,3072
2025-07-20,단지_LG생활건강,4,1,18390,3072
2025-07-20,단지_연구단지네거리,12,3,18390,3072
2025-07-20,단지_연구단지운동장,36,10,18390,3072
2025-07-20,단지_한화솔루션,2,1,18390,3072
2025-07-20,대조_충남대,241,40,18390,3072
2025-07-21,etri,11,1,21356,3638
2025-07-21,ibs,39,4,21356,3638
2025-07-21,kier,20,2,21356,3638
2025-07-21,kiom,1,0,21356,3638
2025-07-21,kribb,59,7,21356,3638
2025-07-21,krict,13,0,21356,3638
2025-07-21,단지_KTG중앙연구원,8,1,21356,3638
2025-07-21,단지_LG생활건강,6,0,21356,3638
2025-07-21,단지_연구단지네거리,15,2,21356,3638
2025-07-21,단지_연구단지운동장,33,6,21356,3638
2025-07-21,단지_한화솔루션,2,0,21356,3638
2025-07-21,대조_충남대,356,50,21356,3638
2025-07-22,etri,2,0,19322,2497
2025-07-22,ibs,35,5,19322,2497
2025-07-22,kier,17,1,19322,2497
2025-07-22,kiom,4,0,19322,2497
2025-07-22,kribb,55,6,19322,2497
2025-07-22,krict,19,0,19322,2497
2025-07-22,단지_KTG중앙연구원,5,0,19322,2497
2025-07-22,단지_LG생활건강,5,0,19322,2497
2025-07-22,단지_연구단지네거리,11,1,19322,2497
2025-07-22,단지_연구단지운동장,62,0,19322,2497
2025-07-22,단지_한화솔루션,3,0,19322,2497
2025-07-22,대조_충남대,382,27,19322,2497
2025-07-23,etri,4,0,21377,3579
2025-07-23,ibs,29,2,21377,3579
2025-07-23,kier,13,1,21377,3579
2025-07-23,kiom,4,0,21377,3579
2025-07-23,kribb,35,0,21377,3579
2025-07-23,krict,13,1,21377,3579
2025-07-23,단지_KTG중앙연구원,5,0,21377,3579
2025-07-23,단지_LG생활건강,6,0,21377,3579
2025-07-23,단지_연구단지네거리,9,4,21377,3579
2025-07-23,단지_연구단지운동장,28,2,21377,3579
2025-07-23,단지_한화솔루션,2,1,21377,3579
2025-07-23,대조_충남대,414,75,21377,3579
2025-07-24,etri,7,0,20857,3428
2025-07-24,ibs,21,2,20857,3428
2025-07-24,kier,10,0,20857,3428
2025-07-24,kiom,5,0,20857,3428
2025-07-24,kribb,42,4,20857,3428
2025-07-24,krict,16,0,20857,3428
2025-07-24,단지_KTG중앙연구원,5,0,20857,3428
2025-07-24,단지_LG생활건강,5,0,20857,3428
2025-07-24,단지_연구단지네거리,22,3,20857,3428
2025-07-24,단지_연구단지운동장,26,1,20857,3428
2025-07-24,단지_한화솔루션,3,0,20857,3428
2025-07-24,대조_충남대,408,57,20857,3428
2025-07-25,etri,5,0,21068,3675
2025-07-25,ibs,19,2,21068,3675
2025-07-25,kier,6,0,21068,3675
2025-07-25,kiom,3,0,21068,3675
2025-07-25,kribb,32,2,21068,3675
2025-07-25,krict,12,0,21068,3675
2025-07-25,단지_KTG중앙연구원,2,0,21068,3675
2025-07-25,단지_LG생활건강,8,0,21068,3675
2025-07-25,단지_연구단지네거리,12,2,21068,3675
2025-07-25,단지_연구단지운동장,26,2,21068,3675
2025-07-25,단지_한화솔루션,1,0,21068,3675
2025-07-25,대조_충남대,399,44,21068,3675
2025-07-26,etri,2,0,16947,3164
2025-07-26,ibs,13,2,16947,3164
2025-07-26,kier,1,1,16947,3164
2025-07-26,kribb,20,3,16947,3164
2025-07-26,krict,2,0,16947,3164
2025-07-26,단지_KTG중앙연구원,5,1,16947,3164
2025-07-26,단지_연구단지네거리,11,3,16947,3164
2025-07-26,단지_연구단지운동장,27,8,16947,3164
2025-07-26,단지_한화솔루션,2,0,16947,3164
2025-07-26,대조_충남대,265,51,16947,3164
2025-07-27,ibs,8,2,15122,2841
2025-07-27,kier,8,0,15122,2841
2025-07-27,kribb,11,0,15122,2841
2025-07-27,krict,5,2,15122,2841
2025-07-27,단지_KTG중앙연구원,7,1,15122,2841
2025-07-27,단지_LG생활건강,3,0,15122,2841
2025-07-27,단지_연구단지네거리,14,3,15122,2841
2025-07-27,단지_연구단지운동장,34,6,15122,2841
2025-07-27,단지_한화솔루션,2,0,15122,2841
2025-07-27,대조_충남대,241,44,15122,2841
2025-07-28,etri,2,0,19212,3388
2025-07-28,ibs,31,2,19212,3388
2025-07-28,kier,15,0,19212,3388
2025-07-28,kiom,1,0,19212,3388
2025-07-28,kribb,37,2,19212,3388
2025-07-28,krict,17,0,19212,3388
2025-07-28,단지_KTG중앙연구원,9,1,19212,3388
2025-07-28,단지_LG생활건강,7,0,19212,3388
2025-07-28,단지_연구단지네거리,8,2,19212,3388
2025-07-28,단지_연구단지운동장,32,3,19212,3388
2025-07-28,단지_한화솔루션,6,0,19212,3388
2025-07-28,대조_충남대,322,45,19212,3388
2025-07-29,etri,5,0,19536,3620
2025-07-29,ibs,24,6,19536,3620
2025-07-29,kier,10,1,19536,3620
2025-07-29,kiom,2,0,19536,3620
2025-07-29,kribb,31,1,19536,3620
2025-07-29,krict,9,0,19536,3620
2025-07-29,단지_KTG중앙연구원,11,0,19536,3620
2025-07-29,단지_LG생활건강,4,0,19536,3620
2025-07-29,단지_연구단지네거리,13,6,19536,3620
2025-07-29,단지_연구단지운동장,35,4,19536,3620
2025-07-29,단지_한화솔루션,2,0,19536,3620
2025-07-29,대조_충남대,339,60,19536,3620
2025-07-30,etri,4,1,20210,3495
2025-07-30,ibs,23,4,20210,3495
2025-07-30,kier,9,1,20210,3495
2025-07-30,kiom,3,0,20210,3495
2025-07-30,kribb,31,5,20210,3495
2025-07-30,krict,12,0,20210,3495
2025-07-30,단지_KTG중앙연구원,3,1,20210,3495
2025-07-30,단지_LG생활건강,5,0,20210,3495
2025-07-30,단지_연구단지네거리,15,2,20210,3495
2025-07-30,단지_연구단지운동장,29,5,20210,3495
2025-07-30,단지_한화솔루션,1,0,20210,3495
2025-07-30,대조_충남대,373,53,20210,3495
2025-07-31,etri,5,1,20316,3655
2025-07-31,ibs,27,4,20316,3655
2025-07-31,kier,9,2,20316,3655
2025-07-31,kribb,28,0,20316,3655
2025-07-31,krict,11,1,20316,3655
2025-07-31,단지_KTG중앙연구원,6,3,20316,3655
2025-07-31,단지_LG생활건강,6,0,20316,3655
2025-07-31,단지_연구단지네거리,17,3,20316,3655
2025-07-31,단지_연구단지운동장,29,3,20316,3655
2025-07-31,단지_한화솔루션,1,0,20316,3655
2025-07-31,대조_충남대,399,45,20316,3655
2025-08-01,etri,7,1,20124,3571
2025-08-01,ibs,33,6,20124,3571
2025-08-01,kier,5,1,20124,3571
2025-08-01,kiom,3,0,20124,3571
2025-08-01,kribb,30,4,20124,3571
2025-08-01,krict,10,0,20124,3571
2025-08-01,단지_KTG중앙연구원,9,0,20124,3571
2025-08-01,단지_LG생활건강,4,0,20124,3571
2025-08-01,단지_연구단지네거리,15,6,20124,3571
2025-08-01,단지_연구단지운동장,29,4,20124,3571
2025-08-01,단지_한화솔루션,1,0,20124,3571
2025-08-01,대조_충남대,354,42,20124,3571
2025-08-02,etri,1,0,17542,3132
2025-08-02,ibs,14,3,17542,3132
2025-08-02,kier,4,0,17542,3132
2025-08-02,kiom,2,0,17542,3132
2025-08-02,kribb,13,3,17542,3132
2025-08-02,단지_KTG중앙연구원,3,0,17542,3132
2025-08-02,단지_연구단지네거리,14,4,17542,3132
2025-08-02,단지_연구단지운동장,22,3,17542,3132
2025-08-02,단지_한화솔루션,3,0,17542,3132
2025-08-02,대조_충남대,218,31,17542,3132
2025-08-03,etri,1,0,8560,130
2025-08-03,ibs,8,0,8560,130
2025-08-03,kier,2,0,8560,130
2025-08-03,kiom,1,0,8560,130
2025-08-03,kribb,5,0,8560,130
2025-08-03,krict,2,0,8560,130
2025-08-03,단지_KTG중앙연구원,3,0,8560,130
2025-08-03,단지_연구단지네거리,8,0,8560,130
2025-08-03,단지_연구단지운동장,8,0,8560,130
2025-08-03,단지_한화솔루션,1,0,8560,130
2025-08-03,대조_충남대,131,2,8560,130
2025-08-04,etri,5,0,18144,3596
2025-08-04,ibs,31,4,18144,3596
2025-08-04,kier,18,0,18144,3596
2025-08-04,kiom,2,0,18144,3596
2025-08-04,kribb,37,5,18144,3596
2025-08-04,krict,11,3,18144,3596
2025-08-04,단지_KTG중앙연구원,8,1,18144,3596
2025-08-04,단지_LG생활건강,3,0,18144,3596
2025-08-04,단지_연구단지네거리,12,2,18144,3596
2025-08-04,단지_연구단지운동장,25,6,18144,3596
2025-08-04,단지_한화솔루션,4,0,18144,3596
2025-08-04,대조_충남대,356,44,18144,3596
2025-08-05,etri,4,0,20969,3644
2025-08-05,ibs,27,2,20969,3644
2025-08-05,kier,13,1,20969,3644
2025-08-05,kiom,2,0,20969,3644
2025-08-05,kribb,33,3,20969,3644
2025-08-05,krict,9,0,20969,3644
2025-08-05,단지_KTG중앙연구원,8,1,20969,3644
2025-08-05,단지_LG생활건강,3,0,20969,3644
2025-08-05,단지_연구단지네거리,15,2,20969,3644
2025-08-05,단지_연구단지운동장,32,3,20969,3644
2025-08-05,단지_한화솔루션,2,1,20969,3644
2025-08-05,대조_충남대,368,55,20969,3644
2025-08-06,etri,6,0,15050,2675
2025-08-06,ibs,24,2,15050,2675
2025-08-06,kier,6,3,15050,2675
2025-08-06,kribb,18,0,15050,2675
2025-08-06,krict,6,1,15050,2675
2025-08-06,단지_KTG중앙연구원,1,0,15050,2675
2025-08-06,단지_LG생활건강,4,0,15050,2675
2025-08-06,단지_연구단지네거리,11,0,15050,2675
2025-08-06,단지_연구단지운동장,14,5,15050,2675
2025-08-06,단지_한화솔루션,1,0,15050,2675
2025-08-06,대조_충남대,303,43,15050,2675
2025-08-07,etri,5,0,22082,3993
2025-08-07,ibs,30,4,22082,3993
2025-08-07,kier,17,1,22082,3993
2025-08-07,kiom,1,0,22082,3993
2025-08-07,kribb,37,1,22082,3993
2025-08-07,krict,22,5,22082,3993
2025-08-07,단지_KTG중앙연구원,6,1,22082,3993
2025-08-07,단지_LG생활건강,4,0,22082,3993
2025-08-07,단지_연구단지네거리,10,2,22082,3993
2025-08-07,단지_연구단지운동장,28,7,22082,3993
2025-08-07,단지_한화솔루션,2,0,22082,3993
2025-08-07,대조_충남대,393,54,22082,3993
2025-08-08,etri,12,0,23884,3937
2025-08-08,ibs,29,2,23884,3937
2025-08-08,kier,16,1,23884,3937
2025-08-08,kiom,1,0,23884,3937
2025-08-08,kribb,30,3,23884,3937
2025-08-08,krict,22,0,23884,3937
2025-08-08,단지_KTG중앙연구원,4,0,23884,3937
2025-08-08,단지_LG생활건강,5,0,23884,3937
2025-08-08,단지_연구단지네거리,18,4,23884,3937
2025-08-08,단지_연구단지운동장,46,2,23884,3937
2025-08-08,단지_한화솔루션,5,0,23884,3937
2025-08-08,대조_충남대,415,54,23884,3937
2025-08-09,etri,3,0,14055,2957
2025-08-09,ibs,11,0,14055,2957
2025-08-09,kier,2,0,14055,2957
2025-08-09,kiom,1,1,14055,2957
2025-08-09,kribb,12,1,14055,2957
2025-08-09,krict,6,1,14055,2957
2025-08-09,단지_KTG중앙연구원,3,1,14055,2957
2025-08-09,단지_연구단지네거리,6,0,14055,2957
2025-08-09,단지_연구단지운동장,19,3,14055,2957
2025-08-09,단지_한화솔루션,2,0,14055,2957
2025-08-09,대조_충남대,171,32,14055,2957
2025-08-10,ibs,25,4,19346,3352
2025-08-10,kier,9,0,19346,3352
2025-08-10,kribb,12,2,19346,3352
2025-08-10,krict,3,0,19346,3352
2025-08-10,단지_KTG중앙연구원,7,0,19346,3352
2025-08-10,단지_연구단지네거리,21,2,19346,3352
2025-08-10,단지_연구단지운동장,33,2,19346,3352
2025-08-10,단지_한화솔루션,1,0,19346,3352
2025-08-10,대조_충남대,242,25,19346,3352
2025-08-11,etri,5,2,15154,3016
2025-08-11,ibs,29,10,15154,3016
2025-08-11,kier,8,4,15154,3016
2025-08-11,kribb,21,3,15154,3016
2025-08-11,krict,6,1,15154,3016
2025-08-11,단지_KTG중앙연구원,2,0,15154,3016
2025-08-11,단지_LG생활건강,2,1,15154,3016
2025-08-11,단지_연구단지네거리,6,2,15154,3016
2025-08-11,단지_연구단지운동장,22,2,15154,3016
2025-08-11,단지_한화솔루션,2,0,15154,3016
2025-08-11,대조_충남대,285,52,15154,3016
2025-08-12,etri,9,0,23058,3619
2025-08-12,ibs,33,0,23058,3619
2025-08-12,kier,17,1,23058,3619
2025-08-12,kribb,48,7,23058,3619
2025-08-12,krict,19,1,23058,3619
2025-08-12,단지_KTG중앙연구원,7,0,23058,3619
2025-08-12,단지_LG생활건강,4,0,23058,3619
2025-08-12,단지_연구단지네거리,25,2,23058,3619
2025-08-12,단지_연구단지운동장,37,2,23058,3619
2025-08-12,대조_충남대,391,46,23058,3619
2025-08-13,etri,5,0,19706,3456
2025-08-13,ibs,28,1,19706,3456
2025-08-13,kier,16,1,19706,3456
2025-08-13,kiom,2,0,19706,3456
2025-08-13,kribb,28,3,19706,3456
2025-08-13,krict,11,3,19706,3456
2025-08-13,단지_KTG중앙연구원,4,0,19706,3456
2025-08-13,단지_LG생활건강,8,1,19706,3456
2025-08-13,단지_연구단지네거리,13,1,19706,3456
2025-08-13,단지_연구단지운동장,38,2,19706,3456
2025-08-13,단지_한화솔루션,3,2,19706,3456
2025-08-13,대조_충남대,344,51,19706,3456
2025-08-14,etri,8,0,22605,3825
2025-08-14,ibs,19,0,22605,3825
2025-08-14,kier,15,0,22605,3825
2025-08-14,kribb,33,1,22605,3825
2025-08-14,krict,8,1,22605,3825
2025-08-14,단지_KTG중앙연구원,5,2,22605,3825
2025-08-14,단지_LG생활건강,5,0,22605,3825
2025-08-14,단지_연구단지네거리,20,3,22605,3825
2025-08-14,단지_연구단지운동장,31,4,22605,3825
2025-08-14,대조_충남대,414,51,22605,3825
2025-08-15,etri,1,0,18089,3315
2025-08-15,ibs,18,3,18089,3315
2025-08-15,kier,8,0,18089,3315
2025-08-15,kiom,1,0,18089,3315
2025-08-15,kribb,12,0,18089,3315
2025-08-15,krict,2,0,18089,3315
2025-08-15,단지_KTG중앙연구원,1,0,18089,3315
2025-08-15,단지_연구단지네거리,16,2,18089,3315
2025-08-15,단지_연구단지운동장,24,3,18089,3315
2025-08-15,단지_한화솔루션,3,1,18089,3315
2025-08-15,대조_충남대,266,47,18089,3315
2025-08-16,ibs,7,2,18444,3465
2025-08-16,kier,8,2,18444,3465
2025-08-16,kribb,11,0,18444,3465
2025-08-16,krict,3,0,18444,3465
2025-08-16,단지_KTG중앙연구원,4,1,18444,3465
2025-08-16,단지_LG생활건강,1,0,18444,3465
2025-08-16,단지_연구단지네거리,12,1,18444,3465
2025-08-16,단지_연구단지운동장,15,1,18444,3465
2025-08-16,대조_충남대,252,38,18444,3465
2025-08-17,etri,2,0,17617,2899
2025-08-17,ibs,10,0,17617,2899
2025-08-17,kier,3,0,17617,2899
2025-08-17,kribb,11,1,17617,2899
2025-08-17,krict,6,0,17617,2899
2025-08-17,단지_KTG중앙연구원,4,0,17617,2899
2025-08-17,단지_연구단지네거리,23,3,17617,2899
2025-08-17,단지_연구단지운동장,16,3,17617,2899
2025-08-17,단지_한화솔루션,3,0,17617,2899
2025-08-17,대조_충남대,242,44,17617,2899
2025-08-18,etri,4,0,20333,3484
2025-08-18,ibs,24,4,20333,3484
2025-08-18,kier,19,1,20333,3484
2025-08-18,kiom,3,0,20333,3484
2025-08-18,kribb,48,4,20333,3484
2025-08-18,krict,14,0,20333,3484
2025-08-18,단지_KTG중앙연구원,7,3,20333,3484
2025-08-18,단지_LG생활건강,4,0,20333,3484
2025-08-18,단지_연구단지네거리,14,6,20333,3484
2025-08-18,단지_연구단지운동장,38,3,20333,3484
2025-08-18,단지_한화솔루션,7,0,20333,3484
2025-08-18,대조_충남대,350,54,20333,3484
2025-08-19,etri,5,0,21449,3522
2025-08-19,ibs,30,3,21449,3522
2025-08-19,kier,16,2,21449,3522
2025-08-19,kribb,40,0,21449,3522
2025-08-19,krict,13,0,21449,3522
2025-08-19,단지_KTG중앙연구원,6,0,21449,3522
2025-08-19,단지_LG생활건강,7,0,21449,3522
2025-08-19,단지_연구단지네거리,15,3,21449,3522
2025-08-19,단지_연구단지운동장,31,5,21449,3522
2025-08-19,단지_한화솔루션,7,0,21449,3522
2025-08-19,대조_충남대,424,66,21449,3522
2025-08-20,etri,9,1,21584,3642
2025-08-20,ibs,21,3,21584,3642
2025-08-20,kier,16,0,21584,3642
2025-08-20,kiom,1,0,21584,3642
2025-08-20,kribb,42,3,21584,3642
2025-08-20,krict,20,2,21584,3642
2025-08-20,단지_KTG중앙연구원,4,0,21584,3642
2025-08-20,단지_LG생활건강,6,0,21584,3642
2025-08-20,단지_연구단지네거리,17,4,21584,3642
2025-08-20,단지_연구단지운동장,39,1,21584,3642
2025-08-20,단지_한화솔루션,3,0,21584,3642
2025-08-20,대조_충남대,407,41,21584,3642
2025-08-21,etri,7,1,21610,3762
2025-08-21,ibs,23,3,21610,3762
2025-08-21,kier,20,2,21610,3762
2025-08-21,kiom,2,0,21610,3762
2025-08-21,kribb,33,5,21610,3762
2025-08-21,krict,12,0,21610,3762
2025-08-21,단지_KTG중앙연구원,3,0,21610,3762
2025-08-21,단지_LG생활건강,8,0,21610,3762
2025-08-21,단지_연구단지네거리,8,2,21610,3762
2025-08-21,단지_연구단지운동장,31,1,21610,3762
2025-08-21,단지_한화솔루션,1,0,21610,3762
2025-08-21,대조_충남대,362,53,21610,3762
2025-08-22,etri,7,2,22492,3984
2025-08-22,ibs,14,3,22492,3984
2025-08-22,kier,15,2,22492,3984
2025-08-22,kiom,3,0,22492,3984
2025-08-22,kribb,34,1,22492,3984
2025-08-22,krict,9,0,22492,3984
2025-08-22,단지_KTG중앙연구원,5,0,22492,3984
2025-08-22,단지_LG생활건강,5,0,22492,3984
2025-08-22,단지_연구단지네거리,8,1,22492,3984
2025-08-22,단지_연구단지운동장,38,4,22492,3984
2025-08-22,단지_한화솔루션,1,1,22492,3984
2025-08-22,대조_충남대,399,56,22492,3984
2025-08-23,etri,3,0,20431,3620
2025-08-23,ibs,21,12,20431,3620
2025-08-23,kier,6,0,20431,3620
2025-08-23,kiom,2,0,20431,3620
2025-08-23,kribb,12,0,20431,3620
2025-08-23,krict,4,0,20431,3620
2025-08-23,단지_KTG중앙연구원,8,0,20431,3620
2025-08-23,단지_LG생활건강,1,0,20431,3620
2025-08-23,단지_연구단지네거리,13,4,20431,3620
2025-08-23,단지_연구단지운동장,23,1,20431,3620
2025-08-23,단지_한화솔루션,1,0,20431,3620
2025-08-23,대조_충남대,290,44,20431,3620
2025-08-24,etri,2,0,17187,3004
2025-08-24,ibs,11,7,17187,3004
2025-08-24,kier,9,0,17187,3004
2025-08-24,kiom,4,0,17187,3004
2025-08-24,kribb,15,1,17187,3004
2025-08-24,krict,7,0,17187,3004
2025-08-24,단지_KTG중앙연구원,2,2,17187,3004
2025-08-24,단지_연구단지네거리,11,2,17187,3004
2025-08-24,단지_연구단지운동장,28,6,17187,3004
2025-08-24,대조_충남대,211,38,17187,3004
2025-08-25,etri,2,0,20807,3566
2025-08-25,ibs,20,2,20807,3566
2025-08-25,kier,12,0,20807,3566
2025-08-25,kiom,2,0,20807,3566
2025-08-25,kribb,41,7,20807,3566
2025-08-25,krict,21,1,20807,3566
2025-08-25,단지_KTG중앙연구원,4,0,20807,3566
2025-08-25,단지_LG생활건강,4,0,20807,3566
2025-08-25,단지_연구단지네거리,9,2,20807,3566
2025-08-25,단지_연구단지운동장,33,4,20807,3566
2025-08-25,단지_한화솔루션,4,0,20807,3566
2025-08-25,대조_충남대,348,41,20807,3566
2025-08-26,etri,2,0,17924,3441
2025-08-26,ibs,23,2,17924,3441
2025-08-26,kier,4,1,17924,3441
2025-08-26,kiom,2,0,17924,3441
2025-08-26,kribb,15,2,17924,3441
2025-08-26,krict,11,1,17924,3441
2025-08-26,단지_KTG중앙연구원,4,1,17924,3441
2025-08-26,단지_LG생활건강,1,0,17924,3441
2025-08-26,단지_연구단지네거리,9,2,17924,3441
2025-08-26,단지_연구단지운동장,18,4,17924,3441
2025-08-26,단지_한화솔루션,2,1,17924,3441
2025-08-26,대조_충남대,341,44,17924,3441
2025-08-27,etri,6,0,22888,3904
2025-08-27,ibs,22,2,22888,3904
2025-08-27,kier,12,0,22888,3904
2025-08-27,kribb,35,10,22888,3904
2025-08-27,krict,8,1,22888,3904
2025-08-27,단지_KTG중앙연구원,10,0,22888,3904
2025-08-27,단지_LG생활건강,2,0,22888,3904
2025-08-27,단지_연구단지네거리,10,3,22888,3904
2025-08-27,단지_연구단지운동장,30,4,22888,3904
2025-08-27,단지_한화솔루션,4,1,22888,3904
2025-08-27,대조_충남대,421,60,22888,3904
2025-08-28,etri,4,0,23291,3899
2025-08-28,ibs,18,3,23291,3899
2025-08-28,kier,8,1,23291,3899
2025-08-28,kiom,1,0,23291,3899
2025-08-28,kribb,34,6,23291,3899
2025-08-28,krict,17,3,23291,3899
2025-08-28,단지_KTG중앙연구원,6,1,23291,3899
2025-08-28,단지_LG생활건강,5,0,23291,3899
2025-08-28,단지_연구단지네거리,18,4,23291,3899
2025-08-28,단지_연구단지운동장,29,5,23291,3899
2025-08-28,대조_충남대,378,46,23291,3899
2025-08-29,etri,3,0,24407,4290
2025-08-29,ibs,27,4,24407,4290
2025-08-29,kier,9,0,24407,4290
2025-08-29,kiom,4,0,24407,4290
2025-08-29,kribb,35,0,24407,4290
2025-08-29,krict,19,2,24407,4290
2025-08-29,단지_KTG중앙연구원,2,0,24407,4290
2025-08-29,단지_LG생활건강,5,0,24407,4290
2025-08-29,단지_연구단지네거리,13,3,24407,4290
2025-08-29,단지_연구단지운동장,32,5,24407,4290
2025-08-29,단지_한화솔루션,2,1,24407,4290
2025-08-29,대조_충남대,395,61,24407,4290
2025-08-30,ibs,6,0,20917,3798
2025-08-30,kier,4,1,20917,3798
2025-08-30,kribb,8,0,20917,3798
2025-08-30,krict,8,1,20917,3798
2025-08-30,단지_KTG중앙연구원,4,0,20917,3798
2025-08-30,단지_연구단지네거리,21,7,20917,3798
2025-08-30,단지_연구단지운동장,23,5,20917,3798
2025-08-30,단지_한화솔루션,5,1,20917,3798
2025-08-30,대조_충남대,328,55,20917,3798
2025-08-31,etri,3,0,17956,3103
2025-08-31,ibs,11,1,17956,3103
2025-08-31,kier,7,1,17956,3103
2025-08-31,kiom,2,0,17956,3103
2025-08-31,kribb,13,1,17956,3103
2025-08-31,krict,6,0,17956,3103
2025-08-31,단지_KTG중앙연구원,1,0,17956,3103
2025-08-31,단지_LG생활건강,1,1,17956,3103
2025-08-31,단지_연구단지네거리,11,2,17956,3103
2025-08-31,단지_연구단지운동장,21,3,17956,3103
2025-08-31,단지_한화솔루션,2,0,17956,3103
2025-08-31,대조_충남대,365,82,17956,3103
2025-09-01,etri,4,0,15332,1478
2025-09-01,ibs,18,0,15332,1478
2025-09-01,kier,10,3,15332,1478
2025-09-01,kiom,3,0,15332,1478
2025-09-01,kribb,31,2,15332,1478
2025-09-01,krict,10,0,15332,1478
2025-09-01,단지_KTG중앙연구원,3,0,15332,1478
2025-09-01,단지_LG생활건강,2,0,15332,1478
2025-09-01,단지_연구단지네거리,9,1,15332,1478
2025-09-01,단지_연구단지운동장,14,1,15332,1478
2025-09-01,단지_한화솔루션,5,0,15332,1478
2025-09-01,대조_충남대,460,29,15332,1478
2025-09-02,etri,3,0,24247,3994
2025-09-02,ibs,30,6,24247,3994
2025-09-02,kier,10,2,24247,3994
2025-09-02,kiom,1,0,24247,3994
2025-09-02,kribb,43,3,24247,3994
2025-09-02,krict,11,2,24247,3994
2025-09-02,단지_KTG중앙연구원,3,1,24247,3994
2025-09-02,단지_LG생활건강,4,0,24247,3994
2025-09-02,단지_연구단지네거리,18,7,24247,3994
2025-09-02,단지_연구단지운동장,22,4,24247,3994
2025-09-02,단지_한화솔루션,1,0,24247,3994
2025-09-02,대조_충남대,647,74,24247,3994
2025-09-03,etri,3,0,21977,2338
2025-09-03,ibs,27,1,21977,2338
2025-09-03,kier,9,3,21977,2338
2025-09-03,kiom,3,0,21977,2338
2025-09-03,kribb,39,5,21977,2338
2025-09-03,krict,10,3,21977,2338
2025-09-03,단지_KTG중앙연구원,3,1,21977,2338
2025-09-03,단지_LG생활건강,7,0,21977,2338
2025-09-03,단지_연구단지네거리,11,3,21977,2338
2025-09-03,단지_연구단지운동장,16,2,21977,2338
2025-09-03,단지_한화솔루션,1,0,21977,2338
2025-09-03,대조_충남대,619,36,21977,2338
2025-09-04,etri,6,0,22590,3870
2025-09-04,ibs,23,4,22590,3870
2025-09-04,kier,14,2,22590,3870
2025-09-04,kiom,2,0,22590,3870
2025-09-04,kribb,43,7,22590,3870
2025-09-04,krict,14,1,22590,3870
2025-09-04,단지_KTG중앙연구원,4,0,22590,3870
2025-09-04,단지_LG생활건강,8,0,22590,3870
2025-09-04,단지_연구단지네거리,25,6,22590,3870
2025-09-04,단지_연구단지운동장,39,5,22590,3870
2025-09-04,단지_한화솔루션,1,0,22590,3870
2025-09-04,대조_충남대,492,74,22590,3870
2025-09-05,etri,2,0,25983,4316
2025-09-05,ibs,24,7,25983,4316
2025-09-05,kier,7,0,25983,4316
2025-09-05,kiom,3,0,25983,4316
2025-09-05,kribb,34,0,25983,4316
2025-09-05,krict,10,0,25983,4316
2025-09-05,단지_KTG중앙연구원,2,0,25983,4316
2025-09-05,단지_LG생활건강,6,0,25983,4316
2025-09-05,단지_연구단지네거리,9,1,25983,4316
2025-09-05,단지_연구단지운동장,20,1,25983,4316
2025-09-05,단지_한화솔루션,1,0,25983,4316
2025-09-05,대조_충남대,495,51,25983,4316
2025-09-06,etri,1,0,19207,1081
2025-09-06,ibs,13,1,19207,1081
2025-09-06,kier,3,0,19207,1081
2025-09-06,kribb,18,2,19207,1081
2025-09-06,krict,4,0,19207,1081
2025-09-06,단지_KTG중앙연구원,2,0,19207,1081
2025-09-06,단지_연구단지네거리,8,1,19207,1081
2025-09-06,단지_연구단지운동장,28,0,19207,1081
2025-09-06,단지_한화솔루션,4,0,19207,1081
2025-09-06,대조_충남대,283,12,19207,1081
2025-09-07,etri,1,0,16151,3009
2025-09-07,ibs,16,1,16151,3009
2025-09-07,kier,4,0,16151,3009
2025-09-07,kribb,22,4,16151,3009
2025-09-07,krict,6,0,16151,3009
2025-09-07,단지_KTG중앙연구원,2,0,16151,3009
2025-09-07,단지_LG생활건강,1,0,16151,3009
2025-09-07,단지_연구단지네거리,12,3,16151,3009
2025-09-07,단지_연구단지운동장,17,3,16151,3009
2025-09-07,단지_한화솔루션,2,0,16151,3009
2025-09-07,대조_충남대,309,69,16151,3009
2025-09-08,etri,7,0,23459,3839
2025-09-08,ibs,32,4,23459,3839
2025-09-08,kier,15,0,23459,3839
2025-09-08,kiom,2,0,23459,3839
2025-09-08,kribb,40,3,23459,3839
2025-09-08,krict,10,0,23459,3839
2025-09-08,단지_KTG중앙연구원,5,0,23459,3839
2025-09-08,단지_LG생활건강,5,0,23459,3839
2025-09-08,단지_연구단지네거리,13,1,23459,3839
2025-09-08,단지_연구단지운동장,30,2,23459,3839
2025-09-08,단지_한화솔루션,3,0,23459,3839
2025-09-08,대조_충남대,593,72,23459,3839
2025-09-09,etri,4,0,17259,3601
2025-09-09,ibs,15,3,17259,3601
2025-09-09,kier,4,0,17259,3601
2025-09-09,kiom,2,0,17259,3601
2025-09-09,kribb,19,4,17259,3601
2025-09-09,krict,6,0,17259,3601
2025-09-09,단지_KTG중앙연구원,3,1,17259,3601
2025-09-09,단지_LG생활건강,2,0,17259,3601
2025-09-09,단지_연구단지네거리,13,5,17259,3601
2025-09-09,단지_연구단지운동장,27,6,17259,3601
2025-09-09,단지_한화솔루션,6,1,17259,3601
2025-09-09,대조_충남대,273,65,17259,3601
2025-09-10,etri,9,0,25155,3824
2025-09-10,ibs,29,1,25155,3824
2025-09-10,kier,11,0,25155,3824
2025-09-10,kiom,3,1,25155,3824
2025-09-10,kribb,50,7,25155,3824
2025-09-10,krict,16,1,25155,3824
2025-09-10,단지_KTG중앙연구원,9,0,25155,3824
2025-09-10,단지_LG생활건강,4,0,25155,3824
2025-09-10,단지_연구단지네거리,16,3,25155,3824
2025-09-10,단지_연구단지운동장,37,3,25155,3824
2025-09-10,단지_한화솔루션,8,1,25155,3824
2025-09-10,대조_충남대,589,66,25155,3824
2025-09-11,etri,5,2,25202,4029
2025-09-11,ibs,21,1,25202,4029
2025-09-11,kier,12,0,25202,4029
2025-09-11,kiom,3,0,25202,4029
2025-09-11,kribb,43,5,25202,4029
2025-09-11,krict,9,1,25202,4029
2025-09-11,단지_KTG중앙연구원,8,0,25202,4029
2025-09-11,단지_LG생활건강,6,0,25202,4029
2025-09-11,단지_연구단지네거리,15,4,25202,4029
2025-09-11,단지_연구단지운동장,30,5,25202,4029
2025-09-11,단지_한화솔루션,7,0,25202,4029
2025-09-11,대조_충남대,440,50,25202,4029
2025-09-12,etri,2,0,11975,482
2025-09-12,ibs,23,0,11975,482
2025-09-12,kier,4,0,11975,482
2025-09-12,kribb,13,0,11975,482
2025-09-12,krict,8,0,11975,482
2025-09-12,단지_KTG중앙연구원,1,0,11975,482
2025-09-12,단지_LG생활건강,2,0,11975,482
2025-09-12,단지_연구단지네거리,8,2,11975,482
2025-09-12,단지_연구단지운동장,18,0,11975,482
2025-09-12,대조_충남대,254,8,11975,482
2025-09-13,etri,2,0,20887,3897
2025-09-13,ibs,37,15,20887,3897
2025-09-13,kier,11,2,20887,3897
2025-09-13,kiom,2,0,20887,3897
2025-09-13,kribb,21,3,20887,3897
2025-09-13,krict,6,1,20887,3897
2025-09-13,단지_KTG중앙연구원,4,0,20887,3897
2025-09-13,단지_LG생활건강,4,1,20887,3897
2025-09-13,단지_연구단지네거리,16,5,20887,3897
2025-09-13,단지_연구단지운동장,30,4,20887,3897
2025-09-13,단지_한화솔루션,2,0,20887,3897
2025-09-13,대조_충남대,282,58,20887,3897
2025-09-14,etri,6,2,22002,3102
2025-09-14,ibs,17,4,22002,3102
2025-09-14,kier,9,4,22002,3102
2025-09-14,kribb,35,8,22002,3102
2025-09-14,krict,4,1,22002,3102
2025-09-14,단지_KTG중앙연구원,11,0,22002,3102
2025-09-14,단지_연구단지네거리,12,3,22002,3102
2025-09-14,단지_연구단지운동장,25,7,22002,3102
2025-09-14,단지_한화솔루션,4,0,22002,3102
2025-09-14,대조_충남대,384,48,22002,3102
2025-09-15,etri,8,0,25009,3919
2025-09-15,ibs,38,5,25009,3919
2025-09-15,kier,29,3,25009,3919
2025-09-15,kiom,2,0,25009,3919
2025-09-15,kribb,57,5,25009,3919
2025-09-15,krict,10,1,25009,3919
2025-09-15,단지_KTG중앙연구원,2,0,25009,3919
2025-09-15,단지_LG생활건강,6,0,25009,3919
2025-09-15,단지_연구단지네거리,14,2,25009,3919
2025-09-15,단지_연구단지운동장,40,5,25009,3919
2025-09-15,단지_한화솔루션,9,2,25009,3919
2025-09-15,대조_충남대,595,52,25009,3919
2025-09-16,etri,7,0,17184,1214
2025-09-16,ibs,10,0,17184,1214
2025-09-16,kier,5,0,17184,1214
2025-09-16,kiom,1,0,17184,1214
2025-09-16,kribb,23,1,17184,1214
2025-09-16,krict,10,0,17184,1214
2025-09-16,단지_KTG중앙연구원,7,1,17184,1214
2025-09-16,단지_LG생활건강,10,0,17184,1214
2025-09-16,단지_연구단지네거리,8,2,17184,1214
2025-09-16,단지_연구단지운동장,28,0,17184,1214
2025-09-16,단지_한화솔루션,1,0,17184,1214
2025-09-16,대조_충남대,357,14,17184,1214
2025-09-17,etri,5,1,15407,2827
2025-09-17,ibs,29,3,15407,2827
2025-09-17,kier,14,0,15407,2827
2025-09-17,kiom,1,0,15407,2827
2025-09-17,kribb,38,6,15407,2827
2025-09-17,krict,12,3,15407,2827
2025-09-17,단지_KTG중앙연구원,1,1,15407,2827
2025-09-17,단지_LG생활건강,2,0,15407,2827
2025-09-17,단지_연구단지네거리,11,3,15407,2827
2025-09-17,단지_연구단지운동장,25,1,15407,2827
2025-09-17,단지_한화솔루션,2,0,15407,2827
2025-09-17,대조_충남대,372,54,15407,2827
2025-09-18,etri,7,2,24496,3924
2025-09-18,ibs,39,2,24496,3924
2025-09-18,kier,16,0,24496,3924
2025-09-18,kiom,4,0,24496,3924
2025-09-18,kribb,44,9,24496,3924
2025-09-18,krict,12,0,24496,3924
2025-09-18,단지_KTG중앙연구원,7,0,24496,3924
2025-09-18,단지_LG생활건강,5,0,24496,3924
2025-09-18,단지_연구단지네거리,21,3,24496,3924
2025-09-18,단지_연구단지운동장,41,0,24496,3924
2025-09-18,단지_한화솔루션,10,1,24496,3924
2025-09-18,대조_충남대,534,90,24496,3924
2025-09-19,etri,3,0,20509,946
2025-09-19,ibs,19,0,20509,946
2025-09-19,kier,15,0,20509,946
2025-09-19,kiom,2,0,20509,946
2025-09-19,kribb,40,0,20509,946
2025-09-19,krict,10,0,20509,946
2025-09-19,단지_KTG중앙연구원,5,0,20509,946
2025-09-19,단지_LG생활건강,6,0,20509,946
2025-09-19,단지_연구단지네거리,13,0,20509,946
2025-09-19,단지_연구단지운동장,23,0,20509,946
2025-09-19,단지_한화솔루션,3,0,20509,946
2025-09-19,대조_충남대,398,12,20509,946
2025-09-20,etri,3,0,21333,3828
2025-09-20,ibs,16,1,21333,3828
2025-09-20,kier,8,1,21333,3828
2025-09-20,kiom,1,0,21333,3828
2025-09-20,kribb,27,5,21333,3828
2025-09-20,krict,4,0,21333,3828
2025-09-20,단지_KTG중앙연구원,4,0,21333,3828
2025-09-20,단지_연구단지네거리,17,1,21333,3828
2025-09-20,단지_연구단지운동장,36,2,21333,3828
2025-09-20,단지_한화솔루션,3,0,21333,3828
2025-09-20,대조_충남대,337,62,21333,3828
2025-09-21,etri,1,1,23507,3210
2025-09-21,ibs,17,3,23507,3210
2025-09-21,kier,12,0,23507,3210
2025-09-21,kribb,34,2,23507,3210
2025-09-21,krict,8,0,23507,3210
2025-09-21,단지_KTG중앙연구원,4,1,23507,3210
2025-09-21,단지_LG생활건강,1,1,23507,3210
2025-09-21,단지_연구단지네거리,6,1,23507,3210
2025-09-21,단지_연구단지운동장,49,6,23507,3210
2025-09-21,단지_한화솔루션,6,2,23507,3210
2025-09-21,대조_충남대,438,81,23507,3210
2025-09-22,etri,9,0,25307,3675
2025-09-22,ibs,23,1,25307,3675
2025-09-22,kier,19,3,25307,3675
2025-09-22,kribb,43,1,25307,3675
2025-09-22,krict,11,1,25307,3675
2025-09-22,단지_KTG중앙연구원,5,2,25307,3675
2025-09-22,단지_LG생활건강,3,0,25307,3675
2025-09-22,단지_연구단지네거리,13,3,25307,3675
2025-09-22,단지_연구단지운동장,24,7,25307,3675
2025-09-22,단지_한화솔루션,9,0,25307,3675
2025-09-22,대조_충남대,589,60,25307,3675
2025-09-23,etri,10,1,26485,3942
2025-09-23,ibs,30,1,26485,3942
2025-09-23,kier,11,2,26485,3942
2025-09-23,kiom,3,0,26485,3942
2025-09-23,kribb,33,5,26485,3942
2025-09-23,krict,10,0,26485,3942
2025-09-23,단지_KTG중앙연구원,12,0,26485,3942
2025-09-23,단지_LG생활건강,4,0,26485,3942
2025-09-23,단지_연구단지네거리,20,4,26485,3942
2025-09-23,단지_연구단지운동장,25,3,26485,3942
2025-09-23,단지_한화솔루션,5,0,26485,3942
2025-09-23,대조_충남대,634,59,26485,3942
2025-09-24,etri,4,0,18243,1793
2025-09-24,ibs,17,2,18243,1793
2025-09-24,kier,9,2,18243,1793
2025-09-24,kiom,1,0,18243,1793
2025-09-24,kribb,26,0,18243,1793
2025-09-24,krict,8,1,18243,1793
2025-09-24,단지_KTG중앙연구원,5,1,18243,1793
2025-09-24,단지_LG생활건강,7,0,18243,1793
2025-09-24,단지_연구단지네거리,18,2,18243,1793
2025-09-24,단지_연구단지운동장,15,0,18243,1793
2025-09-24,대조_충남대,483,30,18243,1793
2025-09-25,etri,2,0,8973,2438
2025-09-25,ibs,15,0,8973,2438
2025-09-25,kier,10,2,8973,2438
2025-09-25,kribb,8,3,8973,2438
2025-09-25,krict,2,1,8973,2438
2025-09-25,단지_KTG중앙연구원,1,1,8973,2438
2025-09-25,단지_연구단지네거리,17,1,8973,2438
2025-09-25,단지_연구단지운동장,5,1,8973,2438
2025-09-25,대조_충남대,127,29,8973,2438
2025-09-26,etri,12,0,28095,4328
2025-09-26,ibs,22,1,28095,4328
2025-09-26,kier,22,2,28095,4328
2025-09-26,kiom,4,0,28095,4328
2025-09-26,kribb,48,3,28095,4328
2025-09-26,krict,14,0,28095,4328
2025-09-26,단지_KTG중앙연구원,6,1,28095,4328
2025-09-26,단지_LG생활건강,4,0,28095,4328
2025-09-26,단지_연구단지네거리,15,4,28095,4328
2025-09-26,단지_연구단지운동장,43,3,28095,4328
2025-09-26,단지_한화솔루션,8,0,28095,4328
2025-09-26,대조_충남대,522,52,28095,4328
2025-09-27,etri,2,0,26089,3963
2025-09-27,ibs,11,3,26089,3963
2025-09-27,kier,12,4,26089,3963
2025-09-27,kiom,2,0,26089,3963
2025-09-27,kribb,19,2,26089,3963
2025-09-27,krict,2,0,26089,3963
2025-09-27,단지_KTG중앙연구원,7,1,26089,3963
2025-09-27,단지_LG생활건강,1,0,26089,3963
2025-09-27,단지_연구단지네거리,16,1,26089,3963
2025-09-27,단지_연구단지운동장,30,4,26089,3963
2025-09-27,단지_한화솔루션,5,0,26089,3963
2025-09-27,대조_충남대,430,72,26089,3963
2025-09-28,ibs,7,1,10744,2625
2025-09-28,kier,6,0,10744,2625
2025-09-28,kribb,4,0,10744,2625
2025-09-28,krict,4,0,10744,2625
2025-09-28,단지_KTG중앙연구원,2,0,10744,2625
2025-09-28,단지_연구단지네거리,14,5,10744,2625
2025-09-28,단지_연구단지운동장,9,3,10744,2625
2025-09-28,단지_한화솔루션,1,1,10744,2625
2025-09-28,대조_충남대,225,76,10744,2625
2025-09-29,etri,13,0,25951,3793
2025-09-29,ibs,28,5,25951,3793
2025-09-29,kier,23,1,25951,3793
2025-09-29,kiom,4,0,25951,3793
2025-09-29,kribb,43,1,25951,3793
2025-09-29,krict,21,2,25951,3793
2025-09-29,단지_KTG중앙연구원,2,0,25951,3793
2025-09-29,단지_LG생활건강,5,0,25951,3793
2025-09-29,단지_연구단지네거리,16,3,25951,3793
2025-09-29,단지_연구단지운동장,41,8,25951,3793
2025-09-29,단지_한화솔루션,9,0,25951,3793
2025-09-29,대조_충남대,662,63,25951,3793
2025-09-30,etri,5,0,27599,4027
2025-09-30,ibs,25,2,27599,4027
2025-09-30,kier,19,0,27599,4027
2025-09-30,kiom,1,1,27599,4027
2025-09-30,kribb,38,4,27599,4027
2025-09-30,krict,12,0,27599,4027
2025-09-30,단지_KTG중앙연구원,8,0,27599,4027
2025-09-30,단지_LG생활건강,6,0,27599,4027
2025-09-30,단지_연구단지네거리,13,4,27599,4027
2025-09-30,단지_연구단지운동장,34,4,27599,4027
2025-09-30,단지_한화솔루션,9,0,27599,4027
2025-09-30,대조_충남대,619,89,27599,4027
2025-10-01,etri,7,0,28084,3976
2025-10-01,ibs,39,3,28084,3976
2025-10-01,kier,13,0,28084,3976
2025-10-01,kiom,1,0,28084,3976
2025-10-01,kribb,39,4,28084,3976
2025-10-01,krict,24,1,28084,3976
2025-10-01,단지_KTG중앙연구원,10,0,28084,3976
2025-10-01,단지_LG생활건강,4,0,28084,3976
2025-10-01,단지_연구단지네거리,21,6,28084,3976
2025-10-01,단지_연구단지운동장,29,1,28084,3976
2025-10-01,단지_한화솔루션,6,1,28084,3976
2025-10-01,대조_충남대,712,72,28084,3976
2025-10-02,etri,8,0,29605,3476
2025-10-02,ibs,27,2,29605,3476
2025-10-02,kier,14,0,29605,3476
2025-10-02,kiom,2,0,29605,3476
2025-10-02,kribb,35,2,29605,3476
2025-10-02,krict,19,2,29605,3476
2025-10-02,단지_KTG중앙연구원,7,0,29605,3476
2025-10-02,단지_LG생활건강,7,0,29605,3476
2025-10-02,단지_연구단지네거리,27,6,29605,3476
2025-10-02,단지_연구단지운동장,40,5,29605,3476
2025-10-02,단지_한화솔루션,3,0,29605,3476
2025-10-02,대조_충남대,646,44,29605,3476
2025-10-03,ibs,5,1,3409,487
2025-10-03,단지_연구단지네거리,1,0,3409,487
2025-10-03,단지_연구단지운동장,3,0,3409,487
2025-10-03,대조_충남대,54,8,3409,487
2025-10-04,ibs,12,2,15282,2870
2025-10-04,kier,7,0,15282,2870
2025-10-04,kiom,2,0,15282,2870
2025-10-04,kribb,6,1,15282,2870
2025-10-04,krict,1,0,15282,2870
2025-10-04,단지_KTG중앙연구원,2,0,15282,2870
2025-10-04,단지_LG생활건강,1,0,15282,2870
2025-10-04,단지_연구단지네거리,12,3,15282,2870
2025-10-04,단지_연구단지운동장,13,1,15282,2870
2025-10-04,대조_충남대,206,35,15282,2870
2025-10-05,ibs,5,2,12558,1926
2025-10-05,kier,3,2,12558,1926
2025-10-05,kribb,4,0,12558,1926
2025-10-05,krict,4,0,12558,1926
2025-10-05,단지_KTG중앙연구원,2,0,12558,1926
2025-10-05,단지_연구단지네거리,3,1,12558,1926
2025-10-05,단지_연구단지운동장,9,1,12558,1926
2025-10-05,단지_한화솔루션,1,0,12558,1926
2025-10-05,대조_충남대,121,24,12558,1926
2025-10-06,ibs,2,2,3872,66
2025-10-06,krict,1,0,3872,66
2025-10-06,단지_KTG중앙연구원,2,0,3872,66
2025-10-06,단지_연구단지운동장,1,0,3872,66
2025-10-06,단지_한화솔루션,2,0,3872,66
2025-10-06,대조_충남대,19,0,3872,66
2025-10-07,etri,1,0,7721,1903
2025-10-07,ibs,6,0,7721,1903
2025-10-07,kribb,3,1,7721,1903
2025-10-07,krict,2,0,7721,1903
2025-10-07,단지_KTG중앙연구원,1,0,7721,1903
2025-10-07,단지_연구단지네거리,8,2,7721,1903
2025-10-07,단지_연구단지운동장,1,0,7721,1903
2025-10-07,단지_한화솔루션,1,0,7721,1903
2025-10-07,대조_충남대,94,24,7721,1903
2025-10-08,etri,1,0,18742,3377
2025-10-08,ibs,10,7,18742,3377
2025-10-08,kier,5,0,18742,3377
2025-10-08,kribb,14,0,18742,3377
2025-10-08,krict,5,0,18742,3377
2025-10-08,단지_KTG중앙연구원,2,0,18742,3377
2025-10-08,단지_연구단지네거리,10,3,18742,3377
2025-10-08,단지_연구단지운동장,14,1,18742,3377
2025-10-08,단지_한화솔루션,4,0,18742,3377
2025-10-08,대조_충남대,222,29,18742,3377
2025-10-09,etri,4,1,22705,3261
2025-10-09,ibs,23,0,22705,3261
2025-10-09,kier,4,1,22705,3261
2025-10-09,kiom,6,0,22705,3261
2025-10-09,kribb,20,0,22705,3261
2025-10-09,krict,4,0,22705,3261
2025-10-09,단지_KTG중앙연구원,11,1,22705,3261
2025-10-09,단지_LG생활건강,2,0,22705,3261
2025-10-09,단지_연구단지네거리,18,4,22705,3261
2025-10-09,단지_연구단지운동장,28,5,22705,3261
2025-10-09,단지_한화솔루션,1,0,22705,3261
2025-10-09,대조_충남대,292,44,22705,3261
2025-10-10,etri,2,0,25074,3759
2025-10-10,ibs,18,2,25074,3759
2025-10-10,kier,16,2,25074,3759
2025-10-10,kiom,4,0,25074,3759
2025-10-10,kribb,43,1,25074,3759
2025-10-10,krict,8,0,25074,3759
2025-10-10,단지_KTG중앙연구원,3,0,25074,3759
2025-10-10,단지_LG생활건강,1,0,25074,3759
2025-10-10,단지_연구단지네거리,19,3,25074,3759
2025-10-10,단지_연구단지운동장,43,4,25074,3759
2025-10-10,단지_한화솔루션,6,0,25074,3759
2025-10-10,대조_충남대,361,38,25074,3759
2025-10-11,etri,2,0,25404,3767
2025-10-11,ibs,26,1,25404,3767
2025-10-11,kier,8,0,25404,3767
2025-10-11,kribb,23,3,25404,3767
2025-10-11,krict,7,0,25404,3767
2025-10-11,단지_KTG중앙연구원,6,0,25404,3767
2025-10-11,단지_연구단지네거리,19,6,25404,3767
2025-10-11,단지_연구단지운동장,18,4,25404,3767
2025-10-11,단지_한화솔루션,5,0,25404,3767
2025-10-11,대조_충남대,410,57,25404,3767
2025-10-12,ibs,8,0,18422,2057
2025-10-12,kier,11,1,18422,2057
2025-10-12,kiom,2,0,18422,2057
2025-10-12,kribb,14,1,18422,2057
2025-10-12,krict,5,0,18422,2057
2025-10-12,단지_KTG중앙연구원,5,0,18422,2057
2025-10-12,단지_연구단지네거리,26,0,18422,2057
2025-10-12,단지_연구단지운동장,25,3,18422,2057
2025-10-12,단지_한화솔루션,4,0,18422,2057
2025-10-12,대조_충남대,337,31,18422,2057
2025-10-13,ibs,7,1,5618,347
2025-10-13,kier,1,0,5618,347
2025-10-13,kiom,2,0,5618,347
2025-10-13,kribb,7,0,5618,347
2025-10-13,krict,1,1,5618,347
2025-10-13,단지_KTG중앙연구원,3,0,5618,347
2025-10-13,단지_LG생활건강,1,0,5618,347
2025-10-13,단지_연구단지네거리,3,0,5618,347
2025-10-13,단지_연구단지운동장,5,0,5618,347
2025-10-13,단지_한화솔루션,1,0,5618,347
2025-10-13,대조_충남대,116,4,5618,347
2025-10-14,etri,13,0,18359,3190
2025-10-14,ibs,27,2,18359,3190
2025-10-14,kier,19,2,18359,3190
2025-10-14,kiom,4,0,18359,3190
2025-10-14,kribb,30,4,18359,3190
2025-10-14,krict,15,0,18359,3190
2025-10-14,단지_KTG중앙연구원,5,0,18359,3190
2025-10-14,단지_LG생활건강,2,0,18359,3190
2025-10-14,단지_연구단지네거리,12,1,18359,3190
2025-10-14,단지_연구단지운동장,33,8,18359,3190
2025-10-14,단지_한화솔루션,5,0,18359,3190
2025-10-14,대조_충남대,456,53,18359,3190
2025-10-15,etri,6,0,18602,534
2025-10-15,ibs,15,0,18602,534
2025-10-15,kier,13,0,18602,534
2025-10-15,kiom,2,0,18602,534
2025-10-15,kribb,39,0,18602,534
2025-10-15,krict,10,0,18602,534
2025-10-15,단지_KTG중앙연구원,5,0,18602,534
2025-10-15,단지_LG생활건강,2,0,18602,534
2025-10-15,단지_연구단지네거리,3,0,18602,534
2025-10-15,단지_연구단지운동장,17,0,18602,534
2025-10-15,단지_한화솔루션,5,0,18602,534
2025-10-15,대조_충남대,466,5,18602,534
2025-10-16,etri,9,0,20948,3310
2025-10-16,ibs,30,3,20948,3310
2025-10-16,kier,15,2,20948,3310
2025-10-16,kiom,1,0,20948,3310
2025-10-16,kribb,43,4,20948,3310
2025-10-16,krict,9,0,20948,3310
2025-10-16,단지_KTG중앙연구원,10,1,20948,3310
2025-10-16,단지_LG생활건강,4,0,20948,3310
2025-10-16,단지_연구단지네거리,20,4,20948,3310
2025-10-16,단지_연구단지운동장,36,1,20948,3310
2025-10-16,단지_한화솔루션,3,0,20948,3310
2025-10-16,대조_충남대,515,47,20948,3310
2025-10-17,etri,8,0,16539,340
2025-10-17,ibs,42,0,16539,340
2025-10-17,kier,10,0,16539,340
2025-10-17,kiom,1,0,16539,340
2025-10-17,kribb,23,0,16539,340
2025-10-17,krict,8,0,16539,340
2025-10-17,단지_KTG중앙연구원,4,0,16539,340
2025-10-17,단지_LG생활건강,4,0,16539,340
2025-10-17,단지_연구단지네거리,15,0,16539,340
2025-10-17,단지_연구단지운동장,21,1,16539,340
2025-10-17,단지_한화솔루션,14,0,16539,340
2025-10-17,대조_충남대,345,5,16539,340
2025-10-18,etri,3,0,18472,3413
2025-10-18,ibs,14,3,18472,3413
2025-10-18,kier,5,1,18472,3413
2025-10-18,kiom,1,0,18472,3413
2025-10-18,kribb,19,2,18472,3413
2025-10-18,krict,5,0,18472,3413
2025-10-18,단지_KTG중앙연구원,7,1,18472,3413
2025-10-18,단지_연구단지네거리,11,4,18472,3413
2025-10-18,단지_연구단지운동장,28,6,18472,3413
2025-10-18,단지_한화솔루션,1,0,18472,3413
2025-10-18,대조_충남대,362,65,18472,3413
2025-10-19,ibs,18,1,21977,2478
2025-10-19,kier,7,0,21977,2478
2025-10-19,kiom,4,0,21977,2478
2025-10-19,kribb,25,1,21977,2478
2025-10-19,krict,6,1,21977,2478
2025-10-19,단지_KTG중앙연구원,10,0,21977,2478
2025-10-19,단지_연구단지네거리,26,4,21977,2478
2025-10-19,단지_연구단지운동장,32,2,21977,2478
2025-10-19,단지_한화솔루션,4,0,21977,2478
2025-10-19,대조_충남대,389,50,21977,2478
2025-10-20,etri,6,0,21632,2729
2025-10-20,ibs,26,0,21632,2729
2025-10-20,kier,19,0,21632,2729
2025-10-20,kiom,3,0,21632,2729
2025-10-20,kribb,44,5,21632,2729
2025-10-20,krict,12,1,21632,2729
2025-10-20,단지_KTG중앙연구원,19,3,21632,2729
2025-10-20,단지_LG생활건강,5,0,21632,2729
2025-10-20,단지_연구단지네거리,13,3,21632,2729
2025-10-20,단지_연구단지운동장,35,3,21632,2729
2025-10-20,단지_한화솔루션,7,0,21632,2729
2025-10-20,대조_충남대,494,44,21632,2729
2025-10-21,etri,6,0,21391,2671
2025-10-21,ibs,34,10,21391,2671
2025-10-21,kier,15,1,21391,2671
2025-10-21,kiom,1,0,21391,2671
2025-10-21,kribb,43,2,21391,2671
2025-10-21,krict,14,0,21391,2671
2025-10-21,단지_KTG중앙연구원,9,0,21391,2671
2025-10-21,단지_LG생활건강,4,0,21391,2671
2025-10-21,단지_연구단지네거리,11,1,21391,2671
2025-10-21,단지_연구단지운동장,21,0,21391,2671
2025-10-21,단지_한화솔루션,6,1,21391,2671
2025-10-21,대조_충남대,464,48,21391,2671
2025-10-22,etri,9,2,23591,2959
2025-10-22,ibs,21,3,23591,2959
2025-10-22,kasi,3,0,23591,2959
2025-10-22,kier,14,0,23591,2959
2025-10-22,kribb,40,1,23591,2959
2025-10-22,krict,21,0,23591,2959
2025-10-22,단지_KTG중앙연구원,10,0,23591,2959
2025-10-22,단지_LG생활건강,4,0,23591,2959
2025-10-22,단지_연구단지네거리,16,4,23591,2959
2025-10-22,단지_연구단지운동장,34,2,23591,2959
2025-10-22,단지_한화솔루션,5,1,23591,2959
2025-10-22,대조_충남대,501,51,23591,2959
2025-10-23,etri,7,0,25158,3356
2025-10-23,ibs,23,1,25158,3356
2025-10-23,kasi,2,0,25158,3356
2025-10-23,kier,18,2,25158,3356
2025-10-23,kiom,2,0,25158,3356
2025-10-23,kribb,52,6,25158,3356
2025-10-23,krict,10,1,25158,3356
2025-10-23,단지_KTG중앙연구원,7,0,25158,3356
2025-10-23,단지_LG생활건강,1,0,25158,3356
2025-10-23,단지_연구단지네거리,8,0,25158,3356
2025-10-23,단지_연구단지운동장,41,4,25158,3356
2025-10-23,단지_한화솔루션,4,0,25158,3356
2025-10-23,대조_충남대,492,55,25158,3356
2025-10-24,etri,9,2,27083,3788
2025-10-24,ibs,25,4,27083,3788
2025-10-24,kasi,8,1,27083,3788
2025-10-24,kier,13,1,27083,3788
2025-10-24,kiom,2,0,27083,3788
2025-10-24,kribb,38,0,27083,3788
2025-10-24,krict,12,0,27083,3788
2025-10-24,단지_KTG중앙연구원,9,0,27083,3788
2025-10-24,단지_LG생활건강,1,0,27083,3788
2025-10-24,단지_연구단지네거리,21,3,27083,3788
2025-10-24,단지_연구단지운동장,33,1,27083,3788
2025-10-24,단지_한화솔루션,8,0,27083,3788
2025-10-24,대조_충남대,476,60,27083,3788
2025-10-25,etri,1,0,24595,3180
2025-10-25,ibs,19,7,24595,3180
2025-10-25,kier,1,1,24595,3180
2025-10-25,kiom,1,0,24595,3180
2025-10-25,kribb,17,2,24595,3180
2025-10-25,krict,2,0,24595,3180
2025-10-25,단지_KTG중앙연구원,6,1,24595,3180
2025-10-25,단지_연구단지네거리,9,2,24595,3180
2025-10-25,단지_연구단지운동장,9,2,24595,3180
2025-10-25,단지_한화솔루션,15,2,24595,3180
2025-10-25,대조_충남대,374,53,24595,3180
2025-10-26,etri,4,1,20151,2345
2025-10-26,ibs,18,5,20151,2345
2025-10-26,kier,7,1,20151,2345
2025-10-26,kiom,4,0,20151,2345
2025-10-26,kribb,18,2,20151,2345
2025-10-26,krict,6,1,20151,2345
2025-10-26,단지_KTG중앙연구원,7,0,20151,2345
2025-10-26,단지_연구단지네거리,9,2,20151,2345
2025-10-26,단지_연구단지운동장,16,1,20151,2345
2025-10-26,단지_한화솔루션,5,0,20151,2345
2025-10-26,대조_충남대,299,36,20151,2345
2025-10-27,etri,6,0,20133,2439
2025-10-27,ibs,24,2,20133,2439
2025-10-27,kasi,6,0,20133,2439
2025-10-27,kier,9,1,20133,2439
2025-10-27,kiom,1,0,20133,2439
2025-10-27,kribb,25,1,20133,2439
2025-10-27,krict,11,1,20133,2439
2025-10-27,단지_KTG중앙연구원,4,1,20133,2439
2025-10-27,단지_LG생활건강,5,0,20133,2439
2025-10-27,단지_연구단지네거리,6,1,20133,2439
2025-10-27,단지_연구단지운동장,27,0,20133,2439
2025-10-27,단지_한화솔루션,1,0,20133,2439
2025-10-27,대조_충남대,375,31,20133,2439
2025-10-28,etri,13,2,21411,2561
2025-10-28,ibs,23,1,21411,2561
2025-10-28,kasi,5,0,21411,2561
2025-10-28,kier,7,0,21411,2561
2025-10-28,kiom,1,0,21411,2561
2025-10-28,kribb,37,0,21411,2561
2025-10-28,krict,11,0,21411,2561
2025-10-28,단지_KTG중앙연구원,7,1,21411,2561
2025-10-28,단지_LG생활건강,4,0,21411,2561
2025-10-28,단지_연구단지네거리,7,0,21411,2561
2025-10-28,단지_연구단지운동장,31,5,21411,2561
2025-10-28,단지_한화솔루션,2,0,21411,2561
2025-10-28,대조_충남대,452,44,21411,2561
2025-10-29,etri,9,0,22564,2752
2025-10-29,ibs,27,1,22564,2752
2025-10-29,kasi,3,0,22564,2752
2025-10-29,kier,14,1,22564,2752
2025-10-29,kribb,45,4,22564,2752
2025-10-29,krict,12,0,22564,2752
2025-10-29,단지_KTG중앙연구원,12,1,22564,2752
2025-10-29,단지_LG생활건강,2,0,22564,2752
2025-10-29,단지_연구단지네거리,7,2,22564,2752
2025-10-29,단지_연구단지운동장,30,2,22564,2752
2025-10-29,단지_한화솔루션,9,0,22564,2752
2025-10-29,대조_충남대,461,39,22564,2752
2025-10-30,etri,6,1,23452,2953
2025-10-30,ibs,25,1,23452,2953
2025-10-30,kasi,3,0,23452,2953
2025-10-30,kier,6,0,23452,2953
2025-10-30,kribb,41,2,23452,2953
2025-10-30,krict,18,0,23452,2953
2025-10-30,단지_KTG중앙연구원,4,0,23452,2953
2025-10-30,단지_LG생활건강,2,0,23452,2953
2025-10-30,단지_연구단지네거리,13,1,23452,2953
2025-10-30,단지_연구단지운동장,40,4,23452,2953
2025-10-30,단지_한화솔루션,4,0,23452,2953
2025-10-30,대조_충남대,462,33,23452,2953
2025-10-31,etri,12,0,25913,3416
2025-10-31,ibs,37,2,25913,3416
2025-10-31,kasi,1,0,25913,3416
2025-10-31,kier,7,0,25913,3416
2025-10-31,kiom,2,0,25913,3416
2025-10-31,kribb,40,2,25913,3416
2025-10-31,krict,15,1,25913,3416
2025-10-31,단지_KTG중앙연구원,3,0,25913,3416
2025-10-31,단지_LG생활건강,1,0,25913,3416
2025-10-31,단지_연구단지네거리,13,3,25913,3416
2025-10-31,단지_연구단지운동장,23,2,25913,3416
2025-10-31,단지_한화솔루션,3,0,25913,3416
2025-10-31,대조_충남대,426,39,25913,3416
2025-11-01,etri,2,0,21793,2557
2025-11-01,ibs,13,1,21793,2557
2025-11-01,kasi,1,1,21793,2557
2025-11-01,kier,3,0,21793,2557
2025-11-01,kiom,4,1,21793,2557
2025-11-01,kribb,19,0,21793,2557
2025-11-01,krict,5,0,21793,2557
2025-11-01,단지_KTG중앙연구원,10,1,21793,2557
2025-11-01,단지_LG생활건강,1,0,21793,2557
2025-11-01,단지_연구단지네거리,12,0,21793,2557
2025-11-01,단지_연구단지운동장,20,2,21793,2557
2025-11-01,단지_한화솔루션,4,0,21793,2557
2025-11-01,대조_충남대,282,48,21793,2557
2025-11-02,etri,1,0,17042,1921
2025-11-02,ibs,26,3,17042,1921
2025-11-02,kier,7,0,17042,1921
2025-11-02,kiom,3,0,17042,1921
2025-11-02,kribb,18,2,17042,1921
2025-11-02,krict,3,0,17042,1921
2025-11-02,단지_KTG중앙연구원,5,0,17042,1921
2025-11-02,단지_LG생활건강,2,0,17042,1921
2025-11-02,단지_연구단지네거리,17,4,17042,1921
2025-11-02,단지_연구단지운동장,20,1,17042,1921
2025-11-02,단지_한화솔루션,2,0,17042,1921
2025-11-02,대조_충남대,320,57,17042,1921
2025-11-03,etri,16,0,20046,2421
2025-11-03,ibs,33,0,20046,2421
2025-11-03,kasi,1,0,20046,2421
2025-11-03,kier,5,0,20046,2421
2025-11-03,kiom,2,0,20046,2421
2025-11-03,kribb,26,1,20046,2421
2025-11-03,krict,12,0,20046,2421
2025-11-03,단지_KTG중앙연구원,7,0,20046,2421
2025-11-03,단지_LG생활건강,3,0,20046,2421
2025-11-03,단지_연구단지네거리,6,1,20046,2421
2025-11-03,단지_연구단지운동장,27,6,20046,2421
2025-11-03,단지_한화솔루션,4,0,20046,2421
2025-11-03,대조_충남대,473,47,20046,2421
2025-11-04,etri,13,1,22173,2338
2025-11-04,ibs,30,2,22173,2338
2025-11-04,kasi,2,0,22173,2338
2025-11-04,kier,7,0,22173,2338
2025-11-04,kiom,2,0,22173,2338
2025-11-04,kribb,35,5,22173,2338
2025-11-04,krict,9,0,22173,2338
2025-11-04,단지_LG생활건강,4,0,22173,2338
2025-11-04,단지_연구단지네거리,9,0,22173,2338
2025-11-04,단지_연구단지운동장,24,3,22173,2338
2025-11-04,단지_한화솔루션,4,1,22173,2338
2025-11-04,대조_충남대,499,41,22173,2338
2025-11-05,etri,7,0,23054,2886
2025-11-05,ibs,28,4,23054,2886
2025-11-05,kasi,6,0,23054,2886
2025-11-05,kier,8,0,23054,2886
2025-11-05,kiom,1,0,23054,2886
2025-11-05,kribb,35,2,23054,2886
2025-11-05,krict,10,0,23054,2886
2025-11-05,단지_KTG중앙연구원,1,0,23054,2886
2025-11-05,단지_LG생활건강,7,0,23054,2886
2025-11-05,단지_연구단지네거리,15,1,23054,2886
2025-11-05,단지_연구단지운동장,24,0,23054,2886
2025-11-05,단지_한화솔루션,2,0,23054,2886
2025-11-05,대조_충남대,539,80,23054,2886
2025-11-06,etri,6,0,22987,2877
2025-11-06,ibs,26,6,22987,2877
2025-11-06,kasi,3,0,22987,2877
2025-11-06,kier,8,0,22987,2877
2025-11-06,kiom,3,0,22987,2877
2025-11-06,kribb,27,1,22987,2877
2025-11-06,krict,5,0,22987,2877
2025-11-06,단지_KTG중앙연구원,10,2,22987,2877
2025-11-06,단지_LG생활건강,5,0,22987,2877
2025-11-06,단지_연구단지네거리,14,1,22987,2877
2025-11-06,단지_연구단지운동장,25,1,22987,2877
2025-11-06,단지_한화솔루션,4,1,22987,2877
2025-11-06,대조_충남대,490,44,22987,2877
2025-11-07,etri,6,0,25154,3236
2025-11-07,ibs,28,1,25154,3236
2025-11-07,kasi,3,0,25154,3236
2025-11-07,kier,9,0,25154,3236
2025-11-07,kiom,2,0,25154,3236
2025-11-07,kribb,28,3,25154,3236
2025-11-07,krict,7,0,25154,3236
2025-11-07,단지_KTG중앙연구원,11,3,25154,3236
2025-11-07,단지_LG생활건강,6,0,25154,3236
2025-11-07,단지_연구단지네거리,16,0,25154,3236
2025-11-07,단지_연구단지운동장,26,2,25154,3236
2025-11-07,단지_한화솔루션,1,1,25154,3236
2025-11-07,대조_충남대,412,54,25154,3236
2025-11-08,etri,2,1,21064,1653
2025-11-08,ibs,17,0,21064,1653
2025-11-08,kier,4,0,21064,1653
2025-11-08,kiom,2,0,21064,1653
2025-11-08,kribb,8,0,21064,1653
2025-11-08,krict,5,1,21064,1653
2025-11-08,단지_KTG중앙연구원,4,0,21064,1653
2025-11-08,단지_LG생활건강,2,0,21064,1653
2025-11-08,단지_연구단지네거리,16,1,21064,1653
2025-11-08,단지_연구단지운동장,11,2,21064,1653
2025-11-08,단지_한화솔루션,7,0,21064,1653
2025-11-08,대조_충남대,317,31,21064,1653
2025-11-09,etri,6,0,19377,2195
2025-11-09,ibs,15,1,19377,2195
2025-11-09,kier,2,0,19377,2195
2025-11-09,kiom,1,0,19377,2195
2025-11-09,kribb,20,4,19377,2195
2025-11-09,krict,3,0,19377,2195
2025-11-09,단지_KTG중앙연구원,4,0,19377,2195
2025-11-09,단지_연구단지네거리,18,1,19377,2195
2025-11-09,단지_연구단지운동장,23,2,19377,2195
2025-11-09,단지_한화솔루션,6,0,19377,2195
2025-11-09,대조_충남대,277,53,19377,2195
2025-11-10,etri,16,1,21049,2396
2025-11-10,ibs,17,1,21049,2396
2025-11-10,kasi,1,0,21049,2396
2025-11-10,kier,10,0,21049,2396
2025-11-10,kiom,1,0,21049,2396
2025-11-10,kribb,28,1,21049,2396
2025-11-10,krict,4,0,21049,2396
2025-11-10,단지_KTG중앙연구원,3,0,21049,2396
2025-11-10,단지_LG생활건강,4,0,21049,2396
2025-11-10,단지_연구단지네거리,10,0,21049,2396
2025-11-10,단지_연구단지운동장,17,2,21049,2396
2025-11-10,단지_한화솔루션,1,0,21049,2396
2025-11-10,대조_충남대,523,41,21049,2396
2025-11-11,etri,13,2,22622,2719
2025-11-11,ibs,26,1,22622,2719
2025-11-11,kasi,5,0,22622,2719
2025-11-11,kier,9,1,22622,2719
2025-11-11,kiom,1,0,22622,2719
2025-11-11,kribb,38,5,22622,2719
2025-11-11,krict,14,0,22622,2719
2025-11-11,단지_KTG중앙연구원,2,0,22622,2719
2025-11-11,단지_LG생활건강,3,0,22622,2719
2025-11-11,단지_연구단지네거리,10,1,22622,2719
2025-11-11,단지_연구단지운동장,32,2,22622,2719
2025-11-11,단지_한화솔루션,7,0,22622,2719
2025-11-11,대조_충남대,539,59,22622,2719
2025-11-12,etri,6,0,22767,2662
2025-11-12,ibs,35,4,22767,2662
2025-11-12,kasi,2,0,22767,2662
2025-11-12,kier,12,1,22767,2662
2025-11-12,kiom,2,0,22767,2662
2025-11-12,kribb,37,1,22767,2662
2025-11-12,krict,12,0,22767,2662
2025-11-12,단지_KTG중앙연구원,3,0,22767,2662
2025-11-12,단지_LG생활건강,5,0,22767,2662
2025-11-12,단지_연구단지네거리,20,3,22767,2662
2025-11-12,단지_연구단지운동장,22,6,22767,2662
2025-11-12,단지_한화솔루션,6,0,22767,2662
2025-11-12,대조_충남대,471,38,22767,2662
2025-11-13,etri,8,0,23770,2793
2025-11-13,ibs,25,2,23770,2793
2025-11-13,kasi,3,0,23770,2793
2025-11-13,kier,14,0,23770,2793
2025-11-13,kiom,5,0,23770,2793
2025-11-13,kribb,45,4,23770,2793
2025-11-13,krict,9,0,23770,2793
2025-11-13,단지_KTG중앙연구원,5,0,23770,2793
2025-11-13,단지_LG생활건강,10,0,23770,2793
2025-11-13,단지_연구단지네거리,12,0,23770,2793
2025-11-13,단지_연구단지운동장,29,1,23770,2793
2025-11-13,단지_한화솔루션,3,0,23770,2793
2025-11-13,대조_충남대,487,45,23770,2793
2025-11-14,etri,7,0,24285,2919
2025-11-14,ibs,22,3,24285,2919
2025-11-14,kasi,4,0,24285,2919
2025-11-14,kier,11,1,24285,2919
2025-11-14,kiom,1,0,24285,2919
2025-11-14,kribb,36,3,24285,2919
2025-11-14,krict,6,0,24285,2919
2025-11-14,단지_KTG중앙연구원,11,1,24285,2919
2025-11-14,단지_LG생활건강,5,0,24285,2919
2025-11-14,단지_연구단지네거리,8,2,24285,2919
2025-11-14,단지_연구단지운동장,34,7,24285,2919
2025-11-14,단지_한화솔루션,5,0,24285,2919
2025-11-14,대조_충남대,388,41,24285,2919
2025-11-15,etri,1,0,21054,2476
2025-11-15,ibs,25,2,21054,2476
2025-11-15,kier,4,0,21054,2476
2025-11-15,kiom,2,1,21054,2476
2025-11-15,kribb,13,1,21054,2476
2025-11-15,krict,1,0,21054,2476
2025-11-15,단지_KTG중앙연구원,7,0,21054,2476
2025-11-15,단지_연구단지네거리,16,1,21054,2476
2025-11-15,단지_연구단지운동장,33,7,21054,2476
2025-11-15,단지_한화솔루션,2,0,21054,2476
2025-11-15,대조_충남대,309,39,21054,2476
2025-11-16,etri,2,0,19273,2025
2025-11-16,ibs,5,0,19273,2025
2025-11-16,kasi,1,1,19273,2025
2025-11-16,kier,4,0,19273,2025
2025-11-16,kiom,3,0,19273,2025
2025-11-16,kribb,17,0,19273,2025
2025-11-16,krict,1,0,19273,2025
2025-11-16,단지_KTG중앙연구원,10,0,19273,2025
2025-11-16,단지_연구단지네거리,12,1,19273,2025
2025-11-16,단지_연구단지운동장,37,1,19273,2025
2025-11-16,단지_한화솔루션,3,0,19273,2025
2025-11-16,대조_충남대,321,40,19273,2025
2025-11-17,etri,5,0,17416,1954
2025-11-17,ibs,28,2,17416,1954
2025-11-17,kasi,1,0,17416,1954
2025-11-17,kier,8,0,17416,1954
2025-11-17,kiom,2,0,17416,1954
2025-11-17,kribb,29,1,17416,1954
2025-11-17,krict,15,0,17416,1954
2025-11-17,단지_KTG중앙연구원,3,0,17416,1954
2025-11-17,단지_LG생활건강,4,0,17416,1954
2025-11-17,단지_연구단지네거리,10,1,17416,1954
2025-11-17,단지_연구단지운동장,32,2,17416,1954
2025-11-17,단지_한화솔루션,5,0,17416,1954
2025-11-17,대조_충남대,421,36,17416,1954
2025-11-18,etri,9,0,17496,2160
2025-11-18,ibs,14,3,17496,2160
2025-11-18,kasi,3,0,17496,2160
2025-11-18,kier,7,0,17496,2160
2025-11-18,kiom,1,0,17496,2160
2025-11-18,kribb,28,3,17496,2160
2025-11-18,krict,10,0,17496,2160
2025-11-18,단지_KTG중앙연구원,7,1,17496,2160
2025-11-18,단지_LG생활건강,2,0,17496,2160
2025-11-18,단지_연구단지네거리,4,2,17496,2160
2025-11-18,단지_연구단지운동장,16,2,17496,2160
2025-11-18,단지_한화솔루션,2,0,17496,2160
2025-11-18,대조_충남대,389,30,17496,2160
2025-11-19,etri,7,0,18937,2219
2025-11-19,ibs,23,0,18937,2219
2025-11-19,kasi,2,0,18937,2219
2025-11-19,kier,14,0,18937,2219
2025-11-19,kiom,1,0,18937,2219
2025-11-19,kribb,28,1,18937,2219
2025-11-19,krict,4,0,18937,2219
2025-11-19,단지_KTG중앙연구원,4,1,18937,2219
2025-11-19,단지_LG생활건강,4,0,18937,2219
2025-11-19,단지_연구단지네거리,9,1,18937,2219
2025-11-19,단지_연구단지운동장,22,1,18937,2219
2025-11-19,단지_한화솔루션,1,0,18937,2219
2025-11-19,대조_충남대,435,41,18937,2219
2025-11-20,etri,6,0,20338,2431
2025-11-20,ibs,25,3,20338,2431
2025-11-20,kasi,9,0,20338,2431
2025-11-20,kier,14,0,20338,2431
2025-11-20,kribb,37,3,20338,2431
2025-11-20,krict,10,0,20338,2431
2025-11-20,단지_KTG중앙연구원,7,0,20338,2431
2025-11-20,단지_LG생활건강,3,0,20338,2431
2025-11-20,단지_연구단지네거리,12,0,20338,2431
2025-11-20,단지_연구단지운동장,23,1,20338,2431
2025-11-20,단지_한화솔루션,5,0,20338,2431
2025-11-20,대조_충남대,406,42,20338,2431
2025-11-21,etri,8,1,20759,2442
2025-11-21,ibs,21,0,20759,2442
2025-11-21,kasi,1,0,20759,2442
2025-11-21,kier,13,1,20759,2442
2025-11-21,kiom,1,0,20759,2442
2025-11-21,kribb,33,2,20759,2442
2025-11-21,krict,11,2,20759,2442
2025-11-21,단지_KTG중앙연구원,3,0,20759,2442
2025-11-21,단지_LG생활건강,1,0,20759,2442
2025-11-21,단지_연구단지네거리,4,1,20759,2442
2025-11-21,단지_연구단지운동장,34,2,20759,2442
2025-11-21,단지_한화솔루션,4,0,20759,2442
2025-11-21,대조_충남대,337,39,20759,2442
2025-11-22,etri,1,0,18801,2273
2025-11-22,ibs,9,0,18801,2273
2025-11-22,kier,2,0,18801,2273
2025-11-22,kribb,16,1,18801,2273
2025-11-22,krict,2,0,18801,2273
2025-11-22,단지_KTG중앙연구원,6,0,18801,2273
2025-11-22,단지_연구단지네거리,10,0,18801,2273
2025-11-22,단지_연구단지운동장,17,0,18801,2273
2025-11-22,단지_한화솔루션,6,0,18801,2273
2025-11-22,대조_충남대,265,44,18801,2273
2025-11-23,etri,2,0,17059,2051
2025-11-23,ibs,4,0,17059,2051
2025-11-23,kier,3,0,17059,2051
2025-11-23,kribb,12,3,17059,2051
2025-11-23,krict,5,0,17059,2051
2025-11-23,단지_KTG중앙연구원,6,1,17059,2051
2025-11-23,단지_LG생활건강,3,0,17059,2051
2025-11-23,단지_연구단지네거리,14,1,17059,2051
2025-11-23,단지_연구단지운동장,20,0,17059,2051
2025-11-23,단지_한화솔루션,1,0,17059,2051
2025-11-23,대조_충남대,274,49,17059,2051
2025-11-24,etri,9,1,21046,2557
2025-11-24,ibs,38,3,21046,2557
2025-11-24,kasi,1,0,21046,2557
2025-11-24,kier,13,1,21046,2557
2025-11-24,kiom,5,0,21046,2557
2025-11-24,kribb,30,3,21046,2557
2025-11-24,krict,4,0,21046,2557
2025-11-24,단지_KTG중앙연구원,4,0,21046,2557
2025-11-24,단지_LG생활건강,2,0,21046,2557
2025-11-24,단지_연구단지네거리,7,1,21046,2557
2025-11-24,단지_연구단지운동장,25,3,21046,2557
2025-11-24,대조_충남대,450,30,21046,2557
2025-11-25,etri,4,1,13179,2235
2025-11-25,ibs,18,1,13179,2235
2025-11-25,kier,4,0,13179,2235
2025-11-25,kiom,1,1,13179,2235
2025-11-25,kribb,21,3,13179,2235
2025-11-25,krict,5,0,13179,2235
2025-11-25,단지_KTG중앙연구원,5,0,13179,2235
2025-11-25,단지_연구단지네거리,6,0,13179,2235
2025-11-25,단지_연구단지운동장,19,3,13179,2235
2025-11-25,단지_한화솔루션,2,0,13179,2235
2025-11-25,대조_충남대,269,36,13179,2235
2025-11-26,etri,8,0,20402,2374
2025-11-26,ibs,25,0,20402,2374
2025-11-26,kier,10,1,20402,2374
2025-11-26,kiom,4,0,20402,2374
2025-11-26,kribb,27,1,20402,2374
2025-11-26,krict,7,0,20402,2374
2025-11-26,단지_KTG중앙연구원,6,0,20402,2374
2025-11-26,단지_LG생활건강,6,0,20402,2374
2025-11-26,단지_연구단지네거리,10,2,20402,2374
2025-11-26,단지_연구단지운동장,23,3,20402,2374
2025-11-26,단지_한화솔루션,3,0,20402,2374
2025-11-26,대조_충남대,449,44,20402,2374
2025-11-27,etri,6,1,12862,2030
2025-11-27,ibs,9,2,12862,2030
2025-11-27,kasi,2,1,12862,2030
2025-11-27,kier,7,0,12862,2030
2025-11-27,kiom,1,1,12862,2030
2025-11-27,kribb,17,0,12862,2030
2025-11-27,krict,4,0,12862,2030
2025-11-27,단지_KTG중앙연구원,1,0,12862,2030
2025-11-27,단지_LG생활건강,1,0,12862,2030
2025-11-27,단지_연구단지네거리,4,1,12862,2030
2025-11-27,단지_연구단지운동장,8,1,12862,2030
2025-11-27,대조_충남대,238,25,12862,2030
2025-11-28,etri,6,1,19301,2200
2025-11-28,ibs,20,1,19301,2200
2025-11-28,kasi,2,0,19301,2200
2025-11-28,kier,10,1,19301,2200
2025-11-28,kiom,1,0,19301,2200
2025-11-28,kribb,30,2,19301,2200
2025-11-28,krict,7,0,19301,2200
2025-11-28,단지_KTG중앙연구원,13,1,19301,2200
2025-11-28,단지_연구단지네거리,12,0,19301,2200
2025-11-28,단지_연구단지운동장,29,1,19301,2200
2025-11-28,단지_한화솔루션,3,0,19301,2200
2025-11-28,대조_충남대,355,27,19301,2200
2025-11-29,etri,3,0,17698,2272
2025-11-29,ibs,53,8,17698,2272
2025-11-29,kier,4,2,17698,2272
2025-11-29,kribb,21,1,17698,2272
2025-11-29,krict,3,0,17698,2272
2025-11-29,단지_KTG중앙연구원,8,0,17698,2272
2025-11-29,단지_LG생활건강,1,0,17698,2272
2025-11-29,단지_연구단지네거리,6,0,17698,2272
2025-11-29,단지_연구단지운동장,22,1,17698,2272
2025-11-29,단지_한화솔루션,2,1,17698,2272
2025-11-29,대조_충남대,290,45,17698,2272
2025-11-30,etri,16,0,19944,2755
2025-11-30,ibs,134,8,19944,2755
2025-11-30,kasi,3,2,19944,2755
2025-11-30,kier,10,0,19944,2755
2025-11-30,kiom,2,0,19944,2755
2025-11-30,kribb,22,2,19944,2755
2025-11-30,krict,13,1,19944,2755
2025-11-30,단지_KTG중앙연구원,8,0,19944,2755
2025-11-30,단지_LG생활건강,3,0,19944,2755
2025-11-30,단지_연구단지네거리,24,1,19944,2755
2025-11-30,단지_연구단지운동장,52,21,19944,2755
2025-11-30,단지_한화솔루션,3,2,19944,2755
2025-11-30,대조_충남대,256,48,19944,2755
2026-01-01,ibs,3,1,5678,790
2026-01-01,kier,2,0,5678,790
2026-01-01,kribb,6,0,5678,790
2026-01-01,krict,2,0,5678,790
2026-01-01,단지_KTG중앙연구원,3,0,5678,790
2026-01-01,단지_연구단지네거리,3,0,5678,790
2026-01-01,단지_연구단지운동장,12,0,5678,790
2026-01-01,단지_한화솔루션,3,0,5678,790
2026-01-01,대조_충남대,66,11,5678,790
2026-01-02,etri,3,0,8599,1098
2026-01-02,ibs,9,0,8599,1098
2026-01-02,kier,3,0,8599,1098
2026-01-02,kribb,13,0,8599,1098
2026-01-02,krict,9,0,8599,1098
2026-01-02,단지_KTG중앙연구원,1,0,8599,1098
2026-01-02,단지_LG생활건강,1,0,8599,1098
2026-01-02,단지_연구단지네거리,6,0,8599,1098
2026-01-02,단지_연구단지운동장,8,0,8599,1098
2026-01-02,대조_충남대,114,5,8599,1098
2026-01-03,ibs,5,0,8798,1362
2026-01-03,kier,4,1,8798,1362
2026-01-03,kribb,5,0,8798,1362
2026-01-03,krict,1,1,8798,1362
2026-01-03,단지_KTG중앙연구원,3,0,8798,1362
2026-01-03,단지_연구단지네거리,9,0,8798,1362
2026-01-03,단지_연구단지운동장,10,2,8798,1362
2026-01-03,대조_충남대,131,20,8798,1362
2026-01-04,etri,1,0,9694,1230
2026-01-04,ibs,5,0,9694,1230
2026-01-04,kier,4,0,9694,1230
2026-01-04,kribb,4,1,9694,1230
2026-01-04,krict,4,1,9694,1230
2026-01-04,단지_KTG중앙연구원,1,0,9694,1230
2026-01-04,단지_LG생활건강,1,0,9694,1230
2026-01-04,단지_연구단지네거리,6,0,9694,1230
2026-01-04,단지_연구단지운동장,8,0,9694,1230
2026-01-04,대조_충남대,150,25,9694,1230
2026-01-05,etri,4,0,11328,1350
2026-01-05,ibs,14,0,11328,1350
2026-01-05,kier,14,0,11328,1350
2026-01-05,kiom,1,0,11328,1350
2026-01-05,kribb,29,3,11328,1350
2026-01-05,krict,13,1,11328,1350
2026-01-05,단지_KTG중앙연구원,4,0,11328,1350
2026-01-05,단지_LG생활건강,2,0,11328,1350
2026-01-05,단지_연구단지네거리,7,3,11328,1350
2026-01-05,단지_연구단지운동장,15,3,11328,1350
2026-01-05,단지_한화솔루션,1,0,11328,1350
2026-01-05,대조_충남대,201,27,11328,1350
2026-01-06,etri,4,0,11692,1429
2026-01-06,ibs,13,0,11692,1429
2026-01-06,kier,7,0,11692,1429
2026-01-06,kiom,1,0,11692,1429
2026-01-06,kribb,26,1,11692,1429
2026-01-06,krict,8,0,11692,1429
2026-01-06,단지_KTG중앙연구원,5,0,11692,1429
2026-01-06,단지_LG생활건강,3,0,11692,1429
2026-01-06,단지_연구단지네거리,5,0,11692,1429
2026-01-06,단지_연구단지운동장,21,4,11692,1429
2026-01-06,단지_한화솔루션,3,1,11692,1429
2026-01-06,대조_충남대,211,17,11692,1429
2026-01-07,etri,3,0,11668,1389
2026-01-07,ibs,16,0,11668,1389
2026-01-07,kier,5,0,11668,1389
2026-01-07,kiom,1,1,11668,1389
2026-01-07,kribb,24,1,11668,1389
2026-01-07,krict,13,0,11668,1389
2026-01-07,단지_KTG중앙연구원,4,0,11668,1389
2026-01-07,단지_LG생활건강,4,0,11668,1389
2026-01-07,단지_연구단지네거리,9,3,11668,1389
2026-01-07,단지_연구단지운동장,11,1,11668,1389
2026-01-07,단지_한화솔루션,3,1,11668,1389
2026-01-07,대조_충남대,197,12,11668,1389
2026-01-08,etri,3,0,10608,1343
2026-01-08,ibs,12,0,10608,1343
2026-01-08,kier,5,0,10608,1343
2026-01-08,kribb,28,1,10608,1343
2026-01-08,krict,10,0,10608,1343
2026-01-08,단지_KTG중앙연구원,1,0,10608,1343
2026-01-08,단지_LG생활건강,2,0,10608,1343
2026-01-08,단지_연구단지네거리,6,0,10608,1343
2026-01-08,단지_연구단지운동장,11,1,10608,1343
2026-01-08,단지_한화솔루션,4,0,10608,1343
2026-01-08,대조_충남대,185,16,10608,1343
2026-01-09,etri,7,0,12696,1717
2026-01-09,ibs,12,3,12696,1717
2026-01-09,kier,8,1,12696,1717
2026-01-09,kribb,20,1,12696,1717
2026-01-09,krict,8,0,12696,1717
2026-01-09,단지_KTG중앙연구원,1,0,12696,1717
2026-01-09,단지_LG생활건강,1,0,12696,1717
2026-01-09,단지_연구단지네거리,6,0,12696,1717
2026-01-09,단지_연구단지운동장,13,0,12696,1717
2026-01-09,단지_한화솔루션,3,0,12696,1717
2026-01-09,대조_충남대,202,22,12696,1717
2026-01-10,ibs,5,0,6458,739
2026-01-10,kier,2,0,6458,739
2026-01-10,kribb,7,1,6458,739
2026-01-10,단지_KTG중앙연구원,1,0,6458,739
2026-01-10,단지_연구단지네거리,4,0,6458,739
2026-01-10,단지_연구단지운동장,8,0,6458,739
2026-01-10,단지_한화솔루션,2,0,6458,739
2026-01-10,대조_충남대,60,10,6458,739
2026-01-11,etri,1,0,5938,805
2026-01-11,ibs,6,0,5938,805
2026-01-11,kier,1,0,5938,805
2026-01-11,kribb,6,0,5938,805
2026-01-11,단지_KTG중앙연구원,2,1,5938,805
2026-01-11,단지_연구단지네거리,4,0,5938,805
2026-01-11,단지_연구단지운동장,4,0,5938,805
2026-01-11,단지_한화솔루션,2,0,5938,805
2026-01-11,대조_충남대,97,12,5938,805
2026-01-12,etri,1,0,9812,875
2026-01-12,ibs,12,0,9812,875
2026-01-12,kier,5,0,9812,875
2026-01-12,kribb,16,0,9812,875
2026-01-12,krict,3,0,9812,875
2026-01-12,단지_KTG중앙연구원,3,0,9812,875
2026-01-12,단지_LG생활건강,1,0,9812,875
2026-01-12,단지_연구단지네거리,3,0,9812,875
2026-01-12,단지_연구단지운동장,7,1,9812,875
2026-01-12,단지_한화솔루션,6,0,9812,875
2026-01-12,대조_충남대,187,16,9812,875
2026-01-13,etri,3,0,10742,1234
2026-01-13,ibs,11,4,10742,1234
2026-01-13,kasi,2,0,10742,1234
2026-01-13,kier,4,0,10742,1234
2026-01-13,kribb,18,1,10742,1234
2026-01-13,krict,8,0,10742,1234
2026-01-13,단지_KTG중앙연구원,1,0,10742,1234
2026-01-13,단지_LG생활건강,1,0,10742,1234
2026-01-13,단지_연구단지네거리,17,2,10742,1234
2026-01-13,단지_연구단지운동장,11,4,10742,1234
2026-01-13,단지_한화솔루션,1,0,10742,1234
2026-01-13,대조_충남대,165,10,10742,1234
2026-01-14,etri,6,0,11713,1597
2026-01-14,ibs,15,2,11713,1597
2026-01-14,kier,6,0,11713,1597
2026-01-14,kribb,23,2,11713,1597
2026-01-14,krict,5,0,11713,1597
2026-01-14,단지_KTG중앙연구원,1,0,11713,1597
2026-01-14,단지_LG생활건강,2,0,11713,1597
2026-01-14,단지_연구단지네거리,8,1,11713,1597
2026-01-14,단지_연구단지운동장,17,1,11713,1597
2026-01-14,단지_한화솔루션,1,0,11713,1597
2026-01-14,대조_충남대,165,17,11713,1597
2026-01-15,etri,2,0,13602,1720
2026-01-15,ibs,13,3,13602,1720
2026-01-15,kasi,2,0,13602,1720
2026-01-15,kier,13,3,13602,1720
2026-01-15,kiom,1,0,13602,1720
2026-01-15,kribb,23,1,13602,1720
2026-01-15,krict,9,0,13602,1720
2026-01-15,단지_KTG중앙연구원,1,0,13602,1720
2026-01-15,단지_LG생활건강,1,0,13602,1720
2026-01-15,단지_연구단지네거리,13,0,13602,1720
2026-01-15,단지_연구단지운동장,13,0,13602,1720
2026-01-15,단지_한화솔루션,4,1,13602,1720
2026-01-15,대조_충남대,187,22,13602,1720
2026-01-16,etri,3,0,13742,1720
2026-01-16,ibs,13,0,13742,1720
2026-01-16,kasi,8,1,13742,1720
2026-01-16,kier,7,0,13742,1720
2026-01-16,kribb,32,1,13742,1720
2026-01-16,krict,11,0,13742,1720
2026-01-16,단지_KTG중앙연구원,2,0,13742,1720
2026-01-16,단지_LG생활건강,3,0,13742,1720
2026-01-16,단지_연구단지네거리,4,0,13742,1720
2026-01-16,단지_연구단지운동장,25,1,13742,1720
2026-01-16,단지_한화솔루션,3,0,13742,1720
2026-01-16,대조_충남대,193,10,13742,1720
2026-01-17,ibs,8,1,11722,1563
2026-01-17,kasi,1,0,11722,1563
2026-01-17,kier,4,0,11722,1563
2026-01-17,kiom,1,0,11722,1563
2026-01-17,kribb,13,1,11722,1563
2026-01-17,krict,1,0,11722,1563
2026-01-17,단지_KTG중앙연구원,8,0,11722,1563
2026-01-17,단지_LG생활건강,2,0,11722,1563
2026-01-17,단지_연구단지네거리,6,2,11722,1563
2026-01-17,단지_연구단지운동장,14,0,11722,1563
2026-01-17,단지_한화솔루션,2,0,11722,1563
2026-01-17,대조_충남대,108,17,11722,1563
2026-01-18,etri,1,0,10502,1401
2026-01-18,ibs,6,3,10502,1401
2026-01-18,kasi,1,0,10502,1401
2026-01-18,kier,3,1,10502,1401
2026-01-18,kiom,2,0,10502,1401
2026-01-18,kribb,8,1,10502,1401
2026-01-18,krict,2,0,10502,1401
2026-01-18,단지_KTG중앙연구원,4,0,10502,1401
2026-01-18,단지_LG생활건강,1,0,10502,1401
2026-01-18,단지_연구단지네거리,5,0,10502,1401
2026-01-18,단지_연구단지운동장,19,2,10502,1401
2026-01-18,단지_한화솔루션,2,0,10502,1401
2026-01-18,대조_충남대,138,22,10502,1401
2026-01-19,etri,4,0,9399,1166
2026-01-19,ibs,6,1,9399,1166
2026-01-19,kasi,1,0,9399,1166
2026-01-19,kier,6,1,9399,1166
2026-01-19,kiom,2,0,9399,1166
2026-01-19,kribb,14,0,9399,1166
2026-01-19,krict,4,0,9399,1166
2026-01-19,단지_KTG중앙연구원,1,0,9399,1166
2026-01-19,단지_LG생활건강,4,1,9399,1166
2026-01-19,단지_연구단지네거리,5,1,9399,1166
2026-01-19,단지_연구단지운동장,13,3,9399,1166
2026-01-19,단지_한화솔루션,1,0,9399,1166
2026-01-19,대조_충남대,158,20,9399,1166
2026-01-20,etri,3,0,9483,1105
2026-01-20,ibs,9,0,9483,1105
2026-01-20,kier,7,1,9483,1105
2026-01-20,kiom,5,2,9483,1105
2026-01-20,kribb,26,3,9483,1105
2026-01-20,krict,3,0,9483,1105
2026-01-20,단지_LG생활건강,2,0,9483,1105
2026-01-20,단지_연구단지네거리,8,0,9483,1105
2026-01-20,단지_연구단지운동장,18,3,9483,1105
2026-01-20,단지_한화솔루션,4,0,9483,1105
2026-01-20,대조_충남대,144,9,9483,1105
2026-01-21,etri,4,1,8927,1163
2026-01-21,ibs,13,1,8927,1163
2026-01-21,kier,6,2,8927,1163
2026-01-21,kribb,20,1,8927,1163
2026-01-21,krict,2,0,8927,1163
2026-01-21,단지_KTG중앙연구원,1,0,8927,1163
2026-01-21,단지_LG생활건강,2,0,8927,1163
2026-01-21,단지_연구단지네거리,2,0,8927,1163
2026-01-21,단지_연구단지운동장,14,2,8927,1163
2026-01-21,단지_한화솔루션,1,0,8927,1163
2026-01-21,대조_충남대,140,16,8927,1163
2026-01-22,etri,3,0,8750,1158
2026-01-22,ibs,14,0,8750,1158
2026-01-22,kier,6,0,8750,1158
2026-01-22,kribb,16,2,8750,1158
2026-01-22,krict,5,0,8750,1158
2026-01-22,단지_KTG중앙연구원,1,0,8750,1158
2026-01-22,단지_LG생활건강,1,0,8750,1158
2026-01-22,단지_연구단지네거리,5,0,8750,1158
2026-01-22,단지_연구단지운동장,12,2,8750,1158
2026-01-22,단지_한화솔루션,2,0,8750,1158
2026-01-22,대조_충남대,182,19,8750,1158
2026-01-23,etri,3,0,10331,1336
2026-01-23,ibs,15,2,10331,1336
2026-01-23,kier,3,0,10331,1336
2026-01-23,kribb,11,0,10331,1336
2026-01-23,krict,6,0,10331,1336
2026-01-23,단지_KTG중앙연구원,1,0,10331,1336
2026-01-23,단지_LG생활건강,2,0,10331,1336
2026-01-23,단지_연구단지네거리,5,0,10331,1336
2026-01-23,단지_연구단지운동장,10,1,10331,1336
2026-01-23,대조_충남대,162,25,10331,1336
2026-01-24,ibs,8,0,6289,1006
2026-01-24,kier,2,0,6289,1006
2026-01-24,kribb,5,1,6289,1006
2026-01-24,단지_LG생활건강,1,0,6289,1006
2026-01-24,단지_연구단지네거리,5,1,6289,1006
2026-01-24,단지_연구단지운동장,5,0,6289,1006
2026-01-24,단지_한화솔루션,1,0,6289,1006
2026-01-24,대조_충남대,83,8,6289,1006
2026-01-25,etri,2,1,6941,966
2026-01-25,ibs,2,2,6941,966
2026-01-25,kier,1,0,6941,966
2026-01-25,kribb,11,0,6941,966
2026-01-25,단지_KTG중앙연구원,5,0,6941,966
2026-01-25,단지_LG생활건강,1,0,6941,966
2026-01-25,단지_연구단지네거리,4,1,6941,966
2026-01-25,단지_연구단지운동장,10,0,6941,966
2026-01-25,대조_충남대,83,12,6941,966
2026-01-26,etri,6,0,10284,1456
2026-01-26,ibs,8,0,10284,1456
2026-01-26,kier,4,0,10284,1456
2026-01-26,kiom,2,1,10284,1456
2026-01-26,kribb,15,0,10284,1456
2026-01-26,krict,5,0,10284,1456
2026-01-26,단지_KTG중앙연구원,5,0,10284,1456
2026-01-26,단지_LG생활건강,2,0,10284,1456
2026-01-26,단지_연구단지네거리,2,0,10284,1456
2026-01-26,단지_연구단지운동장,13,1,10284,1456
2026-01-26,단지_한화솔루션,2,1,10284,1456
2026-01-26,대조_충남대,161,23,10284,1456
2026-01-27,etri,5,0,11104,1368
2026-01-27,ibs,11,0,11104,1368
2026-01-27,kier,7,2,11104,1368
2026-01-27,kiom,1,1,11104,1368
2026-01-27,kribb,12,3,11104,1368
2026-01-27,krict,5,0,11104,1368
2026-01-27,단지_KTG중앙연구원,4,2,11104,1368
2026-01-27,단지_LG생활건강,3,0,11104,1368
2026-01-27,단지_연구단지네거리,5,0,11104,1368
2026-01-27,단지_연구단지운동장,11,1,11104,1368
2026-01-27,단지_한화솔루션,1,0,11104,1368
2026-01-27,대조_충남대,158,19,11104,1368
2026-01-28,etri,1,0,10633,1394
2026-01-28,ibs,19,2,10633,1394
2026-01-28,kier,5,0,10633,1394
2026-01-28,kiom,1,0,10633,1394
2026-01-28,kribb,28,3,10633,1394
2026-01-28,krict,3,0,10633,1394
2026-01-28,단지_KTG중앙연구원,2,0,10633,1394
2026-01-28,단지_LG생활건강,3,0,10633,1394
2026-01-28,단지_연구단지네거리,5,1,10633,1394
2026-01-28,단지_연구단지운동장,13,1,10633,1394
2026-01-28,단지_한화솔루션,3,0,10633,1394
2026-01-28,대조_충남대,150,21,10633,1394
2026-01-29,etri,5,0,11139,1364
2026-01-29,ibs,8,0,11139,1364
2026-01-29,kasi,1,0,11139,1364
2026-01-29,kier,16,3,11139,1364
2026-01-29,kiom,3,0,11139,1364
2026-01-29,kribb,20,1,11139,1364
2026-01-29,krict,6,0,11139,1364
2026-01-29,단지_KTG중앙연구원,1,0,11139,1364
2026-01-29,단지_LG생활건강,3,0,11139,1364
2026-01-29,단지_연구단지네거리,10,0,11139,1364
2026-01-29,단지_연구단지운동장,16,1,11139,1364
2026-01-29,단지_한화솔루션,2,1,11139,1364
2026-01-29,대조_충남대,172,15,11139,1364
2026-01-30,etri,3,0,11233,1389
2026-01-30,ibs,14,1,11233,1389
2026-01-30,kier,7,1,11233,1389
2026-01-30,kribb,21,2,11233,1389
2026-01-30,krict,8,1,11233,1389
2026-01-30,단지_KTG중앙연구원,1,0,11233,1389
2026-01-30,단지_LG생활건강,2,0,11233,1389
2026-01-30,단지_연구단지네거리,6,0,11233,1389
2026-01-30,단지_연구단지운동장,15,1,11233,1389
2026-01-30,단지_한화솔루션,1,0,11233,1389
2026-01-30,대조_충남대,153,12,11233,1389
2026-01-31,etri,1,0,9610,1335
2026-01-31,ibs,4,1,9610,1335
2026-01-31,kasi,1,0,9610,1335
2026-01-31,kier,4,0,9610,1335
2026-01-31,kiom,1,0,9610,1335
2026-01-31,kribb,6,1,9610,1335
2026-01-31,krict,4,1,9610,1335
2026-01-31,단지_연구단지네거리,5,1,9610,1335
2026-01-31,단지_연구단지운동장,7,0,9610,1335
2026-01-31,단지_한화솔루션,1,0,9610,1335
2026-01-31,대조_충남대,99,14,9610,1335
2026-02-01,etri,1,1,8722,1141
2026-02-01,ibs,11,0,8722,1141
2026-02-01,kasi,1,0,8722,1141
2026-02-01,kiom,5,1,8722,1141
2026-02-01,kribb,4,1,8722,1141
2026-02-01,단지_KTG중앙연구원,3,1,8722,1141
2026-02-01,단지_연구단지네거리,5,1,8722,1141
2026-02-01,단지_연구단지운동장,4,0,8722,1141
2026-02-01,단지_한화솔루션,2,0,8722,1141
2026-02-01,대조_충남대,90,12,8722,1141
2026-02-02,etri,2,0,7236,1139
2026-02-02,ibs,3,2,7236,1139
2026-02-02,kier,1,0,7236,1139
2026-02-02,kiom,1,0,7236,1139
2026-02-02,kribb,13,0,7236,1139
2026-02-02,krict,3,0,7236,1139
2026-02-02,단지_KTG중앙연구원,1,0,7236,1139
2026-02-02,단지_LG생활건강,1,0,7236,1139
2026-02-02,단지_연구단지네거리,2,0,7236,1139
2026-02-02,단지_연구단지운동장,6,3,7236,1139
2026-02-02,대조_충남대,112,13,7236,1139
2026-02-03,etri,2,1,11296,1456
2026-02-03,ibs,14,1,11296,1456
2026-02-03,kasi,1,1,11296,1456
2026-02-03,kier,4,0,11296,1456
2026-02-03,kribb,18,2,11296,1456
2026-02-03,krict,7,0,11296,1456
2026-02-03,단지_KTG중앙연구원,1,0,11296,1456
2026-02-03,단지_연구단지네거리,12,1,11296,1456
2026-02-03,단지_연구단지운동장,12,5,11296,1456
2026-02-03,단지_한화솔루션,2,0,11296,1456
2026-02-03,대조_충남대,179,21,11296,1456
2026-02-04,etri,1,0,12942,1566
2026-02-04,ibs,14,1,12942,1566
2026-02-04,kier,5,0,12942,1566
2026-02-04,kiom,2,0,12942,1566
2026-02-04,kribb,23,1,12942,1566
2026-02-04,krict,9,0,12942,1566
2026-02-04,단지_KTG중앙연구원,3,0,12942,1566
2026-02-04,단지_LG생활건강,1,0,12942,1566
2026-02-04,단지_연구단지네거리,9,0,12942,1566
2026-02-04,단지_연구단지운동장,13,3,12942,1566
2026-02-04,단지_한화솔루션,3,0,12942,1566
2026-02-04,대조_충남대,184,16,12942,1566
2026-02-05,etri,2,0,14729,1837
2026-02-05,ibs,14,1,14729,1837
2026-02-05,kasi,1,1,14729,1837
2026-02-05,kier,6,0,14729,1837
2026-02-05,kiom,1,0,14729,1837
2026-02-05,kribb,19,2,14729,1837
2026-02-05,krict,11,1,14729,1837
2026-02-05,단지_KTG중앙연구원,1,0,14729,1837
2026-02-05,단지_LG생활건강,3,0,14729,1837
2026-02-05,단지_연구단지네거리,8,1,14729,1837
2026-02-05,단지_연구단지운동장,16,4,14729,1837
2026-02-05,단지_한화솔루션,3,0,14729,1837
2026-02-05,대조_충남대,189,23,14729,1837
2026-02-06,etri,9,0,11783,1377
2026-02-06,ibs,9,1,11783,1377
2026-02-06,kier,5,0,11783,1377
2026-02-06,kribb,22,0,11783,1377
2026-02-06,krict,9,2,11783,1377
2026-02-06,단지_KTG중앙연구원,5,0,11783,1377
2026-02-06,단지_LG생활건강,3,1,11783,1377
2026-02-06,단지_연구단지네거리,10,0,11783,1377
2026-02-06,단지_연구단지운동장,17,1,11783,1377
2026-02-06,단지_한화솔루션,2,0,11783,1377
2026-02-06,대조_충남대,188,21,11783,1377
2026-02-07,etri,2,0,7966,929
2026-02-07,ibs,8,2,7966,929
2026-02-07,kier,2,0,7966,929
2026-02-07,kiom,1,0,7966,929
2026-02-07,kribb,4,0,7966,929
2026-02-07,krict,4,0,7966,929
2026-02-07,단지_KTG중앙연구원,3,0,7966,929
2026-02-07,단지_연구단지네거리,2,0,7966,929
2026-02-07,단지_연구단지운동장,15,5,7966,929
2026-02-07,단지_한화솔루션,1,0,7966,929
2026-02-07,대조_충남대,94,10,7966,929
2026-02-08,etri,2,0,6652,905
2026-02-08,ibs,3,1,6652,905
2026-02-08,kier,3,0,6652,905
2026-02-08,kribb,12,2,6652,905
2026-02-08,krict,2,0,6652,905
2026-02-08,단지_KTG중앙연구원,2,1,6652,905
2026-02-08,단지_연구단지네거리,8,3,6652,905
2026-02-08,단지_연구단지운동장,8,0,6652,905
2026-02-08,단지_한화솔루션,1,0,6652,905
2026-02-08,대조_충남대,81,19,6652,905
2026-02-09,etri,7,0,12279,1517
2026-02-09,ibs,14,2,12279,1517
2026-02-09,kasi,1,0,12279,1517
2026-02-09,kier,14,1,12279,1517
2026-02-09,kiom,1,1,12279,1517
2026-02-09,kribb,18,1,12279,1517
2026-02-09,krict,6,0,12279,1517
2026-02-09,단지_KTG중앙연구원,2,0,12279,1517
2026-02-09,단지_LG생활건강,2,0,12279,1517
2026-02-09,단지_연구단지네거리,4,0,12279,1517
2026-02-09,단지_연구단지운동장,17,1,12279,1517
2026-02-09,단지_한화솔루션,4,0,12279,1517
2026-02-09,대조_충남대,186,27,12279,1517
2026-02-10,etri,5,0,11628,1521
2026-02-10,ibs,19,2,11628,1521
2026-02-10,kasi,1,0,11628,1521
2026-02-10,kier,18,0,11628,1521
2026-02-10,kiom,1,0,11628,1521
2026-02-10,kribb,26,2,11628,1521
2026-02-10,krict,8,0,11628,1521
2026-02-10,단지_연구단지네거리,7,1,11628,1521
2026-02-10,단지_연구단지운동장,16,3,11628,1521
2026-02-10,단지_한화솔루션,2,0,11628,1521
2026-02-10,대조_충남대,197,16,11628,1521
2026-02-11,etri,8,0,13930,1843
2026-02-11,ibs,15,2,13930,1843
2026-02-11,kasi,3,0,13930,1843
2026-02-11,kier,12,1,13930,1843
2026-02-11,kiom,2,0,13930,1843
2026-02-11,kribb,20,1,13930,1843
2026-02-11,krict,9,0,13930,1843
2026-02-11,단지_KTG중앙연구원,3,0,13930,1843
2026-02-11,단지_LG생활건강,2,0,13930,1843
2026-02-11,단지_연구단지네거리,4,0,13930,1843
2026-02-11,단지_연구단지운동장,24,2,13930,1843
2026-02-11,단지_한화솔루션,1,0,13930,1843
2026-02-11,대조_충남대,198,19,13930,1843
2026-02-12,etri,14,1,14993,1946
2026-02-12,ibs,18,4,14993,1946
2026-02-12,kasi,1,0,14993,1946
2026-02-12,kier,12,0,14993,1946
2026-02-12,kiom,5,1,14993,1946
2026-02-12,kribb,21,1,14993,1946
2026-02-12,krict,8,0,14993,1946
2026-02-12,단지_KTG중앙연구원,4,1,14993,1946
2026-02-12,단지_LG생활건강,1,0,14993,1946
2026-02-12,단지_연구단지네거리,12,1,14993,1946
2026-02-12,단지_연구단지운동장,21,2,14993,1946
2026-02-12,단지_한화솔루션,3,0,14993,1946
2026-02-12,대조_충남대,243,16,14993,1946
2026-02-13,etri,5,0,16296,1948
2026-02-13,ibs,11,1,16296,1948
2026-02-13,kasi,2,0,16296,1948
2026-02-13,kier,7,0,16296,1948
2026-02-13,kiom,5,2,16296,1948
2026-02-13,kribb,21,0,16296,1948
2026-02-13,krict,12,0,16296,1948
2026-02-13,단지_KTG중앙연구원,3,1,16296,1948
2026-02-13,단지_LG생활건강,4,0,16296,1948
2026-02-13,단지_연구단지네거리,10,0,16296,1948
2026-02-13,단지_연구단지운동장,20,3,16296,1948
2026-02-13,단지_한화솔루션,8,0,16296,1948
2026-02-13,대조_충남대,220,23,16296,1948
2026-02-14,etri,2,0,13926,1856
2026-02-14,ibs,9,2,13926,1856
2026-02-14,kier,2,0,13926,1856
2026-02-14,kiom,1,0,13926,1856
2026-02-14,kribb,7,0,13926,1856
2026-02-14,krict,3,0,13926,1856
2026-02-14,단지_LG생활건강,2,0,13926,1856
2026-02-14,단지_연구단지네거리,8,0,13926,1856
2026-02-14,단지_연구단지운동장,23,2,13926,1856
2026-02-14,단지_한화솔루션,3,0,13926,1856
2026-02-14,대조_충남대,129,23,13926,1856
2026-02-15,ibs,5,0,11289,1378
2026-02-15,kier,2,0,11289,1378
2026-02-15,kribb,2,0,11289,1378
2026-02-15,단지_KTG중앙연구원,2,1,11289,1378
2026-02-15,단지_LG생활건강,1,0,11289,1378
2026-02-15,단지_연구단지네거리,13,1,11289,1378
2026-02-15,단지_연구단지운동장,8,1,11289,1378
2026-02-15,단지_한화솔루션,1,0,11289,1378
2026-02-15,대조_충남대,103,13,11289,1378
2026-02-16,etri,1,0,8683,985
2026-02-16,ibs,3,1,8683,985
2026-02-16,kribb,6,0,8683,985
2026-02-16,단지_KTG중앙연구원,1,0,8683,985
2026-02-16,단지_LG생활건강,1,0,8683,985
2026-02-16,단지_연구단지네거리,3,1,8683,985
2026-02-16,단지_연구단지운동장,3,0,8683,985
2026-02-16,단지_한화솔루션,2,0,8683,985
2026-02-16,대조_충남대,71,6,8683,985
2026-02-17,etri,1,1,7368,1080
2026-02-17,ibs,3,1,7368,1080
2026-02-17,kier,3,0,7368,1080
2026-02-17,kribb,3,0,7368,1080
2026-02-17,krict,1,0,7368,1080
2026-02-17,단지_KTG중앙연구원,3,1,7368,1080
2026-02-17,단지_연구단지네거리,3,0,7368,1080
2026-02-17,단지_연구단지운동장,7,0,7368,1080
2026-02-17,단지_한화솔루션,8,0,7368,1080
2026-02-17,대조_충남대,76,16,7368,1080
2026-02-18,etri,1,0,11072,1397
2026-02-18,ibs,5,2,11072,1397
2026-02-18,kiom,1,0,11072,1397
2026-02-18,kribb,10,2,11072,1397
2026-02-18,krict,3,0,11072,1397
2026-02-18,단지_KTG중앙연구원,3,0,11072,1397
2026-02-18,단지_연구단지네거리,4,1,11072,1397
2026-02-18,단지_연구단지운동장,11,1,11072,1397
2026-02-18,단지_한화솔루션,3,0,11072,1397
2026-02-18,대조_충남대,145,22,11072,1397
2026-02-19,etri,4,0,15357,1886
2026-02-19,ibs,14,1,15357,1886
2026-02-19,kasi,1,0,15357,1886
2026-02-19,kier,9,0,15357,1886
2026-02-19,kiom,5,2,15357,1886
2026-02-19,kribb,24,2,15357,1886
2026-02-19,krict,6,0,15357,1886
2026-02-19,단지_KTG중앙연구원,6,1,15357,1886
2026-02-19,단지_LG생활건강,2,0,15357,1886
2026-02-19,단지_연구단지네거리,12,6,15357,1886
2026-02-19,단지_연구단지운동장,19,1,15357,1886
2026-02-19,단지_한화솔루션,3,0,15357,1886
2026-02-19,대조_충남대,248,25,15357,1886
2026-02-20,etri,5,0,17915,2252
2026-02-20,ibs,18,1,17915,2252
2026-02-20,kasi,1,0,17915,2252
2026-02-20,kier,8,0,17915,2252
2026-02-20,kiom,2,1,17915,2252
2026-02-20,kribb,18,2,17915,2252
2026-02-20,krict,9,0,17915,2252
2026-02-20,단지_KTG중앙연구원,2,0,17915,2252
2026-02-20,단지_LG생활건강,5,0,17915,2252
2026-02-20,단지_연구단지네거리,11,1,17915,2252
2026-02-20,단지_연구단지운동장,21,2,17915,2252
2026-02-20,단지_한화솔루션,1,0,17915,2252
2026-02-20,대조_충남대,243,27,17915,2252
2026-02-21,etri,1,0,19834,2555
2026-02-21,ibs,25,3,19834,2555
2026-02-21,kier,3,1,19834,2555
2026-02-21,kribb,12,0,19834,2555
2026-02-21,krict,2,1,19834,2555
2026-02-21,단지_KTG중앙연구원,6,0,19834,2555
2026-02-21,단지_LG생활건강,4,1,19834,2555
2026-02-21,단지_연구단지네거리,15,2,19834,2555
2026-02-21,단지_연구단지운동장,16,0,19834,2555
2026-02-21,단지_한화솔루션,4,0,19834,2555
2026-02-21,대조_충남대,232,16,19834,2555
2026-02-22,etri,3,1,12793,1423
2026-02-22,ibs,8,1,12793,1423
2026-02-22,kier,11,0,12793,1423
2026-02-22,kribb,13,2,12793,1423
2026-02-22,krict,3,0,12793,1423
2026-02-22,단지_KTG중앙연구원,2,0,12793,1423
2026-02-22,단지_연구단지네거리,8,0,12793,1423
2026-02-22,단지_연구단지운동장,14,0,12793,1423
2026-02-22,단지_한화솔루션,9,0,12793,1423
2026-02-22,대조_충남대,150,24,12793,1423
2026-02-23,etri,6,0,15892,1972
2026-02-23,ibs,12,1,15892,1972
2026-02-23,kasi,1,0,15892,1972
2026-02-23,kier,8,0,15892,1972
2026-02-23,kribb,20,3,15892,1972
2026-02-23,krict,6,0,15892,1972
2026-02-23,단지_KTG중앙연구원,1,0,15892,1972
2026-02-23,단지_LG생활건강,2,0,15892,1972
2026-02-23,단지_연구단지네거리,16,2,15892,1972
2026-02-23,단지_연구단지운동장,21,2,15892,1972
2026-02-23,단지_한화솔루션,2,0,15892,1972
2026-02-23,대조_충남대,245,23,15892,1972
2026-02-24,etri,1,0,5891,1044
2026-02-24,ibs,4,2,5891,1044
2026-02-24,kier,7,2,5891,1044
2026-02-24,kribb,13,3,5891,1044
2026-02-24,krict,5,0,5891,1044
2026-02-24,단지_KTG중앙연구원,1,0,5891,1044
2026-02-24,단지_연구단지네거리,2,0,5891,1044
2026-02-24,단지_연구단지운동장,4,2,5891,1044
2026-02-24,단지_한화솔루션,1,0,5891,1044
2026-02-24,대조_충남대,65,16,5891,1044
2026-02-25,etri,6,1,16247,2189
2026-02-25,ibs,24,1,16247,2189
2026-02-25,kasi,3,0,16247,2189
2026-02-25,kier,18,5,16247,2189
2026-02-25,kiom,3,0,16247,2189
2026-02-25,kribb,28,2,16247,2189
2026-02-25,krict,9,0,16247,2189
2026-02-25,단지_KTG중앙연구원,7,2,16247,2189
2026-02-25,단지_LG생활건강,1,0,16247,2189
2026-02-25,단지_연구단지네거리,14,4,16247,2189
2026-02-25,단지_연구단지운동장,19,2,16247,2189
2026-02-25,단지_한화솔루션,1,0,16247,2189
2026-02-25,대조_충남대,251,28,16247,2189
2026-02-26,etri,6,0,17854,2349
2026-02-26,ibs,18,2,17854,2349
2026-02-26,kier,17,2,17854,2349
2026-02-26,kiom,2,0,17854,2349
2026-02-26,kribb,26,3,17854,2349
2026-02-26,krict,9,0,17854,2349
2026-02-26,단지_KTG중앙연구원,5,0,17854,2349
2026-02-26,단지_LG생활건강,2,0,17854,2349
2026-02-26,단지_연구단지네거리,18,1,17854,2349
2026-02-26,단지_연구단지운동장,23,2,17854,2349
2026-02-26,단지_한화솔루션,1,0,17854,2349
2026-02-26,대조_충남대,274,38,17854,2349
2026-02-27,etri,7,0,18951,2451
2026-02-27,ibs,24,3,18951,2451
2026-02-27,kier,9,0,18951,2451
2026-02-27,kribb,27,1,18951,2451
2026-02-27,krict,5,0,18951,2451
2026-02-27,단지_KTG중앙연구원,2,2,18951,2451
2026-02-27,단지_연구단지네거리,22,2,18951,2451
2026-02-27,단지_연구단지운동장,25,7,18951,2451
2026-02-27,단지_한화솔루션,7,1,18951,2451
2026-02-27,대조_충남대,270,27,18951,2451
2026-02-28,ibs,13,2,18795,2209
2026-02-28,kier,3,0,18795,2209
2026-02-28,kiom,3,1,18795,2209
2026-02-28,kribb,10,0,18795,2209
2026-02-28,krict,6,0,18795,2209
2026-02-28,단지_KTG중앙연구원,3,0,18795,2209
2026-02-28,단지_LG생활건강,2,0,18795,2209
2026-02-28,단지_연구단지네거리,18,4,18795,2209
2026-02-28,단지_연구단지운동장,15,0,18795,2209
2026-02-28,단지_한화솔루션,9,0,18795,2209
2026-02-28,대조_충남대,234,27,18795,2209
2026-03-01,etri,6,0,17245,1954
2026-03-01,ibs,13,1,17245,1954
2026-03-01,kasi,2,0,17245,1954
2026-03-01,kier,7,1,17245,1954
2026-03-01,kiom,1,0,17245,1954
2026-03-01,kribb,17,1,17245,1954
2026-03-01,krict,2,0,17245,1954
2026-03-01,단지_KTG중앙연구원,3,0,17245,1954
2026-03-01,단지_연구단지네거리,7,1,17245,1954
2026-03-01,단지_연구단지운동장,12,1,17245,1954
2026-03-01,단지_한화솔루션,5,0,17245,1954
2026-03-01,대조_충남대,242,34,17245,1954
2026-03-02,krict,1,0,1555,175
2026-03-02,단지_LG생활건강,1,0,1555,175
2026-03-02,단지_연구단지네거리,2,1,1555,175
2026-03-02,대조_충남대,26,5,1555,175
2026-03-03,etri,2,1,18238,2220
2026-03-03,ibs,20,3,18238,2220
2026-03-03,kasi,3,1,18238,2220
2026-03-03,kier,12,0,18238,2220
2026-03-03,kribb,30,3,18238,2220
2026-03-03,krict,16,0,18238,2220
2026-03-03,단지_KTG중앙연구원,5,0,18238,2220
2026-03-03,단지_LG생활건강,1,0,18238,2220
2026-03-03,단지_연구단지네거리,12,1,18238,2220
2026-03-03,단지_연구단지운동장,29,3,18238,2220
2026-03-03,단지_한화솔루션,3,0,18238,2220
2026-03-03,대조_충남대,440,41,18238,2220
2026-03-04,etri,5,0,20038,2292
2026-03-04,ibs,17,2,20038,2292
2026-03-04,kasi,2,0,20038,2292
2026-03-04,kier,17,1,20038,2292
2026-03-04,kribb,36,3,20038,2292
2026-03-04,krict,10,1,20038,2292
2026-03-04,단지_KTG중앙연구원,3,0,20038,2292
2026-03-04,단지_LG생활건강,1,0,20038,2292
2026-03-04,단지_연구단지네거리,19,4,20038,2292
2026-03-04,단지_연구단지운동장,34,2,20038,2292
2026-03-04,단지_한화솔루션,3,0,20038,2292
2026-03-04,대조_충남대,515,51,20038,2292
2026-03-05,etri,8,0,15115,288
2026-03-05,ibs,11,1,15115,288
2026-03-05,kier,18,0,15115,288
2026-03-05,kiom,3,0,15115,288
2026-03-05,kribb,24,0,15115,288
2026-03-05,krict,10,0,15115,288
2026-03-05,단지_KTG중앙연구원,6,0,15115,288
2026-03-05,단지_LG생활건강,2,0,15115,288
2026-03-05,단지_연구단지네거리,6,0,15115,288
2026-03-05,단지_연구단지운동장,21,0,15115,288
2026-03-05,단지_한화솔루션,2,0,15115,288
2026-03-05,대조_충남대,359,4,15115,288
2026-03-06,etri,9,0,15127,1863
2026-03-06,ibs,16,2,15127,1863
2026-03-06,kasi,4,0,15127,1863
2026-03-06,kier,13,1,15127,1863
2026-03-06,kiom,1,0,15127,1863
2026-03-06,kribb,25,2,15127,1863
2026-03-06,krict,11,0,15127,1863
2026-03-06,단지_KTG중앙연구원,3,0,15127,1863
2026-03-06,단지_LG생활건강,2,0,15127,1863
2026-03-06,단지_연구단지네거리,7,1,15127,1863
2026-03-06,단지_연구단지운동장,19,0,15127,1863
2026-03-06,단지_한화솔루션,8,1,15127,1863
2026-03-06,대조_충남대,290,20,15127,1863
2026-03-07,ibs,16,2,16375,1837
2026-03-07,kier,8,0,16375,1837
2026-03-07,kribb,20,0,16375,1837
2026-03-07,krict,3,1,16375,1837
2026-03-07,단지_KTG중앙연구원,11,0,16375,1837
2026-03-07,단지_연구단지네거리,11,3,16375,1837
2026-03-07,단지_연구단지운동장,19,3,16375,1837
2026-03-07,단지_한화솔루션,2,0,16375,1837
2026-03-07,대조_충남대,224,24,16375,1837
2026-03-08,ibs,16,3,15679,1633
2026-03-08,kier,1,0,15679,1633
2026-03-08,kiom,3,1,15679,1633
2026-03-08,kribb,12,2,15679,1633
2026-03-08,krict,1,0,15679,1633
2026-03-08,단지_KTG중앙연구원,3,0,15679,1633
2026-03-08,단지_연구단지네거리,8,1,15679,1633
2026-03-08,단지_연구단지운동장,18,0,15679,1633
2026-03-08,대조_충남대,234,31,15679,1633
2026-03-09,etri,3,0,17443,2055
2026-03-09,ibs,16,0,17443,2055
2026-03-09,kasi,2,0,17443,2055
2026-03-09,kier,10,0,17443,2055
2026-03-09,kiom,4,1,17443,2055
2026-03-09,kribb,24,2,17443,2055
2026-03-09,krict,7,0,17443,2055
2026-03-09,단지_KTG중앙연구원,5,0,17443,2055
2026-03-09,단지_LG생활건강,6,0,17443,2055
2026-03-09,단지_연구단지네거리,11,2,17443,2055
2026-03-09,단지_연구단지운동장,22,4,17443,2055
2026-03-09,단지_한화솔루션,1,0,17443,2055
2026-03-09,대조_충남대,448,26,17443,2055
2026-03-10,etri,2,0,19801,2290
2026-03-10,ibs,33,8,19801,2290
2026-03-10,kasi,5,0,19801,2290
2026-03-10,kier,5,0,19801,2290
2026-03-10,kiom,3,0,19801,2290
2026-03-10,kribb,35,2,19801,2290
2026-03-10,krict,12,0,19801,2290
2026-03-10,단지_KTG중앙연구원,4,1,19801,2290
2026-03-10,단지_LG생활건강,1,0,19801,2290
2026-03-10,단지_연구단지네거리,9,2,19801,2290
2026-03-10,단지_연구단지운동장,21,3,19801,2290
2026-03-10,단지_한화솔루션,3,0,19801,2290
2026-03-10,대조_충남대,414,31,19801,2290
2026-03-11,etri,8,0,21535,2369
2026-03-11,ibs,21,1,21535,2369
2026-03-11,kasi,6,0,21535,2369
2026-03-11,kier,12,0,21535,2369
2026-03-11,kiom,1,0,21535,2369
2026-03-11,kribb,33,2,21535,2369
2026-03-11,krict,16,2,21535,2369
2026-03-11,단지_KTG중앙연구원,12,0,21535,2369
2026-03-11,단지_LG생활건강,3,0,21535,2369
2026-03-11,단지_연구단지네거리,8,1,21535,2369
2026-03-11,단지_연구단지운동장,25,1,21535,2369
2026-03-11,단지_한화솔루션,5,1,21535,2369
2026-03-11,대조_충남대,519,35,21535,2369
2026-03-12,etri,6,0,21685,2360
2026-03-12,ibs,23,1,21685,2360
2026-03-12,kasi,6,1,21685,2360
2026-03-12,kier,23,1,21685,2360
2026-03-12,kiom,2,0,21685,2360
2026-03-12,kribb,24,1,21685,2360
2026-03-12,krict,9,0,21685,2360
2026-03-12,단지_KTG중앙연구원,4,0,21685,2360
2026-03-12,단지_LG생활건강,1,0,21685,2360
2026-03-12,단지_연구단지네거리,10,3,21685,2360
2026-03-12,단지_연구단지운동장,24,2,21685,2360
2026-03-12,단지_한화솔루션,4,0,21685,2360
2026-03-12,대조_충남대,476,27,21685,2360
2026-03-13,etri,16,0,24020,2592
2026-03-13,ibs,28,2,24020,2592
2026-03-13,kasi,4,0,24020,2592
2026-03-13,kier,13,0,24020,2592
2026-03-13,kiom,4,0,24020,2592
2026-03-13,kribb,28,2,24020,2592
2026-03-13,krict,12,0,24020,2592
2026-03-13,단지_KTG중앙연구원,1,0,24020,2592
2026-03-13,단지_LG생활건강,2,0,24020,2592
2026-03-13,단지_연구단지네거리,13,1,24020,2592
2026-03-13,단지_연구단지운동장,24,1,24020,2592
2026-03-13,단지_한화솔루션,5,0,24020,2592
2026-03-13,대조_충남대,412,25,24020,2592
2026-03-14,etri,2,1,21713,2458
2026-03-14,ibs,6,1,21713,2458
2026-03-14,kasi,2,0,21713,2458
2026-03-14,kier,6,0,21713,2458
2026-03-14,kiom,1,0,21713,2458
2026-03-14,kribb,9,0,21713,2458
2026-03-14,krict,2,0,21713,2458
2026-03-14,단지_KTG중앙연구원,8,1,21713,2458
2026-03-14,단지_연구단지네거리,5,0,21713,2458
2026-03-14,단지_연구단지운동장,12,3,21713,2458
2026-03-14,단지_한화솔루션,2,1,21713,2458
2026-03-14,대조_충남대,244,33,21713,2458
2026-03-15,etri,6,1,15871,1892
2026-03-15,ibs,10,2,15871,1892
2026-03-15,kier,1,0,15871,1892
2026-03-15,kiom,3,0,15871,1892
2026-03-15,kribb,10,2,15871,1892
2026-03-15,krict,2,0,15871,1892
2026-03-15,단지_KTG중앙연구원,3,0,15871,1892
2026-03-15,단지_연구단지네거리,16,3,15871,1892
2026-03-15,단지_연구단지운동장,17,1,15871,1892
2026-03-15,단지_한화솔루션,5,0,15871,1892
2026-03-15,대조_충남대,245,27,15871,1892
2026-03-16,etri,5,0,22423,2595
2026-03-16,ibs,18,1,22423,2595
2026-03-16,kasi,9,0,22423,2595
2026-03-16,kier,12,1,22423,2595
2026-03-16,kiom,6,1,22423,2595
2026-03-16,kribb,35,2,22423,2595
2026-03-16,krict,8,0,22423,2595
2026-03-16,단지_KTG중앙연구원,13,0,22423,2595
2026-03-16,단지_LG생활건강,6,0,22423,2595
2026-03-16,단지_연구단지네거리,11,4,22423,2595
2026-03-16,단지_연구단지운동장,35,2,22423,2595
2026-03-16,단지_한화솔루션,4,0,22423,2595
2026-03-16,대조_충남대,561,37,22423,2595
2026-03-17,etri,8,0,24405,2877
2026-03-17,ibs,19,0,24405,2877
2026-03-17,kasi,3,0,24405,2877
2026-03-17,kier,15,5,24405,2877
2026-03-17,kiom,4,0,24405,2877
2026-03-17,kribb,41,1,24405,2877
2026-03-17,krict,9,1,24405,2877
2026-03-17,단지_KTG중앙연구원,2,0,24405,2877
2026-03-17,단지_LG생활건강,3,0,24405,2877
2026-03-17,단지_연구단지네거리,10,1,24405,2877
2026-03-17,단지_연구단지운동장,31,2,24405,2877
2026-03-17,단지_한화솔루션,2,0,24405,2877
2026-03-17,대조_충남대,603,67,24405,2877
2026-03-18,etri,1,0,8571,2075
2026-03-18,ibs,2,0,8571,2075
2026-03-18,kier,3,1,8571,2075
2026-03-18,kribb,8,2,8571,2075
2026-03-18,krict,2,0,8571,2075
2026-03-18,단지_연구단지네거리,4,1,8571,2075
2026-03-18,단지_연구단지운동장,10,3,8571,2075
2026-03-18,대조_충남대,145,29,8571,2075
2026-03-19,etri,7,0,22790,2561
2026-03-19,ibs,15,1,22790,2561
2026-03-19,kasi,5,0,22790,2561
2026-03-19,kier,12,1,22790,2561
2026-03-19,kiom,1,0,22790,2561
2026-03-19,kribb,17,0,22790,2561
2026-03-19,krict,21,0,22790,2561
2026-03-19,단지_KTG중앙연구원,8,0,22790,2561
2026-03-19,단지_LG생활건강,1,0,22790,2561
2026-03-19,단지_연구단지네거리,17,2,22790,2561
2026-03-19,단지_연구단지운동장,20,0,22790,2561
2026-03-19,단지_한화솔루션,2,0,22790,2561
2026-03-19,대조_충남대,540,28,22790,2561
2026-03-20,etri,11,0,24763,2870
2026-03-20,ibs,25,1,24763,2870
2026-03-20,kasi,7,0,24763,2870
2026-03-20,kier,13,3,24763,2870
2026-03-20,kiom,4,0,24763,2870
2026-03-20,kribb,23,0,24763,2870
2026-03-20,krict,12,0,24763,2870
2026-03-20,단지_KTG중앙연구원,8,0,24763,2870
2026-03-20,단지_LG생활건강,3,0,24763,2870
2026-03-20,단지_연구단지네거리,15,2,24763,2870
2026-03-20,단지_연구단지운동장,23,1,24763,2870
2026-03-20,단지_한화솔루션,7,0,24763,2870
2026-03-20,대조_충남대,479,34,24763,2870
2026-03-21,etri,2,0,24775,2714
2026-03-21,ibs,25,0,24775,2714
2026-03-21,kier,4,0,24775,2714
2026-03-21,kiom,2,0,24775,2714
2026-03-21,kribb,14,3,24775,2714
2026-03-21,krict,4,0,24775,2714
2026-03-21,단지_KTG중앙연구원,9,0,24775,2714
2026-03-21,단지_연구단지네거리,15,0,24775,2714
2026-03-21,단지_연구단지운동장,22,6,24775,2714
2026-03-21,단지_한화솔루션,2,0,24775,2714
2026-03-21,대조_충남대,372,50,24775,2714
2026-03-22,etri,1,0,23333,2426
2026-03-22,ibs,16,3,23333,2426
2026-03-22,kier,2,1,23333,2426
2026-03-22,kiom,1,0,23333,2426
2026-03-22,kribb,13,0,23333,2426
2026-03-22,krict,5,1,23333,2426
2026-03-22,단지_KTG중앙연구원,5,0,23333,2426
2026-03-22,단지_연구단지네거리,16,2,23333,2426
2026-03-22,단지_연구단지운동장,30,2,23333,2426
2026-03-22,단지_한화솔루션,7,0,23333,2426
2026-03-22,대조_충남대,359,58,23333,2426
2026-03-23,etri,7,1,25183,2483
2026-03-23,ibs,23,1,25183,2483
2026-03-23,kier,13,0,25183,2483
2026-03-23,kiom,1,0,25183,2483
2026-03-23,kribb,34,1,25183,2483
2026-03-23,krict,17,1,25183,2483
2026-03-23,단지_KTG중앙연구원,5,0,25183,2483
2026-03-23,단지_LG생활건강,4,0,25183,2483
2026-03-23,단지_연구단지네거리,8,2,25183,2483
2026-03-23,단지_연구단지운동장,19,0,25183,2483
2026-03-23,단지_한화솔루션,7,0,25183,2483
2026-03-23,대조_충남대,598,37,25183,2483
2026-03-24,etri,6,0,26072,3250
2026-03-24,ibs,22,1,26072,3250
2026-03-24,kasi,3,0,26072,3250
2026-03-24,kier,14,2,26072,3250
2026-03-24,kiom,1,0,26072,3250
2026-03-24,kribb,27,3,26072,3250
2026-03-24,krict,25,1,26072,3250
2026-03-24,단지_KTG중앙연구원,9,0,26072,3250
2026-03-24,단지_LG생활건강,8,0,26072,3250
2026-03-24,단지_연구단지네거리,13,4,26072,3250
2026-03-24,단지_연구단지운동장,29,1,26072,3250
2026-03-24,단지_한화솔루션,13,0,26072,3250
2026-03-24,대조_충남대,635,53,26072,3250
2026-03-25,etri,12,0,27897,3341
2026-03-25,ibs,26,2,27897,3341
2026-03-25,kasi,4,0,27897,3341
2026-03-25,kier,18,2,27897,3341
2026-03-25,kiom,2,0,27897,3341
2026-03-25,kribb,31,1,27897,3341
2026-03-25,krict,18,0,27897,3341
2026-03-25,단지_KTG중앙연구원,6,0,27897,3341
2026-03-25,단지_LG생활건강,4,0,27897,3341
2026-03-25,단지_연구단지네거리,13,0,27897,3341
2026-03-25,단지_연구단지운동장,31,4,27897,3341
2026-03-25,단지_한화솔루션,7,0,27897,3341
2026-03-25,대조_충남대,659,60,27897,3341
2026-03-26,etri,15,0,28470,3372
2026-03-26,ibs,27,2,28470,3372
2026-03-26,kasi,2,0,28470,3372
2026-03-26,kier,17,0,28470,3372
2026-03-26,kiom,1,0,28470,3372
2026-03-26,kribb,33,2,28470,3372
2026-03-26,krict,13,0,28470,3372
2026-03-26,단지_KTG중앙연구원,12,0,28470,3372
2026-03-26,단지_LG생활건강,3,0,28470,3372
2026-03-26,단지_연구단지네거리,20,2,28470,3372
2026-03-26,단지_연구단지운동장,28,2,28470,3372
2026-03-26,단지_한화솔루션,6,0,28470,3372
2026-03-26,대조_충남대,620,42,28470,3372
2026-03-27,etri,17,0,29405,3450
2026-03-27,ibs,26,2,29405,3450
2026-03-27,kasi,7,0,29405,3450
2026-03-27,kier,12,0,29405,3450
2026-03-27,kiom,1,0,29405,3450
2026-03-27,kribb,31,0,29405,3450
2026-03-27,krict,17,0,29405,3450
2026-03-27,단지_KTG중앙연구원,8,1,29405,3450
2026-03-27,단지_LG생활건강,9,0,29405,3450
2026-03-27,단지_연구단지네거리,16,5,29405,3450
2026-03-27,단지_연구단지운동장,39,4,29405,3450
2026-03-27,단지_한화솔루션,11,0,29405,3450
2026-03-27,대조_충남대,543,53,29405,3450
2026-03-28,etri,4,0,28731,3496
2026-03-28,ibs,19,1,28731,3496
2026-03-28,kasi,1,0,28731,3496
2026-03-28,kier,2,0,28731,3496
2026-03-28,kribb,19,1,28731,3496
2026-03-28,krict,8,0,28731,3496
2026-03-28,단지_KTG중앙연구원,5,0,28731,3496
2026-03-28,단지_LG생활건강,5,0,28731,3496
2026-03-28,단지_연구단지네거리,21,0,28731,3496
2026-03-28,단지_연구단지운동장,34,1,28731,3496
2026-03-28,단지_한화솔루션,1,0,28731,3496
2026-03-28,대조_충남대,379,49,28731,3496
2026-03-29,etri,5,1,27897,3004
2026-03-29,ibs,25,2,27897,3004
2026-03-29,kier,11,1,27897,3004
2026-03-29,kiom,2,0,27897,3004
2026-03-29,kribb,22,2,27897,3004
2026-03-29,krict,6,0,27897,3004
2026-03-29,단지_KTG중앙연구원,8,0,27897,3004
2026-03-29,단지_LG생활건강,2,0,27897,3004
2026-03-29,단지_연구단지네거리,23,4,27897,3004
2026-03-29,단지_연구단지운동장,35,2,27897,3004
2026-03-29,단지_한화솔루션,4,0,27897,3004
2026-03-29,대조_충남대,453,81,27897,3004
2026-03-30,etri,4,0,15001,172
2026-03-30,ibs,14,2,15001,172
2026-03-30,kasi,4,0,15001,172
2026-03-30,kier,4,0,15001,172
2026-03-30,kiom,4,0,15001,172
2026-03-30,kribb,9,0,15001,172
2026-03-30,krict,7,0,15001,172
2026-03-30,단지_KTG중앙연구원,6,0,15001,172
2026-03-30,단지_LG생활건강,5,0,15001,172
2026-03-30,단지_연구단지네거리,6,0,15001,172
2026-03-30,단지_연구단지운동장,18,0,15001,172
2026-03-30,단지_한화솔루션,4,0,15001,172
2026-03-30,대조_충남대,445,1,15001,172
2026-03-31,etri,14,0,27172,3882
2026-03-31,ibs,39,3,27172,3882
2026-03-31,kasi,5,1,27172,3882
2026-03-31,kier,41,1,27172,3882
2026-03-31,kiom,3,0,27172,3882
2026-03-31,kribb,72,1,27172,3882
2026-03-31,krict,18,1,27172,3882
2026-03-31,단지_KTG중앙연구원,9,1,27172,3882
2026-03-31,단지_LG생활건강,8,0,27172,3882
2026-03-31,단지_연구단지네거리,20,1,27172,3882
2026-03-31,단지_연구단지운동장,42,4,27172,3882
2026-03-31,단지_한화솔루션,5,0,27172,3882
2026-03-31,대조_충남대,766,79,27172,3882
